subject,topic_id,window_from,window_to,rbo_sim,endpoint_drift,n_words_first,n_words_last,n_kept,n_removed,n_added,pct_kept,words_first,words_last,words_kept,words_added,words_removed
math,0,2000–2005,2020–2025,0.240062,0.759938,51,18,8,43,10,15.69,"graph, graphs, matroids, 2dom, aut, book, chromatic, circuit, cn, covered, covering, digraph, distinguishing, dom, domatic, edges, gg, half, hamilton, hedrite, hedrites, hereditary, heterochromatic, hypergraph, imbeddings, lambda, laplacian, lattice, ln, locally, minimalizable, number, polynomial, polynomials, quadrangularity, ranks, rceil, removing, routing, semisymmetric, sets, steiner, theta, thickness, tiled, tournaments, transfinite, tutte, unlabeled, vertex, vertices","edge, gg, graph, graphs, number, vertex, vertices, every, kk, coloring, mathcal, cal, chromatic, edges, ell, geq, hh, if","chromatic, edges, gg, graph, graphs, number, vertex, vertices","cal, coloring, edge, ell, every, geq, hh, if, kk, mathcal","2dom, aut, book, circuit, cn, covered, covering, digraph, distinguishing, dom, domatic, half, hamilton, hedrite, hedrites, hereditary, heterochromatic, hypergraph, imbeddings, lambda"
math,1,2000–2005,2020–2025,0.111284,0.888716,52,16,7,45,9,13.46,"operators, commuting, dilation, dilations, dunkl, transform, 1h, ast, bergman, biger, bounded, cr, cusps, doubling, f3, fh, fourier, hardy, hermitian, hoelder, hyperbolicity, hyperinvariant, inequality, invariant, lacunary, lunel, maximal, multivariable, operator, paley, pollard, qtext, randolph, restriction, sbd, schwartz, selfadjoint, shifts, sobolev, spaces, subspaces, svep, symbol, theorem, transaloid, tuples, umd, verduyn, weighted, weyl, zr, zygmund","hardy, infty, mathbb, operator, operators, spaces, weighted, bergman, sobolev, boundedness, frac, inequalities, mathcal, space, bar, varphi","bergman, hardy, operator, operators, sobolev, spaces, weighted","bar, boundedness, frac, inequalities, infty, mathbb, mathcal, space, varphi","1h, ast, biger, bounded, commuting, cr, cusps, dilation, dilations, doubling, dunkl, f3, fh, fourier, hermitian, hoelder, hyperbolicity, hyperinvariant, inequality, invariant"
math,2,2000–2005,2020–2025,0.430826,0.569174,44,16,10,34,6,22.73,"estimation, estimator, estimators, jackknife, parameter, regression, aggregation, air, asthma, beta, bic, censored, datum, demonstrates, effect, fiducial, gom, guessed, ifs, inference, jack, likelihood, location, mdma, meta, minimax, mmse, model, models, nonparametric, particulate, particulates, pdf, predictive, prior, probabilities, risk, sample, samples, shrinkage, size, treatment, variance, weibull","data, estimation, estimator, estimators, inference, regression, sample, models, causal, test, bayesian, testing, covariates, likelihood, model, treatment","estimation, estimator, estimators, inference, likelihood, model, models, regression, sample, treatment","bayesian, causal, covariates, data, test, testing","aggregation, air, asthma, beta, bic, censored, datum, demonstrates, effect, fiducial, gom, guessed, ifs, jack, jackknife, location, mdma, meta, minimax, mmse"
math,3,2000–2005,2020–2025,0.562233,0.437767,36,24,14,22,10,38.89,"knot, knots, invariants, link, links, manifold, manifolds, vassiliev, jones, alexander, bbb, branched, casson, concordance, dehn, fibred, fillings, heegaard, homology, hyperbolic, ieie, khovanov, knotted, legendrian, linking, morse, moves, polynomial, pretzel, ropelength, signature, skein, sphere, thurston, triangulation, virtual","homology, knot, knots, link, links, floer, invariants, manifolds, alexander, legendrian, alternating, contact, crossing, diagrams, heegaard, hyperbolic, jones, khovanov, ribbon, seifert, skein, slice, spheres, surgery","alexander, heegaard, homology, hyperbolic, invariants, jones, khovanov, knot, knots, legendrian, link, links, manifolds, skein","alternating, contact, crossing, diagrams, floer, ribbon, seifert, slice, spheres, surgery","bbb, branched, casson, concordance, dehn, fibred, fillings, ieie, knotted, linking, manifold, morse, moves, polynomial, pretzel, ropelength, signature, sphere, thurston, triangulation"
math,4,2000–2005,2020–2025,0.384694,0.615306,43,18,12,31,6,27.91,"groups, group, subgroups, artin, cat, free, solvable, subgroup, tits, amongst, approx0, aut, auter, automorphism, automorphisms, bergman, bestvina, combable, conjugacy, coset, coxeter, decompositions, det, diagram, dimension, fin, finite, finitely, frattini, gamma, generating, gg, jsj, maier, ncc, platonov, poset, precsim, psl, relator, thompson, virtually, vogtmann","finite, gg, group, groups, subgroup, subgroups, finitely, free, hyperbolic, artin, pp, abelian, aut, conjugacy, generated, mathbb, mathscr, thompson","artin, aut, conjugacy, finite, finitely, free, gg, group, groups, subgroup, subgroups, thompson","abelian, generated, hyperbolic, mathbb, mathscr, pp","amongst, approx0, auter, automorphism, automorphisms, bergman, bestvina, cat, combable, coset, coxeter, decompositions, det, diagram, dimension, fin, frattini, gamma, generating, jsj"
math,5,2000–2005,2020–2025,0.354127,0.645873,49,19,6,43,13,12.24,"control, systems, output, feedback, adaptation, adaptive, attainable, attitude, basic, cart, charactarized, compensators, domination, ellipsoid, engine, estimation, greitzer, inefficient, input, inverted, jet, lambda, laws, linearity, linearization, lyapunov, matching, monotonic, multivariable, nonholonomic, nonlinear, parametrization, pendulum, plus, prospective, regions, regulation, require, semimodules, semiring, shouten, spr, stabilizability, stall, surge, trailers, trajectory, unactuated, wagner","control, controller, mpc, system, systems, state, safety, koopman, nonlinear, based, design, feedback, predictive, time, constraints, input, linear, proposed, trajectory","control, feedback, input, nonlinear, systems, trajectory","based, constraints, controller, design, koopman, linear, mpc, predictive, proposed, safety, state, system, time","adaptation, adaptive, attainable, attitude, basic, cart, charactarized, compensators, domination, ellipsoid, engine, estimation, greitzer, inefficient, inverted, jet, lambda, laws, linearity, linearization"
math,6,2000–2005,2020–2025,0.513739,0.486261,41,29,10,31,19,24.39,"algebra, algebras, banach, crossed, completely, cuntz, krieger, unital, von, aa, amenability, ast, automorphisms, betti, ca, cal, cb, cl, flgee, gns, hf, hilbert, idgba, if, imprimitivity, meet, nest, oa, oc, operator, pi, rank, rieffel, rokhlin, rtimes, space, subalgebras, talamanca, tau, tracial, ultragraph","algebra, algebras, mathcal, unital, von, aa, group, leavitt, mathfrak, mathscr, neumann, nuclear, tracial, varphi, actions, amenable, ann, baer, banach, bf, bolda, crossed, groupoid, lht, mathrm, path, rtimes, tdz, ultragraph","aa, algebra, algebras, banach, crossed, rtimes, tracial, ultragraph, unital, von","actions, amenable, ann, baer, bf, bolda, group, groupoid, leavitt, lht, mathcal, mathfrak, mathrm, mathscr, neumann, nuclear, path, tdz, varphi","amenability, ast, automorphisms, betti, ca, cal, cb, cl, completely, cuntz, flgee, gns, hf, hilbert, idgba, if, imprimitivity, krieger, meet, nest"
math,7,2000–2005,2020–2025,0.659072,0.340928,39,24,12,27,12,30.77,"ideal, ring, ideals, rings, macaulay, cohen, fa, modules, rees, star, artinian, ast, bases, buchsbaum, cap, cl, closure, cohomology, computes, dim, ext, gins, glicci, gorenstein, grobner, intersection, janet, kunz, liaison, longmapsto, module, monomial, multr, noetherian, pommaret, qb, qfqf, rr, scr","ideal, ideals, ring, rings, rr, gorenstein, graded, macaulay, modules, monomial, cohen, injective, mathfrak, module, nilary, noetherian, operatorname, primary, prime, reg, rm, subseteq, underline, vartriangleleft","cohen, gorenstein, ideal, ideals, macaulay, module, modules, monomial, noetherian, ring, rings, rr","graded, injective, mathfrak, nilary, operatorname, primary, prime, reg, rm, subseteq, underline, vartriangleleft","artinian, ast, bases, buchsbaum, cap, cl, closure, cohomology, computes, dim, ext, fa, gins, glicci, grobner, intersection, janet, kunz, liaison, longmapsto"
math,8,2000–2005,2020–2025,0.122188,0.877812,39,23,7,32,16,17.95,"boundary, 0lu, 2uln, annuli, array, begin, bolle, damascelli, domains, ell, elliptic, equation, ergodic, fouler, ge, hyperplane, jensen, laplace, lemma, lll, lu, minima, monotonicity, moving, noncharacteristic, pacella, partial, pm, principle, problem, quasiconvex, quasiconvexity, regularity, solutions, symmetry, thin, touch, triangledown, unstable","elliptic, nabla, regularity, solutions, equation, begin, quad, frac, partial, boundary, end, text, div, du, equations, fractional, int, laplacian, mathbb, mathtt, mbox, nonlocal, parabolic","begin, boundary, elliptic, equation, partial, regularity, solutions","div, du, end, equations, frac, fractional, int, laplacian, mathbb, mathtt, mbox, nabla, nonlocal, parabolic, quad, text","0lu, 2uln, annuli, array, bolle, damascelli, domains, ell, ergodic, fouler, ge, hyperplane, jensen, laplace, lemma, lll, lu, minima, monotonicity, moving"
math,9,2000–2005,2020–2025,0.422182,0.577818,37,21,13,24,8,35.14,"surfaces, k3, moduli, curves, degree, birational, bundles, curve, enriques, genus, kodaira, singularities, surface, terminal, bundle, cc, corti, degeneration, dominable, fano, fat, fibration, fibre, general, hilb, kbm, nef, noether, pezzo, projective, quadrisecant, stable, supersingular, tautological, threefolds, varieties, varities","fano, moduli, surfaces, varieties, curves, k3, projective, mathbb, smooth, canonical, cubic, surface, bundles, curve, enriques, mathcal, singularities, stability, threefolds, variety, xx","bundles, curve, curves, enriques, fano, k3, moduli, projective, singularities, surface, surfaces, threefolds, varieties","canonical, cubic, mathbb, mathcal, smooth, stability, variety, xx","birational, bundle, cc, corti, degeneration, degree, dominable, fat, fibration, fibre, general, genus, hilb, kbm, kodaira, nef, noether, pezzo, quadrisecant, stable"
math,10,2000–2005,2020–2025,0.313206,0.686794,42,18,6,36,12,14.29,"stokes, incompressible, navier, 2d, equations, euler, solutions, averaged, averaging, blow, breakdown, clopeau, couette, critical, dyadic, ergodicity, flow, friction, geostrophic, homoclinic, hyperviscosity, id, instability, isospectral, lax, mikeli, motion, motions, nabla, obstacle, orr, oseledets, pavlovic, profile, quasi, resolvent, solid, sommerfeld, stability, tge, threshold, vortices","compressible, equations, euler, initial, navier, solutions, stokes, fluid, incompressible, vortex, boundary, frac, posedness, ve, velocity, viscosity, vorticity, weak","equations, euler, incompressible, navier, solutions, stokes","boundary, compressible, fluid, frac, initial, posedness, ve, velocity, viscosity, vortex, vorticity, weak","2d, averaged, averaging, blow, breakdown, clopeau, couette, critical, dyadic, ergodicity, flow, friction, geostrophic, homoclinic, hyperviscosity, id, instability, isospectral, lax, mikeli"
math,11,2000–2005,2020–2025,0.483713,0.516287,28,19,11,17,8,39.29,"manifolds, metric, metrics, ricci, curvature, einstein, flow, hler, kahler, compatible, kaehler, bisectional, bundle, cal, compact, hkt, hyperk, hyperkaehler, lie, osserman, pseudo, qkt, quaternionic, riemannian, sasakian, scalar, scriptstyle, wbf","curvature, hler, manifolds, metrics, ricci, solitons, einstein, metric, manifold, riemannian, almost, finsler, flow, lie, nabla, scalar, slant, soliton, su","curvature, einstein, flow, hler, lie, manifolds, metric, metrics, ricci, riemannian, scalar","almost, finsler, manifold, nabla, slant, soliton, solitons, su","bisectional, bundle, cal, compact, compatible, hkt, hyperk, hyperkaehler, kaehler, kahler, osserman, pseudo, qkt, quaternionic, sasakian, scriptstyle, wbf"
math,12,2000–2005,2020–2025,0.360549,0.639451,48,25,8,40,17,16.67,"diffeomorphisms, maps, periodic, entropy, hyperbolic, mixing, orbits, twist, alpha, arnold, bar, circ, cl, de, diff, diffeomorphismes, domaines, dynamical, epimorphisms, ergodic, expanding, exponents, growth, homemorphisms, homoclinic, instability, invariant, la, laminations, lyapunov, marked, marking, maximal, ml, nonuniformly, omegalt, polymorphism, polymorphisms, quasiperiodically, qui, ratners, saddle, subshifts, surface, tori, torus, translation, unimodal","entropy, maps, anosov, dynamical, topological, diffeomorphisms, ergodic, hyperbolic, measures, map, measure, systems, circle, erg, flows, mixing, neutralized, orbits, partially, pseudo, psh, shadowing, shifts, unstable, varphi","diffeomorphisms, dynamical, entropy, ergodic, hyperbolic, maps, mixing, orbits","anosov, circle, erg, flows, map, measure, measures, neutralized, partially, pseudo, psh, shadowing, shifts, systems, topological, unstable, varphi","alpha, arnold, bar, circ, cl, de, diff, diffeomorphismes, domaines, epimorphisms, expanding, exponents, growth, homemorphisms, homoclinic, instability, invariant, la, laminations, lyapunov"
math,13,2000–2005,2020–2025,0.191876,0.808124,56,22,8,48,14,14.29,"equation, nls, nonlinearity, schrodinger, 3s, aire, airy, asymptotic, atomic, attractive, benjamin, bkdv, bose, bottom, caustic, compacte, competition, condensates, debye, decaying, devries, dinger, dispersion, dispersive, equations, est, evolution, existence, ground, hydrodynamic, inftyt, inftyx, interactions, johnson, join, kdv, korteweg, nonlinear, ono, periodic, posedness, potential, representation, representative, repulsive, schr, schwarzschild, solitary, solitons, spe, state, strichartz, sur, une, well, wellposedness","dinger, equation, schr, solutions, nonlinear, frac, mathbb, begin, ground, end, mass, nls, wave, critical, dot, kirchhoff, nonlinearity, partial, posedness, right, waves, zakharov","dinger, equation, ground, nls, nonlinear, nonlinearity, posedness, schr","begin, critical, dot, end, frac, kirchhoff, mass, mathbb, partial, right, solutions, wave, waves, zakharov","3s, aire, airy, asymptotic, atomic, attractive, benjamin, bkdv, bose, bottom, caustic, compacte, competition, condensates, debye, decaying, devries, dispersion, dispersive, equations"
math,14,2000–2005,2020–2025,0.019808,0.980192,50,21,2,48,19,4.0,"algebraic, arithmetic, barrier, barriers, benchmark, captures, colourful, combinatorial, composite, cones, constraint, convex, copositive, decomposes, easy, edge, expressions, expressive, far, format, generalization, guaranteed, initialization, instances, invertibility, irreducible, keywords, lipschitz, mapping, matroid, optimization, packing, packlib, propagation, quadratic, reaching, relaxations, richly, rule, scaled, selective, self, simplex, solvable, strongly, sufficient, symmetric, vavasis, worst, xml","objective, optimization, problem, problems, programming, bilevel, convex, constraints, programs, algorithm, integer, semidefinite, algorithms, knapsack, learning, multi, pareto, robust, set, solving, sos","convex, optimization","algorithm, algorithms, bilevel, constraints, integer, knapsack, learning, multi, objective, pareto, problem, problems, programming, programs, robust, semidefinite, set, solving, sos","algebraic, arithmetic, barrier, barriers, benchmark, captures, colourful, combinatorial, composite, cones, constraint, copositive, decomposes, easy, edge, expressions, expressive, far, format, generalization"
math,15,2000–2005,2020–2025,0.675523,0.324477,36,20,13,23,7,36.11,"dinger, operators, schr, spectrum, adjoint, potentials, spectral, operator, potential, scattering, titchmarsh, absence, anfer, au, bbc, bbr, bertrand, birkhoff, curved, darboux, dirac, discrete, dx, eigenvalues, gustavson, magnetic, normalization, oscillator, periodic, perturbation, perturbations, povzner, prime, rdx, valued, wienholtz","dinger, operator, operators, schr, spectral, eigenvalues, magnetic, spectrum, potential, potentials, dirac, scattering, adjoint, bf, frac12, friedrichs, inverse, mathbb, resolvent, sturm","adjoint, dinger, dirac, eigenvalues, magnetic, operator, operators, potential, potentials, scattering, schr, spectral, spectrum","bf, frac12, friedrichs, inverse, mathbb, resolvent, sturm","absence, anfer, au, bbc, bbr, bertrand, birkhoff, curved, darboux, discrete, dx, gustavson, normalization, oscillator, periodic, perturbation, perturbations, povzner, prime, rdx"
math,16,2000–2005,2020–2025,0.273997,0.726003,51,29,3,48,26,5.88,"quantum, entropy, information, neumann, von, algebra, annihilation, appell, autonomic, breiman, cal, classical, cocycle, correction, covariant, digraph, fisher, free, gauss, generators, hilbert, independence, ito, kochen, levy, locality, loewner, logic, loophole, markovian, mechanics, metaphysical, monotone, nafl, nonlocality, operational, oscillating, perturbations, poly, processes, qs, rapidly, semilogics, shifts, sqsubseteq, states, statistical, stochastic, summation, tracial, zeno","quantum, state, states, classical, entanglement, optimization, algorithms, contextuality, frac, qubit, qubo, to, transfer, walks, algorithm, approx, can, circuits, computing, ground, measurements, problems, qaoa, qubits, retrodiction, sep, solver, theory, walk","classical, quantum, states","algorithm, algorithms, approx, can, circuits, computing, contextuality, entanglement, frac, ground, measurements, optimization, problems, qaoa, qubit, qubits, qubo, retrodiction, sep, solver","algebra, annihilation, appell, autonomic, breiman, cal, cocycle, correction, covariant, digraph, entropy, fisher, free, gauss, generators, hilbert, independence, information, ito, kochen"
math,17,2000–2005,2020–2025,0.279536,0.720464,44,27,11,33,16,25.0,"avoiding, permutations, pattern, patterns, trees, bijections, foata, letters, words, books, catalan, chebyshev, coloured, combinatorial, containing, continued, emptyset, equi, exactly, fibonomial, generating, identities, increasing, involutions, leaf, length, longest, macmahon, mn, mn3, ns, octahedron, paths, permutation, prod, quicksort, ranking, return, seebold, sq, subsequence, tableau, tr, young","permutations, paths, permutation, words, dyck, pattern, word, riordan, generating, length, mathbf, statistics, trees, array, avoiding, descents, iar, langle, left, motzkin, patterns, rangle, right, sequences, tableaux, twins, young","avoiding, generating, length, paths, pattern, patterns, permutation, permutations, trees, words, young","array, descents, dyck, iar, langle, left, mathbf, motzkin, rangle, right, riordan, sequences, statistics, tableaux, twins, word","bijections, books, catalan, chebyshev, coloured, combinatorial, containing, continued, emptyset, equi, exactly, fibonomial, foata, identities, increasing, involutions, leaf, letters, longest, macmahon"
math,18,2000–2005,2020–2025,0.123212,0.876788,29,21,8,21,13,27.59,"continuity, bard, brownian, continuing, dalang, degenerate, differential, dis, enhanced, equations, fractional, fsde, hoelder, lder, lyons, modulus, motion, mueller, pathwise, precise, rigourous, rough, sdes, spde, stationary, stochastic, support, uniqueness, volterra","differential, driven, equations, noise, stochastic, sdes, drift, backward, brownian, equation, mathbf, partial, solution, varepsilon, coefficients, fractional, maruyama, rough, spdes, uniqueness, widehat","brownian, differential, equations, fractional, rough, sdes, stochastic, uniqueness","backward, coefficients, drift, driven, equation, maruyama, mathbf, noise, partial, solution, spdes, varepsilon, widehat","bard, continuing, continuity, dalang, degenerate, dis, enhanced, fsde, hoelder, lder, lyons, modulus, motion, mueller, pathwise, precise, rigourous, spde, stationary, support"
math,20,2000–2005,2020–2025,0.395666,0.604334,44,24,10,34,14,22.73,"surfaces, curvature, minimal, mean, cmc, immersed, willmore, 3r, annular, axis, bernstein, catenoid, conformal, cousins, embedded, end, ends, enneper, esf, extremal, flat, functional, genus, helicoid, hmc, hodographic, horosphere, konopelchenko, lagrangian, lines, moebius, projective, quaternionic, quaternions, romon, rth, singularities, space, sphere, submanifold, submanifolds, surface, trinoids, umbilic","curvature, hypersurfaces, mathbb, minimal, surfaces, surface, immersions, cmc, gauss, mean, times, willmore, area, biharmonic, constant, curve, director, embedded, isometric, revolution, space, submanifolds, tori, weingarten","cmc, curvature, embedded, mean, minimal, space, submanifolds, surface, surfaces, willmore","area, biharmonic, constant, curve, director, gauss, hypersurfaces, immersions, isometric, mathbb, revolution, times, tori, weingarten","3r, annular, axis, bernstein, catenoid, conformal, cousins, end, ends, enneper, esf, extremal, flat, functional, genus, helicoid, hmc, hodographic, horosphere, immersed"
math,21,2000–2005,2020–2025,0.189781,0.810219,55,30,9,46,21,16.36,"variables, approximation, independent, random, analogues, arguments, assoc, bias, canonical, central, difference, discrete, erdos, estimate, ewf, fkg, gaussian, hoffmann, hsu, identically, inequalities, khintchine, laws, martingale, mgf, moment, nair, nn, noncorrelated, poisson, pseudometric, raring, regular, rgensen, robbins, rosenthal, satheesh, shot, spataru, stability, stable, statist, statistics, stein, sums, symmetric, tail, terms, ther, transformation, truncated, umbral, vapnik, variances, vc","distribution, random, distributions, variables, copulas, extreme, statistics, copula, dependence, gaussian, moments, sum, tail, ageing, central, convergence, costa, entropy, fatigue, gamma, hoeffding, inequality, ldots, multivariate, normex, pmf, poisson, stein, sums, variance","central, gaussian, poisson, random, statistics, stein, sums, tail, variables","ageing, convergence, copula, copulas, costa, dependence, distribution, distributions, entropy, extreme, fatigue, gamma, hoeffding, inequality, ldots, moments, multivariate, normex, pmf, sum","analogues, approximation, arguments, assoc, bias, canonical, difference, discrete, erdos, estimate, ewf, fkg, hoffmann, hsu, identically, independent, inequalities, khintchine, laws, martingale"
math,22,2000–2005,2020–2025,0.0,1.0,30,24,0,30,24,0.0,"ary, bayesian, decorrelated, differentiated, dv2, fletcher, fortran, givens, householder, incorporate, information, integrators, iterative, lagrange, lambda, multipliers, orthonormal, parsing, pay, probable, reeves, sejnowski, separation, simultaneous, slae, source, suite, techniques, transformations, variables","algorithm, low, matrix, rank, tensor, precision, algorithms, matrices, completion, krylov, pca, sparse, approximation, block, decomposition, eigenvalue, error, factorization, ipca, methods, preconditioner, quaternion, svd, tensors",,"algorithm, algorithms, approximation, block, completion, decomposition, eigenvalue, error, factorization, ipca, krylov, low, matrices, matrix, methods, pca, precision, preconditioner, quaternion, rank","ary, bayesian, decorrelated, differentiated, dv2, fletcher, fortran, givens, householder, incorporate, information, integrators, iterative, lagrange, lambda, multipliers, orthonormal, parsing, pay, probable"
math,23,2000–2005,2020–2025,0.538211,0.461789,45,31,6,39,25,13.33,"banach, spaces, ell, space, basis, pn, separable, al, amn, ap, archimedean, biembeddability, bump, circ, complemented, delbaen, differentiability, erstnev, everywhere, frak, gateaux, hereditarily, incomparability, index, isometric, isomorph, kadec, lip, measures, monotone, monotonicity, nearisometries, normed, omega, pc, peetre, renorming, renormings, rolle, spans, stegall, subspaces, subsymmetric, szlenk, tsirelson","banach, ell, space, spaces, greedy, mathcal, infty, metric, norm, operators, xx, asplund, bases, fbl, lattice, lattices, lip, lipschitz, lsc, nissenzweig, normed, projection, property, schauder, sequence, sequences, textstyle, varepsilon, vert, widehat, wur","banach, ell, lip, normed, space, spaces","asplund, bases, fbl, greedy, infty, lattice, lattices, lipschitz, lsc, mathcal, metric, nissenzweig, norm, operators, projection, property, schauder, sequence, sequences, textstyle","al, amn, ap, archimedean, basis, biembeddability, bump, circ, complemented, delbaen, differentiability, erstnev, everywhere, frak, gateaux, hereditarily, incomparability, index, isometric, isomorph"
math,25,2000–2005,2020–2025,0.537472,0.462528,43,17,8,35,9,18.6,"forms, modular, eisenstein, hecke, automorphic, cusp, gross, maass, newforms, series, weight, 13472i, antiderivatives, cg, cm, counting, dimensions, eigenforms, eigenfunctions, faltings, gamma, heights, holomorphic, hypothesis, lifting, liftings, octonions, period, pm14, prasad, product, psl, quo, rankin, riemann, savin, selberg, sg, traces, ttt, yoshida, zeroes, zeros","forms, gl, hecke, ll, modular, pp, adic, eisenstein, mathrm, cusp, weight, automorphic, ff, gsp, maass, text, times","automorphic, cusp, eisenstein, forms, hecke, maass, modular, weight","adic, ff, gl, gsp, ll, mathrm, pp, text, times","13472i, antiderivatives, cg, cm, counting, dimensions, eigenforms, eigenfunctions, faltings, gamma, gross, heights, holomorphic, hypothesis, lifting, liftings, newforms, octonions, period, pm14"
math,26,2000–2005,2020–2025,0.038742,0.961258,10,24,1,9,23,10.0,"bus, car, cuernevaca, east, facing, jammed, krbalek, mexico, north, traffic","demand, problem, traffic, vehicle, charging, routing, vehicles, algorithm, instances, model, network, planning, scheduling, bin, cost, costs, crew, delivery, mobility, optimal, optimization, resource, service, supply",traffic,"algorithm, bin, charging, cost, costs, crew, delivery, demand, instances, mobility, model, network, optimal, optimization, planning, problem, resource, routing, scheduling, service","bus, car, cuernevaca, east, facing, jammed, krbalek, mexico, north"
math,27,2000–2005,2020–2025,0.362883,0.637117,54,23,9,45,14,16.67,"algebras, category, cluster, quiver, varieties, adjacencies, affine, algebraically, august, bar, bimodule, categories, cl, clusters, complexes, components, conference, degree, diagram, enriques, ext, extensions, filtration, gentle, gl, good, grassmannians, grothendieck, hereditary, homogeneous, homomorphism, iterated, kleiman, mod, nabla, nakajima, noetherian, noncommutative, notes, object, quillen, quivers, recollement, rt, serre, showing, standardly, stratification, stratified, subcategories, subvarieties, tilting, triangulated, uniserial","categories, category, cluster, mathcal, tilting, algebras, triangulated, modules, subcategories, extriangulated, quiver, auslander, balmer, frieze, gorenstein, gprj, koszul, mathscr, mathsf, mod, silting, subcategory, textsf","algebras, categories, category, cluster, mod, quiver, subcategories, tilting, triangulated","auslander, balmer, extriangulated, frieze, gorenstein, gprj, koszul, mathcal, mathscr, mathsf, modules, silting, subcategory, textsf","adjacencies, affine, algebraically, august, bar, bimodule, cl, clusters, complexes, components, conference, degree, diagram, enriques, ext, extensions, filtration, gentle, gl, good"
math,28,2000–2005,2020–2025,0.345035,0.654965,48,33,6,42,27,12.5,"codes, code, convolutional, mds, self, amorphic, association, automorphism, binary, bound, bw, cc, clifford, coding, constellation, designs, diversity, dual, enumerators, fff, fpas, frames, gf, goethals, goppa, grassmannian, griess, group, hansen, involutions, kerdock, krasikov, lattices, litsyn, loops, modulation, near, nonintersecting, piret, preparata, qi, quantum, stabilizer, sublattices, subspaces, tensor, toric, weight","code, codes, decoding, designs, distance, latin, perfect, dna, hamming, linear, list, reed, bbb, binary, bound, bounds, codewords, constructions, correcting, cosystolic, decodable, ell, metric, minimum, multifold, packing, pg, secret, set, sidon, trellis, varepsilon, weight","binary, bound, code, codes, designs, weight","bbb, bounds, codewords, constructions, correcting, cosystolic, decodable, decoding, distance, dna, ell, hamming, latin, linear, list, metric, minimum, multifold, packing, perfect","amorphic, association, automorphism, bw, cc, clifford, coding, constellation, convolutional, diversity, dual, enumerators, fff, fpas, frames, gf, goethals, goppa, grassmannian, griess"
math,29,2000–2005,2020–2025,0.582807,0.417193,42,23,11,31,12,26.19,"matrices, random, cumulants, ensembles, matrix, probability, distribution, ensemble, bt, convolution, covariance, crossing, cumulant, distributions, eigenvalue, eigenvalues, exchangeability, free, fs, fusion, gaussian, hermite, hermitian, jacobi, janossy, johnstone, la, largest, neumann, orthogonal, probabilities, test, tracy, transform, type, unitary, universality, uparrow, voiculescu, von, widom, wigner","matrices, matrix, random, ensemble, entries, eigenvalue, distribution, ensembles, gaussian, wigner, determinantal, dpps, ginibre, bbr, chernoff, cumulants, hermitian, karpelevic, moments, sqrt, statistics, times, xy","cumulants, distribution, eigenvalue, ensemble, ensembles, gaussian, hermitian, matrices, matrix, random, wigner","bbr, chernoff, determinantal, dpps, entries, ginibre, karpelevic, moments, sqrt, statistics, times, xy","bt, convolution, covariance, crossing, cumulant, distributions, eigenvalues, exchangeability, free, fs, fusion, hermite, jacobi, janossy, johnstone, la, largest, neumann, orthogonal, probabilities"
math,30,2000–2005,2020–2025,0.367676,0.632324,53,22,9,44,13,16.98,"dirichlet, eigenvalues, laplacian, manifold, manifolds, pseudodifferential, symbol, 2n, 2v, bound, clamped, compact, conformally, cos, curvature, de, deformations, derridj, determinant, eigenvalue, estimate, formula, gaps, heisenberg, hypoelliptic, inequalities, intrinsic, jk, jv, la, laplace, lip, lower, modulus, nodal, nonminimal, operators, ordinary, payne, perturbation, phase, principal, psivdo, region, remainder, replaced, ricci, riemannian, rmander, tauberian, vibrating, weinberger, weyl","eigenvalue, eigenvalues, laplacian, steklov, dirichlet, boundary, domains, eigenfunctions, neumann, laplace, manifolds, sharp, varepsilon, bigstar, calculus, ds, hypoellipticity, inequalities, inequality, operators, riemannian, robin","dirichlet, eigenvalue, eigenvalues, inequalities, laplace, laplacian, manifolds, operators, riemannian","bigstar, boundary, calculus, domains, ds, eigenfunctions, hypoellipticity, inequality, neumann, robin, sharp, steklov, varepsilon","2n, 2v, bound, clamped, compact, conformally, cos, curvature, de, deformations, derridj, determinant, estimate, formula, gaps, heisenberg, hypoelliptic, intrinsic, jk, jv"
math,31,2000–2005,2020–2025,0.057705,0.942295,46,26,11,35,15,23.91,"enhancement, kpp, shear, variational, advection, amplitude, animals, competition, cushing, densities, diffusion, fertility, flames, flows, front, fronts, hohenberg, identically, incapable, logistic, lotka, net, pattern, perron, predator, prey, preys, principle, profile, quench, quenching, rate, reaction, region, reproductive, rms, segregation, species, speed, speeds, steady, swift, symbiosis, uniqueness, velocity, yicang","diffusion, reaction, species, model, predator, population, prey, bifurcation, dynamics, speed, dispersal, environmental, eps, extinction, fear, front, kpp, logistic, lotka, membrane, solutions, spot, spreading, steady, systems, turing","diffusion, front, kpp, logistic, lotka, predator, prey, reaction, species, speed, steady","bifurcation, dispersal, dynamics, environmental, eps, extinction, fear, membrane, model, population, solutions, spot, spreading, systems, turing","advection, amplitude, animals, competition, cushing, densities, enhancement, fertility, flames, flows, fronts, hohenberg, identically, incapable, net, pattern, perron, preys, principle, profile"
math,33,2000–2005,2020–2025,0.398699,0.601301,44,24,9,35,15,20.45,"categories, operad, quillen, simplicial, category, cochain, deligne, hochschild, homotopy, monoidal, operads, actions, adem, algebras, andr, associative, barratt, braided, cat, categorie, cofibrations, coherent, comma, construction, cubes, definition, derivateur, eccles, enriched, enrichment, enrichments, equivalences, fair, homology, inftya, little, modeles, opfibrations, precats, presheaves, segal, shells, suboperad, unit","categories, category, infty, functors, mathcal, operads, functor, categorical, enriched, homotopy, lax, mathsf, monoidal, toposes, cat, double, mathbf, mathrm, mathscr, objects, operad, segal, text, topos","cat, categories, category, enriched, homotopy, monoidal, operad, operads, segal","categorical, double, functor, functors, infty, lax, mathbf, mathcal, mathrm, mathscr, mathsf, objects, text, topos, toposes","actions, adem, algebras, andr, associative, barratt, braided, categorie, cochain, cofibrations, coherent, comma, construction, cubes, definition, deligne, derivateur, eccles, enrichment, enrichments"
math,34,2000–2005,2020–2025,0.480954,0.519046,43,21,11,32,10,25.58,"abelian, curves, curve, conductor, ell, elliptic, genus, hyperelliptic, jacobian, over, rank, tate, arbitrarily, bar, bf, conductors, e1, e2, elevated, endomorphisms, field, gal, galois, group, heegner, jacobians, kk, kq, mathbf, nekovar, parametrisation, parametrisations, polarized, rational, schappacher, sha, shafarevich, supersingular, sur, surface, torsion, varieties, weierstrass","curve, curves, elliptic, over, isogeny, mathbb, abelian, genus, hyperelliptic, torsion, chabauty, modular, points, conjecture, ee, ell, rank, selmer, supersingular, sza, ta","abelian, curve, curves, ell, elliptic, genus, hyperelliptic, over, rank, supersingular, torsion","chabauty, conjecture, ee, isogeny, mathbb, modular, points, selmer, sza, ta","arbitrarily, bar, bf, conductor, conductors, e1, e2, elevated, endomorphisms, field, gal, galois, group, heegner, jacobian, jacobians, kk, kq, mathbf, nekovar"
math,35,2000–2005,2020–2025,0.11441,0.88559,47,25,12,35,13,25.53,"asian, options, yor, financial, geman, laplace, markets, portfolio, utility, valuing, arbitrage, bessel, carlo, claims, contingent, credit, currency, developement, duffie, dufresne, endowments, greeks, hartman, hedging, insurance, intuitivity, investor, kabanov, laguerre, lando, market, monte, numeraire, option, paris, price, risk, scenarios, stock, strategy, transaction, transfoms, transform, valuation, volatility, watson, wu","portfolio, risk, market, asset, optimal, dividend, financial, price, pricing, reinsurance, model, option, stopping, utility, volatility, arbitrage, capital, esg, hedging, information, markets, martingale, prices, stock, subdiffusive","arbitrage, financial, hedging, market, markets, option, portfolio, price, risk, stock, utility, volatility","asset, capital, dividend, esg, information, martingale, model, optimal, prices, pricing, reinsurance, stopping, subdiffusive","asian, bessel, carlo, claims, contingent, credit, currency, developement, duffie, dufresne, endowments, geman, greeks, hartman, insurance, intuitivity, investor, kabanov, laguerre, lando"
math,36,2000–2005,2020–2025,0.183012,0.816988,46,28,8,38,20,17.39,"measurements, conductivity, inverse, 2h, acoustic, acoustically, bubbles, coated, directions, emitted, extremal, far, frequencies, gauss, greatest, guess, half, ida, imaginary, impedance, inaccessible, incident, index, inhomogeneities, inversion, media, nonnegative, obstacle, obstacles, ol, om, part, practically, profiles, pulsation, reconstructed, reconstruction, refocusing, refracting, reversal, scatterers, scattering, shape, talbot, transition, uniqueness","inverse, scattering, wave, source, tomography, acoustic, medium, boundary, elastic, electrical, frequency, imaging, problem, resonators, transmission, cloaking, conductive, data, far, impedance, inclusions, measurements, method, modes, obstacle, pat, reconstruction, waveguide","acoustic, far, impedance, inverse, measurements, obstacle, reconstruction, scattering","boundary, cloaking, conductive, data, elastic, electrical, frequency, imaging, inclusions, medium, method, modes, pat, problem, resonators, source, tomography, transmission, wave, waveguide","2h, acoustically, bubbles, coated, conductivity, directions, emitted, extremal, frequencies, gauss, greatest, guess, half, ida, imaginary, inaccessible, incident, index, inhomogeneities, inversion"
math,37,2000–2005,2020–2025,0.0,1.0,10,18,0,10,18,0.0,"amplifiers, ann, artificial, dispersion, dms, jitter, managed, methode, numerical, pulse","network, neural, pdes, physics, learning, informed, networks, pinns, training, deep, data, differential, pde, reduced, equations, machine, method, pinn",,"data, deep, differential, equations, informed, learning, machine, method, network, networks, neural, pde, pdes, physics, pinn, pinns, reduced, training","amplifiers, ann, artificial, dispersion, dms, jitter, managed, methode, numerical, pulse"
math,38,2000–2005,2020–2025,0.117537,0.882463,55,32,6,49,26,10.91,"arnold, dot, hamiltonian, lienard, systems, 0g, 0x, 2n, adiabatic, bf, bifurcation, bruno, champ, control, de, degr, dt, epcag, exponentially, frac, gevrey, hamiltonien, homog, impulsive, integrable, isochronous, kicked, les, linearizable, localised, mathcal, momentum, nearly, nontwist, paratrices, partial, patchy, period, periodic, persistence, perturbed, portrait, reconnection, recreate, resonant, retarded, rfdes, rotor, separatrices, subseteq, symmetry, unfolding, vector, versal, versality","systems, cycles, bifurcation, bifurcations, periodic, delay, kam, system, differential, dot, limit, orbits, attractors, autonomous, cos, ddot, dynamical, dynamics, hamiltonian, hat, homoclinic, invariant, lorenz, melnikov, nonautonomous, piecewise, resonance, saddle, stability, tori, vartheta, vector","bifurcation, dot, hamiltonian, periodic, systems, vector","attractors, autonomous, bifurcations, cos, cycles, ddot, delay, differential, dynamical, dynamics, hat, homoclinic, invariant, kam, limit, lorenz, melnikov, nonautonomous, orbits, piecewise","0g, 0x, 2n, adiabatic, arnold, bf, bruno, champ, control, de, degr, dt, epcag, exponentially, frac, gevrey, hamiltonien, homog, impulsive, integrable"
math,39,2000–2005,2020–2025,0.350448,0.649552,48,29,9,39,20,18.75,"black, hole, spacetimes, ads, causal, einstein, holes, spacetime, asymmetry, asymptotically, axisymmetric, bel, brane, chronological, cmc, continuation, crunch, dirac, em, energy, euclidean, fenchel, finslerian, frw, geometrization, geometry, globally, gluing, h2, hat, horizons, indicatrix, inside, microlocalized, nielsen, nordstrom, penrose, polyhomogeneous, quasilocal, rotating, rough, shock, sitter, slices, structure, vacuum, wave, wormholes","spacetime, spacetimes, black, einstein, mass, asymptotically, cosmological, null, horizon, initial, kerr, scalar, timelike, vacuum, causal, censorship, data, de, decay, equations, flat, flrw, hole, infinity, lorentzian, nordstr, reissner, sitter, subextremal","asymptotically, black, causal, einstein, hole, sitter, spacetime, spacetimes, vacuum","censorship, cosmological, data, de, decay, equations, flat, flrw, horizon, infinity, initial, kerr, lorentzian, mass, nordstr, null, reissner, scalar, subextremal, timelike","ads, asymmetry, axisymmetric, bel, brane, chronological, cmc, continuation, crunch, dirac, em, energy, euclidean, fenchel, finslerian, frw, geometrization, geometry, globally, gluing"
math,40,2000–2005,2020–2025,0.461259,0.538741,40,25,9,31,16,22.5,"algebras, lie, algebra, frak, jordan, leibniz, simple, superalgebras, 2f, aa, affine, associative, bar, bol, cal, central, characteristic, constructional, derivations, dorfman, dynkin, extensions, fand, filiform, gel, hl, homology, krichever, malcev, mathfrak, nongraded, onsager, prederivation, representations, rinehart, solvable, structure, subalgebras, surjection, xu","algebra, algebras, lie, baxter, rota, hom, leibniz, bihom, mathfrak, nilpotent, superalgebras, averaging, cohomology, deformation, dendriform, derivations, jordan, operators, poisson, pre, reynolds, rinehart, sl, transposed, vartheta","algebra, algebras, derivations, jordan, leibniz, lie, mathfrak, rinehart, superalgebras","averaging, baxter, bihom, cohomology, deformation, dendriform, hom, nilpotent, operators, poisson, pre, reynolds, rota, sl, transposed, vartheta","2f, aa, affine, associative, bar, bol, cal, central, characteristic, constructional, dorfman, dynkin, extensions, fand, filiform, frak, gel, hl, homology, krichever"
math,41,2000–2005,2020–2025,0.198387,0.801613,46,40,6,40,34,13.04,"inequality, inner, reverses, inequalities, monic, polynomials, radius, turan, zeros, 2rs, allied, approximants, bart, bessel, bochner, borwein, codim, dicrete, disk, factor, fond, frac, fredholm, generalised, gruss, imo, krawtchouk, laguerre, leq, let, max, metcalf, norms, orthogonal, ostrowski, pad, pencils, poinwise, product, rx, schwarz, segment, spaces, stability, tangential, triangle","inequalities, radius, bmatrix, ij, inequality, big, frac, left, numerical, right, 2r, aa, atangana, baleanu, begin, boldsymbol, csc, det, dots, dotsc, end, frac12, functions, gamma, hermite, hilbertian, ji, kippenhahn, leq, mathbf, mathcal, matrices, mean, operator, polynomials, ranges, rm, sharp, tr, vdots","frac, inequalities, inequality, leq, polynomials, radius","2r, aa, atangana, baleanu, begin, big, bmatrix, boldsymbol, csc, det, dots, dotsc, end, frac12, functions, gamma, hermite, hilbertian, ij, ji","2rs, allied, approximants, bart, bessel, bochner, borwein, codim, dicrete, disk, factor, fond, fredholm, generalised, gruss, imo, inner, krawtchouk, laguerre, let"
math,42,2000–2005,2020–2025,0.21368,0.78632,48,30,7,41,23,14.58,"cr, holomorphic, analytic, holomorphy, mappings, stein, subset, bbb, bc, bold, cal, cite, codimension, codimensional, compact, complement, complex, cv, decomposable, domains, edges, extends, fiber, hartogs, hat, hypersurface, immersion, intersections, jet, kt, levi, loc, manifolds, mapping, math, meromorphic, nondegenerate, pseudoconcave, qc, quasiregular, real, setminus, singularities, submanifold, submanifolds, submersions, times, tube","mappings, domains, holomorphic, domain, mathbb, metric, pseudoconvex, quasiconformal, kobayashi, maps, squeezing, subset, bergman, boundary, cr, distortion, ell, gromov, jet, john, loc, oka, poletsky, pseudoconvexity, quasisymmetric, riemann, textsf, unit, varphi, visibility","cr, domains, holomorphic, jet, loc, mappings, subset","bergman, boundary, distortion, domain, ell, gromov, john, kobayashi, maps, mathbb, metric, oka, poletsky, pseudoconvex, pseudoconvexity, quasiconformal, quasisymmetric, riemann, squeezing, textsf","analytic, bbb, bc, bold, cal, cite, codimension, codimensional, compact, complement, complex, cv, decomposable, edges, extends, fiber, hartogs, hat, holomorphy, hypersurface"
math,43,2000–2005,2020–2025,0.54375,0.45625,36,31,15,21,16,41.67,"symplectic, contact, hamiltonian, hofer, floer, manifolds, fibration, fibrations, hbox, lagrangian, lefschetz, manifold, books, capacities, cotangent, four, ham, homology, horizontal, hyperbolicity, hz, invariants, mini, monodromy, neq0, om, omega, open, orbits, pseudoholomorphic, red, ruled, spectral, submanifolds, taubes, zehnder","contact, symplectic, lagrangian, manifolds, reeb, floer, hamiltonian, homology, capacities, fillings, hofer, lcs, blowdown, closed, cp, disk, ech, eternal, fibrations, fillable, ham, lefschetz, lens, mathbb, orbits, overtwisted, spectral, symp, tight, torus, zehnder","capacities, contact, fibrations, floer, ham, hamiltonian, hofer, homology, lagrangian, lefschetz, manifolds, orbits, spectral, symplectic, zehnder","blowdown, closed, cp, disk, ech, eternal, fillable, fillings, lcs, lens, mathbb, overtwisted, reeb, symp, tight, torus","books, cotangent, fibration, four, hbox, horizontal, hyperbolicity, hz, invariants, manifold, mini, monodromy, neq0, om, omega, open, pseudoholomorphic, red, ruled, submanifolds"
math,44,2000–2005,2020–2025,0.538732,0.461268,38,29,13,25,16,34.21,"calabi, witten, gromov, yau, brane, invariants, mirror, branes, ginzburg, bf, casson, conjecture, cy3, fundamental, gauge, gauged, gauging, gluing, hilb, iia, k3, liftable, model, moduli, poincare, quot, relations, rozansky, sigma, smallbbb, stack, string, theory, tinybbb, toric, virtual, wess, zumino","invariants, witten, calabi, gromov, yau, genus, mirror, vafa, folds, gopakumar, theories, theory, toric, virtual, bcov, brane, cohomotopy, formula, gauged, genera, gluing, m5, orbifold, pandharipande, qft, quot, superpotential, vartheta, verlinde","brane, calabi, gauged, gluing, gromov, invariants, mirror, quot, theory, toric, virtual, witten, yau","bcov, cohomotopy, folds, formula, genera, genus, gopakumar, m5, orbifold, pandharipande, qft, superpotential, theories, vafa, vartheta, verlinde","bf, branes, casson, conjecture, cy3, fundamental, gauge, gauging, ginzburg, hilb, iia, k3, liftable, model, moduli, poincare, relations, rozansky, sigma, smallbbb"
math,45,2000–2005,2020–2025,0.452346,0.547654,45,32,5,40,27,11.11,"brownian, processes, motion, 1l, asymptotically, boundaries, br, capacity, characterization, exit, exponents, filtered, ftsm, ge, girsanov, grey, hida, integrability, integrated, intersection, krein, log, measure, measures, motions, multiparameter, noise, packs, papers, passage, planar, poisson, process, purpose, regions, sausage, shall, sided, sinai, skorohod, theorem, tx, vy, white, wiener","brownian, motion, process, processes, fractional, vy, ornstein, time, uhlenbeck, align, arma, changed, drift, exponential, formalization, gou, harmonizable, int, isabelle, laplace, le, lmss, local, mathrm, mathsf, multifractional, ngfsp, predictable, sheets, stochastic, vasicek, widetilde","brownian, motion, process, processes, vy","align, arma, changed, drift, exponential, formalization, fractional, gou, harmonizable, int, isabelle, laplace, le, lmss, local, mathrm, mathsf, multifractional, ngfsp, ornstein","1l, asymptotically, boundaries, br, capacity, characterization, exit, exponents, filtered, ftsm, ge, girsanov, grey, hida, integrability, integrated, intersection, krein, log, measure"
math,46,2000–2005,2020–2025,0.326009,0.673991,27,29,9,18,20,33.33,"discipline, queue, service, caching, conserving, customers, deviations, draief, fluid, foreground, gi, heavy, idle, length, logconvex, maximum, overflow, policies, queueing, queues, rate, scheduling, server, servers, srpt, stability, tailed","queue, server, service, queues, queueing, servers, traffic, arrival, busy, customers, policies, aimd, allocation, arrivals, beamforming, customer, gittins, heavy, job, jobs, joint, laa, networks, policy, resetting, rsma, satellite, system, unlicensed","customers, heavy, policies, queue, queueing, queues, server, servers, service","aimd, allocation, arrival, arrivals, beamforming, busy, customer, gittins, job, jobs, joint, laa, networks, policy, resetting, rsma, satellite, system, traffic, unlicensed","caching, conserving, deviations, discipline, draief, fluid, foreground, gi, idle, length, logconvex, maximum, overflow, rate, scheduling, srpt, stability, tailed"
math,47,2000–2005,2020–2025,0.302398,0.697602,45,26,9,36,17,20.0,"hausdorff, fractals, fractal, functionals, measures, noncommutative, qp, similar, spectral, arcwise, besicovitch, cantor, comparative, connectedness, curves, dimension, dixmier, estimating, formalism, france, gauge, generalises, ghm, mendes, metrizable, modifies, multifractal, oa, omega, pertti, process, qn, self, sets, similarity, similitudes, superfractal, superfractals, tau, trace, traceability, transformations, triple, triples, zeros","dimension, fractal, hausdorff, self, dim, sets, dimensions, cantor, fractals, md, measure, measures, set, assouad, bf, box, caloric, favard, intermediate, iterated, labyrinth, mathbb, mathrm, projections, rectangles, similar","cantor, dimension, fractal, fractals, hausdorff, measures, self, sets, similar","assouad, bf, box, caloric, dim, dimensions, favard, intermediate, iterated, labyrinth, mathbb, mathrm, md, measure, projections, rectangles, set","arcwise, besicovitch, comparative, connectedness, curves, dixmier, estimating, formalism, france, functionals, gauge, generalises, ghm, mendes, metrizable, modifies, multifractal, noncommutative, oa, omega"
math,48,2000–2005,2020–2025,0.433916,0.566084,43,27,13,30,14,30.23,"summation, ramanujan, hypergeometric, identities, andrews, bilateral, partitions, psi, rogers, series, 3f, abel, adic, bailey, bernoulli, burge, changhee, crank, cranks, errata, euler, garrett, garvan, gordon, ismail, jagged, karlsson, milne, minton, modmod, partition, pi, pm, poised, qq, refinement, rothe, sandor, shukla, stanton, sum, tilde, warnaar","partitions, ramanujan, andrews, identities, partition, parts, series, rogers, identity, mex, sum, bailey, bressoud, congruences, crank, designated, ell, frac, garvan, geq, gordon, llnitz, odd, overlined, overpartitions, parity, qq","andrews, bailey, crank, garvan, gordon, identities, partition, partitions, qq, ramanujan, rogers, series, sum","bressoud, congruences, designated, ell, frac, geq, identity, llnitz, mex, odd, overlined, overpartitions, parity, parts","3f, abel, adic, bernoulli, bilateral, burge, changhee, cranks, errata, euler, garrett, hypergeometric, ismail, jagged, karlsson, milne, minton, modmod, pi, pm"
math,49,2000–2005,2020–2025,0.517384,0.482616,50,34,9,41,25,18.0,"percolation, passage, sle, avoiding, lace, bf, cft, clusters, collectable, conformal, critical, displacement, ell, exponent, flory, greg, hollander, inductive, instrumental, lawler, loewner, loops, nn, oded, origin, piza, point, probability, process, random, recursion, restriction, saw, schramm, self, sles, smirnov, soup, spectacular, state, subset, superconformal, tb, triangle, vertices, walk, walks, werner, winkler, zd","percolation, sle, passage, critical, lqg, random, bond, gravity, loop, mathbf, ast, asymp, backbend, cle, clusters, fpp, interlacements, lfpp, liouville, loewner, long, massive, mathbb, mathrm, permuton, phase, probability, range, rwls, site, subsequential, tilde, transition, vertices","clusters, critical, loewner, passage, percolation, probability, random, sle, vertices","ast, asymp, backbend, bond, cle, fpp, gravity, interlacements, lfpp, liouville, long, loop, lqg, massive, mathbb, mathbf, mathrm, permuton, phase, range","avoiding, bf, cft, collectable, conformal, displacement, ell, exponent, flory, greg, hollander, inductive, instrumental, lace, lawler, loops, nn, oded, origin, piza"
math,50,2000–2005,2020–2025,0.355398,0.644602,36,34,6,30,28,16.67,"convex, bodies, petty, balls, body, busemann, circumscribing, computation, concave, concavely, contains, convexhull, convexity, coset, dilates, discrepancy, dvoretzky, hard, isoperimetric, isoperimetry, lefschetz, line, ll, nicely, outer, radii, radiuses, sections, siegel, simplices, sl, square, stasis, symmetrical, valuations, waists","bodies, body, convex, minkowski, brunn, inequality, area, torsional, volume, affine, ball, cc, concave, dual, horospherical, inequalities, isodiametric, isoperimetric, kk, larman, leq, log, mathbb, mathit, musielak, orlicz, ovr, petty, quermassintegrals, revolution, santal, vol, volumes, wulff","bodies, body, concave, convex, isoperimetric, petty","affine, area, ball, brunn, cc, dual, horospherical, inequalities, inequality, isodiametric, kk, larman, leq, log, mathbb, mathit, minkowski, musielak, orlicz, ovr","balls, busemann, circumscribing, computation, concavely, contains, convexhull, convexity, coset, dilates, discrepancy, dvoretzky, hard, isoperimetry, lefschetz, line, ll, nicely, outer, radii"
math,51,2000–2005,2020–2025,0.227156,0.772844,47,33,10,37,23,21.28,"numbers, bernoulli, 15n, 1j, 2as, 2j, 2n, 3n, 5u, 7f, catalan, concatenated, conjectures, convolved, divisibility, easily, exp, fibonacci, geq0, gerhold, ia, identities, integers, kj, lah, log, lucas, means, monomials, motzkin, numerators, numerology, over2, sequence, sequences, sim, square, stirling, sum, summation, takeuchi, tangent, tanh, triangle, triangles, triangular, ways","fibonacci, numbers, polynomials, stirling, sequences, bell, bernoulli, degenerate, digits, kind, lucas, zeckendorf, 2k, 2n, base, boldsymbol, digit, euler, expansions, flimsy, genocchi, golden, ha, happy, integers, lah, leibnitz, recurrence, recurrences, repdigits, sturdy, sum, vec","2n, bernoulli, fibonacci, integers, lah, lucas, numbers, sequences, stirling, sum","2k, base, bell, boldsymbol, degenerate, digit, digits, euler, expansions, flimsy, genocchi, golden, ha, happy, kind, leibnitz, polynomials, recurrence, recurrences, repdigits","15n, 1j, 2as, 2j, 3n, 5u, 7f, catalan, concatenated, conjectures, convolved, divisibility, easily, exp, geq0, gerhold, ia, identities, kj, log"
math,52,2000–2005,2020–2025,0.057537,0.942463,19,26,3,16,23,15.79,"restoration, bf, corrupted, deconvolution, digital, ds, fresco, hopelessly, image, images, inpainting, invertability, laws, object, radiographs, radiography, regularizer, suppose, tk","image, reconstruction, regularization, retrieval, phase, imaging, inverse, problems, data, denoising, images, measurements, tomography, variation, breast, bsrem, ct, learning, method, motion, noise, pmace, regularizer, retrievable, segmentation, wavefront","image, images, regularizer","breast, bsrem, ct, data, denoising, imaging, inverse, learning, measurements, method, motion, noise, phase, pmace, problems, reconstruction, regularization, retrievable, retrieval, segmentation","bf, corrupted, deconvolution, digital, ds, fresco, hopelessly, inpainting, invertability, laws, object, radiographs, radiography, restoration, suppose, tk"
math,53,2000–2005,2020–2025,0.195066,0.804934,47,33,2,45,31,4.26,"semigroups, semigroup, authors, automaticity, az, belousov, built, cones, congruences, decomposition, decompositions, divisor, epsilon, farb, fluid, franks, functions, homogeneous, identity, irreducible, left, near, neq, nilpotent, nn, obtained, orders, plante, pseudogroup, pseudogroups, quasi, quasigroup, quasigroups, rays, rees, separative, solution, some, straight, sub, tilings, triangular, was, where, withdrawn, wreath, zero","monoid, monoids, semigroup, semigroups, mathcal, atomic, numerical, puiseux, ss, accp, atomicity, baxt, boldsymbol, catenary, ehresmann, finitely, imd, inverse, ip, krull, ls, mathscr, oct, orct, pmd, preceq, right, sr, star, submonoid, transfer, widetilde, wilf","semigroup, semigroups","accp, atomic, atomicity, baxt, boldsymbol, catenary, ehresmann, finitely, imd, inverse, ip, krull, ls, mathcal, mathscr, monoid, monoids, numerical, oct, orct","authors, automaticity, az, belousov, built, cones, congruences, decomposition, decompositions, divisor, epsilon, farb, fluid, franks, functions, homogeneous, identity, irreducible, left, near"
math,54,2000–2005,2020–2025,0.190055,0.809945,10,18,2,8,16,20.0,"discussion, disease, dissimilar, epidemiological, governs, individuals, infective, infectives, proportions, sis","disease, epidemic, infected, model, infection, covid, sir, spread, susceptible, pandemic, population, individuals, vaccination, dynamics, infectious, outbreak, sterile, virus","disease, individuals","covid, dynamics, epidemic, infected, infection, infectious, model, outbreak, pandemic, population, sir, spread, sterile, susceptible, vaccination, virus","discussion, dissimilar, epidemiological, governs, infective, infectives, proportions, sis"
math,55,2000–2005,2020–2025,0.39845,0.60155,33,31,10,23,21,30.3,"poisson, quantization, deformation, lie, structures, symplectic, algebroids, bundle, fedosov, fuzzy, jacobi, manifolds, star, 10j, ad, algebroid, bialgebroid, brackets, brane, cal, connection, covariant, dirac, hannay, massless, peripheric, prequantization, raq, rp, sh, si, tm, wick","lie, poisson, algebroids, quantization, algebroid, groupoids, groupoid, courant, mathcal, operatorname, 2pt, bialgebroids, bundle, cc, comomentum, dimensioned, hom, hspace, lwx, manifold, mathfrak, multisymplectic, nambu, nijenhuis, rightrightarrows, split, star, structures, symplectic, tm, vb","algebroid, algebroids, bundle, lie, poisson, quantization, star, structures, symplectic, tm","2pt, bialgebroids, cc, comomentum, courant, dimensioned, groupoid, groupoids, hom, hspace, lwx, manifold, mathcal, mathfrak, multisymplectic, nambu, nijenhuis, operatorname, rightrightarrows, split","10j, ad, bialgebroid, brackets, brane, cal, connection, covariant, deformation, dirac, fedosov, fuzzy, hannay, jacobi, manifolds, massless, peripheric, prequantization, raq, rp"
math,56,2000–2005,2020–2025,0.306411,0.693589,37,30,8,29,22,21.62,"estimation, series, volatility, arma, asset, astronomical, autoregressive, chain, consecutive, contractive, deconvolution, density, estimator, estimators, garch, hypotheses, instants, irregular, lags, lave, likelihood, logarithm, lyapounov, models, nehari, noise, piggyback, prices, process, resonance, s3, signal, squared, suboptimal, subthreshold, testing, zoo","change, series, time, detection, autoregressive, estimation, test, arma, estimator, sample, stationary, tests, autoregression, average, cusum, distribution, functional, high, inar1, mefm, moving, periodogram, point, process, processes, sequential, statistic, testing, volatility, vy","arma, autoregressive, estimation, estimator, process, series, testing, volatility","autoregression, average, change, cusum, detection, distribution, functional, high, inar1, mefm, moving, periodogram, point, processes, sample, sequential, stationary, statistic, test, tests","asset, astronomical, chain, consecutive, contractive, deconvolution, density, estimators, garch, hypotheses, instants, irregular, lags, lave, likelihood, logarithm, lyapounov, models, nehari, noise"
math,57,2000–2005,2020–2025,0.326139,0.673861,46,27,9,37,18,19.57,"riemann, zeta, 4x, hypothesis, int, over2, sums, zeros, 2k, 2x, 4dt, alternating, apery, associator, balazard, binomial, bnat, chi, clausen, conjectures, drinfeld, formulae, fr, function, hep, it, ix, jost, log, multiple, nat, nt, nyman, ohno, ph, polylogarithms, qsym, relation, saias, series, statement, tornheim, trivial, values, writing, zeroes","function, riemann, values, zeta, multiple, zeros, hypothesis, frac, log, 2p, 4n, big, dirichlet, eisenstein, frac12, kaneko, li, pcc, pm, qq, re, rh, schur, series, tsumura, universality, vdots","function, hypothesis, log, multiple, riemann, series, values, zeros, zeta","2p, 4n, big, dirichlet, eisenstein, frac, frac12, kaneko, li, pcc, pm, qq, re, rh, schur, tsumura, universality, vdots","2k, 2x, 4dt, 4x, alternating, apery, associator, balazard, binomial, bnat, chi, clausen, conjectures, drinfeld, formulae, fr, hep, int, it, ix"
math,58,2000–2005,2020–2025,0.330692,0.669308,43,31,7,36,24,16.28,"logic, intuitionistic, goedel, propositional, additives, avron, boolos, calculus, church, computability, connectives, constructive, contradictions, cumulative, decidable, eliminability, entscheidungsproblem, formal, formulas, fuzzy, goedelian, hypersequents, include, incompleteness, inconsistency, instantiational, instantiationally, language, limitative, logics, negation, nonmonotonic, omega, quantified, referential, rewrites, semantics, sentential, takano, takeuti, thesis, titani, vacuously","logic, logics, modal, semantics, intuitionistic, mathsf, neg, negation, proof, box, calculi, completeness, couniform, ct, enspace, epistemic, fcn, grz, ignorance, ik, incompleteness, inquisitive, lg, logical, ordinal, paradox, propositional, provability, s4, sequent, textnormal","incompleteness, intuitionistic, logic, logics, negation, propositional, semantics","box, calculi, completeness, couniform, ct, enspace, epistemic, fcn, grz, ignorance, ik, inquisitive, lg, logical, mathsf, modal, neg, ordinal, paradox, proof","additives, avron, boolos, calculus, church, computability, connectives, constructive, contradictions, cumulative, decidable, eliminability, entscheidungsproblem, formal, formulas, fuzzy, goedel, goedelian, hypersequents, include"
math,59,2000–2005,2020–2025,0.296302,0.703698,44,31,8,36,23,18.18,"primes, prime, appellated, bonn, brizolis, cousin, distributed, during, equivocation, exact, falloff, goldbach, ia, institute, it, january, june, kelly1, kelly2, le, lectures, liminf, log, logarithm, lost, moments, multiplets, numbers, panaitopol, pdf, physically, powers, progressions, reciprocal, rieman, row, sieves, sums, th, triplets, twin, twins, uniformly, xy","log, prime, primes, sum, frac, leq, multiplicative, gaps, numbers, sums, twin, goldbach, intervals, le, left, lfloor, ln, mathcal, mathscr, mathsf, mid, mod, number, piatetski, primorial, prod, rfloor, right, shapiro, sieve, sqrt","goldbach, le, log, numbers, prime, primes, sums, twin","frac, gaps, intervals, left, leq, lfloor, ln, mathcal, mathscr, mathsf, mid, mod, multiplicative, number, piatetski, primorial, prod, rfloor, right, shapiro","appellated, bonn, brizolis, cousin, distributed, during, equivocation, exact, falloff, ia, institute, it, january, june, kelly1, kelly2, lectures, liminf, logarithm, lost"
math,60,2000–2005,2020–2025,0.546532,0.453468,44,36,8,36,28,18.18,"frame, frames, wavelet, wavelets, baggett, bessel, cap, cgu, co, elements, fht, gabor, gu, heisenberg, inmathbb, int, lamdda, localization, losses, ltworn, mathcal, mb, merrill, msf, multiresolution, multiwavelet, na, neumann, overcompleteness, packet, packets, radial, rbf, stone, supp, trace, transform, transforms, turbo, uncertainty, vectors, von, wh, wickerhauser","frame, frames, wavelet, fourier, gabor, transform, frequency, fusion, hilbert, mathbb, mathcal, align, ast, biframes, biorthogonal, convolution, coorbit, dagger, dfrac, dual, fractional, frak, glob, interpolatory, mathbf, metaplectic, parseval, quad, quarklets, sampling, spaced, stockwell, uncertainty, wavelets, widehat, wigner","frame, frames, gabor, mathcal, transform, uncertainty, wavelet, wavelets","align, ast, biframes, biorthogonal, convolution, coorbit, dagger, dfrac, dual, fourier, fractional, frak, frequency, fusion, glob, hilbert, interpolatory, mathbb, mathbf, metaplectic","baggett, bessel, cap, cgu, co, elements, fht, gu, heisenberg, inmathbb, int, lamdda, localization, losses, ltworn, mb, merrill, msf, multiresolution, multiwavelet"
math,61,2000–2005,2020–2025,0.555978,0.444022,48,34,12,36,22,25.0,"hopf, algebra, algebras, braided, galois, algebtras, ba, bialgebra, categories, category, cc, centralizer, coaction, coalgebra, coalgebras, comodules, cosemisimple, d2, dimenasional, double, duoble, exponent, extensions, frak, frobenius, gl, grouplike, hat, infini, inftyrep, leds, matched, near, nkgl, op, otimes, pentagon, quasi, quasitriangular, rat, rep, resticted, semicocommutative, semisimple, sf, sl, twisting, weak","hopf, algebras, categories, category, braided, algebra, fusion, mathbf, monoidal, rep, tensor, ver, bbbk, bialgebra, co, cocommutative, cointegrals, crossed, drinfeld, ext, frobenius, functor, glid, hom, mathcal, mn, otimes, pointed, quasitriangular, rm, sf, taft, twovec, underline","algebra, algebras, bialgebra, braided, categories, category, frobenius, hopf, otimes, quasitriangular, rep, sf","bbbk, co, cocommutative, cointegrals, crossed, drinfeld, ext, functor, fusion, glid, hom, mathbf, mathcal, mn, monoidal, pointed, rm, taft, tensor, twovec","algebtras, ba, cc, centralizer, coaction, coalgebra, coalgebras, comodules, cosemisimple, d2, dimenasional, double, duoble, exponent, extensions, frak, galois, gl, grouplike, hat"
math,62,2000–2005,2020–2025,0.025373,0.974627,55,31,4,51,27,7.27,"cover, number, pebble, pebbles, pebbling, andreas, base, blackjack, card, cardcounting, cards, coin, connected, count, creature, creatures, dcp, decides, deviation, domination, forcing, games, guess, guesses, hanoi, heads, heap, hinz, integer, invented, kruskal, lamp, largest, magician, many, move, moved, naturally, nim, notions, path, peg, player, playing, shortest, sitting, solitaire, success, technology, tosses, tower, trick, twice, variants, vertex","game, player, players, games, maker, breaker, burning, winning, graph, nim, number, avoider, board, cds, cg, cops, dominator, enclaveless, enforcer, graphs, hats, knockout, nimber, played, proposer, pspace, staller, strategy, team, win, wins","games, nim, number, player","avoider, board, breaker, burning, cds, cg, cops, dominator, enclaveless, enforcer, game, graph, graphs, hats, knockout, maker, nimber, played, players, proposer","andreas, base, blackjack, card, cardcounting, cards, coin, connected, count, cover, creature, creatures, dcp, decides, deviation, domination, forcing, guess, guesses, hanoi"
math,63,2000–2005,2020–2025,0.226834,0.773166,51,43,9,42,34,17.65,"packing, packings, circle, circles, descartes, disks, kepler, 18th, 3c, aa, apollonian, approx, area, asserts, bbb, bends, bq, bw, choose, congruent, coordinatized, covering, curved, delone, density, distance, doyle, e8, fejes, ferguson, hales, heilbronn, hexagonal, intersion, lattice, leech, mutually, oldest, orthocentric, pt8, relations, sets, sharper, simplices, sm, smallest, spherical, sqrt, theorem, toth, triangles","points, mathbb, packing, packings, triangle, distances, nn, plane, quadrilateral, set, 2k, angles, apollonian, bound, brocard, caps, cdots, circles, congruent, convex, disks, distinct, ell, ellipse, erd, frac, gon, helly, heteroperturbative, incidences, lattice, left, leq, lines, mathbf, mathfrak, pedal, poncelet, right, sets, triangles, tverberg, unpackable","apollonian, circles, congruent, disks, lattice, packing, packings, sets, triangles","2k, angles, bound, brocard, caps, cdots, convex, distances, distinct, ell, ellipse, erd, frac, gon, helly, heteroperturbative, incidences, left, leq, lines","18th, 3c, aa, approx, area, asserts, bbb, bends, bq, bw, choose, circle, coordinatized, covering, curved, delone, density, descartes, distance, doyle"
math,64,2000–2005,2020–2025,0.516468,0.483532,42,32,13,29,19,30.95,"polynomials, orthogonal, askey, jacobi, hypergeometric, operators, racah, wilson, appell, arcs, awp, bispectral, chihara, circle, concerns, darboux, dpv, formulas, gegenbauer, generating, hecke, hermite, lacunary, laguerre, little, meixner, multivariable, neq, orthogonality, oscillator, pollaczek, polynomial, rodrigues, salam, series, so, spectral, supset, symmetric, toeplitz, ultraspherical, unit","orthogonal, polynomials, jacobi, askey, hermite, laguerre, qq, recurrence, biorthogonal, exceptional, geq0, orthogonality, zeros, bd, bispectral, christoffel, darboux, de, geqslant, hahn, hypergeometric, interlacing, mathbf, matrix, meixner, multiple, pad, polynomial, relations, romanovski, sobolev, ultraspherical","askey, bispectral, darboux, hermite, hypergeometric, jacobi, laguerre, meixner, orthogonal, orthogonality, polynomial, polynomials, ultraspherical","bd, biorthogonal, christoffel, de, exceptional, geq0, geqslant, hahn, interlacing, mathbf, matrix, multiple, pad, qq, recurrence, relations, romanovski, sobolev, zeros","appell, arcs, awp, chihara, circle, concerns, dpv, formulas, gegenbauer, generating, hecke, lacunary, little, multivariable, neq, operators, oscillator, pollaczek, racah, rodrigues"
math,65,2000–2005,2020–2025,0.07573,0.92427,38,29,4,34,25,10.53,"search, tree, 1b, alpha, ary, bb, characteristics, configuration, dependences, diam, distribution, employed, extremal, fillup, ge1, ge1j, information, jz, lam, law, lc, level, ln, loglog, mathbf, obtained, physics, properties, random, root, spanning, structures, suitably, trees, trie, tries, unusual, variable","graph, random, graphs, trees, tree, attachment, degree, nyi, vertices, networks, preferential, assortativity, bucket, centroid, closeness, connectivity, diameter, distribution, erd, homophily, ildt, index, ll, log, multiplex, network, nodes, pagerank, triangle","distribution, random, tree, trees","assortativity, attachment, bucket, centroid, closeness, connectivity, degree, diameter, erd, graph, graphs, homophily, ildt, index, ll, log, multiplex, network, networks, nodes","1b, alpha, ary, bb, characteristics, configuration, dependences, diam, employed, extremal, fillup, ge1, ge1j, information, jz, lam, law, lc, level, ln"
math,66,2000–2005,2020–2025,0.027719,0.972281,18,23,2,16,21,11.11,"detection, viscosity, ador, anisotropic, artificial, capturing, computations, diffusion, expressed, global, high, ingredients, methods, oscillation, resolution, shock, trademark, utilized","scheme, schemes, entropy, order, flux, high, weno, conservation, galerkin, accuracy, discontinuous, fluxes, laws, numerical, shallow, conservative, equations, mach, meshes, method, preserving, shock, water","high, shock","accuracy, conservation, conservative, discontinuous, entropy, equations, flux, fluxes, galerkin, laws, mach, meshes, method, numerical, order, preserving, scheme, schemes, shallow, water","ador, anisotropic, artificial, capturing, computations, detection, diffusion, expressed, global, ingredients, methods, oscillation, resolution, trademark, utilized, viscosity"
math,67,2000–2005,2020–2025,0.332507,0.667493,51,43,8,43,35,15.69,"polytope, polytopes, delaunay, facets, reciprocity, volumes, 7hyp, berenstein, chiral, cones, degree, dehn, dilated, dilation, dissection, dissections, ehrhart, em, five, gets, hyp, kalai, lattice, locally, parallelotope, parallelotopes, partition, perfect, poljak, polyhedra, polyhedral, polyhedron, polytopal, projective, quotients, rational, regular, relations, rigid, sigma, simplexes, simplices, size, sommerville, tetrahedra, tf, triangles, triangulations, trilinear, zelevinsky, zigzag","polytopes, ehrhart, polytope, lattice, alcoved, facets, 3ads, angles, ass, associahedra, berline, binom, blocking, choose, combinatorial, faces, facet, flag, ge, hbox, meissner, minkowski, mms, monge, mono, monostatic, neighborly, nested, nn, permutahedra, pf, plgcat, polyhedra, polyhedron, rupert, simplices, tes, vb, vert, voronoi, widehat, zonotopal, zonotopes","ehrhart, facets, lattice, polyhedra, polyhedron, polytope, polytopes, simplices","3ads, alcoved, angles, ass, associahedra, berline, binom, blocking, choose, combinatorial, faces, facet, flag, ge, hbox, meissner, minkowski, mms, monge, mono","7hyp, berenstein, chiral, cones, degree, dehn, delaunay, dilated, dilation, dissection, dissections, em, five, gets, hyp, kalai, locally, parallelotope, parallelotopes, partition"
math,68,2000–2005,2020–2025,0.431233,0.568767,50,26,7,43,19,14.0,"ising, models, temperature, gibbs, kirkpatrick, potts, sherrington, 0j, bbckk, blume, capel, chromatic, cluster, contour, cugliandolo, dilute, expansion, ferromagnetic, fluctuations, gap, hard, kirpatrick, kurchan, lattice, ln, ln2, market, metastable, model, molecular, peierls, plus, pressure, regimes, replica, satisfiability, scaling, spin, sqrt, state, states, strips, substrate, sufficiently, transition, tricritical, tt, undergoes, uparrow, winterbottom","ising, model, spin, gibbs, temperature, free, tap, dimer, field, isoradial, mixing, potts, random, boutillier, clup, correlation, delocalisation, glass, glauber, langle, magnetization, models, parisi, phase, rangle, thouless","gibbs, ising, model, models, potts, spin, temperature","boutillier, clup, correlation, delocalisation, dimer, field, free, glass, glauber, isoradial, langle, magnetization, mixing, parisi, phase, random, rangle, tap, thouless","0j, bbckk, blume, capel, chromatic, cluster, contour, cugliandolo, dilute, expansion, ferromagnetic, fluctuations, gap, hard, kirkpatrick, kirpatrick, kurchan, lattice, ln, ln2"
math,69,2000–2005,2020–2025,0.35312,0.64688,44,36,14,30,22,31.82,"crystal, lusztig, algebra, algebras, basis, hecke, affine, canonical, 4a, ariki, avoiding, bar, bases, bh, bmod, cherednik, cl, crystals, distinguished, hexagon, highest, involutions, irreducible, iwahori, kashiwara, kazhdan, koike, littelmann, modules, otimes, parametrizations, qa, quiver, realization, representations, schaper, sl, sp, um, varpi, weyl, ww, wx, young","hecke, mathfrak, algebra, imath, lusztig, modules, affine, algebras, imathquantum, mathbf, quantum, schur, specht, widetilde, bases, basis, canonical, crystal, crystals, ddot, glb, immaculate, kashiwara, klr, kumar, mathcal, mullineux, multipartition, queer, reflection, res, sl, symmetries, type, unrhd, weyl","affine, algebra, algebras, bases, basis, canonical, crystal, crystals, hecke, kashiwara, lusztig, modules, sl, weyl","ddot, glb, imath, imathquantum, immaculate, klr, kumar, mathbf, mathcal, mathfrak, mullineux, multipartition, quantum, queer, reflection, res, schur, specht, symmetries, type","4a, ariki, avoiding, bar, bh, bmod, cherednik, cl, distinguished, hexagon, highest, involutions, irreducible, iwahori, kazhdan, koike, littelmann, otimes, parametrizations, qa"
math,70,2000–2005,2020–2025,0.451554,0.548446,49,36,6,43,30,12.24,"walk, random, walks, environment, aging, avoid, ballistic, bbz, behavior, chaos, conditioned, deviations, diffusions, early, ehi, eighties, erdos, escapes, favourite, financial, freedom, greven, harnack, hollander, hull, internal, investor, kth, lambda, lim, limsup, lyopem, multiplexed, occupation, pal, past, planar, polar, return, revesz, scenery, sets, sinai, sites, status, step, varying, visited, walker","random, walk, walks, reinforced, galton, mott, transience, tree, vrjp, watson, activated, bfr, conditioned, conductance, conductances, earthworm, ehi, elephant, environment, hat, infty, jump, law, le, pm, process, quenched, resistor, rotor, rwes, rwre, steps, tfrac12, tilde, trees, varrho","conditioned, ehi, environment, random, walk, walks","activated, bfr, conductance, conductances, earthworm, elephant, galton, hat, infty, jump, law, le, mott, pm, process, quenched, reinforced, resistor, rotor, rwes","aging, avoid, ballistic, bbz, behavior, chaos, deviations, diffusions, early, eighties, erdos, escapes, favourite, financial, freedom, greven, harnack, hollander, hull, internal"
math,72,2000–2005,2020–2025,0.439562,0.560438,38,35,8,30,27,21.05,"group, actions, alpha, aperiodic, archipelago, asdim, asymptotic, aut, automorphisms, bernoulli, borel, cocycles, compact, dimension, earring, ergodic, filter, fundamental, groups, ha, hawaiian, if, infinite, infinity, measure, metric, metrizable, novikov, pi1, polish, ranges, shubin, slices, suppose, topological, topologies, underset, whirly","group, actions, groups, amenable, countable, action, compact, countably, curvearrowright, gg, mathfrak, polish, topological, ac, equivalence, feebly, hyperfinite, mathrm, mdim, mean, measure, metrizable, multiorder, overleftarrow, paratopological, pracompact, qs, semitopological, sequential, sofic, top, tsi, veech, widetilde, zz","actions, compact, group, groups, measure, metrizable, polish, topological","ac, action, amenable, countable, countably, curvearrowright, equivalence, feebly, gg, hyperfinite, mathfrak, mathrm, mdim, mean, multiorder, overleftarrow, paratopological, pracompact, qs, semitopological","alpha, aperiodic, archipelago, asdim, asymptotic, aut, automorphisms, bernoulli, borel, cocycles, dimension, earring, ergodic, filter, fundamental, ha, hawaiian, if, infinite, infinity"
math,73,2000–2005,2020–2025,0.102838,0.897162,47,37,6,41,31,12.77,"hereditarily, lindelof, omega, baire, betan, cardinal, characterization, complete, continua, converging, coreflection, countable, cswp, der, discretely, fine, ga, heirarchy, hindman, indecomposability, indecomposable, integers, isolated, kappa, krasinkiewicz, kuratowski, lim, linedlof, mackowiak, om, paracompact, partition, pp, products, pt, scattered, schanuel, steprans, subsequence, subspace, supercomplete, topologies, topology, uncountable, uniformity, van, waerden","space, spaces, topology, xx, baire, mathcal, topological, countable, sf, zf, aleph, borel, cardinal, cf, closure, computably, dc, denumerable, eberlein, hausdorff, hindman, hookrightarrow, hurewicz, ideal, if, llsp, mathfrak, menger, mk, nabla, normal, sn, sober, topologies, wcfwcf, wl, ws","baire, cardinal, countable, hindman, topologies, topology","aleph, borel, cf, closure, computably, dc, denumerable, eberlein, hausdorff, hookrightarrow, hurewicz, ideal, if, llsp, mathcal, mathfrak, menger, mk, nabla, normal","betan, characterization, complete, continua, converging, coreflection, cswp, der, discretely, fine, ga, heirarchy, hereditarily, indecomposability, indecomposable, integers, isolated, kappa, krasinkiewicz, kuratowski"
math,74,2000–2005,2020–2025,0.165221,0.834779,10,28,2,8,26,20.0,"algorithm, data, fitness, interval, letter, optimum, partitions, searches, segmented, signal","clustering, community, graph, data, planted, algorithm, communities, model, networks, clusters, low, network, algorithms, block, computational, inference, latent, learning, lloyd, models, nodes, omnibus, our, partition, separation, sparse, spectral, supervised","algorithm, data","algorithms, block, clustering, clusters, communities, community, computational, graph, inference, latent, learning, lloyd, low, model, models, network, networks, nodes, omnibus, our","fitness, interval, letter, optimum, partitions, searches, segmented, signal"
math,75,2000–2005,2020–2025,0.266274,0.733726,39,30,5,34,25,12.82,"boltzmann, bifurcation, casimir, compactness, comportement, confinement, de, diffusion, en, energie, energy, exp, functional, functionals, glassey, guo, inequalities, maxwell, maxwellian, nous, overdetermination, particules, pitchfork, plasmas, poisson, povzner, relativistic, singularity, stability, states, steady, strauss, tails, temps, transcritical, transitions, unfoldings, unperturbed, vlasov","boltzmann, vlasov, equation, landau, cutoff, kinetic, poisson, collision, plasma, solutions, 3d3d, big, bigg, cercignani, coulomb, decay, gevrey, global, knudsen, magnetized, maxwellian, operator, particle, polyatomic, potentials, relativistic, soft, spatially, system, varepsilon","boltzmann, maxwellian, poisson, relativistic, vlasov","3d3d, big, bigg, cercignani, collision, coulomb, cutoff, decay, equation, gevrey, global, kinetic, knudsen, landau, magnetized, operator, particle, plasma, polyatomic, potentials","bifurcation, casimir, compactness, comportement, confinement, de, diffusion, en, energie, energy, exp, functional, functionals, glassey, guo, inequalities, maxwell, nous, overdetermination, particules"
math,76,2000–2005,2020–2025,0.106045,0.893955,29,25,7,22,18,24.14,"schemes, antennas, boundary, cbiem, channel, corner, corners, debye, dielectrics, discretised, dsc, electromagnetic, fd, gratings, integral, interior, lanczos, lorentz, maxwell, methods, petropoulos, propagation, quadrature, scattering, singularities, stability, td, tlm, transmission","helmholtz, method, wave, scattering, boundary, maxwell, domain, integral, numerical, element, equation, layer, pml, accuracy, acoustic, discretization, electromagnetic, galerkin, high, methods, perfectly, quadrature, time, trefftz, wavenumber","boundary, electromagnetic, integral, maxwell, methods, quadrature, scattering","accuracy, acoustic, discretization, domain, element, equation, galerkin, helmholtz, high, layer, method, numerical, perfectly, pml, time, trefftz, wave, wavenumber","antennas, cbiem, channel, corner, corners, debye, dielectrics, discretised, dsc, fd, gratings, interior, lanczos, lorentz, petropoulos, propagation, schemes, singularities, stability, td"
math,77,2000–2005,2020–2025,0.280661,0.719339,26,27,6,20,21,23.08,"ampere, monge, abreu, amp, bedford, develops, dirchlet, entire, estimates, inequality, intrinsic, isoperimetric, jorgens, kahler, levine, multi, nirenberg, norms, prescribing, profile, punctured, ric, riemannian, solutions, tension, valued","amp, monge, re, equation, estimates, hessian, harmonic, curvature, equations, gradient, liouville, 2u, alignedat, det, dirichlet, elliptic, fully, harnack, heat, hermitian, inequality, infty, manifolds, mbox, prescribed, riemannian, solutions","amp, estimates, inequality, monge, riemannian, solutions","2u, alignedat, curvature, det, dirichlet, elliptic, equation, equations, fully, gradient, harmonic, harnack, heat, hermitian, hessian, infty, liouville, manifolds, mbox, prescribed","abreu, ampere, bedford, develops, dirchlet, entire, intrinsic, isoperimetric, jorgens, kahler, levine, multi, nirenberg, norms, prescribing, profile, punctured, ric, tension, valued"
math,78,2000–2005,2020–2025,0.408666,0.591334,43,35,7,36,28,16.28,"aleph, cardinal, forcing, kappa, omega, cardinals, lo, maximality, woodin, absoluteness, amlagamation, anowski, beth, bounding, capacities, ccc, ch, creatures, delta, determinacy, equiconsistent, extender, gamma, hm, lambda, mathrm, mp, nep, notions, pcf, preservation, property, reals, sacks, shelah, sheva, tame, ultrafilter, undertilde, unfoldable, vandieren, weasel, zfc","cardinal, cardinals, forcing, aleph, zfc, hod, indescribable, logic, mathfrak, mathsf, weakly, axiom, axioms, box, club, cofinality, czf, enormous, fin, hnt, indescribability, kappa, lzfc, magidor, mathit, mh, prikry, refl, reflection, rm, sdls, sf, ulst, woodin, zf","aleph, cardinal, cardinals, forcing, kappa, woodin, zfc","axiom, axioms, box, club, cofinality, czf, enormous, fin, hnt, hod, indescribability, indescribable, logic, lzfc, magidor, mathfrak, mathit, mathsf, mh, prikry","absoluteness, amlagamation, anowski, beth, bounding, capacities, ccc, ch, creatures, delta, determinacy, equiconsistent, extender, gamma, hm, lambda, lo, mathrm, maximality, mp"
math,79,2000–2005,2020–2025,0.0,1.0,16,30,0,16,30,0.0,"dna, integrase, inverted, tangle, direct, ernst, integrases, kronheimer, montesinos, mrowka, possibilities, proteins, rearranging, repeats, solutions, stranded","persistence, persistent, data, homology, topological, rips, tda, complexes, topology, vietoris, analysis, barcodes, betti, bifiltration, diagram, dmts, ech, features, interleaving, interleavings, mapper, morphology, multiparameter, native, ph, protein, sr, thickenings, vr, wect",,"analysis, barcodes, betti, bifiltration, complexes, data, diagram, dmts, ech, features, homology, interleaving, interleavings, mapper, morphology, multiparameter, native, persistence, persistent, ph","direct, dna, ernst, integrase, integrases, inverted, kronheimer, montesinos, mrowka, possibilities, proteins, rearranging, repeats, solutions, stranded, tangle"
math,80,2000–2005,2020–2025,0.553344,0.446656,31,30,9,22,21,29.03,"curvature, flow, mean, estimates, hypersurfaces, area, chow, codimension, constante, courbure, deform, deformation, deforming, diffeomorphism, ecker, equations, gerhard, graphes, huisken, klaus, lignes, motion, moyenne, pinching, preserving, retract, riemman, self, sharp, shrinkers, submanifold","curvature, flow, mean, flows, shrinkers, ancient, translators, brakke, convex, self, shortening, translating, anisotropic, area, cohomogeneity, curve, elastic, embedded, huisken, hypersurface, hypersurfaces, iib, isoparametric, multiplicity, preserving, rcf, smooth, solitons, solutions, textrm","area, curvature, flow, huisken, hypersurfaces, mean, preserving, self, shrinkers","ancient, anisotropic, brakke, cohomogeneity, convex, curve, elastic, embedded, flows, hypersurface, iib, isoparametric, multiplicity, rcf, shortening, smooth, solitons, solutions, textrm, translating","chow, codimension, constante, courbure, deform, deformation, deforming, diffeomorphism, ecker, equations, estimates, gerhard, graphes, klaus, lignes, motion, moyenne, pinching, retract, riemman"
math,81,2000–2005,2020–2025,0.11196,0.88804,38,31,9,29,22,23.68,"chain, mcmc, asymptotic, berzuini, biopolymers, burn, carlo, chains, chemistry, combine, confidence, conformational, energy, exact, gibbs, gilks, heuristic, intervals, landscape, landscapes, material, metropolis, minorization, monte, multiscale, navigates, proposal, renormalization, reversible, run, sampler, samplers, science, sequential, stat, variance, variances, would","langevin, sampling, dynamics, carlo, monte, mcmc, convergence, diffusion, metropolis, models, resampling, score, variance, coarse, denoising, distribution, efficiency, generative, hmc, landscape, markov, mixing, molecular, sampler, samplers, sgld, stat, target, temperature, time, underdamped","carlo, landscape, mcmc, metropolis, monte, sampler, samplers, stat, variance","coarse, convergence, denoising, diffusion, distribution, dynamics, efficiency, generative, hmc, langevin, markov, mixing, models, molecular, resampling, sampling, score, sgld, target, temperature","asymptotic, berzuini, biopolymers, burn, chain, chains, chemistry, combine, confidence, conformational, energy, exact, gibbs, gilks, heuristic, intervals, landscapes, material, minorization, multiscale"
math,83,2000–2005,2020–2025,0.171938,0.828062,39,28,7,32,21,17.95,"gl, adic, adique, arthur, baum, bernstein, building, character, compact, connes, correspondence, counterpart, describe, earlier, elements, ell, for, formel, geometric, group, groupe, her, jussieu, langlands, lineaire, local, map, methods, mod, plancherel, reductif, remarque, signature, stuhler, supercuspidal, transfer, un, une, vigneras","langlands, representations, cuspidal, gl, mathrm, automorphic, supercuspidal, adic, archimedean, arthur, correspondence, local, packets, backslash, bushnell, distinguished, groups, gsp, henniart, irreducible, jacquet, periods, prasad, rallis, representation, rm, sl, widetilde","adic, arthur, correspondence, gl, langlands, local, supercuspidal","archimedean, automorphic, backslash, bushnell, cuspidal, distinguished, groups, gsp, henniart, irreducible, jacquet, mathrm, packets, periods, prasad, rallis, representation, representations, rm, sl","adique, baum, bernstein, building, character, compact, connes, counterpart, describe, earlier, elements, ell, for, formel, geometric, group, groupe, her, jussieu, lineaire"
math,84,2000–2005,2020–2025,0.200814,0.799186,39,40,6,33,34,15.38,"mathematics, accordingly, approaches, arabic, archief, argumentation, astronomical, bott, catholic, china, churches, date, dialogue, easter, education, egalitarian, history, informal, international, leo, limits, mathematical, niceea, nieuw, nineteenth, numerals, orthodox, page, peace, raoul, russian, scholarly, sociology, teaching, timss, tolstoy, views, waging, war","mathematical, mathematics, students, education, mathematicians, reasoning, teaching, activities, anania, argumentation, astrological, calendar, day, digging, en, ethical, explanation, geogebra, gpt, history, indigenous, learning, llms, los, my, ouroboros, research, soviet, strabo, student, subfields, teacher, teachers, tissot, understanding, voevodsky, were, women, year, zealand","argumentation, education, history, mathematical, mathematics, teaching","activities, anania, astrological, calendar, day, digging, en, ethical, explanation, geogebra, gpt, indigenous, learning, llms, los, mathematicians, my, ouroboros, reasoning, research","accordingly, approaches, arabic, archief, astronomical, bott, catholic, china, churches, date, dialogue, easter, egalitarian, informal, international, leo, limits, niceea, nieuw, nineteenth"
math,85,2000–2005,2020–2025,0.241587,0.758413,45,43,12,33,31,26.67,"aa, alpha, epsilon, sidon, sum, 2a, arithmetic, aritmetic, behrend, bounds, cdot, contain, continuous, ell, erd, exists, fold, fractions, freiman, geq, gn, imre, integers, lemma, lower, magnitude, measure, mentioned, n0, n1, n2, na3, progression, progressions, sec, see, sets, structure, subset, sums, sumsets, szemer, szemeredi, upper, while","subset, aa, ldots, mathbb, sets, leq, mathsf, progression, sidon, subseteq, sum, 2a, 3h, ap, arithmetic, ba, bfa, bfx, bfzero, biggl, biggr, dots, frac, geq, hb, integers, mathcal, mathrm, max, mptq, oplam, prime, product, progressions, ruzsa, size, spp, subsets, sumset, sumsets, supp, varphi, wedge","2a, aa, arithmetic, geq, integers, progression, progressions, sets, sidon, subset, sum, sumsets","3h, ap, ba, bfa, bfx, bfzero, biggl, biggr, dots, frac, hb, ldots, leq, mathbb, mathcal, mathrm, mathsf, max, mptq, oplam","alpha, aritmetic, behrend, bounds, cdot, contain, continuous, ell, epsilon, erd, exists, fold, fractions, freiman, gn, imre, lemma, lower, magnitude, measure"
math,86,2000–2005,2020–2025,0.028778,0.971222,30,26,5,25,21,16.67,"about, activity, aftereffects, allowed, different, error, expressions, issues, location, locked, mathematical, missed, modelling, nervous, neural, neuronal, planar, postsynaptic, precision, presynaptic, refractoriness, rhythms, signals, spike, symbolic, synchronization, third, timing, transitions, waking","oscillators, synchronization, dynamics, kuramoto, networks, neurons, phase, synchrony, chimera, coupled, coupling, model, network, neural, neuron, oscillations, activity, arousal, brain, emotions, evoked, mathematical, spiking, stimulation, synaptic, timing","activity, mathematical, neural, synchronization, timing","arousal, brain, chimera, coupled, coupling, dynamics, emotions, evoked, kuramoto, model, network, networks, neuron, neurons, oscillations, oscillators, phase, spiking, stimulation, synaptic","about, aftereffects, allowed, different, error, expressions, issues, location, locked, missed, modelling, nervous, neuronal, planar, postsynaptic, precision, presynaptic, refractoriness, rhythms, signals"
math,87,2000–2005,2020–2025,0.105684,0.894316,30,33,5,25,28,16.67,"antiplanar, area, branches, brittle, brutal, crack, cracks, curvature, elastic, elastica, emptyset, enclosed, equilibria, es, fracture, fractures, francfort, gallery, hu, initiation, loop, marigo, minimality, om, plots, quasistatic, readily, size, static, unilateral","crack, elastic, elasticity, energy, fracture, strain, stress, bending, material, model, nonlocal, phase, tip, beam, brittle, corotational, dislocation, dislocations, field, flexoelectric, isotropic, materials, metamaterial, micromorphic, nucleation, peridynamic, peridynamics, plasticity, plates, quasistatic, relaxed, ribbons, vo","brittle, crack, elastic, fracture, quasistatic","beam, bending, corotational, dislocation, dislocations, elasticity, energy, field, flexoelectric, isotropic, material, materials, metamaterial, micromorphic, model, nonlocal, nucleation, peridynamic, peridynamics, phase","antiplanar, area, branches, brutal, cracks, curvature, elastica, emptyset, enclosed, equilibria, es, fractures, francfort, gallery, hu, initiation, loop, marigo, minimality, om"
math,88,2000–2005,2020–2025,0.502428,0.497572,41,27,9,32,18,21.95,"vertex, algebra, algebras, operator, voa, lattice, automorphism, boson, central, charge, cofiniteness, dgh, free, fusion, generators, gl, identity, locality, miyamoto, module, modules, monster, nonlocal, nonmeromorphic, orbits, quantum, quasiclassical, qxy, qyz, qzx, radical, rules, sl, smash, sqrt2r, stabilizers, superalgebra, toroidal, traces, twisted, ww","vertex, algebra, mathfrak, affine, algebras, mathcal, modules, hbar, vv, hat, sl, widehat, yangian, 2n, cal, ell, gl, gv, irr, irreducible, module, operator, sp, text, ww, yangians, yg","algebra, algebras, gl, module, modules, operator, sl, vertex, ww","2n, affine, cal, ell, gv, hat, hbar, irr, irreducible, mathcal, mathfrak, sp, text, vv, widehat, yangian, yangians, yg","automorphism, boson, central, charge, cofiniteness, dgh, free, fusion, generators, identity, lattice, locality, miyamoto, monster, nonlocal, nonmeromorphic, orbits, quantum, quasiclassical, qxy"
math,90,2000–2005,2020–2025,0.07661,0.92339,20,32,4,16,28,20.0,"aerotaxis, bacterial, biochemical, cells, chemotactic, chemotaxis, collapse, colonies, endothelial, experimentally, growth, guidance, mesenchymal, methylation, morphogenesis, morphological, oxygen, physiology, signaling, vitro","chemotaxis, keller, segel, model, nabla, tumor, begin, infty, initial, solutions, system, adaptation, aggregation, align, bacteria, bacterial, cdot, cell, chemotactic, end, global, growth, logistic, mass, parabolic, patlak, pks, plaque, qquad, quad, species, uz","bacterial, chemotactic, chemotaxis, growth","adaptation, aggregation, align, bacteria, begin, cdot, cell, end, global, infty, initial, keller, logistic, mass, model, nabla, parabolic, patlak, pks, plaque","aerotaxis, biochemical, cells, collapse, colonies, endothelial, experimentally, guidance, mesenchymal, methylation, morphogenesis, morphological, oxygen, physiology, signaling, vitro"
math,91,2000–2005,2020–2025,0.533113,0.466887,51,25,11,40,14,21.57,"exclusion, particles, asymmetric, hydrodynamic, nur, process, stationary, anharmonic, benois, combustion, conservation, deviations, diffusive, direction, drift, fluctuations, freidlin, functionals, ge, goe, heat, hydrodynamical, interacting, kipnis, laws, lieb, limit, macroscopic, measures, multiclass, onsager, origin, particle, polynuclear, principle, processes, profile, queues, rescaling, rigidly, scaling, site, sources, start, temperley, tracy, transience, variances, visited, zero, zz","exclusion, particle, particles, process, asymmetric, kpz, tasep, asep, limit, fluctuations, hydrodynamic, reservoirs, arxiv, ballistic, brownian, current, deviation, diffusive, gue, interacting, kawasaki, le1, pushtasep, scaling, sh","asymmetric, diffusive, exclusion, fluctuations, hydrodynamic, interacting, limit, particle, particles, process, scaling","arxiv, asep, ballistic, brownian, current, deviation, gue, kawasaki, kpz, le1, pushtasep, reservoirs, sh, tasep","anharmonic, benois, combustion, conservation, deviations, direction, drift, freidlin, functionals, ge, goe, heat, hydrodynamical, kipnis, laws, lieb, macroscopic, measures, multiclass, nur"
math,92,2000–2005,2020–2025,0.413107,0.586893,33,33,3,30,30,9.09,"julia, maps, disks, quadratic, siegel, allure, bf, bigcap, bones, buff, cheritat, cod, coding, colon, cubic, half, henon, infinitesimal, integrables, log, matings, measure, ovl, pertubation, plb, polynomiale, polynomials, recurrent, rounding, roundings, subhyperbolic, subset, wandering","julia, maps, fatou, mandelbrot, set, sets, wandering, critically, escaping, laminations, post, rational, thurston, bouquet, cantor, collet, eckmann, ell, feig, hausdorff, hubbard, lavaurs, map, meromorphic, polynomial, quasisymmetries, repelling, rotational, scl, shishikura, transcendental, tricorn, unicritical","julia, maps, wandering","bouquet, cantor, collet, critically, eckmann, ell, escaping, fatou, feig, hausdorff, hubbard, laminations, lavaurs, mandelbrot, map, meromorphic, polynomial, post, quasisymmetries, rational","allure, bf, bigcap, bones, buff, cheritat, cod, coding, colon, cubic, disks, half, henon, infinitesimal, integrables, log, matings, measure, ovl, pertubation"
math,93,2000–2005,2020–2025,0.506301,0.493699,39,27,9,30,18,23.08,"schubert, flag, quantum, varieties, giambelli, cohomology, flags, samelson, variety, billey, calculus, cf, cfl, combinatorial, contou, covexillary, dale, degenerations, dubrovin, equivariant, experimentation, formulas, grassmannian, grassmannians, graszmannians, ind, locus, mitosis, multiplicities, nonsingular, og, patterns, peterson, puzzle, ring, schur, shimozono, smt, varietes","flag, schubert, varieties, hessenberg, variety, cohomology, polynomials, degenerations, dreams, grassmannians, peterson, pipe, quantum, 5mm, aff, biwords, bs, bumpless, ch, fl, gr, ideals, katalan, minuscule, operatorname, pbw, shareshian","cohomology, degenerations, flag, grassmannians, peterson, quantum, schubert, varieties, variety","5mm, aff, biwords, bs, bumpless, ch, dreams, fl, gr, hessenberg, ideals, katalan, minuscule, operatorname, pbw, pipe, polynomials, shareshian","billey, calculus, cf, cfl, combinatorial, contou, covexillary, dale, dubrovin, equivariant, experimentation, flags, formulas, giambelli, grassmannian, graszmannians, ind, locus, mitosis, multiplicities"
math,94,2000–2005,2020–2025,0.372432,0.627568,27,22,8,19,14,29.63,"game, nash, bimatrix, compiled, concept, encoded, equilibria, equilibrium, fate, games, joint, management, mixed, person, player, policies, policy, popular, providence, ratchet, scientist, strategies, theory, tognoli, totally, universality, utility","equilibrium, game, games, nash, player, players, equilibria, strategy, information, strategies, agents, co, decision, fictitious, lq, ne, payoff, policies, seeking, shapley, stochastic, strategic","equilibria, equilibrium, game, games, nash, player, policies, strategies","agents, co, decision, fictitious, information, lq, ne, payoff, players, seeking, shapley, stochastic, strategic, strategy","bimatrix, compiled, concept, encoded, fate, joint, management, mixed, person, policy, popular, providence, ratchet, scientist, theory, tognoli, totally, universality, utility"
math,95,2000–2005,2020–2025,0.085857,0.914143,36,32,9,27,23,25.0,"class, extensions, let, prime, 2379d, bbb, binomial, cal, coeff, congruences, cyclotomic, discriminant, dividing, ee, ep, factors, galois, greenberg, group, leq, lfloor, lucas, mathfrak, mp, nmid, nr, number, numbers, pc, primitive, prod, quadratic, rfloor, swan, times, towers","fields, mathbb, number, quadratic, sqrt, galois, class, field, kk, mathfrak, monogenic, 1p, ax, bbb, cl, ell, equiv, extensions, group, groups, imaginary, lattices, lya, operatorname, po, prime, re, real, torsion, totally, trinomials, wp","bbb, class, extensions, galois, group, mathfrak, number, prime, quadratic","1p, ax, cl, ell, equiv, field, fields, groups, imaginary, kk, lattices, lya, mathbb, monogenic, operatorname, po, re, real, sqrt, torsion","2379d, binomial, cal, coeff, congruences, cyclotomic, discriminant, dividing, ee, ep, factors, greenberg, leq, let, lfloor, lucas, mp, nmid, nr, numbers"
math,96,2000–2005,2020–2025,0.336174,0.663826,17,29,5,12,24,29.41,"branching, extinction, generation, bertoin, fragmentations, galton, harmonic, nana, offspring, polymerase, population, presence, probability, processes, rouault, stopping, watson","branching, process, processes, particles, brownian, immigration, motion, particle, bbm, galton, offspring, random, watson, big, bisexual, boldsymbol, cdot, continuities, critical, distribution, environment, limit, modulus, nt, sqrt, subcritical, supercritical, superprocesses, textbf","branching, galton, offspring, processes, watson","bbm, big, bisexual, boldsymbol, brownian, cdot, continuities, critical, distribution, environment, immigration, limit, modulus, motion, nt, particle, particles, process, random, sqrt","bertoin, extinction, fragmentations, generation, harmonic, nana, polymerase, population, presence, probability, rouault, stopping"
math,97,2000–2005,2020–2025,0.262494,0.737506,57,32,7,50,25,12.28,"landau, superconductivity, superconductors, appearance, at, attractors, averaged, bauman, bernoff, carries, charge, charges, coupling, critical, crystals, curvatures, doniach, estimates, evolutionary, felmer, field, fluxon, gilbert, ginzburg, globally, hydrodynamic, inverse, josephson, junctions, lawrence, layers, lifshitz, liquid, location, magnetic, minimizers, morame, move, navier, near, nucleated, particles, pino, point, posed, posedness, precise, proportional, schroedinger, singularity, sternberg, superconducting, system, types, vortices, well, zone","landau, energy, ginzburg, liquid, nematic, crystal, ericksen, leslie, varepsilon, vortices, 8q, biaxial, constrictions, de, defects, elastomers, film, gennes, inertia, isoflux, lifshitz, magnetic, majumdar, minimizers, nabla, nematics, sixth, sllbar, smectic, stripe, thin, ve","ginzburg, landau, lifshitz, liquid, magnetic, minimizers, vortices","8q, biaxial, constrictions, crystal, de, defects, elastomers, energy, ericksen, film, gennes, inertia, isoflux, leslie, majumdar, nabla, nematic, nematics, sixth, sllbar","appearance, at, attractors, averaged, bauman, bernoff, carries, charge, charges, coupling, critical, crystals, curvatures, doniach, estimates, evolutionary, felmer, field, fluxon, gilbert"
math,98,2000–2005,2020–2025,0.324347,0.675653,10,23,5,5,18,50.0,"average, combinations, decision, markov, optimal, policies, reward, state, unichain, visit","decision, learning, policy, markov, reinforcement, rl, mdps, reward, policies, algorithms, critic, actor, algorithm, cmdp, discounted, expert, mdp, optimal, pomdps, robust, rtdp, sample, tot","decision, markov, optimal, policies, reward","actor, algorithm, algorithms, cmdp, critic, discounted, expert, learning, mdp, mdps, policy, pomdps, reinforcement, rl, robust, rtdp, sample, tot","average, combinations, state, unichain, visit"
math,99,2000–2005,2020–2025,0.144845,0.855155,26,33,11,15,22,42.31,"constituents, idealizer, irr, irreducible, bar, benson, blocks, characters, classifying, completed, defect, erratum, finite, fusion, gg, groups, head, id, mckay, plesken, pp, radical, solomon, st02, subgroups, sylow","character, alperin, blocks, characters, defect, groups, fusion, pp, conjecture, group, inductive, mckay, acd, anz, bbb, block, blockwise, brauer, brou, cd, ell, frobenius, gg, inertial, irr, irreducible, mathbf, mathcal, punctured, rickard, rm, splendid, subgroups","blocks, characters, defect, fusion, gg, groups, irr, irreducible, mckay, pp, subgroups","acd, alperin, anz, bbb, block, blockwise, brauer, brou, cd, character, conjecture, ell, frobenius, group, inductive, inertial, mathbf, mathcal, punctured, rickard","bar, benson, classifying, completed, constituents, erratum, finite, head, id, idealizer, plesken, radical, solomon, st02, sylow"
math,100,2000–2005,2020–2025,0.179884,0.820116,54,36,11,43,25,20.37,"cohomology, homology, spectra, theory, topological, adams, agree, analogous, andr, atiyah, caracteristiques, category, computing, cyclic, dennis, derivations, filtered, filtrations, goodwillie, hgl, hirzebruch, homotopy, infinity, infty, inftya, inftye, invariants, kr, kunneth, mac, mirimanoff, motivic, multiplicative, nilpotent, pro, rationally, relating, relative, ring, rog, root, saying, sequence, sequences, spectral, spectrum, stable, summand, theorie, theories, thh, trace, triangulated, units","motivic, spectra, homotopy, equivariant, bp, ku, langle, mathrm, rangle, theory, thh, acute, adams, category, cohomology, completion, connective, er, fr, geo, hw, mackey, mahowald, mathbb, nisnevich, parametrised, redshift, ro, semiadditive, spectrum, stable, thom, topological, underline, vee, wedge","adams, category, cohomology, homotopy, motivic, spectra, spectrum, stable, theory, thh, topological","acute, bp, completion, connective, equivariant, er, fr, geo, hw, ku, langle, mackey, mahowald, mathbb, mathrm, nisnevich, parametrised, rangle, redshift, ro","agree, analogous, andr, atiyah, caracteristiques, computing, cyclic, dennis, derivations, filtered, filtrations, goodwillie, hgl, hirzebruch, homology, infinity, infty, inftya, inftye, invariants"
math,101,2000–2005,2020–2025,0.389036,0.610964,51,33,7,44,26,13.73,"irrationality, continued, fraction, irrational, rivoal, 0n, 2n, 2s, abjl, apery, approximable, approximation, approximations, badly, bifurcating, distinguishes, fr, frac14, frac14a, fractions, gill, grange, ia, illustrious, integer, jacobi, kmosek, liouville, math, multidimensional, nesterenko, nq, nt, numbers, numerators, pairs, qualitive, quantitive, ramanujan, ref, renormalization, saying, sebah, shallit, specializability, specializable, telescoping, th1, tschakaloff, values, vector","continued, fractions, irrational, numbers, fraction, irrationality, sqrt, frac, 2k, apery, bbb, boldsymbol, boy, codings, constants, continuants, das, deformed, der, descriptive, displaystyle, hcf, left, mathematical, nakada, pcfs, qq, quad, right, sudler, tanaka, thurnheer, zur","apery, continued, fraction, fractions, irrational, irrationality, numbers","2k, bbb, boldsymbol, boy, codings, constants, continuants, das, deformed, der, descriptive, displaystyle, frac, hcf, left, mathematical, nakada, pcfs, qq, quad","0n, 2n, 2s, abjl, approximable, approximation, approximations, badly, bifurcating, distinguishes, fr, frac14, frac14a, gill, grange, ia, illustrious, integer, jacobi, kmosek"
math,102,2000–2005,2020–2025,0.256345,0.743655,27,42,1,26,41,3.7,"tropical, mathematics, bernd, billera, brief, clay, dequantization, duality, gotten, grassmannian, grobner, hbar, holmes, ideal, idempotent, lecture, maslov, numerousreferences, plucker, quadrics, refereing, scholar, senior, subcomplex, trees, utah, vogtmann","tropical, curves, matroid, matroids, toric, tropicalization, fans, trop, andreotti, boldsymbol, ceresa, curve, dressians, dual, flag, geometry, hybrid, hyperbolic, hypersurface, implicitization, lefschetz, lifts, mikhalkin, moduli, morphisms, overline, parametrisation, positively, prym, quiver, real, refined, semialgebraic, series, sol, tev, tropicalizations, unibranch, unipotent, valuated, varieties, widetilde",tropical,"andreotti, boldsymbol, ceresa, curve, curves, dressians, dual, fans, flag, geometry, hybrid, hyperbolic, hypersurface, implicitization, lefschetz, lifts, matroid, matroids, mikhalkin, moduli","bernd, billera, brief, clay, dequantization, duality, gotten, grassmannian, grobner, hbar, holmes, ideal, idempotent, lecture, maslov, mathematics, numerousreferences, plucker, quadrics, refereing"
math,103,2000–2005,2020–2025,0.10815,0.89185,20,32,3,17,29,15.0,"bbb, cal, cluster, doubly, frac, functions, harmonic, homogeneous, kmv, led, martin, martio, partial, planar, quasiregular, subfunctions, subharmonic, trigonometric, villamor, weighted","functions, harmonic, starlike, univalent, analytic, coefficients, disk, logarithmic, mappings, mathcal, prec, sharp, subclass, subharmonic, subordinate, varphi, zp, function, hankel, leq, lh, ma, mathfrak, meromorphic, minda, nevanlinna, prime, spirallike, starlikeness, tanh, vmatrix, zf","functions, harmonic, subharmonic","analytic, coefficients, disk, function, hankel, leq, lh, logarithmic, ma, mappings, mathcal, mathfrak, meromorphic, minda, nevanlinna, prec, prime, sharp, spirallike, starlike","bbb, cal, cluster, doubly, frac, homogeneous, kmv, led, martin, martio, partial, planar, quasiregular, subfunctions, trigonometric, villamor, weighted"
math,105,2000–2005,2020–2025,0.088709,0.911291,30,33,4,26,29,13.33,"asynchronicity, benzene, boolean, cell, chemical, chemistry, csp, depending, determinism, differences, feinberg, isomerism, kinetic, kinetics, lunn, mckeithan, menten, michaelis, molecule, organic, proofreading, rbns, receptor, senior, substituted, synchronicity, synchronous, transduction, types, updating","chemical, reaction, network, networks, biochemical, acr, deficiency, homeostasis, multistationarity, stoichiometric, systems, balance, bifurcation, boolean, det, disguised, dynamical, epigenetic, input, kinetic, kinetics, lna, mathscr, metabolic, multivalued, output, reactions, reactivity, species, stochastic, stoichiometry, system, zero","boolean, chemical, kinetic, kinetics","acr, balance, bifurcation, biochemical, deficiency, det, disguised, dynamical, epigenetic, homeostasis, input, lna, mathscr, metabolic, multistationarity, multivalued, network, networks, output, reaction","asynchronicity, benzene, cell, chemistry, csp, depending, determinism, differences, feinberg, isomerism, lunn, mckeithan, menten, michaelis, molecule, organic, proofreading, rbns, receptor, senior"
math,107,2000–2005,2020–2025,0.105077,0.894923,19,37,5,14,32,26.32,"coalescent, allele, darwinian, death, dynamics, essence, evolution, evolutionary, laws, locus, mutation, mutations, neutral, polymerase, population, reactions, selected, species, trait","population, selection, mutation, ancestral, coalescent, genetic, recombination, seed, selfing, aaaa, bank, birth, branching, coalescence, coalescents, dispersal, dormancy, fisher, generations, genes, habitat, heartsuit, individuals, kingman, level, lineages, migration, moran, mutations, outcrossing, pedigree, polymorphism, process, protocell, replicator, speciation, trait","coalescent, mutation, mutations, population, trait","aaaa, ancestral, bank, birth, branching, coalescence, coalescents, dispersal, dormancy, fisher, generations, genes, genetic, habitat, heartsuit, individuals, kingman, level, lineages, migration","allele, darwinian, death, dynamics, essence, evolution, evolutionary, laws, locus, neutral, polymerase, reactions, selected, species"
math,108,2000–2005,2020–2025,0.064725,0.935275,42,32,6,36,26,14.29,"petersson, teichmuller, metric, punctured, thurston, weil, antipodal, bending, conjecture, duke, geodesics, gromov, homology, hyperbolic, hyperbolicity, lam, lamination, laminations, line, ller, metrics, minima, mu, nu, once, pants, qs, quasifuchsian, quasisymmetric, real, sectional, shortest, simple, teich, teichm, teichmueller, tori, torus, universal, valuation, volume, wp","geodesics, geodesic, ller, teichm, closed, hyperbolic, length, surface, surfaces, thurston, 8g, backslash, dec, distinct, extremal, fill, fuchsian, horospheres, hyp, injectivity, intersection, manifold, mathcal, oblivious, psl, pt, randers, rm, simeq, simple, star, stiefel","geodesics, hyperbolic, ller, simple, teichm, thurston","8g, backslash, closed, dec, distinct, extremal, fill, fuchsian, geodesic, horospheres, hyp, injectivity, intersection, length, manifold, mathcal, oblivious, psl, pt, randers","antipodal, bending, conjecture, duke, gromov, homology, hyperbolicity, lam, lamination, laminations, line, metric, metrics, minima, mu, nu, once, pants, petersson, punctured"
math,109,2000–2005,2020–2025,0.642149,0.357851,47,37,10,37,27,21.28,"tiling, tilings, domino, substitution, tile, tiles, acute, adic, admitted, angles, aperiodic, aztec, bricks, cech, circ77, delone, densely, diamond, dihedral, dominos, epsilon, expansion, extrapolated, fron, functional, hexagonal, holey, homeomorphism, length, nvaries, parity, pattern, pinwheel, pisot, pleasants, rectangle, relation, repetitive, satisfy, scd, sets, slab, slabs, substitutions, tetrahedra, tiled, tutte","tiling, tilings, tiles, tile, aperiodic, aztec, delone, domino, substitution, translational, ammann, area, ciucu, congruent, contiguous, cut, edge, gm, hexagons, holes, jeandel, octagons, penrose, pentagons, perimeter, project, quadrilaterals, quasicrystals, repetition, repetitive, rotationally, silver, similar, trihex, trihexes, trominoes, weaving","aperiodic, aztec, delone, domino, repetitive, substitution, tile, tiles, tiling, tilings","ammann, area, ciucu, congruent, contiguous, cut, edge, gm, hexagons, holes, jeandel, octagons, penrose, pentagons, perimeter, project, quadrilaterals, quasicrystals, repetition, rotationally","acute, adic, admitted, angles, bricks, cech, circ77, densely, diamond, dihedral, dominos, epsilon, expansion, extrapolated, fron, functional, hexagonal, holey, homeomorphism, length"
math,110,2000–2005,2020–2025,0.290586,0.709414,29,36,5,24,31,17.24,"phylogenetic, 3st, 4x4x4, acid, bacterial, biologists, branching, cluster, evolution, evolve, gene, genomes, genomic, independently, intertwine, kimura, mitochondrial, neighbor, nucleic, nucleotide, polynucleotide, purines, pyrimidines, similarity, sites, speciation, substitution, tree, xu","phylogenetic, trees, tree, fitch, gene, networks, indices, leaves, quartet, species, ancestral, cactuses, child, displayed, duplication, evolutionary, genes, genome, genomes, genomic, imbalance, leaf, motifs, network, ola, orthology, phylogeny, quarnets, reticulation, rooted, semidirected, subnetwork, svms, taxa, taxon, tropical","gene, genomes, genomic, phylogenetic, tree","ancestral, cactuses, child, displayed, duplication, evolutionary, fitch, genes, genome, imbalance, indices, leaf, leaves, motifs, network, networks, ola, orthology, phylogeny, quarnets","3st, 4x4x4, acid, bacterial, biologists, branching, cluster, evolution, evolve, independently, intertwine, kimura, mitochondrial, neighbor, nucleic, nucleotide, polynucleotide, purines, pyrimidines, similarity"
math,111,2000–2005,2020–2025,0.374402,0.625598,40,26,8,32,18,20.0,"wave, global, quasilinear, equations, null, obstacles, abd, amplitude, changing, currect, damped, decay, discretized, dispersive, dissipative, energia, existence, goes, hyperbolic, instability, multiphase, multispeed, nonlinear, nonlinearities, nonlinearties, outside, potential, rays, satisfying, shapped, shibata, small, solutions, speeds, star, steady, trapped, tsutsumi, uniphase, yokoyama","wave, lifespan, semilinear, solutions, blow, equation, damping, equations, initial, damped, global, null, partial, quasilinear, alinhac, cauchy, decay, derivative, leq, loss, nonlinearity, oscillating, radiative, term, up, xv","damped, decay, equations, global, null, quasilinear, solutions, wave","alinhac, blow, cauchy, damping, derivative, equation, initial, leq, lifespan, loss, nonlinearity, oscillating, partial, radiative, semilinear, term, up, xv","abd, amplitude, changing, currect, discretized, dispersive, dissipative, energia, existence, goes, hyperbolic, instability, multiphase, multispeed, nonlinear, nonlinearities, nonlinearties, obstacles, outside, potential"
math,112,2000–2005,2020–2025,0.003878,0.996122,10,26,1,9,25,10.0,"br, lu, partial, qquad, quad, rf, rl, rv, splitting, sum","kutta, methods, runge, implicit, integrators, order, schemes, explicit, numerical, gark, arkode, energy, equations, hamiltonian, imex, integrator, intrusive, multirate, nystrom, parareal, ptq, sbp, splitting, sqq, stability, stiff",splitting,"arkode, energy, equations, explicit, gark, hamiltonian, imex, implicit, integrator, integrators, intrusive, kutta, methods, multirate, numerical, nystrom, order, parareal, ptq, runge","br, lu, partial, qquad, quad, rf, rl, rv, sum"
math,113,2000–2005,2020–2025,0.000402,0.999598,10,41,1,9,40,10.0,"expansions, iteration, iterative, landweber, penalties, regularized, regularizes, regularizing, sparser, thresholding","ell, recovery, sparse, compressed, sensing, signal, proximity, sparsity, 7s, algorithm, applicability, bit, breve, bsc, bss, cappa, coherence, cosparse, cs, dictionary, doa, eigenmatrix, elm, erx, geq0, hankel, hsgd, irksn, measurement, measurements, messages, mi, minimization, omp, piece, proximal, regularization, reweighted, subsampled, thresholding, unstructured",thresholding,"7s, algorithm, applicability, bit, breve, bsc, bss, cappa, coherence, compressed, cosparse, cs, dictionary, doa, eigenmatrix, ell, elm, erx, geq0, hankel","expansions, iteration, iterative, landweber, penalties, regularized, regularizes, regularizing, sparser"
math,115,2000–2005,2020–2025,0.329423,0.670577,46,38,6,40,32,13.04,"body, central, absence, action, assisted, bodies, capture, cette, choreographic, collisionless, configuration, configurations, corps, de, eight, extrasolar, fixed, hill, homographic, inertia, integrability, integrals, lagrangian, largement, libration, mass, meromorphic, minimizers, moeckel, monodromy, moons, neighborhood, newtonian, orbits, periodic, planet, planets, points, saari, sundman, supereight, three, trois, true, une, ziglin","body, orbits, problem, planar, central, collision, kepler, masses, orbit, restricted, sail, solar, three, cablessail, choreographies, circular, collinear, comet, configurations, cos, cr3bp, dfrac, dros, earth, ec, equilibrium, homoclinic, l3, lunar, moon, motions, periodic, primaries, sdsps, sin, trajectories, transformable, upsilon","body, central, configurations, orbits, periodic, three","cablessail, choreographies, circular, collinear, collision, comet, cos, cr3bp, dfrac, dros, earth, ec, equilibrium, homoclinic, kepler, l3, lunar, masses, moon, motions","absence, action, assisted, bodies, capture, cette, choreographic, collisionless, configuration, corps, de, eight, extrasolar, fixed, hill, homographic, inertia, integrability, integrals, lagrangian"
math,116,2000–2005,2020–2025,0.349692,0.650308,54,36,10,44,26,18.52,"functions, expansions, function, gamma, integral, 0p, airy, analytic, barnes, bessel, beta, computation, contributions, cylinder, degenerations, deriving, diffracted, discussed, elliptic, exhaustion, explained, glaisher, independant, indicated, integrals, laurent, linairely, log, multiparameter, na, nc, obtaining, olver, orders, parabolic, phi, precision, presents, proofs, provided, recursion, related, remainders, representation, representations, rise, schemes, scorer, stieltjes, taylor, transforms, univariate, used, weber","bessel, function, asymptotic, functions, integrals, hypergeometric, integral, beta, expansions, incomplete, airy, arcsinh, arg, asymptotics, barnes, chf, confluent, cosh, dyadic, expansion, exponential, gamma, kholodenko, kind, le, lommel, pm, qess, ramachandra, series, silagadze, sin, sinc, trans, whittaker, zeros","airy, barnes, bessel, beta, expansions, function, functions, gamma, integral, integrals","arcsinh, arg, asymptotic, asymptotics, chf, confluent, cosh, dyadic, expansion, exponential, hypergeometric, incomplete, kholodenko, kind, le, lommel, pm, qess, ramachandra, series","0p, analytic, computation, contributions, cylinder, degenerations, deriving, diffracted, discussed, elliptic, exhaustion, explained, glaisher, independant, indicated, laurent, linairely, log, multiparameter, na"
math,117,2000–2005,2020–2025,0.365279,0.634721,48,35,12,36,23,25.0,"conformally, curvature, conformal, flat, fully, manifolds, ricci, riemannian, scalar, yamabe, 2c, aapects, annulus, boundary, cc, cheeger, closed, compact, deform, escobar, everywhere, extremality, flow, ge, goes, gromov, haken, hh, hyperbolic, implies, locally, metric, neq, nonlinear, nonpositive, paneitz, positive, relativity, rk, sk, somewhere, subsets, surveys, symmetric, thin, umbilic, volume, volumes","curvature, scalar, manifolds, riemannian, metrics, ricci, manifold, metric, rigidity, tm, yamabe, aspherical, boundary, bubbles, cat, conformal, conical, critical, dim, dv, einstein, enlargeable, flat, geqslant, geroch, gromov, le, mathring, prescribed, rcd, ric, sec, vol, volume, warped","boundary, conformal, curvature, flat, gromov, manifolds, metric, ricci, riemannian, scalar, volume, yamabe","aspherical, bubbles, cat, conical, critical, dim, dv, einstein, enlargeable, geqslant, geroch, le, manifold, mathring, metrics, prescribed, rcd, ric, rigidity, sec","2c, aapects, annulus, cc, cheeger, closed, compact, conformally, deform, escobar, everywhere, extremality, flow, fully, ge, goes, haken, hh, hyperbolic, implies"
math,118,2000–2005,2020–2025,0.258787,0.741213,37,41,3,34,38,8.11,"homogenization, parabolic, better, compactness, converge, convergence, coordinates, cordes, differential, div, divergence, du, fact, films, functionals, homogenize, increases, justify, left, locally, mbox, notion, oscillating, oscillation, parametric, partial, periodic, questions, right, rightarrow, scales, space, theorem, time, times, value, weakly","homogenization, periodic, varepsilon, coefficients, homogenized, homogenisation, operator, scale, ahom, bf, big, coefficient, contrast, corrector, correctors, crystalline, dfrac, diffusion, downarrow, ebcs, elliptic, ellipticity, heterogeneities, homogeneity, interfacial, layer, layers, mathbf, medium, microscale, microscopic, multivalued, nabla, oscillating, plate, resolvent, stochastic, traction, unfolding, varepsilonu, varespilon","homogenization, oscillating, periodic","ahom, bf, big, coefficient, coefficients, contrast, corrector, correctors, crystalline, dfrac, diffusion, downarrow, ebcs, elliptic, ellipticity, heterogeneities, homogeneity, homogenisation, homogenized, interfacial","better, compactness, converge, convergence, coordinates, cordes, differential, div, divergence, du, fact, films, functionals, homogenize, increases, justify, left, locally, mbox, notion"
math,119,2000–2005,2020–2025,0.395442,0.604558,52,38,7,45,31,13.46,"lie, symmetries, dispersionless, equations, integrable, symmetry, 2o, abel, appell, backlund, bar, bc, bihamiltonian, burgers, classes, conditional, coverings, dbar, differential, dym, estabrook, formal, hierarchies, hierarchy, hirota, infinitesimal, inversion, inviscid, kdv, kp, krasilshchik, listed, loc, maple, mts, nichtlinearer, odes, pseudo, punktsymmetrien, quasiclassical, quasihomogeneous, research, rmander, routines, schodinger, singular, solvability, text, th, transformation, transformations, wahlquist","symmetries, symmetry, equations, lie, differential, equation, partial, 2a, algebra, approximate, classification, collision, daes, dispersionless, dodes, ep, ermakov, grassmann, kcl, kundu, lax, lifshitz, lions, lsn, lts, lund, mathcal, mkp, mukherjee, naskar, nizhnik, odes, poppe, pseudogroup, similarity, superdifferential, zcrs, zoomeron","differential, dispersionless, equations, lie, odes, symmetries, symmetry","2a, algebra, approximate, classification, collision, daes, dodes, ep, equation, ermakov, grassmann, kcl, kundu, lax, lifshitz, lions, lsn, lts, lund, mathcal","2o, abel, appell, backlund, bar, bc, bihamiltonian, burgers, classes, conditional, coverings, dbar, dym, estabrook, formal, hierarchies, hierarchy, hirota, infinitesimal, integrable"
math,120,2000–2005,2020–2025,0.085562,0.914438,20,32,1,19,31,5.0,"aa, antichain, binom, blocker, blockers, caps, chain, codimension, complete, disjoint, erdos, hirsch, hochberg, joins, lym, meshalkin, posets, predecessor, simpler, theorem","intersecting, mathcal, families, binom, cap, erd, family, frankl, ldots, leq, sets, tt, union, 2k, brack, butterfly, choose, cross, dots, geproci, gs, log, mathscr, petals, pg, rado, sat, setwise, size, sperner, subsetneq, sunflower",binom,"2k, brack, butterfly, cap, choose, cross, dots, erd, families, family, frankl, geproci, gs, intersecting, ldots, leq, log, mathcal, mathscr, petals","aa, antichain, blocker, blockers, caps, chain, codimension, complete, disjoint, erdos, hirsch, hochberg, joins, lym, meshalkin, posets, predecessor, simpler, theorem"
math,121,2000–2005,2020–2025,0.18269,0.81731,28,32,6,22,26,21.43,"coordination, delays, accent, adequation, agent, agents, average, capability, channels, communication, connectedness, consensus, distributed, dynamical, facility, laws, leaderless, moreau, multi, networked, nonsmooth, promise, relates, relaxing, repartitions, robotic, robots, systems","agent, agents, consensus, control, distributed, coverage, multi, communication, formation, algorithms, angle, barrier, co, detectability, dynamic, event, fragilities, fsas, leader, maze, median, mobile, observer, output, protocol, quadcopters, sensor, sensors, stabilizing, time, timed, triggered","agent, agents, communication, consensus, distributed, multi","algorithms, angle, barrier, co, control, coverage, detectability, dynamic, event, formation, fragilities, fsas, leader, maze, median, mobile, observer, output, protocol, quadcopters","accent, adequation, average, capability, channels, connectedness, coordination, delays, dynamical, facility, laws, leaderless, moreau, networked, nonsmooth, promise, relates, relaxing, repartitions, robotic"
math,122,2000–2005,2020–2025,0.119592,0.880408,49,40,5,44,35,10.2,"quadrature, although, approaching, approximant, approximations, assessment, autocorrection, birkhoff, described, development, document, dqis, effect, error, errors, exact, explains, exponential, fit, gauss, gaussian, higer, import, inferences, insufficiently, integrand, interpolants, interpolation, manifestly, manipulations, method, near, nodes, obtain, orthogonal, outputs, pade, part, polynomial, polynomials, rational, reliability, relying, resolved, shapes, sharpening, spline, univariate, weights","spline, splines, quadrature, subdivision, approximation, developable, interpolation, trigonometric, aaa, aaatrig, ai, approximating, beaudoin, box, cad, catmull, cs, curve, error, ezer, generalized, inspection, kosloff, multipole, multiscale, nodes, piecewise, polygonal, powell, quaternary, rom, rules, sabin, schemes, seno, smoothness, splinets, uv, xe, zier","error, interpolation, nodes, quadrature, spline","aaa, aaatrig, ai, approximating, approximation, beaudoin, box, cad, catmull, cs, curve, developable, ezer, generalized, inspection, kosloff, multipole, multiscale, piecewise, polygonal","although, approaching, approximant, approximations, assessment, autocorrection, birkhoff, described, development, document, dqis, effect, errors, exact, explains, exponential, fit, gauss, gaussian, higer"
math,123,2000–2005,2020–2025,0.152232,0.847768,19,43,7,12,36,36.84,"determinant, associative, barba, ehlich, endowed, entries, hadamard, lim, longrightarrow, mat, matrices, maximal, orders, parameterisation, permanent, rank, symmetrized, times, weight","matrices, matrix, hadamard, circulant, columns, entries, permanental, times, bimodular, checking, counterexample, determinant, determinants, dope, erd, eulerian, exponents, fd, ij, invertibility, ld, linearization, mesner, minors, multiarrangements, nullity, pencil, per, permanent, permanents, permutable, polynomials, polystochastic, rank, rows, sagemath, spectrahedra, spectrahedral, spectrahedron, supmodular, tt, vinnikov, wakefield","determinant, entries, hadamard, matrices, permanent, rank, times","bimodular, checking, circulant, columns, counterexample, determinants, dope, erd, eulerian, exponents, fd, ij, invertibility, ld, linearization, matrix, mesner, minors, multiarrangements, nullity","associative, barba, ehlich, endowed, lim, longrightarrow, mat, maximal, orders, parameterisation, symmetrized, weight"
math,124,2000–2005,2020–2025,0.129589,0.870411,9,38,1,8,37,11.11,"boussinesq, equations, for, global, is, proved, regularity, the, viscous","water, waves, boussinesq, gravity, wave, amplitude, solitary, solutions, vorticity, abcd, bar, bbm, bifurcation, capillary, depth, dispersion, electrohydrodynamics, elgindi, equation, gavrilyuk, hydrostatic, kakinuma, mathtt, overhanging, scriptscriptstyle, shallow, steady, stokes, stratified, surface, system, temperature, topography, ty, velocity, vibrations, wb, widetilde",boussinesq,"abcd, amplitude, bar, bbm, bifurcation, capillary, depth, dispersion, electrohydrodynamics, elgindi, equation, gavrilyuk, gravity, hydrostatic, kakinuma, mathtt, overhanging, scriptscriptstyle, shallow, solitary","equations, for, global, is, proved, regularity, the, viscous"
math,125,2000–2005,2020–2025,0.0,1.0,10,33,0,10,33,0.0,"arbitrary, configuration, configurations, conway, elementary, evolution, first, generation, life, pieces","opinion, agents, opinions, dynamics, social, consensus, model, cooperation, evolutionary, individuals, interactions, adoption, agent, collective, community, decision, degroot, dilemma, es, formation, game, hate, hegselmann, hk, influence, majority, misinformation, networks, options, prisoner, replicator, stubborn, unanimity",,"adoption, agent, agents, collective, community, consensus, cooperation, decision, degroot, dilemma, dynamics, es, evolutionary, formation, game, hate, hegselmann, hk, individuals, influence","arbitrary, configuration, configurations, conway, elementary, evolution, first, generation, life, pieces"
math,126,2000–2005,2020–2025,0.002847,0.997153,10,29,1,9,28,10.0,"burgers, direction, gas, hydrodynamics, magneto, pressureless, rotating, submitted, system, wedge","magnetohydrodynamics, mhd, magnetic, magnetohydrodynamic, solutions, compressible, incompressible, initial, global, hall, helicity, resistive, vacuum, 3d, boundary, dot, dynamo, electron, equations, hm, ideal, mathbf, splash, strong, system, tension, tl, tmhd, viscous",system,"3d, boundary, compressible, dot, dynamo, electron, equations, global, hall, helicity, hm, ideal, incompressible, initial, magnetic, magnetohydrodynamic, magnetohydrodynamics, mathbf, mhd, resistive","burgers, direction, gas, hydrodynamics, magneto, pressureless, rotating, submitted, wedge"
math,127,2000–2005,2020–2025,0.259485,0.740515,20,44,3,17,41,15.0,"autonomous, categories, categorification, category, cell, co, coherence, derivation, fragment, kelly, leibniz, mac, monoidal, net, outline, proof, responsible, translated, versa, vice","categories, category, syntax, univalent, monoidal, rewriting, theories, type, agda, apartness, categorical, comprehension, confluence, coq, cosemantics, costructure, cset, diagrams, distributive, effectful, equational, extensionality, gflean, homotopy, kleene, lambda, library, mathbf, mathscr, monad, monadicity, monads, optics, paranatural, reflexive, renaming, rensets, semantics, skew, tdd, theory, typed, types, univalence","categories, category, monoidal","agda, apartness, categorical, comprehension, confluence, coq, cosemantics, costructure, cset, diagrams, distributive, effectful, equational, extensionality, gflean, homotopy, kleene, lambda, library, mathbf","autonomous, categorification, cell, co, coherence, derivation, fragment, kelly, leibniz, mac, net, outline, proof, responsible, translated, versa, vice"
math,128,2000–2005,2020–2025,0.406397,0.593603,49,34,11,38,23,22.45,"class, genus, group, mapping, nielsen, out, torelli, 2g, abelian, above, actions, aspherical, braid, choices, closed, cofinite, corrected, correction, defining, disjoint, epimorphism, equal, equivalence, ergodically, error, exhibit, groups, handlebodies, handlebody, hom, homotopically, hyperelliptic, index, mod, multitwist, nonisotopic, note, orientation, pairwise, papers, poly, preserving, punctures, refer, representation, subgroup, surface, vfr, virtually","mapping, class, group, mod, groups, surface, actions, mathcal, mathrm, text, torelli, bullet, dehn, diff, fix, genus, geq, geqslant, handlebody, homology, hurwitz, involutions, johnson, liftable, maximal, metacyclic, orientable, separating, subgroup, supset, surfaces, te, twists, wwpd","actions, class, genus, group, groups, handlebody, mapping, mod, subgroup, surface, torelli","bullet, dehn, diff, fix, geq, geqslant, homology, hurwitz, involutions, johnson, liftable, mathcal, mathrm, maximal, metacyclic, orientable, separating, supset, surfaces, te","2g, abelian, above, aspherical, braid, choices, closed, cofinite, corrected, correction, defining, disjoint, epimorphism, equal, equivalence, ergodically, error, exhibit, handlebodies, hom"
math,129,2000–2005,2020–2025,0.130733,0.869267,20,38,4,16,34,20.0,"18th, allowed, brief, calculus, derivatives, development, differentiation, differintegration, formalism, fractional, greek, hoped, integrals, matrix, onwards, renaissance, rigourous, thinkers, variations, worked","fractional, caputo, leffler, mittag, calculus, differential, derivative, derivatives, integral, weierstrass, approximants, autonomous, cartwright, cfghf, cite, comment, condition, conditions, darbos, erdmann, hilfer, integration, integro, kipriyanov, legendre, mlp, necessary, noether, parts, phys, prabhakar, qq, reymond, scarpi, sequential, sonine, variations, weighted","calculus, derivatives, fractional, variations","approximants, autonomous, caputo, cartwright, cfghf, cite, comment, condition, conditions, darbos, derivative, differential, erdmann, hilfer, integral, integration, integro, kipriyanov, leffler, legendre","18th, allowed, brief, development, differentiation, differintegration, formalism, greek, hoped, integrals, matrix, onwards, renaissance, rigourous, thinkers, worked"
math,130,2000–2005,2020–2025,0.302682,0.697318,31,32,12,19,20,38.71,"module, modules, virasoro, indecomposable, lie, weight, 2n, affine, annihilation, annihilator, basic, ca, cal, cf, character, classical, formulae, hyperbolics, irreducible, km, maybe, quasifinite, rank, representations, simple, sp, sr, superalgebra, superalgebras, tilting, vir","mathfrak, modules, lie, superalgebras, mathcal, sl, superalgebra, verma, simple, virasoro, whittaker, 2n, affine, algebra, annihilator, blocks, comi, conformal, ggg, highest, jantzen, mathscr, module, nappi, osp, pe, periplectic, ramond, sfp, sp, weight, witten","2n, affine, annihilator, lie, module, modules, simple, sp, superalgebra, superalgebras, virasoro, weight","algebra, blocks, comi, conformal, ggg, highest, jantzen, mathcal, mathfrak, mathscr, nappi, osp, pe, periplectic, ramond, sfp, sl, verma, whittaker, witten","annihilation, basic, ca, cal, cf, character, classical, formulae, hyperbolics, indecomposable, irreducible, km, maybe, quasifinite, rank, representations, sr, tilting, vir"
math,131,2000–2005,2020–2025,0.256169,0.743831,49,34,8,41,26,16.33,"nahm, instantons, bundles, higgs, mills, monopoles, self, vortices, 8k, ansatz, anti, bogomol, bogomolny, chapter, codazzi, connection, duality, extensions, flat, flatness, found, gauge, gibbons, grassmann, growing, half, harmonic, hawking, hitchin, hooft, instanton, jackiw, mainardi, manifolds, metrics, nohl, nyi, omega, periodic, prasad, prepotential, rebbi, rho, sommerfield, spaces, su, theory, universal, yang","instantons, mills, yang, connections, hermitian, hler, witten, deformed, higgs, instanton, 2g, alf, bow, bullet, bundle, cp, gravitating, haydys, holomorphic, hym, manifolds, mathbb, mathscr, monopole, monopoles, nut, operatorname, rm, seiberg, solutions, sp, su, taub, times","higgs, instanton, instantons, manifolds, mills, monopoles, su, yang","2g, alf, bow, bullet, bundle, connections, cp, deformed, gravitating, haydys, hermitian, hler, holomorphic, hym, mathbb, mathscr, monopole, nut, operatorname, rm","8k, ansatz, anti, bogomol, bogomolny, bundles, chapter, codazzi, connection, duality, extensions, flat, flatness, found, gauge, gibbons, grassmann, growing, half, harmonic"
math,132,2000–2005,2020–2025,0.098995,0.901005,19,28,4,15,24,21.05,"heat, 2alpha, aim, alpha, approximate, controllability, cost, deals, dimension, estimate, leq, mm, omega, omegaomega, one, semilinear, stirred, transmutation, xomega","controllability, control, null, equation, observability, boundary, carleman, equations, parabolic, system, approximate, heat, wave, controllable, coupled, degenerate, fourth, fractional, hemivariational, horsin, impulsive, kdv, nash, navier, plate, semilinear, stochastic, times","approximate, controllability, heat, semilinear","boundary, carleman, control, controllable, coupled, degenerate, equation, equations, fourth, fractional, hemivariational, horsin, impulsive, kdv, nash, navier, null, observability, parabolic, plate","2alpha, aim, alpha, cost, deals, dimension, estimate, leq, mm, omega, omegaomega, one, stirred, transmutation, xomega"
math,133,2000–2005,2020–2025,0.446199,0.553801,51,47,9,42,38,17.65,"hamiltonian, lagrangian, variational, integrable, systems, affine, algebroids, bbr, bbs, bianchi, bicomplex, bracket, chaplygin, configurational, conformal, constrained, ddw, dedecker, described, dskp, dynamical, evolutionary, focus, gauge, graded, hamiltonizable, hamiltonization, integrability, intrinsic, inversive, jet, kp, lagrangians, leibniz, lepage, lp, mechanics, menelaus, natural, nondegeneracy, nonholonomic, nonholonomically, paneitz, partially, pde, poisson, schwarzian, statistical, symplectic, system, theories","hamiltonian, systems, contact, covariant, hamilton, integrable, lagrangian, nonholonomic, reduction, actuating, axisymmetric, bracket, bundle, carath, chaplygin, darboux, degenerate, dirac, dynamics, eden, forces, gyroscopic, gyrostat, haantjes, hamel, heavy, hess, left, lepage, lie, magnetic, mechanics, miura, motion, multisymplectic, odory, quadratures, reduced, right, singularities, spray, sprays, sretensky, stages, staring, symmetries, zhukovsky","bracket, chaplygin, hamiltonian, integrable, lagrangian, lepage, mechanics, nonholonomic, systems","actuating, axisymmetric, bundle, carath, contact, covariant, darboux, degenerate, dirac, dynamics, eden, forces, gyroscopic, gyrostat, haantjes, hamel, hamilton, heavy, hess, left","affine, algebroids, bbr, bbs, bianchi, bicomplex, configurational, conformal, constrained, ddw, dedecker, described, dskp, dynamical, evolutionary, focus, gauge, graded, hamiltonizable, hamiltonization"
math,134,2000–2005,2020–2025,0.044891,0.955109,10,37,2,8,35,20.0,"convolution, evaluations, integro, log, multiplications, oblivious, quadrature, sectorial, subdiffusion, transparent","fractional, numerical, method, order, scheme, subdiffusion, time, caputo, derivative, difference, 1h, accuracy, conformable, corrector, derivatives, equations, gr, hilfer, initial, kober, l1, l2, laplacian, lyi, nicefrac, nwald, nwall, predictor, proposed, quadrature, sg, sgps, squares, tempered, ufde, variable, volterra","quadrature, subdiffusion","1h, accuracy, caputo, conformable, corrector, derivative, derivatives, difference, equations, fractional, gr, hilfer, initial, kober, l1, l2, laplacian, lyi, method, nicefrac","convolution, evaluations, integro, log, multiplications, oblivious, sectorial, transparent"
math,136,2000–2005,2020–2025,0.14709,0.85291,43,28,8,35,20,18.6,"tqft, categories, gauge, quantum, tqfts, accessible, breaking, casson, cobordisms, confinement, dimensions, donaldson, electric, field, formal, gravity, hler, hopf, hyperk, integers, integrality, lgt, manifold, modular, modules, murakami, mwthod, ohtsuki, pretty, rozansky, segal, sigma, somewhat, suggested, symmetry, theories, theory, thing, tillmann, topological, topologification, witten, zeta","symmetry, topological, tqfts, defects, fusion, tqft, invertible, symmetries, theories, anomalies, gapped, gauge, phases, spin, alterfold, anomaly, anyonic, anyons, categorical, categories, category, gut, peps, quantum, semisimple, su, times, turaev","categories, gauge, quantum, symmetry, theories, topological, tqft, tqfts","alterfold, anomalies, anomaly, anyonic, anyons, categorical, category, defects, fusion, gapped, gut, invertible, peps, phases, semisimple, spin, su, symmetries, times, turaev","accessible, breaking, casson, cobordisms, confinement, dimensions, donaldson, electric, field, formal, gravity, hler, hopf, hyperk, integers, integrality, lgt, manifold, modular, modules"
math,137,2000–2005,2020–2025,0.136197,0.863803,51,40,7,44,33,13.73,"cyclic, algebras, crossed, hh, hochschild, homology, hopf, module, algebroid, auslander, bbb, bivariant, bondal, categorie, cibils, classification, coalgebras, cocylindrical, codifferentials, comodule, cong, convention, cr, de, deformations, dg, dimensional, excision, gr, hochshild, infinity, lunts, mathcal, miniversal, modular, moore, necker, operations, parities, pmatrix, reversion, smallsetminus, steenrod, stenrood, structures, symbols, taft, theoritic, tsygan, universel, usual","hochschild, algebra, cohomology, homology, associative, ast, conformal, graded, infty, mathcal, mathrm, operations, 2p, aa, alg, algebras, bordism, braided, commutative, cyclic, derivations, dga, dgas, hom, homotopy, hopf, inftya, lashof, massey, mathscr, nijenhuis, pl, plethory, prim, propagators, rm, rumin, tambara, transfer, verlinde","algebras, cyclic, hochschild, homology, hopf, mathcal, operations","2p, aa, alg, algebra, associative, ast, bordism, braided, cohomology, commutative, conformal, derivations, dga, dgas, graded, hom, homotopy, infty, inftya, lashof","algebroid, auslander, bbb, bivariant, bondal, categorie, cibils, classification, coalgebras, cocylindrical, codifferentials, comodule, cong, convention, cr, crossed, de, deformations, dg, dimensional"
math,138,2000–2005,2020–2025,0.498751,0.501249,41,40,8,33,32,19.51,"noncommutative, quantum, algebra, covariant, differential, calculi, podles, superplane, algebras, bundles, calculus, coalgebra, conformal, connections, cross, deformation, deformed, drinfeld, equatorial, flag, geometries, geometry, hopf, infinitesimal, lie, minkowskian, obstructions, osp, outline, podle, preconnection, qr, quantized, space, spacetime, spheres, superspaces, triples, twisted, twists, unitarity","noncommutative, quantum, calculi, bimodule, civita, connection, connections, geometry, mathrm, spectral, triple, alpha, bbb, bundle, bundles, cal, connes, covariant, curvature, dirac, durdevic, gauge, graded, heckenberger, holonomy, jordan, kolb, levi, minkowski, morgan, moscovici, observers, principal, riemannian, su, twisted, varrho, vert1, wheelgebras, wheelspaces","bundles, calculi, connections, covariant, geometry, noncommutative, quantum, twisted","alpha, bbb, bimodule, bundle, cal, civita, connection, connes, curvature, dirac, durdevic, gauge, graded, heckenberger, holonomy, jordan, kolb, levi, mathrm, minkowski","algebra, algebras, calculus, coalgebra, conformal, cross, deformation, deformed, differential, drinfeld, equatorial, flag, geometries, hopf, infinitesimal, lie, minkowskian, obstructions, osp, outline"
math,139,2000–2005,2020–2025,0.203703,0.796297,48,40,9,39,31,18.75,"macdonald, symmetric, affine, associated, berele, boson, cialisation, commutative, cpx, db, determinant, determinantal, dunkl, evaluations, families, fermion, fomin, fonctions, formulae, foulkes, functions, green, groups, hall, hat, jack, kostka, krawtchouk, littlewood, monomiales, n2, opdam, pictorial, pieri, polynomials, pour, presentation, reflection, ribbon, root, schur, sp, stanley, thibon, treatmnet, triques, types, weights","schur, macdonald, functions, polynomials, kostka, littlewood, mathscr, symmetric, tableaux, abacus, alcove, bases, bisymmetric, creation, ell, hall, histories, immaculate, lecture, left, mathsf, mid, ncsym, ninth, nonsymmetric, pieri, quasisymmetric, richardson, right, rosas, row, rule, skew, spit, ssv, super, sur, weyl, whittaker, young","functions, hall, kostka, littlewood, macdonald, pieri, polynomials, schur, symmetric","abacus, alcove, bases, bisymmetric, creation, ell, histories, immaculate, lecture, left, mathscr, mathsf, mid, ncsym, ninth, nonsymmetric, quasisymmetric, richardson, right, rosas","affine, associated, berele, boson, cialisation, commutative, cpx, db, determinant, determinantal, dunkl, evaluations, families, fermion, fomin, fonctions, formulae, foulkes, green, groups"
math,140,2000–2005,2020–2025,0.008339,0.991661,20,35,2,18,33,10.0,"catered, constant, droplet, energy, evaporation, evolution, gradients, levelling, levels, liapunov, lubrication, periodic, redevelop, state, states, steady, surfactants, tension, thin, viscous","cahn, hilliard, phase, mobility, equation, interface, diffusion, model, thin, weak, allen, big, bilayer, boundary, coarsening, conserved, degenerate, film, fluid, homogenization, interfacial, limit, mobilities, nonlocal, pearling, posedness, potential, separation, sixth, slip, solution, stokes, tfche, varphi, viscous","thin, viscous","allen, big, bilayer, boundary, cahn, coarsening, conserved, degenerate, diffusion, equation, film, fluid, hilliard, homogenization, interface, interfacial, limit, mobilities, mobility, model","catered, constant, droplet, energy, evaporation, evolution, gradients, levelling, levels, liapunov, lubrication, periodic, redevelop, state, states, steady, surfactants, tension"
math,141,2000–2005,2020–2025,0.475905,0.524095,48,44,10,38,34,20.83,"index, dirac, elliptic, eta, operator, operators, pseudodifferential, 0m, atiyah, boundary, chou, cobordism, cocycle, conical, corners, cusp, defects, determinant, family, fibered, formula, frac, gerbe, gr, groupoid, hat, hermitean, holonomy, indeces, indices, invariance, invertible, kostant, lblb, lefschetz, manifolds, neumann, parity, psm, pss, semifinite, singer, spectral, spinors, spinspin, szd, ungraded, von","dirac, index, eta, operators, callias, equivariant, kalau, patodi, aa, assembly, atiyah, backslash, characteristic, compact, cong, connes, curvature, dabrowski, dinger, fibre, formula, invariants, kastler, left, ltlt, manifolds, noncommutative, operator, operatorname, orbital, proper, rescaled, right, scalar, schr, secondary, signature, singer, sitarz, somewhere, spectral, torsion, walze, zalecki","atiyah, dirac, eta, formula, index, manifolds, operator, operators, singer, spectral","aa, assembly, backslash, callias, characteristic, compact, cong, connes, curvature, dabrowski, dinger, equivariant, fibre, invariants, kalau, kastler, left, ltlt, noncommutative, operatorname","0m, boundary, chou, cobordism, cocycle, conical, corners, cusp, defects, determinant, elliptic, family, fibered, frac, gerbe, gr, groupoid, hat, hermitean, holonomy"
math,142,2000–2005,2020–2025,0.400784,0.599216,50,46,8,42,38,16.0,"motivic, motives, grothendieck, integration, motive, adic, algebraic, anderson, arcs, arithmetic, batyrev, biextensions, birational, category, cc, char, chow, conjecture, correspondence, de, depend, distinguished, evenly, geometrical, hodge, integrals, kapranov, localized, mckay, monodromy, monoidal, objects, oddly, ov, parametrized, pseudo, quotient, rationality, rham, survey, tannakian, torsor, triangles, understand, uniformizability, varieties, vcd, versions, witt, zeta","motives, motivic, eff, gm, motive, tannakian, varieties, aisles, artin, basepoints, bispectra, category, ch, chow, cor, filtration, filtrations, fr, framed, gr, hodge, hom, ht, jacques, mathbf, mathrm, mdm, morava, nis, nneth, nori, perverse, pink, prime, rost, sh, sheaves, sm, solidm, supset, tate, tits, torsion, triangulated, tt, voevodsky","category, chow, hodge, motive, motives, motivic, tannakian, varieties","aisles, artin, basepoints, bispectra, ch, cor, eff, filtration, filtrations, fr, framed, gm, gr, hom, ht, jacques, mathbf, mathrm, mdm, morava","adic, algebraic, anderson, arcs, arithmetic, batyrev, biextensions, birational, cc, char, conjecture, correspondence, de, depend, distinguished, evenly, geometrical, grothendieck, integrals, integration"
math,143,2000–2005,2020–2025,0.420805,0.579195,28,38,5,23,33,17.86,"hamilton, jacobi, analogously, automatically, autonomous, bolza, circle, convex, discontinuous, discontinuously, ds, gradient, hamiltonian, inequalities, inf, lagrangian, minimizers, multi, period, periodic, periodical, poisson, potential, semicontinuous, solutions, systems, value, viscosity","hamilton, jacobi, equations, viscosity, discount, aligned, homogenization, solutions, vanishing, bellman, bigg, circ, conservation, convergence, dependent, du, eps, eq, eqref, equation, fenchel, flux, geqslant0, hamiltonian, hfill, junction, kam, mather, monotone, oleinik, partial, path, percolation, scl, semiconcavity, solution, varepsilon, viscous","hamilton, hamiltonian, jacobi, solutions, viscosity","aligned, bellman, bigg, circ, conservation, convergence, dependent, discount, du, eps, eq, eqref, equation, equations, fenchel, flux, geqslant0, hfill, homogenization, junction","analogously, automatically, autonomous, bolza, circle, convex, discontinuous, discontinuously, ds, gradient, inequalities, inf, lagrangian, minimizers, multi, period, periodic, periodical, poisson, potential"
math,144,2000–2005,2020–2025,0.284764,0.715236,44,47,14,30,33,31.82,"baxter, bethe, dynamical, gaudin, yang, ansatz, irf, matrices, xxz, algebra, auxiliary, cdybe, chain, chains, coboundary, elliptic, equation, fermion, frakg, frakh, frakm, gl, hbox, hofstadter, integrable, miura, multidegrees, opers, osp, qtm, quantization, quantum, rr, six, sl, sov, spin, subset, superalgebra, supersymmetry, symmetry, tba, twisted, yangians","mathfrak, gaudin, gl, baxter, bethe, hamiltonians, integrable, rr, spin, ansatz, baxterization, characters, deformed, dynamical, folded, graphical, haldane, hat, hypergeometric, integrability, iqft, kzb, matrices, matrix, monodromy, operators, opers, parametrising, parity, qq, qqqq, quantum, relations, ruijsenaars, screening, shastry, sl, spinor, super, supersymmetric, tq, trigonometric, universal, virasoro, widehat, yang, zotov","ansatz, baxter, bethe, dynamical, gaudin, gl, integrable, matrices, opers, quantum, rr, sl, spin, yang","baxterization, characters, deformed, folded, graphical, haldane, hamiltonians, hat, hypergeometric, integrability, iqft, kzb, mathfrak, matrix, monodromy, operators, parametrising, parity, qq, qqqq","algebra, auxiliary, cdybe, chain, chains, coboundary, elliptic, equation, fermion, frakg, frakh, frakm, hbox, hofstadter, irf, miura, multidegrees, osp, qtm, quantization"
math,145,2000–2005,2020–2025,0.487907,0.512093,49,40,11,38,29,22.45,"foliation, leaf, leaves, foliations, riemannian, transversal, bound, branching, castelnuovo, codim, codimension, compact, contributes, correspondent, covered, elementary, extent, foliated, gives, godbillon, holomorphic, holomorphically, ilyashenko, laminations, leafwise, maximally, metric, necessarily, nontransversality, plane, plessis, projective, purpose, real, removability, sided, singularities, sort, submanifold, symetries, tautness, tcb, tjurina, torus, uniformization, universal, vey, what, whether","foliation, foliations, leaves, mathcal, foliated, projective, singular, 2mm, biholomorphisms, collapsed, compact, cp, fa, fix, hler, holomorphic, homeotopy, hspace, iso, killing, leaf, leg, ller, manifold, mathbb, mathrm, plane, polar, riemannian, rp, setminus, sphere, strips, su, tautness, teichm, text, thurston, transversely, wh","compact, foliated, foliation, foliations, holomorphic, leaf, leaves, plane, projective, riemannian, tautness","2mm, biholomorphisms, collapsed, cp, fa, fix, hler, homeotopy, hspace, iso, killing, leg, ller, manifold, mathbb, mathcal, mathrm, polar, rp, setminus","bound, branching, castelnuovo, codim, codimension, contributes, correspondent, covered, elementary, extent, gives, godbillon, holomorphically, ilyashenko, laminations, leafwise, maximally, metric, necessarily, nontransversality"
math,146,2000–2005,2020–2025,0.296166,0.703834,51,49,7,44,42,13.73,"painlev, painleve, riccati, schlesinger, 2ab, ba, balpha, blambda, bt, calogero, circle, cp, cr, difference, dubrovin, equations, frac, garnier, golubchik, heun, hierarchy, hypergeometric, i0, iii, inaba, inozemtsev, interrelations, isomonodromy, jimbo, kp, mazzocco, odes, okamoto, pairs, patterns, pencils, pm, prime, pvi, red, rh, sixth, sts, surafces, system, tilde, transcendent, transformations, triples, vi, ys","painlev, isomonodromic, accessory, equations, isomonodromy, movable, 2a, 6y, bureau, calogero, confluent, d7, dche, deformations, determinant, dotsenko, dp1, fateev, fredholm, freud, fuchsian, heiles, heun, integrable, isoharmonic, isospectral, isostokes, jimbo, mock, modified, multiple, nagloo, notices, poles, prelle, pvi, qq, radial, sakai, sle, solutions, sqrt, supertypes, systems, transcendental, tronqu, umemura, varepsilon, viewpoints","calogero, equations, heun, isomonodromy, jimbo, painlev, pvi","2a, 6y, accessory, bureau, confluent, d7, dche, deformations, determinant, dotsenko, dp1, fateev, fredholm, freud, fuchsian, heiles, integrable, isoharmonic, isomonodromic, isospectral","2ab, ba, balpha, blambda, bt, circle, cp, cr, difference, dubrovin, frac, garnier, golubchik, hierarchy, hypergeometric, i0, iii, inaba, inozemtsev, interrelations"
math,148,2000–2005,2020–2025,0.553567,0.446433,43,43,8,35,35,18.6,"automata, automaton, cellular, lca, mu, shift, abelian, applies, ca, cesaro, commutes, converges, counter, diffusive, east, equicontinuity, finite, haar, hm, homogenous, increases, languages, measure, measures, minorities, multiple, nonstationary, north, on, qs, quasisturmian, relations, rule, study, suppress, theory, thickness, tilings, toom, towards, values, word, zeta","automata, automaton, cellular, word, alphabet, 19n, accepted, acceptors, algebraic, automaticity, ca, circlearrowright, dfas, diam, equicontinuity, expandability, expandable, filtrations, finiteness, gca, hat, language, lef, letter, mealy, memory, mly, orbit, patterns, peierls, pspace, rca, regular, reset, reversible, rule, seed, semigroups, synchronizing, times, toom, unambiguous, vert","automata, automaton, ca, cellular, equicontinuity, rule, toom, word","19n, accepted, acceptors, algebraic, alphabet, automaticity, circlearrowright, dfas, diam, expandability, expandable, filtrations, finiteness, gca, hat, language, lef, letter, mealy, memory","abelian, applies, cesaro, commutes, converges, counter, diffusive, east, finite, haar, hm, homogenous, increases, languages, lca, measure, measures, minorities, mu, multiple"
math,149,2000–2005,2020–2025,0.503531,0.496469,33,32,11,22,21,33.33,"strichartz, dinger, dispersive, estimates, schr, trapping, assumed, bahouri, cwi, dependent, effect, fbi, frac, full, ikawa, interestion, journe, laplacian, magnetic, necessity, obstacles, parametrix, plain, potentials, rollnik, rough, schroedinger, smoothing, soffer, tataru, three, time, trapped","dinger, schr, strichartz, estimates, dispersive, equation, estimate, ith, potentials, smoothing, wave, ac, anisotropic, assumptions, d2, decaying, degenerate, effect, frac, frac54, fractality, gabor, grushin, operator, quasimode, radially, revivals, sharpened, shilov, tataru, time, wavefront","dinger, dispersive, effect, estimates, frac, potentials, schr, smoothing, strichartz, tataru, time","ac, anisotropic, assumptions, d2, decaying, degenerate, equation, estimate, frac54, fractality, gabor, grushin, ith, operator, quasimode, radially, revivals, sharpened, shilov, wave","assumed, bahouri, cwi, dependent, fbi, full, ikawa, interestion, journe, laplacian, magnetic, necessity, obstacles, parametrix, plain, rollnik, rough, schroedinger, soffer, three"
