subject,topic_id,baseline_year,year,years_elapsed,cosine_sim_to_baseline,drift_from_baseline
math,0,2000,2000,0,0.651322,0.348678
math,0,2000,2001,1,0.0,1.0
math,0,2000,2002,2,0.032069,0.967931
math,0,2000,2003,3,0.153833,0.846167
math,0,2000,2004,4,0.153833,0.846167
math,0,2000,2005,5,0.153833,0.846167
math,0,2000,2006,6,0.153833,0.846167
math,0,2000,2007,7,0.176061,0.823939
math,0,2000,2008,8,0.153833,0.846167
math,0,2000,2009,9,0.153833,0.846167
math,0,2000,2010,10,0.185902,0.814098
math,0,2000,2011,11,0.153833,0.846167
math,0,2000,2012,12,0.153833,0.846167
math,0,2000,2013,13,0.153833,0.846167
math,0,2000,2014,14,0.153833,0.846167
math,0,2000,2015,15,0.153833,0.846167
math,0,2000,2016,16,0.168469,0.831531
math,0,2000,2017,17,0.16249,0.83751
math,0,2000,2018,18,0.153833,0.846167
math,0,2000,2019,19,0.153833,0.846167
math,0,2000,2020,20,0.153833,0.846167
math,0,2000,2021,21,0.153833,0.846167
math,0,2000,2022,22,0.153833,0.846167
math,0,2000,2023,23,0.153833,0.846167
math,0,2000,2024,24,0.153833,0.846167
math,0,2000,2025,25,0.157707,0.842293
math,1,2000,2000,0,0.651322,0.348678
math,1,2000,2001,1,0.0,1.0
math,1,2000,2002,2,0.032069,0.967931
math,1,2000,2003,3,0.0,1.0
math,1,2000,2004,4,0.032069,0.967931
math,1,2000,2005,5,0.032069,0.967931
math,1,2000,2006,6,0.032069,0.967931
math,1,2000,2007,7,0.032069,0.967931
math,1,2000,2008,8,0.032069,0.967931
math,1,2000,2009,9,0.032069,0.967931
math,1,2000,2010,10,0.032069,0.967931
math,1,2000,2011,11,0.032069,0.967931
math,1,2000,2012,12,0.040727,0.959273
math,1,2000,2013,13,0.032069,0.967931
math,1,2000,2014,14,0.035944,0.964056
math,1,2000,2015,15,0.032069,0.967931
math,1,2000,2016,16,0.032069,0.967931
math,1,2000,2017,17,0.032069,0.967931
math,1,2000,2018,18,0.032069,0.967931
math,1,2000,2019,19,0.032069,0.967931
math,1,2000,2020,20,0.032069,0.967931
math,1,2000,2021,21,0.032069,0.967931
math,1,2000,2022,22,0.040727,0.959273
math,1,2000,2023,23,0.032069,0.967931
math,1,2000,2024,24,0.035944,0.964056
math,1,2000,2025,25,0.035944,0.964056
math,2,2001,2001,0,0.651322,0.348678
math,2,2001,2002,1,0.0,1.0
math,2,2001,2003,2,0.063416,0.936584
math,2,2001,2004,3,0.0,1.0
math,2,2001,2005,4,0.0,1.0
math,2,2001,2006,5,0.0,1.0
math,2,2001,2007,6,0.0,1.0
math,2,2001,2008,7,0.0,1.0
math,2,2001,2009,8,0.0,1.0
math,2,2001,2010,9,0.0,1.0
math,2,2001,2011,10,0.0,1.0
math,2,2001,2012,11,0.0,1.0
math,2,2001,2013,12,0.0,1.0
math,2,2001,2014,13,0.0,1.0
math,2,2001,2015,14,0.0,1.0
math,2,2001,2016,15,0.0,1.0
math,2,2001,2017,16,0.0,1.0
math,2,2001,2018,17,0.0,1.0
math,2,2001,2019,18,0.0,1.0
math,2,2001,2020,19,0.0,1.0
math,2,2001,2021,20,0.0,1.0
math,2,2001,2022,21,0.0,1.0
math,2,2001,2023,22,0.0,1.0
math,2,2001,2024,23,0.0,1.0
math,2,2001,2025,24,0.0,1.0
math,3,2000,2000,0,0.651322,0.348678
math,3,2000,2001,1,0.153833,0.846167
math,3,2000,2002,2,0.307759,0.692241
math,3,2000,2003,3,0.226,0.774
math,3,2000,2004,4,0.262249,0.737751
math,3,2000,2005,5,0.222126,0.777874
math,3,2000,2006,6,0.280608,0.719392
math,3,2000,2007,7,0.321061,0.678939
math,3,2000,2008,8,0.198833,0.801167
math,3,2000,2009,9,0.317343,0.682657
math,3,2000,2010,10,0.284477,0.715523
math,3,2000,2011,11,0.313469,0.686531
math,3,2000,2012,12,0.202707,0.797293
math,3,2000,2013,13,0.313469,0.686531
math,3,2000,2014,14,0.198833,0.801167
math,3,2000,2015,15,0.324935,0.675065
math,3,2000,2016,16,0.330902,0.669098
math,3,2000,2017,17,0.313469,0.686531
math,3,2000,2018,18,0.202707,0.797293
math,3,2000,2019,19,0.326,0.674
math,3,2000,2020,20,0.198833,0.801167
math,3,2000,2021,21,0.334776,0.665224
math,3,2000,2022,22,0.235697,0.764303
math,3,2000,2023,23,0.221061,0.778939
math,3,2000,2024,24,0.357924,0.642076
math,3,2000,2025,25,0.328105,0.671895
math,4,2000,2000,0,0.651322,0.348678
math,4,2000,2001,1,0.045191,0.954809
math,4,2000,2002,2,0.23449,0.76551
math,4,2000,2003,3,0.144074,0.855926
math,4,2000,2004,4,0.225833,0.774167
math,4,2000,2005,5,0.257902,0.742098
math,4,2000,2006,6,0.240469,0.759531
math,4,2000,2007,7,0.257902,0.742098
math,4,2000,2008,8,0.257902,0.742098
math,4,2000,2009,9,0.257902,0.742098
math,4,2000,2010,10,0.257902,0.742098
math,4,2000,2011,11,0.257902,0.742098
math,4,2000,2012,12,0.257902,0.742098
math,4,2000,2013,13,0.248061,0.751939
math,4,2000,2014,14,0.257902,0.742098
math,4,2000,2015,15,0.257902,0.742098
math,4,2000,2016,16,0.257902,0.742098
math,4,2000,2017,17,0.257902,0.742098
math,4,2000,2018,18,0.257902,0.742098
math,4,2000,2019,19,0.257902,0.742098
math,4,2000,2020,20,0.257902,0.742098
math,4,2000,2021,21,0.261776,0.738224
math,4,2000,2022,22,0.257902,0.742098
math,4,2000,2023,23,0.257902,0.742098
math,4,2000,2024,24,0.257902,0.742098
math,4,2000,2025,25,0.257902,0.742098
math,5,2000,2000,0,0.651322,0.348678
math,5,2000,2001,1,0.140677,0.859323
math,5,2000,2002,2,0.054297,0.945703
math,5,2000,2003,3,0.01851,0.98149
math,5,2000,2004,4,0.032069,0.967931
math,5,2000,2005,5,0.185902,0.814098
math,5,2000,2006,6,0.054297,0.945703
math,5,2000,2007,7,0.135416,0.864584
math,5,2000,2008,8,0.154555,0.845445
math,5,2000,2009,9,0.167486,0.832514
math,5,2000,2010,10,0.046705,0.953295
math,5,2000,2011,11,0.153371,0.846629
math,5,2000,2012,12,0.182122,0.817878
math,5,2000,2013,13,0.230902,0.769098
math,5,2000,2014,14,0.182122,0.817878
math,5,2000,2015,15,0.167486,0.832514
math,5,2000,2016,16,0.167486,0.832514
math,5,2000,2017,17,0.167486,0.832514
math,5,2000,2018,18,0.167486,0.832514
math,5,2000,2019,19,0.167486,0.832514
math,5,2000,2020,20,0.199555,0.800445
math,5,2000,2021,21,0.167486,0.832514
math,5,2000,2022,22,0.167486,0.832514
math,5,2000,2023,23,0.167486,0.832514
math,5,2000,2024,24,0.189714,0.810286
math,5,2000,2025,25,0.167486,0.832514
math,6,2000,2000,0,0.651322,0.348678
math,6,2000,2001,1,0.403094,0.596906
math,6,2000,2002,2,0.298833,0.701167
math,6,2000,2003,3,0.225833,0.774167
math,6,2000,2004,4,0.325833,0.674167
math,6,2000,2005,5,0.325833,0.674167
math,6,2000,2006,6,0.325833,0.674167
math,6,2000,2007,7,0.325833,0.674167
math,6,2000,2008,8,0.371024,0.628976
math,6,2000,2009,9,0.356718,0.643282
math,6,2000,2010,10,0.325833,0.674167
math,6,2000,2011,11,0.348061,0.651939
math,6,2000,2012,12,0.325833,0.674167
math,6,2000,2013,13,0.23449,0.76551
math,6,2000,2014,14,0.33449,0.66551
math,6,2000,2015,15,0.225833,0.774167
math,6,2000,2016,16,0.366559,0.633441
math,6,2000,2017,17,0.18949,0.81051
math,6,2000,2018,18,0.325833,0.674167
math,6,2000,2019,19,0.371024,0.628976
math,6,2000,2020,20,0.325833,0.674167
math,6,2000,2021,21,0.325833,0.674167
math,6,2000,2022,22,0.325833,0.674167
math,6,2000,2023,23,0.325833,0.674167
math,6,2000,2024,24,0.325833,0.674167
math,6,2000,2025,25,0.33449,0.66551
math,7,2000,2000,0,0.651322,0.348678
math,7,2000,2001,1,0.135416,0.864584
math,7,2000,2002,2,0.198833,0.801167
math,7,2000,2003,3,0.198833,0.801167
math,7,2000,2004,4,0.032069,0.967931
math,7,2000,2005,5,0.067419,0.932581
math,7,2000,2006,6,0.321061,0.678939
math,7,2000,2007,7,0.104143,0.895857
math,7,2000,2008,8,0.078052,0.921948
math,7,2000,2009,9,0.167486,0.832514
math,7,2000,2010,10,0.298833,0.701167
math,7,2000,2011,11,0.221061,0.778939
math,7,2000,2012,12,0.130836,0.869164
math,7,2000,2013,13,0.321061,0.678939
math,7,2000,2014,14,0.221061,0.778939
math,7,2000,2015,15,0.112482,0.887518
math,7,2000,2016,16,0.149061,0.850939
math,7,2000,2017,17,0.089647,0.910353
math,7,2000,2018,18,0.189714,0.810286
math,7,2000,2019,19,0.149061,0.850939
math,7,2000,2020,20,0.108608,0.891392
math,7,2000,2021,21,0.221061,0.778939
math,7,2000,2022,22,0.153833,0.846167
math,7,2000,2023,23,0.117714,0.882286
math,7,2000,2024,24,0.153833,0.846167
math,7,2000,2025,25,0.176061,0.823939
math,8,2001,2001,0,0.651322,0.348678
math,8,2001,2003,2,0.0,1.0
math,8,2001,2004,3,0.0,1.0
math,8,2001,2005,4,0.0,1.0
math,8,2001,2006,5,0.0,1.0
math,8,2001,2007,6,0.0,1.0
math,8,2001,2008,7,0.0,1.0
math,8,2001,2009,8,0.0,1.0
math,8,2001,2010,9,0.0,1.0
math,8,2001,2011,10,0.0,1.0
math,8,2001,2012,11,0.0,1.0
math,8,2001,2013,12,0.0,1.0
math,8,2001,2014,13,0.0,1.0
math,8,2001,2015,14,0.0,1.0
math,8,2001,2016,15,0.0,1.0
math,8,2001,2017,16,0.0,1.0
math,8,2001,2018,17,0.0,1.0
math,8,2001,2019,18,0.0,1.0
math,8,2001,2020,19,0.0,1.0
math,8,2001,2021,20,0.0,1.0
math,8,2001,2022,21,0.0,1.0
math,8,2001,2023,22,0.0,1.0
math,8,2001,2024,23,0.0,1.0
math,8,2001,2025,24,0.0,1.0
math,9,2000,2000,0,0.651322,0.348678
math,9,2000,2001,1,0.0,1.0
math,9,2000,2002,2,0.085644,0.914356
math,9,2000,2003,3,0.0,1.0
math,9,2000,2004,4,0.022228,0.977772
math,9,2000,2005,5,0.054297,0.945703
math,9,2000,2006,6,0.022228,0.977772
math,9,2000,2007,7,0.022228,0.977772
math,9,2000,2008,8,0.054297,0.945703
math,9,2000,2009,9,0.022228,0.977772
math,9,2000,2010,10,0.036864,0.963136
math,9,2000,2011,11,0.022228,0.977772
math,9,2000,2012,12,0.054297,0.945703
math,9,2000,2013,13,0.0,1.0
math,9,2000,2014,14,0.01851,0.98149
math,9,2000,2015,15,0.054297,0.945703
math,9,2000,2016,16,0.036864,0.963136
math,9,2000,2017,17,0.036864,0.963136
math,9,2000,2018,18,0.026102,0.973898
math,9,2000,2019,19,0.014636,0.985364
math,9,2000,2020,20,0.036864,0.963136
math,9,2000,2021,21,0.030885,0.969115
math,9,2000,2022,22,0.036864,0.963136
math,9,2000,2023,23,0.068933,0.931067
math,9,2000,2024,24,0.036864,0.963136
math,9,2000,2025,25,0.036864,0.963136
math,10,2000,2000,0,0.651322,0.348678
math,10,2000,2001,1,0.313469,0.686531
math,10,2000,2002,2,0.0,1.0
math,10,2000,2003,3,0.040738,0.959262
math,10,2000,2004,4,0.0,1.0
math,10,2000,2005,5,0.0,1.0
math,10,2000,2006,6,0.008657,0.991343
math,10,2000,2007,7,0.026102,0.973898
math,10,2000,2008,8,0.022228,0.977772
math,10,2000,2009,9,0.067419,0.932581
math,10,2000,2010,10,0.157644,0.842356
math,10,2000,2011,11,0.014636,0.985364
math,10,2000,2012,12,0.022228,0.977772
math,10,2000,2013,13,0.044456,0.955544
math,10,2000,2014,14,0.022228,0.977772
math,10,2000,2015,15,0.085644,0.914356
math,10,2000,2016,16,0.067419,0.932581
math,10,2000,2017,17,0.085644,0.914356
math,10,2000,2018,18,0.067419,0.932581
math,10,2000,2019,19,0.085644,0.914356
math,10,2000,2020,20,0.026102,0.973898
math,10,2000,2021,21,0.044456,0.955544
math,10,2000,2022,22,0.044456,0.955544
math,10,2000,2023,23,0.112644,0.887356
math,10,2000,2024,24,0.067419,0.932581
math,10,2000,2025,25,0.085644,0.914356
math,11,2000,2000,0,0.651322,0.348678
math,11,2000,2001,1,0.145779,0.854221
math,11,2000,2002,2,0.103363,0.896637
math,11,2000,2003,3,0.289265,0.710735
math,11,2000,2004,4,0.102948,0.897052
math,11,2000,2005,5,0.123244,0.876756
math,11,2000,2006,6,0.150244,0.849756
math,11,2000,2007,7,0.117714,0.882286
math,11,2000,2008,8,0.221252,0.778748
math,11,2000,2009,9,0.266252,0.733748
math,11,2000,2010,10,0.38566,0.61434
math,11,2000,2011,11,0.225289,0.774711
math,11,2000,2012,12,0.203027,0.796973
math,11,2000,2013,13,0.135937,0.864063
math,11,2000,2014,14,0.14468,0.85532
math,11,2000,2015,15,0.179935,0.820065
math,11,2000,2016,16,0.374898,0.625102
math,11,2000,2017,17,0.38013,0.61987
math,11,2000,2018,18,0.127247,0.872753
math,11,2000,2019,19,0.23513,0.76487
math,11,2000,2020,20,0.172472,0.827528
math,11,2000,2021,21,0.117714,0.882286
math,11,2000,2022,22,0.215816,0.784184
math,11,2000,2023,23,0.317472,0.682528
math,11,2000,2024,24,0.356718,0.643282
math,11,2000,2025,25,0.145472,0.854528
math,12,2000,2000,0,0.651322,0.348678
math,12,2000,2001,1,0.036864,0.963136
math,12,2000,2002,2,0.166301,0.833699
math,12,2000,2003,3,0.157644,0.842356
math,12,2000,2004,4,0.059827,0.940173
math,12,2000,2005,5,0.0,1.0
math,12,2000,2006,6,0.014636,0.985364
math,12,2000,2007,7,0.144074,0.855926
math,12,2000,2008,8,0.248061,0.751939
math,12,2000,2009,9,0.145472,0.854528
math,12,2000,2010,10,0.180608,0.819392
math,12,2000,2011,11,0.199024,0.800976
math,12,2000,2012,12,0.180608,0.819392
math,12,2000,2013,13,0.211493,0.788507
math,12,2000,2014,14,0.123244,0.876756
math,12,2000,2015,15,0.180608,0.819392
math,12,2000,2016,16,0.180608,0.819392
math,12,2000,2017,17,0.180608,0.819392
math,12,2000,2018,18,0.240435,0.759565
math,12,2000,2019,19,0.180608,0.819392
math,12,2000,2020,20,0.147948,0.852052
math,12,2000,2021,21,0.316024,0.683976
math,12,2000,2022,22,0.180608,0.819392
math,12,2000,2023,23,0.140677,0.859323
math,12,2000,2024,24,0.225799,0.774201
math,12,2000,2025,25,0.180608,0.819392
math,13,2000,2000,0,0.651322,0.348678
math,13,2000,2001,1,0.008657,0.991343
math,13,2000,2002,2,0.0,1.0
math,13,2000,2003,3,0.003874,0.996126
math,13,2000,2004,4,0.0,1.0
math,13,2000,2005,5,0.0,1.0
math,13,2000,2006,6,0.0,1.0
math,13,2000,2007,7,0.0,1.0
math,13,2000,2008,8,0.003874,0.996126
math,13,2000,2009,9,0.014636,0.985364
math,13,2000,2010,10,0.01851,0.98149
math,13,2000,2011,11,0.0,1.0
math,13,2000,2012,12,0.003874,0.996126
math,13,2000,2013,13,0.003874,0.996126
math,13,2000,2014,14,0.003874,0.996126
math,13,2000,2015,15,0.0,1.0
math,13,2000,2016,16,0.003874,0.996126
math,13,2000,2017,17,0.003874,0.996126
math,13,2000,2018,18,0.003874,0.996126
math,13,2000,2019,19,0.0,1.0
math,13,2000,2020,20,0.0,1.0
math,13,2000,2021,21,0.0,1.0
math,13,2000,2022,22,0.0,1.0
math,13,2000,2023,23,0.003874,0.996126
math,13,2000,2024,24,0.0,1.0
math,13,2000,2025,25,0.003874,0.996126
math,14,2001,2001,0,0.651322,0.348678
math,14,2001,2002,1,0.0,1.0
math,14,2001,2003,2,0.0,1.0
math,14,2001,2004,3,0.0,1.0
math,14,2001,2005,4,0.0,1.0
math,14,2001,2006,5,0.0,1.0
math,14,2001,2007,6,0.014636,0.985364
math,14,2001,2008,7,0.0,1.0
math,14,2001,2009,8,0.0,1.0
math,14,2001,2010,9,0.0,1.0
math,14,2001,2011,10,0.0,1.0
math,14,2001,2012,11,0.0,1.0
math,14,2001,2013,12,0.0,1.0
math,14,2001,2014,13,0.014636,0.985364
math,14,2001,2015,14,0.0,1.0
math,14,2001,2016,15,0.014636,0.985364
math,14,2001,2017,16,0.0,1.0
math,14,2001,2018,17,0.0,1.0
math,14,2001,2019,18,0.0,1.0
math,14,2001,2020,19,0.0,1.0
math,14,2001,2021,20,0.0,1.0
math,14,2001,2022,21,0.0,1.0
math,14,2001,2023,22,0.0,1.0
math,14,2001,2024,23,0.0,1.0
math,14,2001,2025,24,0.0,1.0
math,15,2000,2000,0,0.651322,0.348678
math,15,2000,2001,1,0.003874,0.996126
math,15,2000,2002,2,0.0,1.0
math,15,2000,2003,3,0.0,1.0
math,15,2000,2004,4,0.046705,0.953295
math,15,2000,2005,5,0.0,1.0
math,15,2000,2006,6,0.0,1.0
math,15,2000,2007,7,0.022228,0.977772
math,15,2000,2008,8,0.008657,0.991343
math,15,2000,2009,9,0.0,1.0
math,15,2000,2010,10,0.0,1.0
math,15,2000,2011,11,0.0,1.0
math,15,2000,2012,12,0.0,1.0
math,15,2000,2013,13,0.0,1.0
math,15,2000,2014,14,0.022228,0.977772
math,15,2000,2015,15,0.0,1.0
math,15,2000,2016,16,0.0,1.0
math,15,2000,2017,17,0.0,1.0
math,15,2000,2018,18,0.0,1.0
math,15,2000,2019,19,0.0,1.0
math,15,2000,2020,20,0.0,1.0
math,15,2000,2021,21,0.003874,0.996126
math,15,2000,2022,22,0.022228,0.977772
math,15,2000,2023,23,0.0,1.0
math,15,2000,2024,24,0.008657,0.991343
math,15,2000,2025,25,0.0,1.0
math,16,2000,2000,0,0.651322,0.348678
math,16,2000,2001,1,0.045191,0.954809
math,16,2000,2002,2,0.257644,0.742356
math,16,2000,2003,3,0.235416,0.764584
math,16,2000,2004,4,0.235416,0.764584
math,16,2000,2005,5,0.235416,0.764584
math,16,2000,2006,6,0.235416,0.764584
math,16,2000,2007,7,0.267486,0.732514
math,16,2000,2008,8,0.235416,0.764584
math,16,2000,2009,9,0.250052,0.749948
math,16,2000,2010,10,0.257644,0.742356
math,16,2000,2011,11,0.235416,0.764584
math,16,2000,2012,12,0.257644,0.742356
math,16,2000,2013,13,0.257644,0.742356
math,16,2000,2014,14,0.257644,0.742356
math,16,2000,2015,15,0.257644,0.742356
math,16,2000,2016,16,0.257644,0.742356
math,16,2000,2017,17,0.257644,0.742356
math,16,2000,2018,18,0.257644,0.742356
math,16,2000,2019,19,0.257644,0.742356
math,16,2000,2020,20,0.235416,0.764584
math,16,2000,2021,21,0.257644,0.742356
math,16,2000,2022,22,0.257644,0.742356
math,16,2000,2023,23,0.257644,0.742356
math,16,2000,2024,24,0.257644,0.742356
math,16,2000,2025,25,0.257644,0.742356
math,17,2000,2000,0,0.651322,0.348678
math,17,2000,2001,1,0.0,1.0
math,17,2000,2002,2,0.0,1.0
math,17,2000,2003,3,0.244074,0.755926
math,17,2000,2004,4,0.014636,0.985364
math,17,2000,2005,5,0.014636,0.985364
math,17,2000,2006,6,0.0,1.0
math,17,2000,2007,7,0.235416,0.764584
math,17,2000,2008,8,0.235416,0.764584
math,17,2000,2009,9,0.0,1.0
math,17,2000,2010,10,0.235416,0.764584
math,17,2000,2011,11,0.250052,0.749948
math,17,2000,2012,12,0.0,1.0
math,17,2000,2013,13,0.235416,0.764584
math,17,2000,2014,14,0.135416,0.864584
math,17,2000,2015,15,0.045191,0.954809
math,17,2000,2016,16,0.135416,0.864584
math,17,2000,2017,17,0.090416,0.909584
math,17,2000,2018,18,0.135416,0.864584
math,17,2000,2019,19,0.090416,0.909584
math,17,2000,2020,20,0.135416,0.864584
math,17,2000,2021,21,0.059827,0.940173
math,17,2000,2022,22,0.0,1.0
math,17,2000,2023,23,0.135416,0.864584
math,17,2000,2024,24,0.135416,0.864584
math,17,2000,2025,25,0.250052,0.749948
math,18,2003,2003,0,0.651322,0.348678
math,18,2003,2004,1,0.008657,0.991343
math,18,2003,2005,2,0.0,1.0
math,18,2003,2006,3,0.022228,0.977772
math,18,2003,2007,4,0.0,1.0
math,18,2003,2008,5,0.0,1.0
math,18,2003,2009,6,0.032069,0.967931
math,18,2003,2010,7,0.063416,0.936584
math,18,2003,2011,8,0.0,1.0
math,18,2003,2012,9,0.045191,0.954809
math,18,2003,2013,10,0.049066,0.950934
math,18,2003,2014,11,0.032069,0.967931
math,18,2003,2015,12,0.014636,0.985364
math,18,2003,2016,13,0.003874,0.996126
math,18,2003,2017,14,0.0,1.0
math,18,2003,2018,15,0.008657,0.991343
math,18,2003,2019,16,0.003874,0.996126
math,18,2003,2020,17,0.003874,0.996126
math,18,2003,2021,18,0.0,1.0
math,18,2003,2022,19,0.022228,0.977772
math,18,2003,2023,20,0.003874,0.996126
math,18,2003,2024,21,0.0,1.0
math,18,2003,2025,22,0.0,1.0
math,19,2006,2006,0,0.651322,0.348678
math,19,2006,2007,1,0.122486,0.877514
math,19,2006,2008,2,0.014636,0.985364
math,19,2006,2009,3,0.135608,0.864392
math,19,2006,2010,4,0.014636,0.985364
math,19,2006,2011,5,0.090416,0.909584
math,19,2006,2012,6,0.090416,0.909584
math,19,2006,2013,7,0.090416,0.909584
math,19,2006,2014,8,0.090416,0.909584
math,19,2006,2015,9,0.090416,0.909584
math,19,2006,2016,10,0.090416,0.909584
math,19,2006,2017,11,0.090416,0.909584
math,19,2006,2018,12,0.090416,0.909584
math,19,2006,2019,13,0.090416,0.909584
math,19,2006,2020,14,0.090416,0.909584
math,19,2006,2021,15,0.090416,0.909584
math,19,2006,2022,16,0.090416,0.909584
math,19,2006,2023,17,0.090416,0.909584
math,19,2006,2024,18,0.090416,0.909584
math,19,2006,2025,19,0.090416,0.909584
math,20,2000,2000,0,0.651322,0.348678
math,20,2000,2001,1,0.045191,0.954809
math,20,2000,2002,2,0.211364,0.788636
math,20,2000,2003,3,0.235416,0.764584
math,20,2000,2004,4,0.099074,0.900926
math,20,2000,2005,5,0.244074,0.755926
math,20,2000,2006,6,0.244074,0.755926
math,20,2000,2007,7,0.158709,0.841291
math,20,2000,2008,8,0.252731,0.747269
math,20,2000,2009,9,0.152731,0.847269
math,20,2000,2010,10,0.235416,0.764584
math,20,2000,2011,11,0.135416,0.864584
math,20,2000,2012,12,0.244074,0.755926
math,20,2000,2013,13,0.258709,0.741291
math,20,2000,2014,14,0.244074,0.755926
math,20,2000,2015,15,0.158709,0.841291
math,20,2000,2016,16,0.244074,0.755926
math,20,2000,2017,17,0.276143,0.723857
math,20,2000,2018,18,0.244074,0.755926
math,20,2000,2019,19,0.27949,0.72051
math,20,2000,2020,20,0.30749,0.69251
math,20,2000,2021,21,0.244074,0.755926
math,20,2000,2022,22,0.252731,0.747269
math,20,2000,2023,23,0.144074,0.855926
math,20,2000,2024,24,0.244074,0.755926
math,20,2000,2025,25,0.2848,0.7152
math,21,2000,2000,0,0.651322,0.348678
math,21,2000,2001,1,0.0,1.0
math,21,2000,2002,2,0.0,1.0
math,21,2000,2003,3,0.0,1.0
math,21,2000,2004,4,0.0,1.0
math,21,2000,2005,5,0.0,1.0
math,21,2000,2006,6,0.0,1.0
math,21,2000,2007,7,0.045191,0.954809
math,21,2000,2008,8,0.0,1.0
math,21,2000,2009,9,0.0,1.0
math,21,2000,2010,10,0.0,1.0
math,21,2000,2011,11,0.135416,0.864584
math,21,2000,2012,12,0.0,1.0
math,21,2000,2013,13,0.003874,0.996126
math,21,2000,2014,14,0.090416,0.909584
math,21,2000,2015,15,0.0,1.0
math,21,2000,2016,16,0.032069,0.967931
math,21,2000,2017,17,0.0,1.0
math,21,2000,2018,18,0.0,1.0
math,21,2000,2019,19,0.008657,0.991343
math,21,2000,2020,20,0.003874,0.996126
math,21,2000,2021,21,0.0,1.0
math,21,2000,2022,22,0.0,1.0
math,21,2000,2023,23,0.0,1.0
math,21,2000,2024,24,0.008657,0.991343
math,21,2000,2025,25,0.022228,0.977772
math,22,2000,2000,0,0.651322,0.348678
math,22,2000,2002,2,0.0,1.0
math,22,2000,2005,5,0.0,1.0
math,22,2000,2006,6,0.157644,0.842356
math,22,2000,2007,7,0.0,1.0
math,22,2000,2008,8,0.0,1.0
math,22,2000,2009,9,0.0,1.0
math,22,2000,2010,10,0.0,1.0
math,22,2000,2011,11,0.0,1.0
math,22,2000,2012,12,0.0,1.0
math,22,2000,2013,13,0.0,1.0
math,22,2000,2014,14,0.0,1.0
math,22,2000,2015,15,0.0,1.0
math,22,2000,2016,16,0.0,1.0
math,22,2000,2017,17,0.0,1.0
math,22,2000,2018,18,0.0,1.0
math,22,2000,2019,19,0.0,1.0
math,22,2000,2020,20,0.0,1.0
math,22,2000,2021,21,0.0,1.0
math,22,2000,2022,22,0.0,1.0
math,22,2000,2023,23,0.0,1.0
math,22,2000,2024,24,0.0,1.0
math,22,2000,2025,25,0.0,1.0
math,23,2000,2000,0,0.651322,0.348678
math,23,2000,2001,1,0.235416,0.764584
math,23,2000,2002,2,0.090416,0.909584
math,23,2000,2003,3,0.235416,0.764584
math,23,2000,2004,4,0.239291,0.760709
math,23,2000,2005,5,0.139291,0.860709
math,23,2000,2006,6,0.235416,0.764584
math,23,2000,2007,7,0.235416,0.764584
math,23,2000,2008,8,0.239291,0.760709
math,23,2000,2009,9,0.239291,0.760709
math,23,2000,2010,10,0.239291,0.760709
math,23,2000,2011,11,0.239291,0.760709
math,23,2000,2012,12,0.135416,0.864584
math,23,2000,2013,13,0.239291,0.760709
math,23,2000,2014,14,0.239291,0.760709
math,23,2000,2015,15,0.235416,0.764584
math,23,2000,2016,16,0.235416,0.764584
math,23,2000,2017,17,0.239291,0.760709
math,23,2000,2018,18,0.239291,0.760709
math,23,2000,2019,19,0.235416,0.764584
math,23,2000,2020,20,0.239291,0.760709
math,23,2000,2021,21,0.239291,0.760709
math,23,2000,2022,22,0.239291,0.760709
math,23,2000,2023,23,0.239291,0.760709
math,23,2000,2024,24,0.239291,0.760709
math,23,2000,2025,25,0.239291,0.760709
math,24,2006,2006,0,0.651322,0.348678
math,24,2006,2007,1,0.0,1.0
math,24,2006,2010,4,0.0,1.0
math,24,2006,2011,5,0.0,1.0
math,24,2006,2012,6,0.0,1.0
math,24,2006,2013,7,0.0,1.0
math,24,2006,2014,8,0.0,1.0
math,24,2006,2015,9,0.0,1.0
math,24,2006,2016,10,0.0,1.0
math,24,2006,2017,11,0.0,1.0
math,24,2006,2018,12,0.0,1.0
math,24,2006,2019,13,0.0,1.0
math,24,2006,2020,14,0.0,1.0
math,24,2006,2021,15,0.0,1.0
math,24,2006,2022,16,0.0,1.0
math,24,2006,2023,17,0.0,1.0
math,24,2006,2024,18,0.0,1.0
math,24,2006,2025,19,0.0,1.0
math,25,2000,2000,0,0.651322,0.348678
math,25,2000,2001,1,0.022228,0.977772
math,25,2000,2002,2,0.0,1.0
math,25,2000,2003,3,0.240469,0.759531
math,25,2000,2004,4,0.180833,0.819167
math,25,2000,2005,5,0.098304,0.901696
math,25,2000,2006,6,0.362697,0.637303
math,25,2000,2007,7,0.356718,0.643282
math,25,2000,2008,8,0.383556,0.616444
math,25,2000,2009,9,0.251935,0.748065
math,25,2000,2010,10,0.225833,0.774167
math,25,2000,2011,11,0.363762,0.636238
math,25,2000,2012,12,0.272538,0.727462
math,25,2000,2013,13,0.315351,0.684649
math,25,2000,2014,14,0.294766,0.705234
math,25,2000,2015,15,0.272538,0.727462
math,25,2000,2016,16,0.307888,0.692112
math,25,2000,2017,17,0.284924,0.715076
math,25,2000,2018,18,0.326113,0.673887
math,25,2000,2019,19,0.240469,0.759531
math,25,2000,2020,20,0.240469,0.759531
math,25,2000,2021,21,0.225833,0.774167
math,25,2000,2022,22,0.203061,0.796939
math,25,2000,2023,23,0.195469,0.804531
math,25,2000,2024,24,0.179935,0.820065
math,25,2000,2025,25,0.221571,0.778429
math,26,2005,2005,0,0.651322,0.348678
math,26,2005,2006,1,0.0,1.0
math,26,2005,2007,2,0.022228,0.977772
math,26,2005,2008,3,0.063416,0.936584
math,26,2005,2010,5,0.078052,0.921948
math,26,2005,2011,6,0.0,1.0
math,26,2005,2012,7,0.135416,0.864584
math,26,2005,2013,8,0.180608,0.819392
math,26,2005,2014,9,0.135416,0.864584
math,26,2005,2015,10,0.135416,0.864584
math,26,2005,2016,11,0.135416,0.864584
math,26,2005,2017,12,0.135416,0.864584
math,26,2005,2018,13,0.135416,0.864584
math,26,2005,2019,14,0.135416,0.864584
math,26,2005,2020,15,0.135416,0.864584
math,26,2005,2021,16,0.135416,0.864584
math,26,2005,2022,17,0.135416,0.864584
math,26,2005,2023,18,0.135416,0.864584
math,26,2005,2024,19,0.135416,0.864584
math,26,2005,2025,20,0.063416,0.936584
math,27,2000,2000,0,0.651322,0.348678
math,27,2000,2001,1,0.0,1.0
math,27,2000,2002,2,0.0,1.0
math,27,2000,2003,3,0.0,1.0
math,27,2000,2004,4,0.0,1.0
math,27,2000,2005,5,0.0,1.0
math,27,2000,2006,6,0.095486,0.904514
math,27,2000,2007,7,0.032069,0.967931
math,27,2000,2008,8,0.090416,0.909584
math,27,2000,2009,9,0.244074,0.755926
math,27,2000,2010,10,0.008657,0.991343
math,27,2000,2011,11,0.135416,0.864584
math,27,2000,2012,12,0.012531,0.987469
math,27,2000,2013,13,0.090416,0.909584
math,27,2000,2014,14,0.235416,0.764584
math,27,2000,2015,15,0.135416,0.864584
math,27,2000,2016,16,0.090416,0.909584
math,27,2000,2017,17,0.235416,0.764584
math,27,2000,2018,18,0.139291,0.860709
math,27,2000,2019,19,0.063416,0.936584
math,27,2000,2020,20,0.135416,0.864584
math,27,2000,2021,21,0.235416,0.764584
math,27,2000,2022,22,0.090416,0.909584
math,27,2000,2023,23,0.135416,0.864584
math,27,2000,2024,24,0.003874,0.996126
math,27,2000,2025,25,0.063416,0.936584
math,28,2000,2000,0,0.651322,0.348678
math,28,2000,2001,1,0.099489,0.900511
math,28,2000,2002,2,0.085644,0.914356
math,28,2000,2003,3,0.044456,0.955544
math,28,2000,2004,4,0.085644,0.914356
math,28,2000,2005,5,0.022228,0.977772
math,28,2000,2006,6,0.030885,0.969115
math,28,2000,2007,7,0.067419,0.932581
math,28,2000,2008,8,0.022228,0.977772
math,28,2000,2009,9,0.044456,0.955544
math,28,2000,2010,10,0.157644,0.842356
math,28,2000,2011,11,0.112644,0.887356
math,28,2000,2012,12,0.183746,0.816254
math,28,2000,2013,13,0.157644,0.842356
math,28,2000,2014,14,0.166301,0.833699
math,28,2000,2015,15,0.157644,0.842356
math,28,2000,2016,16,0.266252,0.733748
math,28,2000,2017,17,0.112644,0.887356
math,28,2000,2018,18,0.157644,0.842356
math,28,2000,2019,19,0.067419,0.932581
math,28,2000,2020,20,0.157644,0.842356
math,28,2000,2021,21,0.157644,0.842356
math,28,2000,2022,22,0.157644,0.842356
math,28,2000,2023,23,0.157644,0.842356
math,28,2000,2024,24,0.157644,0.842356
math,28,2000,2025,25,0.166301,0.833699
math,29,2000,2000,0,0.651322,0.348678
math,29,2000,2001,1,0.008657,0.991343
math,29,2000,2002,2,0.072074,0.927926
math,29,2000,2003,3,0.008657,0.991343
math,29,2000,2004,4,0.068484,0.931516
math,29,2000,2005,5,0.086709,0.913291
math,29,2000,2006,6,0.063416,0.936584
math,29,2000,2007,7,0.086709,0.913291
math,29,2000,2008,8,0.086709,0.913291
math,29,2000,2009,9,0.086709,0.913291
math,29,2000,2010,10,0.090584,0.909416
math,29,2000,2011,11,0.086709,0.913291
math,29,2000,2012,12,0.086709,0.913291
math,29,2000,2013,13,0.086709,0.913291
math,29,2000,2014,14,0.086709,0.913291
math,29,2000,2015,15,0.086709,0.913291
math,29,2000,2016,16,0.086709,0.913291
math,29,2000,2017,17,0.10522,0.89478
math,29,2000,2018,18,0.072074,0.927926
math,29,2000,2019,19,0.086709,0.913291
math,29,2000,2020,20,0.090584,0.909416
math,29,2000,2021,21,0.086709,0.913291
math,29,2000,2022,22,0.086709,0.913291
math,29,2000,2023,23,0.090584,0.909416
math,29,2000,2024,24,0.122653,0.877347
math,29,2000,2025,25,0.086709,0.913291
math,30,2000,2000,0,0.651322,0.348678
math,30,2000,2001,1,0.090416,0.909584
math,30,2000,2002,2,0.032069,0.967931
math,30,2000,2003,3,0.0,1.0
math,30,2000,2004,4,0.014636,0.985364
math,30,2000,2005,5,0.0,1.0
math,30,2000,2006,6,0.0,1.0
math,30,2000,2007,7,0.0,1.0
math,30,2000,2008,8,0.110122,0.889878
math,30,2000,2009,9,0.122486,0.877514
math,30,2000,2010,10,0.122486,0.877514
math,30,2000,2011,11,0.067291,0.932709
math,30,2000,2012,12,0.022228,0.977772
math,30,2000,2013,13,0.01851,0.98149
math,30,2000,2014,14,0.090416,0.909584
math,30,2000,2015,15,0.121301,0.878699
math,30,2000,2016,16,0.090416,0.909584
math,30,2000,2017,17,0.022228,0.977772
math,30,2000,2018,18,0.094301,0.905699
math,30,2000,2019,19,0.12636,0.87364
math,30,2000,2020,20,0.139482,0.860518
math,30,2000,2021,21,0.094301,0.905699
math,30,2000,2022,22,0.153833,0.846167
math,30,2000,2023,23,0.090416,0.909584
math,30,2000,2024,24,0.183105,0.816895
math,30,2000,2025,25,0.112644,0.887356
math,31,2000,2000,0,0.651322,0.348678
math,31,2000,2001,1,0.0,1.0
math,31,2000,2003,3,0.0,1.0
math,31,2000,2004,4,0.0,1.0
math,31,2000,2005,5,0.0,1.0
math,31,2000,2006,6,0.0,1.0
math,31,2000,2007,7,0.0,1.0
math,31,2000,2008,8,0.0,1.0
math,31,2000,2009,9,0.0,1.0
math,31,2000,2010,10,0.0,1.0
math,31,2000,2011,11,0.0,1.0
math,31,2000,2012,12,0.0,1.0
math,31,2000,2013,13,0.0,1.0
math,31,2000,2014,14,0.0,1.0
math,31,2000,2015,15,0.0,1.0
math,31,2000,2016,16,0.0,1.0
math,31,2000,2017,17,0.0,1.0
math,31,2000,2018,18,0.0,1.0
math,31,2000,2019,19,0.0,1.0
math,31,2000,2020,20,0.0,1.0
math,31,2000,2021,21,0.0,1.0
math,31,2000,2022,22,0.0,1.0
math,31,2000,2023,23,0.0,1.0
math,31,2000,2024,24,0.0,1.0
math,31,2000,2025,25,0.0,1.0
math,32,2010,2010,0,0.651322,0.348678
math,32,2010,2011,1,0.099074,0.900926
math,32,2010,2012,2,0.022228,0.977772
math,32,2010,2013,3,0.270833,0.729167
math,32,2010,2014,4,0.135416,0.864584
math,32,2010,2015,5,0.135416,0.864584
math,32,2010,2016,6,0.135416,0.864584
math,32,2010,2017,7,0.135416,0.864584
math,32,2010,2018,8,0.180608,0.819392
math,32,2010,2019,9,0.139291,0.860709
math,32,2010,2020,10,0.144074,0.855926
math,32,2010,2021,11,0.135416,0.864584
math,32,2010,2022,12,0.225833,0.774167
math,32,2010,2023,13,0.198833,0.801167
math,32,2010,2024,14,0.139291,0.860709
math,32,2010,2025,15,0.180608,0.819392
math,33,2000,2000,0,0.651322,0.348678
math,33,2000,2001,1,0.0,1.0
math,33,2000,2002,2,0.067419,0.932581
math,33,2000,2003,3,0.135416,0.864584
math,33,2000,2004,4,0.144074,0.855926
math,33,2000,2005,5,0.289249,0.710751
math,33,2000,2006,6,0.18949,0.81051
math,33,2000,2007,7,0.23449,0.76551
math,33,2000,2008,8,0.195244,0.804756
math,33,2000,2009,9,0.167486,0.832514
math,33,2000,2010,10,0.16249,0.83751
math,33,2000,2011,11,0.198833,0.801167
math,33,2000,2012,12,0.279681,0.720319
math,33,2000,2013,13,0.144265,0.855735
math,33,2000,2014,14,0.256718,0.743282
math,33,2000,2015,15,0.297906,0.702094
math,33,2000,2016,16,0.243147,0.756853
math,33,2000,2017,17,0.180608,0.819392
math,33,2000,2018,18,0.23449,0.76551
math,33,2000,2019,19,0.279681,0.720319
math,33,2000,2020,20,0.229707,0.770293
math,33,2000,2021,21,0.225833,0.774167
math,33,2000,2022,22,0.23449,0.76551
math,33,2000,2023,23,0.238364,0.761636
math,33,2000,2024,24,0.225833,0.774167
math,33,2000,2025,25,0.180833,0.819167
math,34,2000,2000,0,0.651322,0.348678
math,34,2000,2001,1,0.0,1.0
math,34,2000,2002,2,0.0,1.0
math,34,2000,2003,3,0.022228,0.977772
math,34,2000,2004,4,0.085644,0.914356
math,34,2000,2005,5,0.022228,0.977772
math,34,2000,2006,6,0.0,1.0
math,34,2000,2007,7,0.0,1.0
math,34,2000,2008,8,0.0,1.0
math,34,2000,2009,9,0.0,1.0
math,34,2000,2010,10,0.022228,0.977772
math,34,2000,2011,11,0.022228,0.977772
math,34,2000,2012,12,0.0,1.0
math,34,2000,2013,13,0.0,1.0
math,34,2000,2014,14,0.0,1.0
math,34,2000,2015,15,0.0,1.0
math,34,2000,2016,16,0.032069,0.967931
math,34,2000,2017,17,0.0,1.0
math,34,2000,2018,18,0.014636,0.985364
math,34,2000,2019,19,0.022228,0.977772
math,34,2000,2020,20,0.022228,0.977772
math,34,2000,2021,21,0.0,1.0
math,34,2000,2022,22,0.0,1.0
math,34,2000,2023,23,0.008657,0.991343
math,34,2000,2024,24,0.0,1.0
math,34,2000,2025,25,0.008657,0.991343
math,35,2000,2000,0,0.651322,0.348678
math,35,2000,2001,1,0.253,0.747
math,35,2000,2002,2,0.0,1.0
math,35,2000,2003,3,0.289249,0.710751
math,35,2000,2004,4,0.0,1.0
math,35,2000,2005,5,0.0,1.0
math,35,2000,2006,6,0.085644,0.914356
math,35,2000,2007,7,0.022228,0.977772
math,35,2000,2008,8,0.014636,0.985364
math,35,2000,2009,9,0.0,1.0
math,35,2000,2010,10,0.0,1.0
math,35,2000,2011,11,0.036864,0.963136
math,35,2000,2012,12,0.112644,0.887356
math,35,2000,2013,13,0.112644,0.887356
math,35,2000,2014,14,0.022228,0.977772
math,35,2000,2015,15,0.030885,0.969115
math,35,2000,2016,16,0.085644,0.914356
math,35,2000,2017,17,0.054297,0.945703
math,35,2000,2018,18,0.085644,0.914356
math,35,2000,2019,19,0.022228,0.977772
math,35,2000,2020,20,0.022228,0.977772
math,35,2000,2021,21,0.0,1.0
math,35,2000,2022,22,0.0,1.0
math,35,2000,2023,23,0.022228,0.977772
math,35,2000,2024,24,0.0,1.0
math,35,2000,2025,25,0.022228,0.977772
math,36,2000,2000,0,0.651322,0.348678
math,36,2000,2001,1,0.077261,0.922739
math,36,2000,2002,2,0.0,1.0
math,36,2000,2004,4,0.0,1.0
math,36,2000,2005,5,0.022228,0.977772
math,36,2000,2006,6,0.0,1.0
math,36,2000,2007,7,0.045191,0.954809
math,36,2000,2008,8,0.032069,0.967931
math,36,2000,2009,9,0.003874,0.996126
math,36,2000,2010,10,0.0,1.0
math,36,2000,2011,11,0.045191,0.954809
math,36,2000,2012,12,0.045191,0.954809
math,36,2000,2013,13,0.022228,0.977772
math,36,2000,2014,14,0.032069,0.967931
math,36,2000,2015,15,0.078052,0.921948
math,36,2000,2016,16,0.078052,0.921948
math,36,2000,2017,17,0.167677,0.832323
math,36,2000,2018,18,0.053849,0.946151
math,36,2000,2019,19,0.077261,0.922739
math,36,2000,2020,20,0.032069,0.967931
math,36,2000,2021,21,0.045191,0.954809
math,36,2000,2022,22,0.053849,0.946151
math,36,2000,2023,23,0.135608,0.864392
math,36,2000,2024,24,0.067419,0.932581
math,36,2000,2025,25,0.053849,0.946151
math,37,2004,2004,0,0.651322,0.348678
math,37,2004,2012,8,0.0,1.0
math,37,2004,2013,9,0.0,1.0
math,37,2004,2014,10,0.0,1.0
math,37,2004,2015,11,0.0,1.0
math,37,2004,2016,12,0.0,1.0
math,37,2004,2017,13,0.0,1.0
math,37,2004,2018,14,0.0,1.0
math,37,2004,2019,15,0.0,1.0
math,37,2004,2020,16,0.0,1.0
math,37,2004,2021,17,0.0,1.0
math,37,2004,2022,18,0.0,1.0
math,37,2004,2023,19,0.0,1.0
math,37,2004,2024,20,0.0,1.0
math,37,2004,2025,21,0.0,1.0
math,38,2000,2000,0,0.651322,0.348678
math,38,2000,2001,1,0.023293,0.976707
math,38,2000,2002,2,0.0,1.0
math,38,2000,2003,3,0.0,1.0
math,38,2000,2004,4,0.0,1.0
math,38,2000,2005,5,0.045191,0.954809
math,38,2000,2006,6,0.003874,0.996126
math,38,2000,2007,7,0.008657,0.991343
math,38,2000,2008,8,0.003874,0.996126
math,38,2000,2009,9,0.135416,0.864584
math,38,2000,2010,10,0.0,1.0
math,38,2000,2011,11,0.0,1.0
math,38,2000,2012,12,0.0,1.0
math,38,2000,2013,13,0.0,1.0
math,38,2000,2014,14,0.0,1.0
math,38,2000,2015,15,0.022228,0.977772
math,38,2000,2016,16,0.022228,0.977772
math,38,2000,2017,17,0.0,1.0
math,38,2000,2018,18,0.022228,0.977772
math,38,2000,2019,19,0.012531,0.987469
math,38,2000,2020,20,0.022228,0.977772
math,38,2000,2021,21,0.022228,0.977772
math,38,2000,2022,22,0.030885,0.969115
math,38,2000,2023,23,0.157644,0.842356
math,38,2000,2024,24,0.022228,0.977772
math,38,2000,2025,25,0.022228,0.977772
math,39,2000,2000,0,0.651322,0.348678
math,39,2000,2001,1,0.0,1.0
math,39,2000,2002,2,0.085644,0.914356
math,39,2000,2003,3,0.085644,0.914356
math,39,2000,2004,4,0.022228,0.977772
math,39,2000,2005,5,0.0,1.0
math,39,2000,2006,6,0.036864,0.963136
math,39,2000,2007,7,0.014636,0.985364
math,39,2000,2008,8,0.085644,0.914356
math,39,2000,2009,9,0.0,1.0
math,39,2000,2010,10,0.0,1.0
math,39,2000,2011,11,0.003874,0.996126
math,39,2000,2012,12,0.0,1.0
math,39,2000,2013,13,0.022228,0.977772
math,39,2000,2014,14,0.007748,0.992252
math,39,2000,2015,15,0.022228,0.977772
math,39,2000,2016,16,0.085644,0.914356
math,39,2000,2017,17,0.022228,0.977772
math,39,2000,2018,18,0.0,1.0
math,39,2000,2019,19,0.014636,0.985364
math,39,2000,2020,20,0.054297,0.945703
math,39,2000,2021,21,0.022228,0.977772
math,39,2000,2022,22,0.0,1.0
math,39,2000,2023,23,0.0,1.0
math,39,2000,2024,24,0.022228,0.977772
math,39,2000,2025,25,0.022228,0.977772
math,40,2000,2000,0,0.651322,0.348678
math,40,2000,2001,1,0.095486,0.904514
math,40,2000,2002,2,0.313469,0.686531
math,40,2000,2003,3,0.199024,0.800976
math,40,2000,2004,4,0.312677,0.687323
math,40,2000,2005,5,0.376094,0.623906
math,40,2000,2006,6,0.322126,0.677874
math,40,2000,2007,7,0.321061,0.678939
math,40,2000,2008,8,0.302707,0.697293
math,40,2000,2009,9,0.357004,0.642996
math,40,2000,2010,10,0.322126,0.677874
math,40,2000,2011,11,0.244024,0.755976
math,40,2000,2012,12,0.330902,0.669098
math,40,2000,2013,13,0.330902,0.669098
math,40,2000,2014,14,0.330902,0.669098
math,40,2000,2015,15,0.344024,0.655976
math,40,2000,2016,16,0.344024,0.655976
math,40,2000,2017,17,0.221061,0.778939
math,40,2000,2018,18,0.198833,0.801167
math,40,2000,2019,19,0.344024,0.655976
math,40,2000,2020,20,0.168469,0.831531
math,40,2000,2021,21,0.30749,0.69251
math,40,2000,2022,22,0.321061,0.678939
math,40,2000,2023,23,0.321061,0.678939
math,40,2000,2024,24,0.185902,0.814098
math,40,2000,2025,25,0.213469,0.786531
math,41,2000,2000,0,0.651322,0.348678
math,41,2000,2001,1,0.153833,0.846167
math,41,2000,2002,2,0.022228,0.977772
math,41,2000,2003,3,0.063416,0.936584
math,41,2000,2004,4,0.063416,0.936584
math,41,2000,2005,5,0.063416,0.936584
math,41,2000,2006,6,0.063416,0.936584
math,41,2000,2007,7,0.063416,0.936584
math,41,2000,2008,8,0.063416,0.936584
math,41,2000,2009,9,0.063416,0.936584
math,41,2000,2010,10,0.022228,0.977772
math,41,2000,2011,11,0.063416,0.936584
math,41,2000,2012,12,0.0,1.0
math,41,2000,2013,13,0.008657,0.991343
math,41,2000,2014,14,0.063416,0.936584
math,41,2000,2015,15,0.063416,0.936584
math,41,2000,2016,16,0.063416,0.936584
math,41,2000,2017,17,0.045191,0.954809
math,41,2000,2018,18,0.022228,0.977772
math,41,2000,2019,19,0.045191,0.954809
math,41,2000,2020,20,0.078052,0.921948
math,41,2000,2021,21,0.0,1.0
math,41,2000,2022,22,0.044456,0.955544
math,41,2000,2023,23,0.022228,0.977772
math,41,2000,2024,24,0.022228,0.977772
math,41,2000,2025,25,0.085644,0.914356
math,42,2000,2000,0,0.651322,0.348678
math,42,2000,2001,1,0.0,1.0
math,42,2000,2002,2,0.063416,0.936584
math,42,2000,2003,3,0.045191,0.954809
math,42,2000,2004,4,0.022228,0.977772
math,42,2000,2005,5,0.198833,0.801167
math,42,2000,2006,6,0.045191,0.954809
math,42,2000,2007,7,0.063416,0.936584
math,42,2000,2008,8,0.067419,0.932581
math,42,2000,2009,9,0.032069,0.967931
math,42,2000,2010,10,0.126833,0.873167
math,42,2000,2011,11,0.090416,0.909584
math,42,2000,2012,12,0.099074,0.900926
math,42,2000,2013,13,0.090416,0.909584
math,42,2000,2014,14,0.153833,0.846167
math,42,2000,2015,15,0.090416,0.909584
math,42,2000,2016,16,0.090416,0.909584
math,42,2000,2017,17,0.153833,0.846167
math,42,2000,2018,18,0.090416,0.909584
math,42,2000,2019,19,0.045191,0.954809
math,42,2000,2020,20,0.105052,0.894948
math,42,2000,2021,21,0.0,1.0
math,42,2000,2022,22,0.090416,0.909584
math,42,2000,2023,23,0.022228,0.977772
math,42,2000,2024,24,0.090416,0.909584
math,42,2000,2025,25,0.090416,0.909584
math,43,2000,2000,0,0.651322,0.348678
math,43,2000,2001,1,0.30988,0.69012
math,43,2000,2002,2,0.235416,0.764584
math,43,2000,2003,3,0.139291,0.860709
math,43,2000,2004,4,0.257644,0.742356
math,43,2000,2005,5,0.267486,0.732514
math,43,2000,2006,6,0.295244,0.704756
math,43,2000,2007,7,0.302836,0.697164
math,43,2000,2008,8,0.157644,0.842356
math,43,2000,2009,9,0.295573,0.704427
math,43,2000,2010,10,0.135608,0.864392
math,43,2000,2011,11,0.325209,0.674791
math,43,2000,2012,12,0.341949,0.658051
math,43,2000,2013,13,0.240469,0.759531
math,43,2000,2014,14,0.189714,0.810286
math,43,2000,2015,15,0.295244,0.704756
math,43,2000,2016,16,0.330902,0.669098
math,43,2000,2017,17,0.180608,0.819392
math,43,2000,2018,18,0.344024,0.655976
math,43,2000,2019,19,0.261519,0.738481
math,43,2000,2020,20,0.276143,0.723857
math,43,2000,2021,21,0.374707,0.625293
math,43,2000,2022,22,0.298833,0.701167
math,43,2000,2023,23,0.135416,0.864584
math,43,2000,2024,24,0.403094,0.596906
math,43,2000,2025,25,0.321061,0.678939
math,44,2000,2000,0,0.651322,0.348678
math,44,2000,2001,1,0.061597,0.938403
math,44,2000,2002,2,0.374898,0.625102
math,44,2000,2003,3,0.462954,0.537046
math,44,2000,2004,4,0.054297,0.945703
math,44,2000,2005,5,0.327313,0.672687
math,44,2000,2006,6,0.316249,0.683751
math,44,2000,2007,7,0.222766,0.777234
math,44,2000,2008,8,0.215174,0.784826
math,44,2000,2009,9,0.317729,0.682271
math,44,2000,2010,10,0.149653,0.850347
math,44,2000,2011,11,0.163224,0.836776
math,44,2000,2012,12,0.091897,0.908103
math,44,2000,2013,13,0.214382,0.785618
math,44,2000,2014,14,0.093411,0.906589
math,44,2000,2015,15,0.449607,0.550393
math,44,2000,2016,16,0.362954,0.637046
math,44,2000,2017,17,0.173985,0.826015
math,44,2000,2018,18,0.417729,0.582271
math,44,2000,2019,19,0.204541,0.795459
math,44,2000,2020,20,0.202836,0.797164
math,44,2000,2021,21,0.271024,0.728976
math,44,2000,2022,22,0.362954,0.637046
math,44,2000,2023,23,0.390729,0.609271
math,44,2000,2024,24,0.151758,0.848242
math,44,2000,2025,25,0.294317,0.705683
math,45,2000,2000,0,0.651322,0.348678
math,45,2000,2001,1,0.0,1.0
math,45,2000,2003,3,0.0,1.0
math,45,2000,2004,4,0.135416,0.864584
math,45,2000,2005,5,0.135416,0.864584
math,45,2000,2006,6,0.063416,0.936584
math,45,2000,2007,7,0.135416,0.864584
math,45,2000,2008,8,0.090416,0.909584
math,45,2000,2009,9,0.135416,0.864584
math,45,2000,2010,10,0.090416,0.909584
math,45,2000,2011,11,0.144074,0.855926
math,45,2000,2012,12,0.135416,0.864584
math,45,2000,2013,13,0.032069,0.967931
math,45,2000,2014,14,0.135416,0.864584
math,45,2000,2015,15,0.150052,0.849948
math,45,2000,2016,16,0.135416,0.864584
math,45,2000,2017,17,0.063416,0.936584
math,45,2000,2018,18,0.150052,0.849948
math,45,2000,2019,19,0.045191,0.954809
math,45,2000,2020,20,0.135416,0.864584
math,45,2000,2021,21,0.135416,0.864584
math,45,2000,2022,22,0.135416,0.864584
math,45,2000,2023,23,0.135416,0.864584
math,45,2000,2024,24,0.135416,0.864584
math,45,2000,2025,25,0.135416,0.864584
math,46,2003,2003,0,0.651322,0.348678
math,46,2003,2004,1,0.0,1.0
math,46,2003,2005,2,0.150244,0.849756
math,46,2003,2006,3,0.032069,0.967931
math,46,2003,2007,4,0.032069,0.967931
math,46,2003,2008,5,0.122486,0.877514
math,46,2003,2009,6,0.054297,0.945703
math,46,2003,2010,7,0.008657,0.991343
math,46,2003,2011,8,0.112644,0.887356
math,46,2003,2012,9,0.135416,0.864584
math,46,2003,2013,10,0.325833,0.674167
math,46,2003,2014,11,0.180833,0.819167
math,46,2003,2015,12,0.225833,0.774167
math,46,2003,2016,13,0.325833,0.674167
math,46,2003,2017,14,0.225833,0.774167
math,46,2003,2018,15,0.153833,0.846167
math,46,2003,2019,16,0.244074,0.755926
math,46,2003,2020,17,0.23449,0.76551
math,46,2003,2021,18,0.325833,0.674167
math,46,2003,2022,19,0.225833,0.774167
math,46,2003,2023,20,0.225833,0.774167
math,46,2003,2024,21,0.239291,0.760709
math,46,2003,2025,22,0.180833,0.819167
math,47,2000,2000,0,0.651322,0.348678
math,47,2000,2001,1,0.003874,0.996126
math,47,2000,2002,2,0.035944,0.964056
math,47,2000,2003,3,0.035944,0.964056
math,47,2000,2004,4,0.0,1.0
math,47,2000,2005,5,0.003874,0.996126
math,47,2000,2006,6,0.003874,0.996126
math,47,2000,2007,7,0.032069,0.967931
math,47,2000,2008,8,0.003874,0.996126
math,47,2000,2009,9,0.003874,0.996126
math,47,2000,2010,10,0.035944,0.964056
math,47,2000,2011,11,0.003874,0.996126
math,47,2000,2012,12,0.035944,0.964056
math,47,2000,2013,13,0.026102,0.973898
math,47,2000,2014,14,0.035944,0.964056
math,47,2000,2015,15,0.035944,0.964056
math,47,2000,2016,16,0.032069,0.967931
math,47,2000,2017,17,0.035944,0.964056
math,47,2000,2018,18,0.032069,0.967931
math,47,2000,2019,19,0.032069,0.967931
math,47,2000,2020,20,0.035944,0.964056
math,47,2000,2021,21,0.035944,0.964056
math,47,2000,2022,22,0.035944,0.964056
math,47,2000,2023,23,0.035944,0.964056
math,47,2000,2024,24,0.035944,0.964056
math,47,2000,2025,25,0.035944,0.964056
math,48,2000,2000,0,0.651322,0.348678
math,48,2000,2001,1,0.094257,0.905743
math,48,2000,2002,2,0.167677,0.832323
math,48,2000,2003,3,0.167486,0.832514
math,48,2000,2004,4,0.032069,0.967931
math,48,2000,2005,5,0.37949,0.62051
math,48,2000,2006,6,0.008657,0.991343
math,48,2000,2007,7,0.014636,0.985364
math,48,2000,2008,8,0.0,1.0
math,48,2000,2009,9,0.221334,0.778666
math,48,2000,2010,10,0.090416,0.909584
math,48,2000,2011,11,0.110122,0.889878
math,48,2000,2012,12,0.311493,0.688507
math,48,2000,2013,13,0.090416,0.909584
math,48,2000,2014,14,0.077261,0.922739
math,48,2000,2015,15,0.140677,0.859323
math,48,2000,2016,16,0.321334,0.678666
math,48,2000,2017,17,0.144265,0.855735
math,48,2000,2018,18,0.202836,0.797164
math,48,2000,2019,19,0.203901,0.796099
math,48,2000,2020,20,0.229992,0.770008
math,48,2000,2021,21,0.167486,0.832514
math,48,2000,2022,22,0.212677,0.787323
math,48,2000,2023,23,0.316551,0.683449
math,48,2000,2024,24,0.30435,0.69565
math,48,2000,2025,25,0.167677,0.832323
math,49,2000,2000,0,0.651322,0.348678
math,49,2000,2001,1,0.135416,0.864584
math,49,2000,2002,2,0.063416,0.936584
math,49,2000,2003,3,0.063416,0.936584
math,49,2000,2004,4,0.126833,0.873167
math,49,2000,2005,5,0.063416,0.936584
math,49,2000,2006,6,0.063416,0.936584
math,49,2000,2007,7,0.095486,0.904514
math,49,2000,2008,8,0.063416,0.936584
math,49,2000,2009,9,0.140677,0.859323
math,49,2000,2010,10,0.063416,0.936584
math,49,2000,2011,11,0.10028,0.89972
math,49,2000,2012,12,0.063416,0.936584
math,49,2000,2013,13,0.153833,0.846167
math,49,2000,2014,14,0.063416,0.936584
math,49,2000,2015,15,0.063416,0.936584
math,49,2000,2016,16,0.153833,0.846167
math,49,2000,2017,17,0.185902,0.814098
math,49,2000,2018,18,0.085644,0.914356
math,49,2000,2019,19,0.095486,0.904514
math,49,2000,2020,20,0.085644,0.914356
math,49,2000,2021,21,0.063416,0.936584
math,49,2000,2022,22,0.085644,0.914356
math,49,2000,2023,23,0.108608,0.891392
math,49,2000,2024,24,0.063416,0.936584
math,49,2000,2025,25,0.153833,0.846167
math,50,2002,2002,0,0.651322,0.348678
math,50,2002,2003,1,0.090416,0.909584
math,50,2002,2004,2,0.135416,0.864584
math,50,2002,2005,3,0.0,1.0
math,50,2002,2006,4,0.008657,0.991343
math,50,2002,2007,5,0.235416,0.764584
math,50,2002,2008,6,0.090416,0.909584
math,50,2002,2009,7,0.157644,0.842356
math,50,2002,2010,8,0.090416,0.909584
math,50,2002,2011,9,0.112644,0.887356
math,50,2002,2012,10,0.257644,0.742356
math,50,2002,2013,11,0.053849,0.946151
math,50,2002,2014,12,0.235416,0.764584
math,50,2002,2015,13,0.157644,0.842356
math,50,2002,2016,14,0.157644,0.842356
math,50,2002,2017,15,0.135416,0.864584
math,50,2002,2018,16,0.112644,0.887356
math,50,2002,2019,17,0.085644,0.914356
math,50,2002,2020,18,0.189714,0.810286
math,50,2002,2021,19,0.157644,0.842356
math,50,2002,2022,20,0.078052,0.921948
math,50,2002,2023,21,0.144074,0.855926
math,50,2002,2024,22,0.067419,0.932581
math,50,2002,2025,23,0.112644,0.887356
math,51,2000,2000,0,0.651322,0.348678
math,51,2000,2001,1,0.0,1.0
math,51,2000,2003,3,0.0,1.0
math,51,2000,2004,4,0.0,1.0
math,51,2000,2005,5,0.0,1.0
math,51,2000,2006,6,0.032069,0.967931
math,51,2000,2007,7,0.135416,0.864584
math,51,2000,2008,8,0.0,1.0
math,51,2000,2009,9,0.0,1.0
math,51,2000,2010,10,0.008657,0.991343
math,51,2000,2011,11,0.0,1.0
math,51,2000,2012,12,0.0,1.0
math,51,2000,2013,13,0.0,1.0
math,51,2000,2014,14,0.008657,0.991343
math,51,2000,2015,15,0.0,1.0
math,51,2000,2016,16,0.135416,0.864584
math,51,2000,2017,17,0.0,1.0
math,51,2000,2018,18,0.0,1.0
math,51,2000,2019,19,0.0,1.0
math,51,2000,2020,20,0.0,1.0
math,51,2000,2021,21,0.0,1.0
math,51,2000,2022,22,0.008657,0.991343
math,51,2000,2023,23,0.0,1.0
math,51,2000,2024,24,0.045191,0.954809
math,51,2000,2025,25,0.022228,0.977772
math,52,2001,2001,0,0.651322,0.348678
math,52,2001,2004,3,0.045191,0.954809
math,52,2001,2006,5,0.0,1.0
math,52,2001,2008,7,0.032069,0.967931
math,52,2001,2009,8,0.180608,0.819392
math,52,2001,2010,9,0.0,1.0
math,52,2001,2011,10,0.0,1.0
math,52,2001,2012,11,0.0,1.0
math,52,2001,2013,12,0.063416,0.936584
math,52,2001,2014,13,0.0,1.0
math,52,2001,2015,14,0.022228,0.977772
math,52,2001,2016,15,0.0,1.0
math,52,2001,2017,16,0.008657,0.991343
math,52,2001,2018,17,0.022228,0.977772
math,52,2001,2019,18,0.0,1.0
math,52,2001,2020,19,0.0,1.0
math,52,2001,2021,20,0.0,1.0
math,52,2001,2022,21,0.032069,0.967931
math,52,2001,2023,22,0.032069,0.967931
math,52,2001,2024,23,0.0,1.0
math,52,2001,2025,24,0.0,1.0
math,53,2000,2000,0,0.651322,0.348678
math,53,2000,2002,2,0.0,1.0
math,53,2000,2003,3,0.0,1.0
math,53,2000,2004,4,0.0,1.0
math,53,2000,2005,5,0.0,1.0
math,53,2000,2006,6,0.0,1.0
math,53,2000,2007,7,0.0,1.0
math,53,2000,2008,8,0.0,1.0
math,53,2000,2009,9,0.0,1.0
math,53,2000,2010,10,0.0,1.0
math,53,2000,2011,11,0.0,1.0
math,53,2000,2012,12,0.0,1.0
math,53,2000,2013,13,0.0,1.0
math,53,2000,2014,14,0.008657,0.991343
math,53,2000,2015,15,0.0,1.0
math,53,2000,2016,16,0.0,1.0
math,53,2000,2017,17,0.0,1.0
math,53,2000,2018,18,0.0,1.0
math,53,2000,2019,19,0.0,1.0
math,53,2000,2020,20,0.0,1.0
math,53,2000,2021,21,0.0,1.0
math,53,2000,2022,22,0.0,1.0
math,53,2000,2023,23,0.0,1.0
math,53,2000,2024,24,0.0,1.0
math,53,2000,2025,25,0.0,1.0
math,54,2000,2000,0,0.651322,0.348678
math,54,2000,2006,6,0.0,1.0
math,54,2000,2007,7,0.0,1.0
math,54,2000,2008,8,0.0,1.0
math,54,2000,2009,9,0.0,1.0
math,54,2000,2010,10,0.0,1.0
math,54,2000,2011,11,0.053849,0.946151
math,54,2000,2012,12,0.0,1.0
math,54,2000,2013,13,0.135416,0.864584
math,54,2000,2014,14,0.135416,0.864584
math,54,2000,2015,15,0.235416,0.764584
math,54,2000,2016,16,0.135416,0.864584
math,54,2000,2017,17,0.059827,0.940173
math,54,2000,2018,18,0.003874,0.996126
math,54,2000,2019,19,0.032069,0.967931
math,54,2000,2020,20,0.017314,0.982686
math,54,2000,2021,21,0.045191,0.954809
math,54,2000,2022,22,0.022228,0.977772
math,54,2000,2023,23,0.135416,0.864584
math,54,2000,2024,24,0.099074,0.900926
math,54,2000,2025,25,0.135416,0.864584
math,55,2000,2000,0,0.651322,0.348678
math,55,2000,2001,1,0.424681,0.575319
math,55,2000,2002,2,0.310375,0.689625
math,55,2000,2003,3,0.257644,0.742356
math,55,2000,2004,4,0.344024,0.655976
math,55,2000,2005,5,0.37949,0.62051
math,55,2000,2006,6,0.244249,0.755751
math,55,2000,2007,7,0.389249,0.610751
math,55,2000,2008,8,0.389249,0.610751
math,55,2000,2009,9,0.325833,0.674167
math,55,2000,2010,10,0.112482,0.887518
math,55,2000,2011,11,0.153833,0.846167
math,55,2000,2012,12,0.27228,0.72772
math,55,2000,2013,13,0.198833,0.801167
math,55,2000,2014,14,0.094575,0.905425
math,55,2000,2015,15,0.180833,0.819167
math,55,2000,2016,16,0.329707,0.670293
math,55,2000,2017,17,0.23449,0.76551
math,55,2000,2018,18,0.105052,0.894948
math,55,2000,2019,19,0.199024,0.800976
math,55,2000,2020,20,0.130836,0.869164
math,55,2000,2021,21,0.12728,0.87272
math,55,2000,2022,22,0.271024,0.728976
math,55,2000,2023,23,0.338364,0.661636
math,55,2000,2024,24,0.195244,0.804756
math,55,2000,2025,25,0.325833,0.674167
math,56,2001,2001,0,0.651322,0.348678
math,56,2001,2002,1,0.0,1.0
math,56,2001,2004,3,0.0,1.0
math,56,2001,2005,4,0.046705,0.953295
math,56,2001,2006,5,0.014636,0.985364
math,56,2001,2007,6,0.077261,0.922739
math,56,2001,2008,7,0.008657,0.991343
math,56,2001,2009,8,0.014636,0.985364
math,56,2001,2010,9,0.0,1.0
math,56,2001,2011,10,0.0,1.0
math,56,2001,2012,11,0.0,1.0
math,56,2001,2013,12,0.022228,0.977772
math,56,2001,2014,13,0.0,1.0
math,56,2001,2015,14,0.077261,0.922739
math,56,2001,2016,15,0.045191,0.954809
math,56,2001,2017,16,0.035944,0.964056
math,56,2001,2018,17,0.032069,0.967931
math,56,2001,2019,18,0.032069,0.967931
math,56,2001,2020,19,0.040727,0.959273
math,56,2001,2021,20,0.046705,0.953295
math,56,2001,2022,21,0.032069,0.967931
math,56,2001,2023,22,0.032069,0.967931
math,56,2001,2024,23,0.032069,0.967931
math,56,2001,2025,24,0.050579,0.949421
math,57,2000,2000,0,0.651322,0.348678
math,57,2000,2001,1,0.0,1.0
math,57,2000,2002,2,0.0,1.0
math,57,2000,2003,3,0.0,1.0
math,57,2000,2004,4,0.063416,0.936584
math,57,2000,2005,5,0.0,1.0
math,57,2000,2006,6,0.0,1.0
math,57,2000,2007,7,0.0,1.0
math,57,2000,2008,8,0.0,1.0
math,57,2000,2009,9,0.0,1.0
math,57,2000,2010,10,0.0,1.0
math,57,2000,2011,11,0.0,1.0
math,57,2000,2012,12,0.0,1.0
math,57,2000,2013,13,0.0,1.0
math,57,2000,2014,14,0.0,1.0
math,57,2000,2015,15,0.0,1.0
math,57,2000,2016,16,0.0,1.0
math,57,2000,2017,17,0.0,1.0
math,57,2000,2018,18,0.0,1.0
math,57,2000,2019,19,0.0,1.0
math,57,2000,2020,20,0.0,1.0
math,57,2000,2021,21,0.0,1.0
math,57,2000,2022,22,0.0,1.0
math,57,2000,2023,23,0.0,1.0
math,57,2000,2024,24,0.0,1.0
math,57,2000,2025,25,0.0,1.0
math,58,2000,2000,0,0.651322,0.348678
math,58,2000,2002,2,0.095486,0.904514
math,58,2000,2003,3,0.063416,0.936584
math,58,2000,2004,4,0.090416,0.909584
math,58,2000,2005,5,0.135608,0.864392
math,58,2000,2006,6,0.198833,0.801167
math,58,2000,2007,7,0.0,1.0
math,58,2000,2008,8,0.0,1.0
math,58,2000,2009,9,0.235416,0.764584
math,58,2000,2010,10,0.235416,0.764584
math,58,2000,2011,11,0.257644,0.742356
math,58,2000,2012,12,0.235416,0.764584
math,58,2000,2013,13,0.235416,0.764584
math,58,2000,2014,14,0.280608,0.719392
math,58,2000,2015,15,0.135416,0.864584
math,58,2000,2016,16,0.250052,0.749948
math,58,2000,2017,17,0.267486,0.732514
math,58,2000,2018,18,0.235416,0.764584
math,58,2000,2019,19,0.235416,0.764584
math,58,2000,2020,20,0.235416,0.764584
math,58,2000,2021,21,0.280608,0.719392
math,58,2000,2022,22,0.280608,0.719392
math,58,2000,2023,23,0.235416,0.764584
math,58,2000,2024,24,0.267486,0.732514
math,58,2000,2025,25,0.139291,0.860709
math,59,2001,2001,0,0.651322,0.348678
math,59,2001,2002,1,0.014636,0.985364
math,59,2001,2003,2,0.090416,0.909584
math,59,2001,2004,3,0.032069,0.967931
math,59,2001,2005,4,0.135416,0.864584
math,59,2001,2006,5,0.045191,0.954809
math,59,2001,2007,6,0.135416,0.864584
math,59,2001,2008,7,0.003874,0.996126
math,59,2001,2009,8,0.032069,0.967931
math,59,2001,2010,9,0.090416,0.909584
math,59,2001,2011,10,0.150052,0.849948
math,59,2001,2012,11,0.135416,0.864584
math,59,2001,2013,12,0.135416,0.864584
math,59,2001,2014,13,0.135416,0.864584
math,59,2001,2015,14,0.135416,0.864584
math,59,2001,2016,15,0.090416,0.909584
math,59,2001,2017,16,0.135416,0.864584
math,59,2001,2018,17,0.135416,0.864584
math,59,2001,2019,18,0.150052,0.849948
math,59,2001,2020,19,0.135416,0.864584
math,59,2001,2021,20,0.150052,0.849948
math,59,2001,2022,21,0.135416,0.864584
math,59,2001,2023,22,0.150052,0.849948
math,59,2001,2024,23,0.090416,0.909584
math,59,2001,2025,24,0.135416,0.864584
math,60,2000,2000,0,0.651322,0.348678
math,60,2000,2001,1,0.057723,0.942277
math,60,2000,2002,2,0.032069,0.967931
math,60,2000,2003,3,0.044601,0.955399
math,60,2000,2004,4,0.012531,0.987469
math,60,2000,2005,5,0.057723,0.942277
math,60,2000,2006,6,0.045191,0.954809
math,60,2000,2007,7,0.057723,0.942277
math,60,2000,2008,8,0.012531,0.987469
math,60,2000,2009,9,0.079951,0.920049
math,60,2000,2010,10,0.057723,0.942277
math,60,2000,2011,11,0.057723,0.942277
math,60,2000,2012,12,0.057723,0.942277
math,60,2000,2013,13,0.057723,0.942277
math,60,2000,2014,14,0.057723,0.942277
math,60,2000,2015,15,0.012531,0.987469
math,60,2000,2016,16,0.012531,0.987469
math,60,2000,2017,17,0.012531,0.987469
math,60,2000,2018,18,0.034759,0.965241
math,60,2000,2019,19,0.012531,0.987469
math,60,2000,2020,20,0.057723,0.942277
math,60,2000,2021,21,0.057723,0.942277
math,60,2000,2022,22,0.021189,0.978811
math,60,2000,2023,23,0.012531,0.987469
math,60,2000,2024,24,0.057723,0.942277
math,60,2000,2025,25,0.012531,0.987469
math,61,2000,2000,0,0.651322,0.348678
math,61,2000,2001,1,0.0,1.0
math,61,2000,2002,2,0.0,1.0
math,61,2000,2003,3,0.0,1.0
math,61,2000,2004,4,0.003874,0.996126
math,61,2000,2005,5,0.0,1.0
math,61,2000,2006,6,0.0,1.0
math,61,2000,2007,7,0.003874,0.996126
math,61,2000,2008,8,0.0,1.0
math,61,2000,2009,9,0.0,1.0
math,61,2000,2010,10,0.003874,0.996126
math,61,2000,2011,11,0.0,1.0
math,61,2000,2012,12,0.0,1.0
math,61,2000,2013,13,0.003874,0.996126
math,61,2000,2014,14,0.003874,0.996126
math,61,2000,2015,15,0.0,1.0
math,61,2000,2016,16,0.003874,0.996126
math,61,2000,2017,17,0.0,1.0
math,61,2000,2018,18,0.003874,0.996126
math,61,2000,2019,19,0.003874,0.996126
math,61,2000,2020,20,0.01851,0.98149
math,61,2000,2021,21,0.003874,0.996126
math,61,2000,2022,22,0.0,1.0
math,61,2000,2023,23,0.0,1.0
math,61,2000,2024,24,0.003874,0.996126
math,61,2000,2025,25,0.0,1.0
math,62,2000,2000,0,0.651322,0.348678
math,62,2000,2001,1,0.0,1.0
math,62,2000,2002,2,0.0,1.0
math,62,2000,2003,3,0.0,1.0
math,62,2000,2004,4,0.0,1.0
math,62,2000,2005,5,0.0,1.0
math,62,2000,2006,6,0.0,1.0
math,62,2000,2007,7,0.0,1.0
math,62,2000,2008,8,0.135608,0.864392
math,62,2000,2009,9,0.045191,0.954809
math,62,2000,2010,10,0.0,1.0
math,62,2000,2011,11,0.014636,0.985364
math,62,2000,2012,12,0.090416,0.909584
math,62,2000,2013,13,0.090416,0.909584
math,62,2000,2014,14,0.078052,0.921948
math,62,2000,2015,15,0.032069,0.967931
math,62,2000,2016,16,0.032069,0.967931
math,62,2000,2017,17,0.0,1.0
math,62,2000,2018,18,0.135416,0.864584
math,62,2000,2019,19,0.014636,0.985364
math,62,2000,2020,20,0.032069,0.967931
math,62,2000,2021,21,0.063416,0.936584
math,62,2000,2022,22,0.022228,0.977772
math,62,2000,2023,23,0.135416,0.864584
math,62,2000,2024,24,0.090416,0.909584
math,62,2000,2025,25,0.008657,0.991343
math,63,2000,2000,0,0.651322,0.348678
math,63,2000,2001,1,0.022228,0.977772
math,63,2000,2002,2,0.153833,0.846167
math,63,2000,2003,3,0.0,1.0
math,63,2000,2004,4,0.150052,0.849948
math,63,2000,2005,5,0.014636,0.985364
math,63,2000,2006,6,0.0,1.0
math,63,2000,2007,7,0.0,1.0
math,63,2000,2008,8,0.022228,0.977772
math,63,2000,2009,9,0.099074,0.900926
math,63,2000,2010,10,0.225833,0.774167
math,63,2000,2011,11,0.0,1.0
math,63,2000,2012,12,0.0,1.0
math,63,2000,2013,13,0.0,1.0
math,63,2000,2014,14,0.0,1.0
math,63,2000,2015,15,0.267486,0.732514
math,63,2000,2016,16,0.053849,0.946151
math,63,2000,2017,17,0.267486,0.732514
math,63,2000,2018,18,0.325833,0.674167
math,63,2000,2019,19,0.094291,0.905709
math,63,2000,2020,20,0.045191,0.954809
math,63,2000,2021,21,0.0,1.0
math,63,2000,2022,22,0.090416,0.909584
math,63,2000,2023,23,0.250052,0.749948
math,63,2000,2024,24,0.008657,0.991343
math,63,2000,2025,25,0.090416,0.909584
math,64,2000,2000,0,0.651322,0.348678
math,64,2000,2001,1,0.406776,0.593224
math,64,2000,2002,2,0.105052,0.894948
math,64,2000,2003,3,0.108926,0.891074
math,64,2000,2004,4,0.105052,0.894948
math,64,2000,2005,5,0.108926,0.891074
math,64,2000,2006,6,0.105052,0.894948
math,64,2000,2007,7,0.105052,0.894948
math,64,2000,2008,8,0.113709,0.886291
math,64,2000,2009,9,0.105052,0.894948
math,64,2000,2010,10,0.105052,0.894948
math,64,2000,2011,11,0.137122,0.862878
math,64,2000,2012,12,0.330885,0.669115
math,64,2000,2013,13,0.105052,0.894948
math,64,2000,2014,14,0.105052,0.894948
math,64,2000,2015,15,0.105052,0.894948
math,64,2000,2016,16,0.105052,0.894948
math,64,2000,2017,17,0.105052,0.894948
math,64,2000,2018,18,0.12728,0.87272
math,64,2000,2019,19,0.105052,0.894948
math,64,2000,2020,20,0.105052,0.894948
math,64,2000,2021,21,0.137122,0.862878
math,64,2000,2022,22,0.105052,0.894948
math,64,2000,2023,23,0.105052,0.894948
math,64,2000,2024,24,0.195469,0.804531
math,64,2000,2025,25,0.176217,0.823783
math,65,2001,2001,0,0.651322,0.348678
math,65,2001,2003,2,0.0,1.0
math,65,2001,2004,3,0.032069,0.967931
math,65,2001,2005,4,0.0,1.0
math,65,2001,2006,5,0.0,1.0
math,65,2001,2007,6,0.014636,0.985364
math,65,2001,2008,7,0.0,1.0
math,65,2001,2009,8,0.0,1.0
math,65,2001,2010,9,0.0,1.0
math,65,2001,2011,10,0.0,1.0
math,65,2001,2012,11,0.032069,0.967931
math,65,2001,2013,12,0.0,1.0
math,65,2001,2014,13,0.0,1.0
math,65,2001,2015,14,0.0,1.0
math,65,2001,2016,15,0.0,1.0
math,65,2001,2017,16,0.0,1.0
math,65,2001,2018,17,0.0,1.0
math,65,2001,2019,18,0.0,1.0
math,65,2001,2020,19,0.0,1.0
math,65,2001,2021,20,0.032069,0.967931
math,65,2001,2022,21,0.032069,0.967931
math,65,2001,2023,22,0.022228,0.977772
math,65,2001,2024,23,0.014636,0.985364
math,65,2001,2025,24,0.0,1.0
math,66,2000,2000,0,0.651322,0.348678
math,66,2000,2003,3,0.036864,0.963136
math,66,2000,2006,6,0.0,1.0
math,66,2000,2007,7,0.0,1.0
math,66,2000,2009,9,0.0,1.0
math,66,2000,2010,10,0.0,1.0
math,66,2000,2011,11,0.0,1.0
math,66,2000,2012,12,0.032069,0.967931
math,66,2000,2013,13,0.0,1.0
math,66,2000,2014,14,0.0,1.0
math,66,2000,2015,15,0.0,1.0
math,66,2000,2016,16,0.0,1.0
math,66,2000,2017,17,0.0,1.0
math,66,2000,2018,18,0.0,1.0
math,66,2000,2019,19,0.0,1.0
math,66,2000,2020,20,0.0,1.0
math,66,2000,2021,21,0.0,1.0
math,66,2000,2022,22,0.0,1.0
math,66,2000,2023,23,0.090416,0.909584
math,66,2000,2024,24,0.0,1.0
math,66,2000,2025,25,0.0,1.0
math,67,2000,2000,0,0.651322,0.348678
math,67,2000,2001,1,0.008657,0.991343
math,67,2000,2002,2,0.045191,0.954809
math,67,2000,2003,3,0.063416,0.936584
math,67,2000,2004,4,0.0,1.0
math,67,2000,2005,5,0.063416,0.936584
math,67,2000,2006,6,0.063416,0.936584
math,67,2000,2007,7,0.003874,0.996126
math,67,2000,2008,8,0.063416,0.936584
math,67,2000,2009,9,0.032069,0.967931
math,67,2000,2010,10,0.063416,0.936584
math,67,2000,2011,11,0.085644,0.914356
math,67,2000,2012,12,0.063416,0.936584
math,67,2000,2013,13,0.063416,0.936584
math,67,2000,2014,14,0.063416,0.936584
math,67,2000,2015,15,0.063416,0.936584
math,67,2000,2016,16,0.063416,0.936584
math,67,2000,2017,17,0.063416,0.936584
math,67,2000,2018,18,0.067419,0.932581
math,67,2000,2019,19,0.063416,0.936584
math,67,2000,2020,20,0.085644,0.914356
math,67,2000,2021,21,0.0,1.0
math,67,2000,2022,22,0.063416,0.936584
math,67,2000,2023,23,0.063416,0.936584
math,67,2000,2024,24,0.063416,0.936584
math,67,2000,2025,25,0.063416,0.936584
math,68,2000,2000,0,0.651322,0.348678
math,68,2000,2001,1,0.014636,0.985364
math,68,2000,2002,2,0.0,1.0
math,68,2000,2003,3,0.003874,0.996126
math,68,2000,2004,4,0.0,1.0
math,68,2000,2005,5,0.0,1.0
math,68,2000,2006,6,0.078052,0.921948
math,68,2000,2007,7,0.0,1.0
math,68,2000,2008,8,0.014636,0.985364
math,68,2000,2009,9,0.014636,0.985364
math,68,2000,2010,10,0.003874,0.996126
math,68,2000,2011,11,0.063416,0.936584
math,68,2000,2012,12,0.036864,0.963136
math,68,2000,2013,13,0.014636,0.985364
math,68,2000,2014,14,0.0,1.0
math,68,2000,2015,15,0.078052,0.921948
math,68,2000,2016,16,0.0,1.0
math,68,2000,2017,17,0.046705,0.953295
math,68,2000,2018,18,0.063416,0.936584
math,68,2000,2019,19,0.078052,0.921948
math,68,2000,2020,20,0.032069,0.967931
math,68,2000,2021,21,0.072074,0.927926
math,68,2000,2022,22,0.078052,0.921948
math,68,2000,2023,23,0.078052,0.921948
math,68,2000,2024,24,0.078052,0.921948
math,68,2000,2025,25,0.078052,0.921948
math,69,2000,2000,0,0.651322,0.348678
math,69,2000,2001,1,0.122486,0.877514
math,69,2000,2002,2,0.035944,0.964056
math,69,2000,2003,3,0.003874,0.996126
math,69,2000,2004,4,0.090416,0.909584
math,69,2000,2005,5,0.0,1.0
math,69,2000,2006,6,0.032069,0.967931
math,69,2000,2007,7,0.045191,0.954809
math,69,2000,2008,8,0.0,1.0
math,69,2000,2009,9,0.090416,0.909584
math,69,2000,2010,10,0.003874,0.996126
math,69,2000,2011,11,0.0,1.0
math,69,2000,2012,12,0.0,1.0
math,69,2000,2013,13,0.0,1.0
math,69,2000,2014,14,0.022228,0.977772
math,69,2000,2015,15,0.058172,0.941828
math,69,2000,2016,16,0.0,1.0
math,69,2000,2017,17,0.0,1.0
math,69,2000,2018,18,0.014636,0.985364
math,69,2000,2019,19,0.090416,0.909584
math,69,2000,2020,20,0.085644,0.914356
math,69,2000,2021,21,0.063416,0.936584
math,69,2000,2022,22,0.054297,0.945703
math,69,2000,2023,23,0.003874,0.996126
math,69,2000,2024,24,0.0,1.0
math,69,2000,2025,25,0.0,1.0
math,70,2000,2000,0,0.651322,0.348678
math,70,2000,2001,1,0.032069,0.967931
math,70,2000,2002,2,0.032069,0.967931
math,70,2000,2003,3,0.032069,0.967931
math,70,2000,2004,4,0.032069,0.967931
math,70,2000,2005,5,0.032069,0.967931
math,70,2000,2006,6,0.032069,0.967931
math,70,2000,2007,7,0.032069,0.967931
math,70,2000,2008,8,0.032069,0.967931
math,70,2000,2009,9,0.032069,0.967931
math,70,2000,2010,10,0.032069,0.967931
math,70,2000,2011,11,0.032069,0.967931
math,70,2000,2012,12,0.032069,0.967931
math,70,2000,2013,13,0.032069,0.967931
math,70,2000,2014,14,0.032069,0.967931
math,70,2000,2015,15,0.032069,0.967931
math,70,2000,2016,16,0.032069,0.967931
math,70,2000,2017,17,0.032069,0.967931
math,70,2000,2018,18,0.032069,0.967931
math,70,2000,2019,19,0.032069,0.967931
math,70,2000,2020,20,0.032069,0.967931
math,70,2000,2021,21,0.032069,0.967931
math,70,2000,2022,22,0.032069,0.967931
math,70,2000,2023,23,0.032069,0.967931
math,70,2000,2024,24,0.032069,0.967931
math,70,2000,2025,25,0.032069,0.967931
math,71,2008,2008,0,0.651322,0.348678
math,71,2008,2011,3,0.076076,0.923924
math,71,2008,2012,4,0.036864,0.963136
math,71,2008,2013,5,0.022228,0.977772
math,71,2008,2014,6,0.022228,0.977772
math,71,2008,2015,7,0.022228,0.977772
math,71,2008,2016,8,0.044456,0.955544
math,71,2008,2017,9,0.040738,0.959262
math,71,2008,2018,10,0.076525,0.923475
math,71,2008,2019,11,0.036864,0.963136
math,71,2008,2020,12,0.022228,0.977772
math,71,2008,2021,13,0.036864,0.963136
math,71,2008,2022,14,0.112644,0.887356
math,71,2008,2023,15,0.022228,0.977772
math,71,2008,2024,16,0.026102,0.973898
math,71,2008,2025,17,0.040738,0.959262
math,72,2001,2001,0,0.651322,0.348678
math,72,2001,2003,2,0.0,1.0
math,72,2001,2004,3,0.0,1.0
math,72,2001,2005,4,0.0,1.0
math,72,2001,2006,5,0.312677,0.687323
math,72,2001,2007,6,0.0,1.0
math,72,2001,2008,7,0.0,1.0
math,72,2001,2009,8,0.0,1.0
math,72,2001,2010,9,0.0,1.0
math,72,2001,2011,10,0.0,1.0
math,72,2001,2012,11,0.0,1.0
math,72,2001,2013,12,0.0,1.0
math,72,2001,2014,13,0.0,1.0
math,72,2001,2015,14,0.0,1.0
math,72,2001,2016,15,0.0,1.0
math,72,2001,2017,16,0.0,1.0
math,72,2001,2018,17,0.0,1.0
math,72,2001,2019,18,0.0,1.0
math,72,2001,2020,19,0.0,1.0
math,72,2001,2021,20,0.0,1.0
math,72,2001,2022,21,0.0,1.0
math,72,2001,2023,22,0.0,1.0
math,72,2001,2024,23,0.0,1.0
math,72,2001,2025,24,0.0,1.0
math,73,2000,2000,0,0.651322,0.348678
math,73,2000,2001,1,0.0,1.0
math,73,2000,2002,2,0.0,1.0
math,73,2000,2004,4,0.0,1.0
math,73,2000,2005,5,0.032069,0.967931
math,73,2000,2006,6,0.0,1.0
math,73,2000,2007,7,0.0,1.0
math,73,2000,2008,8,0.0,1.0
math,73,2000,2009,9,0.0,1.0
math,73,2000,2010,10,0.0,1.0
math,73,2000,2011,11,0.0,1.0
math,73,2000,2012,12,0.0,1.0
math,73,2000,2013,13,0.235416,0.764584
math,73,2000,2014,14,0.0,1.0
math,73,2000,2015,15,0.0,1.0
math,73,2000,2016,16,0.0,1.0
math,73,2000,2017,17,0.0,1.0
math,73,2000,2018,18,0.0,1.0
math,73,2000,2019,19,0.0,1.0
math,73,2000,2020,20,0.0,1.0
math,73,2000,2021,21,0.0,1.0
math,73,2000,2022,22,0.0,1.0
math,73,2000,2023,23,0.0,1.0
math,73,2000,2024,24,0.0,1.0
math,73,2000,2025,25,0.0,1.0
math,74,2004,2004,0,0.651322,0.348678
math,74,2004,2006,2,0.003874,0.996126
math,74,2004,2007,3,0.063416,0.936584
math,74,2004,2008,4,0.032069,0.967931
math,74,2004,2009,5,0.0,1.0
math,74,2004,2010,6,0.0,1.0
math,74,2004,2011,7,0.0,1.0
math,74,2004,2012,8,0.0,1.0
math,74,2004,2013,9,0.0,1.0
math,74,2004,2014,10,0.0,1.0
math,74,2004,2015,11,0.003874,0.996126
math,74,2004,2016,12,0.003874,0.996126
math,74,2004,2017,13,0.0,1.0
math,74,2004,2018,14,0.0,1.0
math,74,2004,2019,15,0.032069,0.967931
math,74,2004,2020,16,0.022228,0.977772
math,74,2004,2021,17,0.063416,0.936584
math,74,2004,2022,18,0.067291,0.932709
math,74,2004,2023,19,0.003874,0.996126
math,74,2004,2024,20,0.067291,0.932709
math,74,2004,2025,21,0.0,1.0
math,75,2000,2000,0,0.651322,0.348678
math,75,2000,2001,1,0.0,1.0
math,75,2000,2003,3,0.0,1.0
math,75,2000,2005,5,0.0,1.0
math,75,2000,2006,6,0.0,1.0
math,75,2000,2007,7,0.0,1.0
math,75,2000,2008,8,0.0,1.0
math,75,2000,2009,9,0.0,1.0
math,75,2000,2010,10,0.0,1.0
math,75,2000,2011,11,0.0,1.0
math,75,2000,2012,12,0.0,1.0
math,75,2000,2013,13,0.0,1.0
math,75,2000,2014,14,0.0,1.0
math,75,2000,2015,15,0.0,1.0
math,75,2000,2016,16,0.0,1.0
math,75,2000,2017,17,0.0,1.0
math,75,2000,2018,18,0.0,1.0
math,75,2000,2019,19,0.0,1.0
math,75,2000,2020,20,0.0,1.0
math,75,2000,2021,21,0.0,1.0
math,75,2000,2022,22,0.0,1.0
math,75,2000,2023,23,0.0,1.0
math,75,2000,2024,24,0.0,1.0
math,75,2000,2025,25,0.0,1.0
math,76,2000,2000,0,0.651322,0.348678
math,76,2000,2004,4,0.0,1.0
math,76,2000,2005,5,0.0,1.0
math,76,2000,2007,7,0.0,1.0
math,76,2000,2008,8,0.0,1.0
math,76,2000,2009,9,0.0,1.0
math,76,2000,2010,10,0.0,1.0
math,76,2000,2011,11,0.0,1.0
math,76,2000,2012,12,0.008657,0.991343
math,76,2000,2013,13,0.003874,0.996126
math,76,2000,2014,14,0.063416,0.936584
math,76,2000,2015,15,0.008657,0.991343
math,76,2000,2016,16,0.153833,0.846167
math,76,2000,2017,17,0.095486,0.904514
math,76,2000,2018,18,0.076076,0.923924
math,76,2000,2019,19,0.032069,0.967931
math,76,2000,2020,20,0.035944,0.964056
math,76,2000,2021,21,0.014636,0.985364
math,76,2000,2022,22,0.014636,0.985364
math,76,2000,2023,23,0.067419,0.932581
math,76,2000,2024,24,0.032069,0.967931
math,76,2000,2025,25,0.078052,0.921948
math,77,2003,2003,0,0.651322,0.348678
math,77,2003,2004,1,0.112644,0.887356
math,77,2003,2005,2,0.112644,0.887356
math,77,2003,2006,3,0.067419,0.932581
math,77,2003,2007,4,0.143529,0.856471
math,77,2003,2008,5,0.036864,0.963136
math,77,2003,2009,6,0.12728,0.87272
math,77,2003,2010,7,0.044456,0.955544
math,77,2003,2011,8,0.085644,0.914356
math,77,2003,2012,9,0.026102,0.973898
math,77,2003,2013,10,0.112644,0.887356
math,77,2003,2014,11,0.022228,0.977772
math,77,2003,2015,12,0.022228,0.977772
math,77,2003,2016,13,0.12728,0.87272
math,77,2003,2017,14,0.022228,0.977772
math,77,2003,2018,15,0.022228,0.977772
math,77,2003,2019,16,0.022228,0.977772
math,77,2003,2020,17,0.022228,0.977772
math,77,2003,2021,18,0.022228,0.977772
math,77,2003,2022,19,0.022228,0.977772
math,77,2003,2023,20,0.022228,0.977772
math,77,2003,2024,21,0.026102,0.973898
math,77,2003,2025,22,0.030885,0.969115
math,78,2000,2000,0,0.651322,0.348678
math,78,2000,2001,1,0.176143,0.823857
math,78,2000,2002,2,0.157644,0.842356
math,78,2000,2003,3,0.180608,0.819392
math,78,2000,2004,4,0.280321,0.719679
math,78,2000,2005,5,0.090416,0.909584
math,78,2000,2006,6,0.040727,0.959273
math,78,2000,2007,7,0.032069,0.967931
math,78,2000,2008,8,0.099489,0.900511
math,78,2000,2009,9,0.0,1.0
math,78,2000,2010,10,0.104143,0.895857
math,78,2000,2011,11,0.230902,0.769098
math,78,2000,2012,12,0.231094,0.768906
math,78,2000,2013,13,0.23449,0.76551
math,78,2000,2014,14,0.090416,0.909584
math,78,2000,2015,15,0.095486,0.904514
math,78,2000,2016,16,0.003874,0.996126
math,78,2000,2017,17,0.244024,0.755976
math,78,2000,2018,18,0.190972,0.809028
math,78,2000,2019,19,0.361249,0.638751
math,78,2000,2020,20,0.303094,0.696906
math,78,2000,2021,21,0.389249,0.610751
math,78,2000,2022,22,0.416546,0.583454
math,78,2000,2023,23,0.078052,0.921948
math,78,2000,2024,24,0.262972,0.737028
math,78,2000,2025,25,0.376094,0.623906
math,79,2004,2004,0,0.651322,0.348678
math,79,2004,2005,1,0.303094,0.696906
math,79,2004,2006,2,0.063416,0.936584
math,79,2004,2007,3,0.090416,0.909584
math,79,2004,2008,4,0.0,1.0
math,79,2004,2009,5,0.0,1.0
math,79,2004,2010,6,0.0,1.0
math,79,2004,2011,7,0.0,1.0
math,79,2004,2012,8,0.0,1.0
math,79,2004,2013,9,0.0,1.0
math,79,2004,2014,10,0.0,1.0
math,79,2004,2015,11,0.0,1.0
math,79,2004,2016,12,0.0,1.0
math,79,2004,2017,13,0.0,1.0
math,79,2004,2018,14,0.0,1.0
math,79,2004,2019,15,0.0,1.0
math,79,2004,2020,16,0.0,1.0
math,79,2004,2021,17,0.0,1.0
math,79,2004,2022,18,0.0,1.0
math,79,2004,2023,19,0.0,1.0
math,79,2004,2024,20,0.0,1.0
math,79,2004,2025,21,0.0,1.0
math,80,2001,2001,0,0.651322,0.348678
math,80,2001,2003,2,0.036864,0.963136
math,80,2001,2004,3,0.036864,0.963136
math,80,2001,2005,4,0.022228,0.977772
math,80,2001,2006,5,0.036864,0.963136
math,80,2001,2007,6,0.036864,0.963136
math,80,2001,2008,7,0.036864,0.963136
math,80,2001,2009,8,0.036864,0.963136
math,80,2001,2010,9,0.036864,0.963136
math,80,2001,2011,10,0.036864,0.963136
math,80,2001,2012,11,0.036864,0.963136
math,80,2001,2013,12,0.036864,0.963136
math,80,2001,2014,13,0.036864,0.963136
math,80,2001,2015,14,0.036864,0.963136
math,80,2001,2016,15,0.036864,0.963136
math,80,2001,2017,16,0.036864,0.963136
math,80,2001,2018,17,0.036864,0.963136
math,80,2001,2019,18,0.036864,0.963136
math,80,2001,2020,19,0.036864,0.963136
math,80,2001,2021,20,0.036864,0.963136
math,80,2001,2022,21,0.036864,0.963136
math,80,2001,2023,22,0.036864,0.963136
math,80,2001,2024,23,0.055374,0.944626
math,80,2001,2025,24,0.036864,0.963136
math,81,2001,2001,0,0.651322,0.348678
math,81,2001,2002,1,0.0,1.0
math,81,2001,2004,3,0.180608,0.819392
math,81,2001,2005,4,0.0,1.0
math,81,2001,2006,5,0.049066,0.950934
math,81,2001,2007,6,0.0,1.0
math,81,2001,2008,7,0.046705,0.953295
math,81,2001,2009,8,0.090416,0.909584
math,81,2001,2010,9,0.108608,0.891392
math,81,2001,2011,10,0.077261,0.922739
math,81,2001,2012,11,0.0,1.0
math,81,2001,2013,12,0.108608,0.891392
math,81,2001,2014,13,0.117714,0.882286
math,81,2001,2015,14,0.032069,0.967931
math,81,2001,2016,15,0.0,1.0
math,81,2001,2017,16,0.0,1.0
math,81,2001,2018,17,0.0,1.0
math,81,2001,2019,18,0.045191,0.954809
math,81,2001,2020,19,0.045191,0.954809
math,81,2001,2021,20,0.003874,0.996126
math,81,2001,2022,21,0.0,1.0
math,81,2001,2023,22,0.0,1.0
math,81,2001,2024,23,0.045191,0.954809
math,81,2001,2025,24,0.032069,0.967931
math,82,2008,2008,0,0.651322,0.348678
math,82,2008,2013,5,0.0,1.0
math,82,2008,2014,6,0.0,1.0
math,82,2008,2016,8,0.0,1.0
math,82,2008,2017,9,0.0,1.0
math,82,2008,2018,10,0.0,1.0
math,82,2008,2019,11,0.0,1.0
math,82,2008,2020,12,0.0,1.0
math,82,2008,2021,13,0.0,1.0
math,82,2008,2022,14,0.0,1.0
math,82,2008,2023,15,0.0,1.0
math,82,2008,2024,16,0.0,1.0
math,82,2008,2025,17,0.0,1.0
math,83,2000,2000,0,0.651322,0.348678
math,83,2000,2001,1,0.0,1.0
math,83,2000,2003,3,0.0,1.0
math,83,2000,2004,4,0.0,1.0
math,83,2000,2006,6,0.008657,0.991343
math,83,2000,2007,7,0.014636,0.985364
math,83,2000,2008,8,0.0,1.0
math,83,2000,2009,9,0.105052,0.894948
math,83,2000,2010,10,0.117714,0.882286
math,83,2000,2011,11,0.014636,0.985364
math,83,2000,2012,12,0.134872,0.865128
math,83,2000,2013,13,0.12728,0.87272
math,83,2000,2014,14,0.113709,0.886291
math,83,2000,2015,15,0.0,1.0
math,83,2000,2016,16,0.022228,0.977772
math,83,2000,2017,17,0.082055,0.917945
math,83,2000,2018,18,0.122486,0.877514
math,83,2000,2019,19,0.113709,0.886291
math,83,2000,2020,20,0.112644,0.887356
math,83,2000,2021,21,0.046705,0.953295
math,83,2000,2022,22,0.081135,0.918865
math,83,2000,2023,23,0.068933,0.931067
math,83,2000,2024,24,0.078052,0.921948
math,83,2000,2025,25,0.032069,0.967931
math,84,2001,2001,0,0.651322,0.348678
math,84,2001,2002,1,0.0,1.0
math,84,2001,2003,2,0.0,1.0
math,84,2001,2004,3,0.0,1.0
math,84,2001,2006,5,0.0,1.0
math,84,2001,2007,6,0.0,1.0
math,84,2001,2008,7,0.0,1.0
math,84,2001,2009,8,0.0,1.0
math,84,2001,2010,9,0.0,1.0
math,84,2001,2011,10,0.0,1.0
math,84,2001,2012,11,0.0,1.0
math,84,2001,2013,12,0.0,1.0
math,84,2001,2014,13,0.0,1.0
math,84,2001,2015,14,0.0,1.0
math,84,2001,2016,15,0.0,1.0
math,84,2001,2017,16,0.014636,0.985364
math,84,2001,2018,17,0.0,1.0
math,84,2001,2019,18,0.0,1.0
math,84,2001,2020,19,0.0,1.0
math,84,2001,2021,20,0.0,1.0
math,84,2001,2022,21,0.0,1.0
math,84,2001,2023,22,0.0,1.0
math,84,2001,2024,23,0.0,1.0
math,84,2001,2025,24,0.0,1.0
math,85,2001,2001,0,0.651322,0.348678
math,85,2001,2002,1,0.045191,0.954809
math,85,2001,2003,2,0.0,1.0
math,85,2001,2004,3,0.0,1.0
math,85,2001,2005,4,0.0,1.0
math,85,2001,2006,5,0.063416,0.936584
math,85,2001,2007,6,0.085644,0.914356
math,85,2001,2008,7,0.0,1.0
math,85,2001,2009,8,0.0,1.0
math,85,2001,2010,9,0.045191,0.954809
math,85,2001,2011,10,0.003874,0.996126
math,85,2001,2012,11,0.022228,0.977772
math,85,2001,2013,12,0.067419,0.932581
math,85,2001,2014,13,0.022228,0.977772
math,85,2001,2015,14,0.022228,0.977772
math,85,2001,2016,15,0.022228,0.977772
math,85,2001,2017,16,0.022228,0.977772
math,85,2001,2018,17,0.067419,0.932581
math,85,2001,2019,18,0.045191,0.954809
math,85,2001,2020,19,0.008657,0.991343
math,85,2001,2021,20,0.003874,0.996126
math,85,2001,2022,21,0.067419,0.932581
math,85,2001,2023,22,0.0,1.0
math,85,2001,2024,23,0.003874,0.996126
math,85,2001,2025,24,0.022228,0.977772
math,86,2001,2001,0,0.651322,0.348678
math,86,2001,2003,2,0.0,1.0
math,86,2001,2005,4,0.0,1.0
math,86,2001,2006,5,0.0,1.0
math,86,2001,2008,7,0.0,1.0
math,86,2001,2009,8,0.0,1.0
math,86,2001,2010,9,0.0,1.0
math,86,2001,2011,10,0.0,1.0
math,86,2001,2012,11,0.0,1.0
math,86,2001,2013,12,0.045191,0.954809
math,86,2001,2014,13,0.0,1.0
math,86,2001,2015,14,0.0,1.0
math,86,2001,2016,15,0.0,1.0
math,86,2001,2017,16,0.0,1.0
math,86,2001,2018,17,0.0,1.0
math,86,2001,2019,18,0.014636,0.985364
math,86,2001,2020,19,0.032069,0.967931
math,86,2001,2021,20,0.022228,0.977772
math,86,2001,2022,21,0.0,1.0
math,86,2001,2023,22,0.0,1.0
math,86,2001,2024,23,0.0,1.0
math,86,2001,2025,24,0.022228,0.977772
math,87,2001,2001,0,0.651322,0.348678
math,87,2001,2004,3,0.0,1.0
math,87,2001,2005,4,0.0,1.0
math,87,2001,2006,5,0.0,1.0
math,87,2001,2007,6,0.0,1.0
math,87,2001,2008,7,0.0,1.0
math,87,2001,2009,8,0.0,1.0
math,87,2001,2010,9,0.0,1.0
math,87,2001,2011,10,0.0,1.0
math,87,2001,2012,11,0.0,1.0
math,87,2001,2013,12,0.0,1.0
math,87,2001,2014,13,0.0,1.0
math,87,2001,2015,14,0.0,1.0
math,87,2001,2016,15,0.0,1.0
math,87,2001,2017,16,0.0,1.0
math,87,2001,2018,17,0.0,1.0
math,87,2001,2019,18,0.0,1.0
math,87,2001,2020,19,0.0,1.0
math,87,2001,2021,20,0.0,1.0
math,87,2001,2022,21,0.0,1.0
math,87,2001,2023,22,0.0,1.0
math,87,2001,2024,23,0.0,1.0
math,87,2001,2025,24,0.0,1.0
math,88,2000,2000,0,0.651322,0.348678
math,88,2000,2001,1,0.321061,0.678939
math,88,2000,2002,2,0.195244,0.804756
math,88,2000,2003,3,0.217472,0.782528
math,88,2000,2004,4,0.313469,0.686531
math,88,2000,2005,5,0.313469,0.686531
math,88,2000,2006,6,0.479441,0.520559
math,88,2000,2007,7,0.483315,0.516685
math,88,2000,2008,8,0.198833,0.801167
math,88,2000,2009,9,0.199024,0.800976
math,88,2000,2010,10,0.085644,0.914356
math,88,2000,2011,11,0.325799,0.674201
math,88,2000,2012,12,0.434249,0.565751
math,88,2000,2013,13,0.374909,0.625091
math,88,2000,2014,14,0.17228,0.82772
math,88,2000,2015,15,0.189265,0.810735
math,88,2000,2016,16,0.434441,0.565559
math,88,2000,2017,17,0.295244,0.704756
math,88,2000,2018,18,0.362697,0.637303
math,88,2000,2019,19,0.362249,0.637751
math,88,2000,2020,20,0.416024,0.583976
math,88,2000,2021,21,0.207681,0.792319
math,88,2000,2022,22,0.12728,0.87272
math,88,2000,2023,23,0.150244,0.849756
math,88,2000,2024,24,0.063416,0.936584
math,88,2000,2025,25,0.082055,0.917945
math,89,2006,2006,0,0.651322,0.348678
math,89,2006,2007,1,0.0,1.0
math,89,2006,2008,2,0.008657,0.991343
math,89,2006,2009,3,0.135416,0.864584
math,89,2006,2010,4,0.295244,0.704756
math,89,2006,2011,5,0.072074,0.927926
math,89,2006,2012,6,0.271024,0.728976
math,89,2006,2013,7,0.199024,0.800976
math,89,2006,2014,8,0.045191,0.954809
math,89,2006,2015,9,0.157836,0.842164
math,89,2006,2016,10,0.068484,0.931516
math,89,2006,2017,11,0.067419,0.932581
math,89,2006,2018,12,0.090383,0.909617
math,89,2006,2019,13,0.108608,0.891392
math,89,2006,2020,14,0.157836,0.842164
math,89,2006,2021,15,0.059827,0.940173
math,89,2006,2022,16,0.067419,0.932581
math,89,2006,2023,17,0.045191,0.954809
math,89,2006,2024,18,0.045191,0.954809
math,89,2006,2025,19,0.090383,0.909617
math,90,2003,2003,0,0.651322,0.348678
math,90,2003,2004,1,0.0,1.0
math,90,2003,2007,4,0.045191,0.954809
math,90,2003,2008,5,0.063416,0.936584
math,90,2003,2009,6,0.0,1.0
math,90,2003,2010,7,0.022228,0.977772
math,90,2003,2011,8,0.0,1.0
math,90,2003,2012,9,0.032069,0.967931
math,90,2003,2013,10,0.0,1.0
math,90,2003,2014,11,0.063416,0.936584
math,90,2003,2015,12,0.063416,0.936584
math,90,2003,2016,13,0.063416,0.936584
math,90,2003,2017,14,0.072074,0.927926
math,90,2003,2018,15,0.063416,0.936584
math,90,2003,2019,16,0.063416,0.936584
math,90,2003,2020,17,0.063416,0.936584
math,90,2003,2021,18,0.063416,0.936584
math,90,2003,2022,19,0.045191,0.954809
math,90,2003,2023,20,0.072074,0.927926
math,90,2003,2024,21,0.063416,0.936584
math,90,2003,2025,22,0.063416,0.936584
math,91,2000,2000,0,0.651322,0.348678
math,91,2000,2001,1,0.0,1.0
math,91,2000,2002,2,0.0,1.0
math,91,2000,2003,3,0.090416,0.909584
math,91,2000,2004,4,0.0,1.0
math,91,2000,2005,5,0.0,1.0
math,91,2000,2006,6,0.032069,0.967931
math,91,2000,2007,7,0.045191,0.954809
math,91,2000,2008,8,0.0,1.0
math,91,2000,2009,9,0.0,1.0
math,91,2000,2010,10,0.0,1.0
math,91,2000,2011,11,0.0,1.0
math,91,2000,2012,12,0.045191,0.954809
math,91,2000,2013,13,0.0,1.0
math,91,2000,2014,14,0.0,1.0
math,91,2000,2015,15,0.0,1.0
math,91,2000,2016,16,0.0,1.0
math,91,2000,2017,17,0.003874,0.996126
math,91,2000,2018,18,0.090416,0.909584
math,91,2000,2019,19,0.008657,0.991343
math,91,2000,2020,20,0.014636,0.985364
math,91,2000,2021,21,0.0,1.0
math,91,2000,2022,22,0.0,1.0
math,91,2000,2023,23,0.008657,0.991343
math,91,2000,2024,24,0.022228,0.977772
math,91,2000,2025,25,0.032069,0.967931
math,92,2002,2002,0,0.651322,0.348678
math,92,2002,2003,1,0.0,1.0
math,92,2002,2004,2,0.0,1.0
math,92,2002,2005,3,0.0,1.0
math,92,2002,2006,4,0.0,1.0
math,92,2002,2007,5,0.0,1.0
math,92,2002,2008,6,0.0,1.0
math,92,2002,2009,7,0.0,1.0
math,92,2002,2010,8,0.0,1.0
math,92,2002,2011,9,0.0,1.0
math,92,2002,2012,10,0.0,1.0
math,92,2002,2013,11,0.0,1.0
math,92,2002,2014,12,0.0,1.0
math,92,2002,2015,13,0.0,1.0
math,92,2002,2016,14,0.0,1.0
math,92,2002,2017,15,0.0,1.0
math,92,2002,2018,16,0.0,1.0
math,92,2002,2019,17,0.0,1.0
math,92,2002,2020,18,0.0,1.0
math,92,2002,2021,19,0.0,1.0
math,92,2002,2022,20,0.0,1.0
math,92,2002,2023,21,0.0,1.0
math,92,2002,2024,22,0.0,1.0
math,92,2002,2025,23,0.0,1.0
math,93,2000,2000,0,0.651322,0.348678
math,93,2000,2001,1,0.258709,0.741291
math,93,2000,2002,2,0.235416,0.764584
math,93,2000,2003,3,0.117584,0.882416
math,93,2000,2004,4,0.244074,0.755926
math,93,2000,2005,5,0.262584,0.737416
math,93,2000,2006,6,0.258709,0.741291
math,93,2000,2007,7,0.250052,0.749948
math,93,2000,2008,8,0.250052,0.749948
math,93,2000,2009,9,0.247948,0.752052
math,93,2000,2010,10,0.144074,0.855926
math,93,2000,2011,11,0.244074,0.755926
math,93,2000,2012,12,0.239291,0.760709
math,93,2000,2013,13,0.244074,0.755926
math,93,2000,2014,14,0.244074,0.755926
math,93,2000,2015,15,0.235416,0.764584
math,93,2000,2016,16,0.144074,0.855926
math,93,2000,2017,17,0.099074,0.900926
math,93,2000,2018,18,0.244074,0.755926
math,93,2000,2019,19,0.244074,0.755926
math,93,2000,2020,20,0.252731,0.747269
math,93,2000,2021,21,0.258709,0.741291
math,93,2000,2022,22,0.267367,0.732633
math,93,2000,2023,23,0.244074,0.755926
math,93,2000,2024,24,0.30749,0.69251
math,93,2000,2025,25,0.258709,0.741291
math,94,2000,2000,0,0.651322,0.348678
math,94,2000,2003,3,0.032069,0.967931
math,94,2000,2005,5,0.090416,0.909584
math,94,2000,2007,7,0.090416,0.909584
math,94,2000,2008,8,0.090416,0.909584
math,94,2000,2009,9,0.022228,0.977772
math,94,2000,2010,10,0.090416,0.909584
math,94,2000,2011,11,0.090416,0.909584
math,94,2000,2012,12,0.090416,0.909584
math,94,2000,2013,13,0.090416,0.909584
math,94,2000,2014,14,0.0,1.0
math,94,2000,2015,15,0.090416,0.909584
math,94,2000,2016,16,0.090416,0.909584
math,94,2000,2017,17,0.090416,0.909584
math,94,2000,2018,18,0.045191,0.954809
math,94,2000,2019,19,0.045191,0.954809
math,94,2000,2020,20,0.090416,0.909584
math,94,2000,2021,21,0.105052,0.894948
math,94,2000,2022,22,0.022228,0.977772
math,94,2000,2023,23,0.090416,0.909584
math,94,2000,2024,24,0.090416,0.909584
math,94,2000,2025,25,0.090416,0.909584
math,95,2001,2001,0,0.651322,0.348678
math,95,2001,2002,1,0.0,1.0
math,95,2001,2003,2,0.045191,0.954809
math,95,2001,2005,4,0.0,1.0
math,95,2001,2006,5,0.0,1.0
math,95,2001,2007,6,0.090416,0.909584
math,95,2001,2008,7,0.045191,0.954809
math,95,2001,2009,8,0.0,1.0
math,95,2001,2010,9,0.0,1.0
math,95,2001,2011,10,0.0,1.0
math,95,2001,2012,11,0.0,1.0
math,95,2001,2013,12,0.0,1.0
math,95,2001,2014,13,0.0,1.0
math,95,2001,2015,14,0.0,1.0
math,95,2001,2016,15,0.0,1.0
math,95,2001,2017,16,0.032069,0.967931
math,95,2001,2018,17,0.014636,0.985364
math,95,2001,2019,18,0.045191,0.954809
math,95,2001,2020,19,0.022228,0.977772
math,95,2001,2021,20,0.0,1.0
math,95,2001,2022,21,0.0,1.0
math,95,2001,2023,22,0.0,1.0
math,95,2001,2024,23,0.045191,0.954809
math,95,2001,2025,24,0.063416,0.936584
math,96,2004,2004,0,0.651322,0.348678
math,96,2004,2005,1,0.258709,0.741291
math,96,2004,2006,2,0.267486,0.732514
math,96,2004,2007,3,0.235416,0.764584
math,96,2004,2008,4,0.239291,0.760709
math,96,2004,2009,5,0.01851,0.98149
math,96,2004,2010,6,0.235416,0.764584
math,96,2004,2011,7,0.235416,0.764584
math,96,2004,2012,8,0.235416,0.764584
math,96,2004,2013,9,0.239291,0.760709
math,96,2004,2014,10,0.244074,0.755926
math,96,2004,2015,11,0.276143,0.723857
math,96,2004,2016,12,0.266301,0.733699
math,96,2004,2017,13,0.250052,0.749948
math,96,2004,2018,14,0.244074,0.755926
math,96,2004,2019,15,0.235416,0.764584
math,96,2004,2020,16,0.235416,0.764584
math,96,2004,2021,17,0.239291,0.760709
math,96,2004,2022,18,0.235416,0.764584
math,96,2004,2023,19,0.235416,0.764584
math,96,2004,2024,20,0.235416,0.764584
math,96,2004,2025,21,0.267486,0.732514
math,97,2000,2000,0,0.651322,0.348678
math,97,2000,2001,1,0.0,1.0
math,97,2000,2002,2,0.0,1.0
math,97,2000,2003,3,0.0,1.0
math,97,2000,2004,4,0.0,1.0
math,97,2000,2005,5,0.0,1.0
math,97,2000,2006,6,0.0,1.0
math,97,2000,2008,8,0.027167,0.972833
math,97,2000,2010,10,0.008657,0.991343
math,97,2000,2011,11,0.0,1.0
math,97,2000,2012,12,0.0,1.0
math,97,2000,2013,13,0.0,1.0
math,97,2000,2014,14,0.0,1.0
math,97,2000,2015,15,0.0,1.0
math,97,2000,2016,16,0.0,1.0
math,97,2000,2017,17,0.0,1.0
math,97,2000,2018,18,0.0,1.0
math,97,2000,2019,19,0.0,1.0
math,97,2000,2020,20,0.0,1.0
math,97,2000,2021,21,0.003874,0.996126
math,97,2000,2022,22,0.032069,0.967931
math,97,2000,2023,23,0.0,1.0
math,97,2000,2024,24,0.0,1.0
math,97,2000,2025,25,0.0,1.0
math,98,2005,2005,0,0.651322,0.348678
math,98,2005,2013,8,0.0,1.0
math,98,2005,2014,9,0.094301,0.905699
math,98,2005,2015,10,0.022228,0.977772
math,98,2005,2016,11,0.0,1.0
math,98,2005,2017,12,0.145472,0.854528
math,98,2005,2018,13,0.162905,0.837095
math,98,2005,2019,14,0.085644,0.914356
math,98,2005,2020,15,0.130836,0.869164
math,98,2005,2021,16,0.063701,0.936299
math,98,2005,2022,17,0.01851,0.98149
math,98,2005,2023,18,0.081135,0.918865
math,98,2005,2024,19,0.095771,0.904229
math,98,2005,2025,20,0.113996,0.886004
math,99,2003,2003,0,0.651322,0.348678
math,99,2003,2004,1,0.131154,0.868846
math,99,2003,2005,2,0.0,1.0
math,99,2003,2006,3,0.0,1.0
math,99,2003,2007,4,0.029272,0.970728
math,99,2003,2008,5,0.0,1.0
math,99,2003,2009,6,0.022228,0.977772
math,99,2003,2010,7,0.022228,0.977772
math,99,2003,2011,8,0.321061,0.678939
math,99,2003,2012,9,0.0,1.0
math,99,2003,2013,10,0.022228,0.977772
math,99,2003,2014,11,0.036864,0.963136
math,99,2003,2015,12,0.063416,0.936584
math,99,2003,2016,13,0.036864,0.963136
math,99,2003,2017,14,0.014636,0.985364
math,99,2003,2018,15,0.044456,0.955544
math,99,2003,2019,16,0.10028,0.89972
math,99,2003,2020,17,0.078052,0.921948
math,99,2003,2021,18,0.085644,0.914356
math,99,2003,2022,19,0.022228,0.977772
math,99,2003,2023,20,0.044456,0.955544
math,99,2003,2024,21,0.01851,0.98149
math,99,2003,2025,22,0.003874,0.996126
math,100,2000,2000,0,0.651322,0.348678
math,100,2000,2001,1,0.0,1.0
math,100,2000,2002,2,0.0,1.0
math,100,2000,2003,3,0.008657,0.991343
math,100,2000,2004,4,0.0,1.0
math,100,2000,2005,5,0.0,1.0
math,100,2000,2007,7,0.075948,0.924052
math,100,2000,2008,8,0.0,1.0
math,100,2000,2009,9,0.014636,0.985364
math,100,2000,2010,10,0.008657,0.991343
math,100,2000,2011,11,0.085644,0.914356
math,100,2000,2012,12,0.008657,0.991343
math,100,2000,2013,13,0.014636,0.985364
math,100,2000,2014,14,0.10028,0.89972
math,100,2000,2015,15,0.012531,0.987469
math,100,2000,2016,16,0.104143,0.895857
math,100,2000,2017,17,0.045191,0.954809
math,100,2000,2018,18,0.008657,0.991343
math,100,2000,2019,19,0.053849,0.946151
math,100,2000,2020,20,0.198833,0.801167
math,100,2000,2021,21,0.022228,0.977772
math,100,2000,2022,22,0.117265,0.882735
math,100,2000,2023,23,0.003874,0.996126
math,100,2000,2024,24,0.008657,0.991343
math,100,2000,2025,25,0.045191,0.954809
math,101,2000,2000,0,0.651322,0.348678
math,101,2000,2001,1,0.0,1.0
math,101,2000,2002,2,0.0,1.0
math,101,2000,2003,3,0.108608,0.891392
math,101,2000,2004,4,0.0,1.0
math,101,2000,2005,5,0.280608,0.719392
math,101,2000,2006,6,0.0,1.0
math,101,2000,2007,7,0.371024,0.628976
math,101,2000,2008,8,0.180608,0.819392
math,101,2000,2009,9,0.416024,0.583976
math,101,2000,2010,10,0.370833,0.629167
math,101,2000,2011,11,0.280608,0.719392
math,101,2000,2012,12,0.416024,0.583976
math,101,2000,2013,13,0.280608,0.719392
math,101,2000,2014,14,0.180608,0.819392
math,101,2000,2015,15,0.280608,0.719392
math,101,2000,2016,16,0.344024,0.655976
math,101,2000,2017,17,0.370833,0.629167
math,101,2000,2018,18,0.416024,0.583976
math,101,2000,2019,19,0.271024,0.728976
math,101,2000,2020,20,0.370833,0.629167
math,101,2000,2021,21,0.371024,0.628976
math,101,2000,2022,22,0.325833,0.674167
math,101,2000,2023,23,0.416024,0.583976
math,101,2000,2024,24,0.325799,0.674201
math,101,2000,2025,25,0.340469,0.659531
math,102,2003,2003,0,0.651322,0.348678
math,102,2003,2004,1,0.014636,0.985364
math,102,2003,2005,2,0.235416,0.764584
math,102,2003,2006,3,0.235416,0.764584
math,102,2003,2007,4,0.235416,0.764584
math,102,2003,2008,5,0.235416,0.764584
math,102,2003,2009,6,0.235416,0.764584
math,102,2003,2010,7,0.135416,0.864584
math,102,2003,2011,8,0.235416,0.764584
math,102,2003,2012,9,0.235416,0.764584
math,102,2003,2013,10,0.235416,0.764584
math,102,2003,2014,11,0.235416,0.764584
math,102,2003,2015,12,0.235416,0.764584
math,102,2003,2016,13,0.235416,0.764584
math,102,2003,2017,14,0.235416,0.764584
math,102,2003,2018,15,0.235416,0.764584
math,102,2003,2019,16,0.235416,0.764584
math,102,2003,2020,17,0.235416,0.764584
math,102,2003,2021,18,0.235416,0.764584
math,102,2003,2022,19,0.235416,0.764584
math,102,2003,2023,20,0.235416,0.764584
math,102,2003,2024,21,0.235416,0.764584
math,102,2003,2025,22,0.235416,0.764584
math,103,2004,2004,0,0.651322,0.348678
math,103,2004,2005,1,0.0,1.0
math,103,2004,2006,2,0.0,1.0
math,103,2004,2007,3,0.0,1.0
math,103,2004,2008,4,0.244024,0.755976
math,103,2004,2009,5,0.067291,0.932709
math,103,2004,2010,6,0.045191,0.954809
math,103,2004,2011,7,0.059827,0.940173
math,103,2004,2012,8,0.063416,0.936584
math,103,2004,2013,9,0.063416,0.936584
math,103,2004,2014,10,0.063416,0.936584
math,103,2004,2015,11,0.063416,0.936584
math,103,2004,2016,12,0.108608,0.891392
math,103,2004,2017,13,0.072074,0.927926
math,103,2004,2018,14,0.172024,0.827976
math,103,2004,2019,15,0.199024,0.800976
math,103,2004,2020,16,0.090383,0.909617
math,103,2004,2021,17,0.108608,0.891392
math,103,2004,2022,18,0.063416,0.936584
math,103,2004,2023,19,0.063416,0.936584
math,103,2004,2024,20,0.063416,0.936584
math,103,2004,2025,21,0.032069,0.967931
math,104,2007,2007,0,0.651322,0.348678
math,104,2007,2008,1,0.135416,0.864584
math,104,2007,2009,2,0.003874,0.996126
math,104,2007,2010,3,0.180608,0.819392
math,104,2007,2011,4,0.022228,0.977772
math,104,2007,2012,5,0.135416,0.864584
math,104,2007,2013,6,0.235416,0.764584
math,104,2007,2014,7,0.139482,0.860518
math,104,2007,2015,8,0.003874,0.996126
math,104,2007,2016,9,0.235416,0.764584
math,104,2007,2017,10,0.003874,0.996126
math,104,2007,2018,11,0.239291,0.760709
math,104,2007,2019,12,0.063416,0.936584
math,104,2007,2020,13,0.003874,0.996126
math,104,2007,2021,14,0.003874,0.996126
math,104,2007,2022,15,0.007748,0.992252
math,104,2007,2023,16,0.003874,0.996126
math,104,2007,2024,17,0.003874,0.996126
math,104,2007,2025,18,0.003874,0.996126
math,105,2001,2001,0,0.651322,0.348678
math,105,2001,2002,1,0.0,1.0
math,105,2001,2003,2,0.0,1.0
math,105,2001,2006,5,0.0,1.0
math,105,2001,2007,6,0.0,1.0
math,105,2001,2008,7,0.0,1.0
math,105,2001,2009,8,0.0,1.0
math,105,2001,2010,9,0.045191,0.954809
math,105,2001,2011,10,0.0,1.0
math,105,2001,2012,11,0.032069,0.967931
math,105,2001,2013,12,0.0,1.0
math,105,2001,2014,13,0.0,1.0
math,105,2001,2015,14,0.045191,0.954809
math,105,2001,2016,15,0.0,1.0
math,105,2001,2017,16,0.0,1.0
math,105,2001,2018,17,0.045191,0.954809
math,105,2001,2019,18,0.077261,0.922739
math,105,2001,2020,19,0.040727,0.959273
math,105,2001,2021,20,0.045191,0.954809
math,105,2001,2022,21,0.045191,0.954809
math,105,2001,2023,22,0.045191,0.954809
math,105,2001,2024,23,0.045191,0.954809
math,105,2001,2025,24,0.045191,0.954809
math,106,2007,2007,0,0.651322,0.348678
math,106,2007,2009,2,0.0,1.0
math,106,2007,2011,4,0.0,1.0
math,106,2007,2012,5,0.0,1.0
math,106,2007,2013,6,0.023293,0.976707
math,106,2007,2014,7,0.063416,0.936584
math,106,2007,2015,8,0.0,1.0
math,106,2007,2016,9,0.0,1.0
math,106,2007,2017,10,0.0,1.0
math,106,2007,2018,11,0.0,1.0
math,106,2007,2019,12,0.022228,0.977772
math,106,2007,2020,13,0.067419,0.932581
math,106,2007,2021,14,0.0,1.0
math,106,2007,2022,15,0.090416,0.909584
math,106,2007,2023,16,0.022228,0.977772
math,106,2007,2024,17,0.003874,0.996126
math,106,2007,2025,18,0.045191,0.954809
math,107,2004,2004,0,0.651322,0.348678
math,107,2004,2005,1,0.022228,0.977772
math,107,2004,2006,2,0.027167,0.972833
math,107,2004,2007,3,0.022228,0.977772
math,107,2004,2008,4,0.030885,0.969115
math,107,2004,2009,5,0.0,1.0
math,107,2004,2010,6,0.014636,0.985364
math,107,2004,2011,7,0.067419,0.932581
math,107,2004,2012,8,0.026102,0.973898
math,107,2004,2013,9,0.022228,0.977772
math,107,2004,2014,10,0.0,1.0
math,107,2004,2015,11,0.022228,0.977772
math,107,2004,2016,12,0.030885,0.969115
math,107,2004,2017,13,0.095486,0.904514
math,107,2004,2018,14,0.022228,0.977772
math,107,2004,2019,15,0.0,1.0
math,107,2004,2020,16,0.022228,0.977772
math,107,2004,2021,17,0.0,1.0
math,107,2004,2022,18,0.0,1.0
math,107,2004,2023,19,0.0,1.0
math,107,2004,2024,20,0.022228,0.977772
math,107,2004,2025,21,0.022228,0.977772
math,108,2000,2000,0,0.651322,0.348678
math,108,2000,2001,1,0.0,1.0
math,108,2000,2003,3,0.022228,0.977772
math,108,2000,2004,4,0.045191,0.954809
math,108,2000,2005,5,0.090416,0.909584
math,108,2000,2006,6,0.090416,0.909584
math,108,2000,2007,7,0.090416,0.909584
math,108,2000,2008,8,0.0,1.0
math,108,2000,2009,9,0.0,1.0
math,108,2000,2010,10,0.003874,0.996126
math,108,2000,2011,11,0.0,1.0
math,108,2000,2012,12,0.0,1.0
math,108,2000,2013,13,0.063416,0.936584
math,108,2000,2014,14,0.0,1.0
math,108,2000,2015,15,0.0,1.0
math,108,2000,2016,16,0.0,1.0
math,108,2000,2017,17,0.0,1.0
math,108,2000,2018,18,0.0,1.0
math,108,2000,2019,19,0.022228,0.977772
math,108,2000,2020,20,0.0,1.0
math,108,2000,2021,21,0.0,1.0
math,108,2000,2022,22,0.003874,0.996126
math,108,2000,2023,23,0.0,1.0
math,108,2000,2024,24,0.0,1.0
math,108,2000,2025,25,0.0,1.0
math,109,2000,2000,0,0.651322,0.348678
math,109,2000,2001,1,0.059827,0.940173
math,109,2000,2002,2,0.054297,0.945703
math,109,2000,2003,3,0.012531,0.987469
math,109,2000,2004,4,0.112482,0.887518
math,109,2000,2005,5,0.262249,0.737751
math,109,2000,2007,7,0.150126,0.849874
math,109,2000,2008,8,0.135608,0.864392
math,109,2000,2009,9,0.172024,0.827976
math,109,2000,2010,10,0.199024,0.800976
math,109,2000,2011,11,0.067419,0.932581
math,109,2000,2012,12,0.217972,0.782028
math,109,2000,2013,13,0.176061,0.823939
math,109,2000,2014,14,0.126833,0.873167
math,109,2000,2015,15,0.162905,0.837095
math,109,2000,2016,16,0.112482,0.887518
math,109,2000,2017,17,0.095486,0.904514
math,109,2000,2018,18,0.153833,0.846167
math,109,2000,2019,19,0.185902,0.814098
math,109,2000,2020,20,0.194559,0.805441
math,109,2000,2021,21,0.185902,0.814098
math,109,2000,2022,22,0.108608,0.891392
math,109,2000,2023,23,0.149783,0.850217
math,109,2000,2024,24,0.185902,0.814098
math,109,2000,2025,25,0.240199,0.759801
math,110,2003,2003,0,0.651322,0.348678
math,110,2003,2004,1,0.045191,0.954809
math,110,2003,2005,2,0.0,1.0
math,110,2003,2006,3,0.0,1.0
math,110,2003,2007,4,0.090416,0.909584
math,110,2003,2008,5,0.0,1.0
math,110,2003,2009,6,0.022228,0.977772
math,110,2003,2010,7,0.0,1.0
math,110,2003,2011,8,0.0,1.0
math,110,2003,2012,9,0.063416,0.936584
math,110,2003,2013,10,0.003874,0.996126
math,110,2003,2014,11,0.063416,0.936584
math,110,2003,2015,12,0.0,1.0
math,110,2003,2016,13,0.063416,0.936584
math,110,2003,2017,14,0.063416,0.936584
math,110,2003,2018,15,0.063416,0.936584
math,110,2003,2019,16,0.063416,0.936584
math,110,2003,2020,17,0.063416,0.936584
math,110,2003,2021,18,0.063416,0.936584
math,110,2003,2022,19,0.063416,0.936584
math,110,2003,2023,20,0.063416,0.936584
math,110,2003,2024,21,0.063416,0.936584
math,110,2003,2025,22,0.063416,0.936584
math,111,2000,2000,0,0.651322,0.348678
math,111,2000,2001,1,0.022228,0.977772
math,111,2000,2003,3,0.0,1.0
math,111,2000,2004,4,0.366252,0.633748
math,111,2000,2005,5,0.313469,0.686531
math,111,2000,2006,6,0.257644,0.742356
math,111,2000,2007,7,0.063416,0.936584
math,111,2000,2008,8,0.235416,0.764584
math,111,2000,2009,9,0.135416,0.864584
math,111,2000,2010,10,0.090416,0.909584
math,111,2000,2011,11,0.235416,0.764584
math,111,2000,2012,12,0.280608,0.719392
math,111,2000,2013,13,0.250052,0.749948
math,111,2000,2014,14,0.298833,0.701167
math,111,2000,2015,15,0.235416,0.764584
math,111,2000,2016,16,0.090416,0.909584
math,111,2000,2017,17,0.244074,0.755926
math,111,2000,2018,18,0.293588,0.706412
math,111,2000,2019,19,0.235416,0.764584
math,111,2000,2020,20,0.244074,0.755926
math,111,2000,2021,21,0.321061,0.678939
math,111,2000,2022,22,0.321061,0.678939
math,111,2000,2023,23,0.235416,0.764584
math,111,2000,2024,24,0.235416,0.764584
math,111,2000,2025,25,0.257644,0.742356
math,112,2004,2004,0,0.651322,0.348678
math,112,2004,2006,2,0.0,1.0
math,112,2004,2007,3,0.0,1.0
math,112,2004,2008,4,0.032069,0.967931
math,112,2004,2010,6,0.0,1.0
math,112,2004,2011,7,0.032069,0.967931
math,112,2004,2012,8,0.032069,0.967931
math,112,2004,2013,9,0.0,1.0
math,112,2004,2014,10,0.0,1.0
math,112,2004,2015,11,0.0,1.0
math,112,2004,2016,12,0.0,1.0
math,112,2004,2017,13,0.0,1.0
math,112,2004,2018,14,0.0,1.0
math,112,2004,2019,15,0.0,1.0
math,112,2004,2020,16,0.0,1.0
math,112,2004,2021,17,0.0,1.0
math,112,2004,2022,18,0.0,1.0
math,112,2004,2023,19,0.0,1.0
math,112,2004,2024,20,0.0,1.0
math,112,2004,2025,21,0.032069,0.967931
math,113,2003,2003,0,0.651322,0.348678
math,113,2003,2006,3,0.008657,0.991343
math,113,2003,2007,4,0.0,1.0
math,113,2003,2008,5,0.0,1.0
math,113,2003,2009,6,0.0,1.0
math,113,2003,2010,7,0.0,1.0
math,113,2003,2011,8,0.0,1.0
math,113,2003,2012,9,0.0,1.0
math,113,2003,2013,10,0.0,1.0
math,113,2003,2014,11,0.0,1.0
math,113,2003,2015,12,0.0,1.0
math,113,2003,2016,13,0.0,1.0
math,113,2003,2017,14,0.0,1.0
math,113,2003,2018,15,0.0,1.0
math,113,2003,2019,16,0.135416,0.864584
math,113,2003,2020,17,0.0,1.0
math,113,2003,2021,18,0.0,1.0
math,113,2003,2022,19,0.0,1.0
math,113,2003,2023,20,0.045191,0.954809
math,113,2003,2024,21,0.0,1.0
math,113,2003,2025,22,0.0,1.0
math,114,2006,2006,0,0.651322,0.348678
math,114,2006,2007,1,0.0,1.0
math,114,2006,2008,2,0.0,1.0
math,114,2006,2009,3,0.0,1.0
math,114,2006,2010,4,0.0,1.0
math,114,2006,2011,5,0.0,1.0
math,114,2006,2012,6,0.0,1.0
math,114,2006,2013,7,0.0,1.0
math,114,2006,2014,8,0.0,1.0
math,114,2006,2015,9,0.0,1.0
math,114,2006,2016,10,0.0,1.0
math,114,2006,2017,11,0.022228,0.977772
math,114,2006,2018,12,0.0,1.0
math,114,2006,2019,13,0.0,1.0
math,114,2006,2020,14,0.0,1.0
math,114,2006,2021,15,0.0,1.0
math,114,2006,2022,16,0.008657,0.991343
math,114,2006,2023,17,0.0,1.0
math,114,2006,2024,18,0.003874,0.996126
math,114,2006,2025,19,0.0,1.0
math,115,2000,2000,0,0.651322,0.348678
math,115,2000,2002,2,0.0,1.0
math,115,2000,2003,3,0.090416,0.909584
math,115,2000,2004,4,0.045191,0.954809
math,115,2000,2005,5,0.090416,0.909584
math,115,2000,2006,6,0.090416,0.909584
math,115,2000,2007,7,0.022228,0.977772
math,115,2000,2008,8,0.090416,0.909584
math,115,2000,2009,9,0.090416,0.909584
math,115,2000,2010,10,0.014636,0.985364
math,115,2000,2011,11,0.105052,0.894948
math,115,2000,2012,12,0.0,1.0
math,115,2000,2013,13,0.090416,0.909584
math,115,2000,2014,14,0.122486,0.877514
math,115,2000,2015,15,0.090416,0.909584
math,115,2000,2016,16,0.090416,0.909584
math,115,2000,2017,17,0.032069,0.967931
math,115,2000,2018,18,0.090416,0.909584
math,115,2000,2019,19,0.090416,0.909584
math,115,2000,2020,20,0.090416,0.909584
math,115,2000,2021,21,0.090416,0.909584
math,115,2000,2022,22,0.105052,0.894948
math,115,2000,2023,23,0.112644,0.887356
math,115,2000,2024,24,0.090416,0.909584
math,115,2000,2025,25,0.090416,0.909584
math,116,2000,2000,0,0.651322,0.348678
math,116,2000,2001,1,0.063416,0.936584
math,116,2000,2002,2,0.0,1.0
math,116,2000,2003,3,0.0,1.0
math,116,2000,2004,4,0.045191,0.954809
math,116,2000,2005,5,0.0,1.0
math,116,2000,2006,6,0.0,1.0
math,116,2000,2007,7,0.0,1.0
math,116,2000,2008,8,0.035944,0.964056
math,116,2000,2009,9,0.008657,0.991343
math,116,2000,2010,10,0.0,1.0
math,116,2000,2011,11,0.077261,0.922739
math,116,2000,2012,12,0.0,1.0
math,116,2000,2013,13,0.0,1.0
math,116,2000,2014,14,0.0,1.0
math,116,2000,2015,15,0.032069,0.967931
math,116,2000,2016,16,0.167486,0.832514
math,116,2000,2017,17,0.032069,0.967931
math,116,2000,2018,18,0.003874,0.996126
math,116,2000,2019,19,0.090416,0.909584
math,116,2000,2020,20,0.032069,0.967931
math,116,2000,2021,21,0.064139,0.935861
math,116,2000,2022,22,0.122486,0.877514
math,116,2000,2023,23,0.008657,0.991343
math,116,2000,2024,24,0.032069,0.967931
math,116,2000,2025,25,0.035944,0.964056
math,117,2000,2000,0,0.651322,0.348678
math,117,2000,2001,1,0.0,1.0
math,117,2000,2002,2,0.022228,0.977772
math,117,2000,2003,3,0.180608,0.819392
math,117,2000,2004,4,0.0,1.0
math,117,2000,2005,5,0.014636,0.985364
math,117,2000,2006,6,0.157836,0.842164
math,117,2000,2007,7,0.063416,0.936584
math,117,2000,2008,8,0.167486,0.832514
math,117,2000,2009,9,0.167486,0.832514
math,117,2000,2010,10,0.202836,0.797164
math,117,2000,2011,11,0.180608,0.819392
math,117,2000,2012,12,0.032069,0.967931
math,117,2000,2013,13,0.0,1.0
math,117,2000,2014,14,0.139291,0.860709
math,117,2000,2015,15,0.157644,0.842356
math,117,2000,2016,16,0.202836,0.797164
math,117,2000,2017,17,0.144074,0.855926
math,117,2000,2018,18,0.184482,0.815518
math,117,2000,2019,19,0.180608,0.819392
math,117,2000,2020,20,0.157836,0.842164
math,117,2000,2021,21,0.202836,0.797164
math,117,2000,2022,22,0.184482,0.815518
math,117,2000,2023,23,0.202836,0.797164
math,117,2000,2024,24,0.180608,0.819392
math,117,2000,2025,25,0.180608,0.819392
math,118,2000,2000,0,0.651322,0.348678
math,118,2000,2002,2,0.0,1.0
math,118,2000,2003,3,0.045191,0.954809
math,118,2000,2005,5,0.045191,0.954809
math,118,2000,2006,6,0.007748,0.992252
math,118,2000,2007,7,0.045191,0.954809
math,118,2000,2009,9,0.030885,0.969115
math,118,2000,2010,10,0.045191,0.954809
math,118,2000,2011,11,0.045191,0.954809
math,118,2000,2012,12,0.045191,0.954809
math,118,2000,2013,13,0.059827,0.940173
math,118,2000,2014,14,0.045191,0.954809
math,118,2000,2015,15,0.053849,0.946151
math,118,2000,2016,16,0.099489,0.900511
math,118,2000,2017,17,0.045191,0.954809
math,118,2000,2018,18,0.045191,0.954809
math,118,2000,2019,19,0.045191,0.954809
math,118,2000,2020,20,0.045191,0.954809
math,118,2000,2021,21,0.045191,0.954809
math,118,2000,2022,22,0.045191,0.954809
math,118,2000,2023,23,0.045191,0.954809
math,118,2000,2024,24,0.053849,0.946151
math,118,2000,2025,25,0.045191,0.954809
math,119,2000,2000,0,0.651322,0.348678
math,119,2000,2001,1,0.008657,0.991343
math,119,2000,2002,2,0.0,1.0
math,119,2000,2003,3,0.0,1.0
math,119,2000,2004,4,0.022228,0.977772
math,119,2000,2005,5,0.003874,0.996126
math,119,2000,2006,6,0.0,1.0
math,119,2000,2007,7,0.014636,0.985364
math,119,2000,2008,8,0.014636,0.985364
math,119,2000,2009,9,0.0,1.0
math,119,2000,2010,10,0.014636,0.985364
math,119,2000,2011,11,0.032069,0.967931
math,119,2000,2012,12,0.0,1.0
math,119,2000,2013,13,0.0,1.0
math,119,2000,2014,14,0.003874,0.996126
math,119,2000,2015,15,0.250052,0.749948
math,119,2000,2016,16,0.003874,0.996126
math,119,2000,2017,17,0.014636,0.985364
math,119,2000,2018,18,0.014636,0.985364
math,119,2000,2019,19,0.014636,0.985364
math,119,2000,2020,20,0.014636,0.985364
math,119,2000,2021,21,0.0,1.0
math,119,2000,2022,22,0.01851,0.98149
math,119,2000,2023,23,0.014636,0.985364
math,119,2000,2024,24,0.0,1.0
math,119,2000,2025,25,0.014636,0.985364
math,120,2003,2003,0,0.651322,0.348678
math,120,2003,2004,1,0.0,1.0
math,120,2003,2007,4,0.0,1.0
math,120,2003,2008,5,0.0,1.0
math,120,2003,2009,6,0.0,1.0
math,120,2003,2011,8,0.0,1.0
math,120,2003,2012,9,0.003874,0.996126
math,120,2003,2013,10,0.0,1.0
math,120,2003,2014,11,0.0,1.0
math,120,2003,2015,12,0.0,1.0
math,120,2003,2016,13,0.003874,0.996126
math,120,2003,2017,14,0.0,1.0
math,120,2003,2018,15,0.003874,0.996126
math,120,2003,2019,16,0.003874,0.996126
math,120,2003,2020,17,0.0,1.0
math,120,2003,2021,18,0.003874,0.996126
math,120,2003,2022,19,0.0,1.0
math,120,2003,2023,20,0.0,1.0
math,120,2003,2024,21,0.003874,0.996126
math,120,2003,2025,22,0.003874,0.996126
math,121,2003,2003,0,0.651322,0.348678
math,121,2003,2004,1,0.0,1.0
math,121,2003,2005,2,0.032069,0.967931
math,121,2003,2006,3,0.032069,0.967931
math,121,2003,2007,4,0.063416,0.936584
math,121,2003,2008,5,0.0,1.0
math,121,2003,2009,6,0.003874,0.996126
math,121,2003,2010,7,0.063416,0.936584
math,121,2003,2011,8,0.022228,0.977772
math,121,2003,2012,9,0.153833,0.846167
math,121,2003,2013,10,0.0,1.0
math,121,2003,2014,11,0.108608,0.891392
math,121,2003,2015,12,0.032069,0.967931
math,121,2003,2016,13,0.0,1.0
math,121,2003,2017,14,0.003874,0.996126
math,121,2003,2018,15,0.012531,0.987469
math,121,2003,2019,16,0.0,1.0
math,121,2003,2020,17,0.003874,0.996126
math,121,2003,2021,18,0.022228,0.977772
math,121,2003,2022,19,0.0,1.0
math,121,2003,2023,20,0.003874,0.996126
math,121,2003,2024,21,0.0,1.0
math,121,2003,2025,22,0.003874,0.996126
math,122,2001,2001,0,0.651322,0.348678
math,122,2001,2002,1,0.0,1.0
math,122,2001,2003,2,0.0,1.0
math,122,2001,2004,3,0.0,1.0
math,122,2001,2005,4,0.0,1.0
math,122,2001,2006,5,0.0,1.0
math,122,2001,2007,6,0.008657,0.991343
math,122,2001,2008,7,0.0,1.0
math,122,2001,2009,8,0.0,1.0
math,122,2001,2010,9,0.008657,0.991343
math,122,2001,2011,10,0.0,1.0
math,122,2001,2012,11,0.008657,0.991343
math,122,2001,2013,12,0.023293,0.976707
math,122,2001,2014,13,0.0,1.0
math,122,2001,2015,14,0.0,1.0
math,122,2001,2016,15,0.0,1.0
math,122,2001,2017,16,0.008657,0.991343
math,122,2001,2018,17,0.0,1.0
math,122,2001,2019,18,0.0,1.0
math,122,2001,2020,19,0.0,1.0
math,122,2001,2021,20,0.0,1.0
math,122,2001,2022,21,0.0,1.0
math,122,2001,2023,22,0.0,1.0
math,122,2001,2024,23,0.0,1.0
math,122,2001,2025,24,0.003874,0.996126
math,123,2000,2000,0,0.651322,0.348678
math,123,2000,2004,4,0.235416,0.764584
math,123,2000,2006,6,0.135416,0.864584
math,123,2000,2007,7,0.0,1.0
math,123,2000,2008,8,0.0,1.0
math,123,2000,2009,9,0.0,1.0
math,123,2000,2010,10,0.0,1.0
math,123,2000,2011,11,0.090416,0.909584
math,123,2000,2012,12,0.0,1.0
math,123,2000,2013,13,0.0,1.0
math,123,2000,2014,14,0.036864,0.963136
math,123,2000,2015,15,0.032069,0.967931
math,123,2000,2016,16,0.0,1.0
math,123,2000,2017,17,0.0,1.0
math,123,2000,2018,18,0.135416,0.864584
math,123,2000,2019,19,0.0,1.0
math,123,2000,2020,20,0.090416,0.909584
math,123,2000,2021,21,0.135608,0.864392
math,123,2000,2022,22,0.022228,0.977772
math,123,2000,2023,23,0.0,1.0
math,123,2000,2024,24,0.026102,0.973898
math,123,2000,2025,25,0.0,1.0
math,124,2003,2003,0,0.651322,0.348678
math,124,2003,2006,3,0.235416,0.764584
math,124,2003,2007,4,0.063416,0.936584
math,124,2003,2008,5,0.212677,0.787323
math,124,2003,2009,6,0.090416,0.909584
math,124,2003,2010,7,0.130836,0.869164
math,124,2003,2011,8,0.135416,0.864584
math,124,2003,2012,9,0.063416,0.936584
math,124,2003,2013,10,0.032069,0.967931
math,124,2003,2014,11,0.0,1.0
math,124,2003,2015,12,0.250052,0.749948
math,124,2003,2016,13,0.063416,0.936584
math,124,2003,2017,14,0.014636,0.985364
math,124,2003,2018,15,0.090416,0.909584
math,124,2003,2019,16,0.090416,0.909584
math,124,2003,2020,17,0.090416,0.909584
math,124,2003,2021,18,0.090416,0.909584
math,124,2003,2022,19,0.235416,0.764584
math,124,2003,2023,20,0.0,1.0
math,124,2003,2024,21,0.135416,0.864584
math,124,2003,2025,22,0.090416,0.909584
math,125,2001,2001,0,0.651322,0.348678
math,125,2001,2007,6,0.0,1.0
math,125,2001,2008,7,0.0,1.0
math,125,2001,2009,8,0.0,1.0
math,125,2001,2011,10,0.0,1.0
math,125,2001,2012,11,0.0,1.0
math,125,2001,2013,12,0.0,1.0
math,125,2001,2014,13,0.0,1.0
math,125,2001,2015,14,0.0,1.0
math,125,2001,2016,15,0.0,1.0
math,125,2001,2017,16,0.0,1.0
math,125,2001,2018,17,0.0,1.0
math,125,2001,2019,18,0.0,1.0
math,125,2001,2020,19,0.0,1.0
math,125,2001,2021,20,0.0,1.0
math,125,2001,2022,21,0.0,1.0
math,125,2001,2023,22,0.0,1.0
math,125,2001,2024,23,0.0,1.0
math,125,2001,2025,24,0.0,1.0
math,126,2003,2003,0,0.651322,0.348678
math,126,2003,2006,3,0.0,1.0
math,126,2003,2007,4,0.0,1.0
math,126,2003,2008,5,0.0,1.0
math,126,2003,2009,6,0.0,1.0
math,126,2003,2010,7,0.032069,0.967931
math,126,2003,2011,8,0.022228,0.977772
math,126,2003,2012,9,0.008657,0.991343
math,126,2003,2013,10,0.0,1.0
math,126,2003,2014,11,0.0,1.0
math,126,2003,2015,12,0.0,1.0
math,126,2003,2016,13,0.008657,0.991343
math,126,2003,2017,14,0.003874,0.996126
math,126,2003,2018,15,0.0,1.0
math,126,2003,2019,16,0.022228,0.977772
math,126,2003,2020,17,0.0,1.0
math,126,2003,2021,18,0.0,1.0
math,126,2003,2022,19,0.0,1.0
math,126,2003,2023,20,0.0,1.0
math,126,2003,2024,21,0.0,1.0
math,126,2003,2025,22,0.008657,0.991343
math,127,2001,2001,0,0.651322,0.348678
math,127,2001,2005,4,0.0,1.0
math,127,2001,2006,5,0.0,1.0
math,127,2001,2007,6,0.0,1.0
math,127,2001,2009,8,0.0,1.0
math,127,2001,2010,9,0.0,1.0
math,127,2001,2011,10,0.0,1.0
math,127,2001,2012,11,0.0,1.0
math,127,2001,2013,12,0.0,1.0
math,127,2001,2014,13,0.0,1.0
math,127,2001,2015,14,0.0,1.0
math,127,2001,2016,15,0.0,1.0
math,127,2001,2017,16,0.0,1.0
math,127,2001,2018,17,0.0,1.0
math,127,2001,2019,18,0.0,1.0
math,127,2001,2020,19,0.0,1.0
math,127,2001,2021,20,0.0,1.0
math,127,2001,2022,21,0.0,1.0
math,127,2001,2023,22,0.0,1.0
math,127,2001,2024,23,0.0,1.0
math,127,2001,2025,24,0.0,1.0
math,128,2000,2000,0,0.651322,0.348678
math,128,2000,2001,1,0.022228,0.977772
math,128,2000,2002,2,0.014636,0.985364
math,128,2000,2003,3,0.329673,0.670327
math,128,2000,2004,4,0.0,1.0
math,128,2000,2005,5,0.282122,0.717878
math,128,2000,2006,6,0.071165,0.928835
math,128,2000,2007,7,0.231187,0.768813
math,128,2000,2008,8,0.316551,0.683449
math,128,2000,2009,9,0.271024,0.728976
math,128,2000,2010,10,0.295244,0.704756
math,128,2000,2011,11,0.430069,0.569931
math,128,2000,2012,12,0.0,1.0
math,128,2000,2013,13,0.244343,0.755657
math,128,2000,2014,14,0.117584,0.882416
math,128,2000,2015,15,0.110122,0.889878
math,128,2000,2016,16,0.419898,0.580102
math,128,2000,2017,17,0.355809,0.644191
math,128,2000,2018,18,0.17405,0.82595
math,128,2000,2019,19,0.295244,0.704756
math,128,2000,2020,20,0.122653,0.877347
math,128,2000,2021,21,0.20435,0.79565
math,128,2000,2022,22,0.193588,0.806412
math,128,2000,2023,23,0.280608,0.719392
math,128,2000,2024,24,0.202707,0.797293
math,128,2000,2025,25,0.30988,0.69012
math,129,2003,2003,0,0.651322,0.348678
math,129,2003,2004,1,0.0,1.0
math,129,2003,2006,3,0.045191,0.954809
math,129,2003,2008,5,0.003874,0.996126
math,129,2003,2009,6,0.045191,0.954809
math,129,2003,2010,7,0.045191,0.954809
math,129,2003,2011,8,0.045191,0.954809
math,129,2003,2012,9,0.108608,0.891392
math,129,2003,2013,10,0.202836,0.797164
math,129,2003,2014,11,0.108608,0.891392
math,129,2003,2015,12,0.059827,0.940173
math,129,2003,2016,13,0.045191,0.954809
math,129,2003,2017,14,0.045191,0.954809
math,129,2003,2018,15,0.049066,0.950934
math,129,2003,2019,16,0.067419,0.932581
math,129,2003,2020,17,0.090383,0.909617
math,129,2003,2021,18,0.180608,0.819392
math,129,2003,2022,19,0.045191,0.954809
math,129,2003,2023,20,0.045191,0.954809
math,129,2003,2024,21,0.045191,0.954809
math,129,2003,2025,22,0.045191,0.954809
math,130,2000,2000,0,0.651322,0.348678
math,130,2000,2002,2,0.054297,0.945703
math,130,2000,2003,3,0.108608,0.891392
math,130,2000,2005,5,0.180833,0.819167
math,130,2000,2006,6,0.090416,0.909584
math,130,2000,2007,7,0.022228,0.977772
math,130,2000,2008,8,0.176061,0.823939
math,130,2000,2009,9,0.032069,0.967931
math,130,2000,2010,10,0.022228,0.977772
math,130,2000,2011,11,0.0,1.0
math,130,2000,2012,12,0.094301,0.905699
math,130,2000,2013,13,0.085644,0.914356
math,130,2000,2014,14,0.023293,0.976707
math,130,2000,2015,15,0.044456,0.955544
math,130,2000,2016,16,0.107872,0.892128
math,130,2000,2017,17,0.022228,0.977772
math,130,2000,2018,18,0.040738,0.959262
math,130,2000,2019,19,0.078052,0.921948
math,130,2000,2020,20,0.022228,0.977772
math,130,2000,2021,21,0.066829,0.933171
math,130,2000,2022,22,0.167486,0.832514
math,130,2000,2023,23,0.053849,0.946151
math,130,2000,2024,24,0.022228,0.977772
math,130,2000,2025,25,0.026102,0.973898
math,131,2000,2000,0,0.651322,0.348678
math,131,2000,2001,1,0.040727,0.959273
math,131,2000,2002,2,0.0,1.0
math,131,2000,2003,3,0.0,1.0
math,131,2000,2004,4,0.112482,0.887518
math,131,2000,2005,5,0.045191,0.954809
math,131,2000,2006,6,0.036864,0.963136
math,131,2000,2007,7,0.130836,0.869164
math,131,2000,2008,8,0.257902,0.742098
math,131,2000,2009,9,0.0,1.0
math,131,2000,2010,10,0.356976,0.643024
math,131,2000,2011,11,0.032069,0.967931
math,131,2000,2012,12,0.25866,0.74134
math,131,2000,2013,13,0.200538,0.799462
math,131,2000,2014,14,0.271024,0.728976
math,131,2000,2015,15,0.240469,0.759531
math,131,2000,2016,16,0.185902,0.814098
math,131,2000,2017,17,0.294766,0.705234
math,131,2000,2018,18,0.244024,0.755976
math,131,2000,2019,19,0.289249,0.710751
math,131,2000,2020,20,0.225833,0.774167
math,131,2000,2021,21,0.225833,0.774167
math,131,2000,2022,22,0.271024,0.728976
math,131,2000,2023,23,0.213469,0.786531
math,131,2000,2024,24,0.240469,0.759531
math,131,2000,2025,25,0.198833,0.801167
math,132,2003,2003,0,0.651322,0.348678
math,132,2003,2005,2,0.003874,0.996126
math,132,2003,2006,3,0.0,1.0
math,132,2003,2007,4,0.0,1.0
math,132,2003,2009,6,0.0,1.0
math,132,2003,2011,8,0.0,1.0
math,132,2003,2012,9,0.0,1.0
math,132,2003,2013,10,0.003874,0.996126
math,132,2003,2014,11,0.003874,0.996126
math,132,2003,2015,12,0.0,1.0
math,132,2003,2016,13,0.003874,0.996126
math,132,2003,2017,14,0.0,1.0
math,132,2003,2018,15,0.0,1.0
math,132,2003,2019,16,0.003874,0.996126
math,132,2003,2020,17,0.003874,0.996126
math,132,2003,2021,18,0.003874,0.996126
math,132,2003,2022,19,0.0,1.0
math,132,2003,2023,20,0.0,1.0
math,132,2003,2024,21,0.0,1.0
math,132,2003,2025,22,0.0,1.0
math,133,2000,2000,0,0.651322,0.348678
math,133,2000,2001,1,0.032069,0.967931
math,133,2000,2002,2,0.0,1.0
math,133,2000,2003,3,0.0,1.0
math,133,2000,2004,4,0.0,1.0
math,133,2000,2005,5,0.090416,0.909584
math,133,2000,2006,6,0.01851,0.98149
math,133,2000,2007,7,0.0,1.0
math,133,2000,2008,8,0.0,1.0
math,133,2000,2009,9,0.0,1.0
math,133,2000,2010,10,0.0,1.0
math,133,2000,2011,11,0.022228,0.977772
math,133,2000,2012,12,0.063416,0.936584
math,133,2000,2013,13,0.0,1.0
math,133,2000,2014,14,0.0,1.0
math,133,2000,2015,15,0.0,1.0
math,133,2000,2016,16,0.045191,0.954809
math,133,2000,2017,17,0.0,1.0
math,133,2000,2018,18,0.045191,0.954809
math,133,2000,2019,19,0.0,1.0
math,133,2000,2020,20,0.0,1.0
math,133,2000,2021,21,0.0,1.0
math,133,2000,2022,22,0.0,1.0
math,133,2000,2023,23,0.008657,0.991343
math,133,2000,2024,24,0.0,1.0
math,133,2000,2025,25,0.0,1.0
math,134,2005,2005,0,0.651322,0.348678
math,134,2005,2008,3,0.0,1.0
math,134,2005,2011,6,0.0,1.0
math,134,2005,2012,7,0.0,1.0
math,134,2005,2013,8,0.0,1.0
math,134,2005,2014,9,0.0,1.0
math,134,2005,2015,10,0.045191,0.954809
math,134,2005,2016,11,0.0,1.0
math,134,2005,2017,12,0.022228,0.977772
math,134,2005,2018,13,0.026102,0.973898
math,134,2005,2019,14,0.0,1.0
math,134,2005,2020,15,0.032069,0.967931
math,134,2005,2021,16,0.0,1.0
math,134,2005,2022,17,0.0,1.0
math,134,2005,2023,18,0.046705,0.953295
math,134,2005,2024,19,0.003874,0.996126
math,134,2005,2025,20,0.0,1.0
math,135,2006,2006,0,0.651322,0.348678
math,135,2006,2008,2,0.0,1.0
math,135,2006,2009,3,0.0,1.0
math,135,2006,2010,4,0.063416,0.936584
math,135,2006,2011,5,0.014636,0.985364
math,135,2006,2012,6,0.157644,0.842356
math,135,2006,2013,7,0.235416,0.764584
math,135,2006,2014,8,0.235416,0.764584
math,135,2006,2015,9,0.0,1.0
math,135,2006,2016,10,0.0,1.0
math,135,2006,2017,11,0.0,1.0
math,135,2006,2018,12,0.0,1.0
math,135,2006,2019,13,0.108608,0.891392
math,135,2006,2020,14,0.0,1.0
math,135,2006,2021,15,0.0,1.0
math,135,2006,2022,16,0.008657,0.991343
math,135,2006,2023,17,0.022228,0.977772
math,135,2006,2024,18,0.135416,0.864584
math,135,2006,2025,19,0.090416,0.909584
math,136,2000,2000,0,0.651322,0.348678
math,136,2000,2001,1,0.0,1.0
math,136,2000,2002,2,0.135416,0.864584
math,136,2000,2004,4,0.090416,0.909584
math,136,2000,2005,5,0.01851,0.98149
math,136,2000,2007,7,0.135416,0.864584
math,136,2000,2008,8,0.139291,0.860709
math,136,2000,2009,9,0.045191,0.954809
math,136,2000,2010,10,0.090416,0.909584
math,136,2000,2011,11,0.135416,0.864584
math,136,2000,2012,12,0.0,1.0
math,136,2000,2013,13,0.003874,0.996126
math,136,2000,2014,14,0.0,1.0
math,136,2000,2015,15,0.0,1.0
math,136,2000,2016,16,0.003874,0.996126
math,136,2000,2017,17,0.003874,0.996126
math,136,2000,2018,18,0.003874,0.996126
math,136,2000,2019,19,0.003874,0.996126
math,136,2000,2020,20,0.003874,0.996126
math,136,2000,2021,21,0.0,1.0
math,136,2000,2022,22,0.090416,0.909584
math,136,2000,2023,23,0.135416,0.864584
math,136,2000,2024,24,0.003874,0.996126
math,136,2000,2025,25,0.045191,0.954809
math,137,2000,2000,0,0.651322,0.348678
math,137,2000,2001,1,0.003874,0.996126
math,137,2000,2002,2,0.032069,0.967931
math,137,2000,2003,3,0.144714,0.855286
math,137,2000,2004,4,0.0,1.0
math,137,2000,2005,5,0.0,1.0
math,137,2000,2006,6,0.102948,0.897052
math,137,2000,2007,7,0.003874,0.996126
math,137,2000,2008,8,0.026102,0.973898
math,137,2000,2009,9,0.003874,0.996126
math,137,2000,2010,10,0.068013,0.931987
math,137,2000,2011,11,0.027167,0.972833
math,137,2000,2012,12,0.022228,0.977772
math,137,2000,2013,13,0.0,1.0
math,137,2000,2014,14,0.003874,0.996126
math,137,2000,2015,15,0.090241,0.909759
math,137,2000,2016,16,0.079951,0.920049
math,137,2000,2017,17,0.003874,0.996126
math,137,2000,2018,18,0.026102,0.973898
math,137,2000,2019,19,0.003874,0.996126
math,137,2000,2020,20,0.003874,0.996126
math,137,2000,2021,21,0.049066,0.950934
math,137,2000,2022,22,0.035944,0.964056
math,137,2000,2023,23,0.04833,0.95167
math,137,2000,2024,24,0.003874,0.996126
math,137,2000,2025,25,0.032069,0.967931
math,138,2000,2000,0,0.651322,0.348678
math,138,2000,2001,1,0.214382,0.785618
math,138,2000,2002,2,0.095486,0.904514
math,138,2000,2003,3,0.158429,0.841571
math,138,2000,2004,4,0.17136,0.82864
math,138,2000,2005,5,0.089792,0.910208
math,138,2000,2006,6,0.077261,0.922739
math,138,2000,2007,7,0.030885,0.969115
math,138,2000,2008,8,0.0,1.0
math,138,2000,2009,9,0.022228,0.977772
math,138,2000,2010,10,0.0,1.0
math,138,2000,2011,11,0.081135,0.918865
math,138,2000,2012,12,0.032069,0.967931
math,138,2000,2013,13,0.032069,0.967931
math,138,2000,2014,14,0.032069,0.967931
math,138,2000,2015,15,0.234776,0.765224
math,138,2000,2016,16,0.035944,0.964056
math,138,2000,2017,17,0.086367,0.913633
math,138,2000,2018,18,0.032069,0.967931
math,138,2000,2019,19,0.091897,0.908103
math,138,2000,2020,20,0.167486,0.832514
math,138,2000,2021,21,0.110122,0.889878
math,138,2000,2022,22,0.282122,0.717878
math,138,2000,2023,23,0.061341,0.938659
math,138,2000,2024,24,0.137122,0.862878
math,138,2000,2025,25,0.182122,0.817878
math,139,2000,2000,0,0.651322,0.348678
math,139,2000,2001,1,0.0,1.0
math,139,2000,2003,3,0.0,1.0
math,139,2000,2004,4,0.0,1.0
math,139,2000,2005,5,0.0,1.0
math,139,2000,2006,6,0.032069,0.967931
math,139,2000,2007,7,0.032069,0.967931
math,139,2000,2008,8,0.045191,0.954809
math,139,2000,2009,9,0.235416,0.764584
math,139,2000,2010,10,0.235416,0.764584
math,139,2000,2011,11,0.235416,0.764584
math,139,2000,2012,12,0.235416,0.764584
math,139,2000,2013,13,0.045191,0.954809
math,139,2000,2014,14,0.032069,0.967931
math,139,2000,2015,15,0.008657,0.991343
math,139,2000,2016,16,0.235416,0.764584
math,139,2000,2017,17,0.235416,0.764584
math,139,2000,2018,18,0.135416,0.864584
math,139,2000,2019,19,0.090416,0.909584
math,139,2000,2020,20,0.090416,0.909584
math,139,2000,2021,21,0.090416,0.909584
math,139,2000,2022,22,0.235416,0.764584
math,139,2000,2023,23,0.003874,0.996126
math,139,2000,2024,24,0.235416,0.764584
math,139,2000,2025,25,0.235416,0.764584
math,140,2000,2000,0,0.651322,0.348678
math,140,2000,2001,1,0.0,1.0
math,140,2000,2006,6,0.0,1.0
math,140,2000,2007,7,0.0,1.0
math,140,2000,2008,8,0.0,1.0
math,140,2000,2009,9,0.0,1.0
math,140,2000,2010,10,0.0,1.0
math,140,2000,2011,11,0.014636,0.985364
math,140,2000,2012,12,0.0,1.0
math,140,2000,2013,13,0.0,1.0
math,140,2000,2014,14,0.0,1.0
math,140,2000,2015,15,0.0,1.0
math,140,2000,2016,16,0.0,1.0
math,140,2000,2017,17,0.0,1.0
math,140,2000,2018,18,0.0,1.0
math,140,2000,2019,19,0.0,1.0
math,140,2000,2020,20,0.0,1.0
math,140,2000,2021,21,0.0,1.0
math,140,2000,2022,22,0.0,1.0
math,140,2000,2023,23,0.0,1.0
math,140,2000,2024,24,0.0,1.0
math,140,2000,2025,25,0.0,1.0
math,141,2000,2000,0,0.651322,0.348678
math,141,2000,2001,1,0.153833,0.846167
math,141,2000,2002,2,0.157644,0.842356
math,141,2000,2003,3,0.198833,0.801167
math,141,2000,2004,4,0.135416,0.864584
math,141,2000,2005,5,0.240469,0.759531
math,141,2000,2006,6,0.23449,0.76551
math,141,2000,2007,7,0.078052,0.921948
math,141,2000,2008,8,0.225799,0.774201
math,141,2000,2009,9,0.144074,0.855926
math,141,2000,2010,10,0.135416,0.864584
math,141,2000,2011,11,0.063416,0.936584
math,141,2000,2012,12,0.12728,0.87272
math,141,2000,2013,13,0.144074,0.855926
math,141,2000,2014,14,0.150052,0.849948
math,141,2000,2015,15,0.090416,0.909584
math,141,2000,2016,16,0.135416,0.864584
math,141,2000,2017,17,0.225833,0.774167
math,141,2000,2018,18,0.176154,0.823846
math,141,2000,2019,19,0.113996,0.886004
math,141,2000,2020,20,0.139291,0.860709
math,141,2000,2021,21,0.122486,0.877514
math,141,2000,2022,22,0.054297,0.945703
math,141,2000,2023,23,0.090416,0.909584
math,141,2000,2024,24,0.262697,0.737303
math,141,2000,2025,25,0.248061,0.751939
math,142,2000,2000,0,0.651322,0.348678
math,142,2000,2001,1,0.135416,0.864584
math,142,2000,2002,2,0.325833,0.674167
math,142,2000,2003,3,0.0,1.0
math,142,2000,2004,4,0.032069,0.967931
math,142,2000,2005,5,0.003874,0.996126
math,142,2000,2006,6,0.090416,0.909584
math,142,2000,2007,7,0.0,1.0
math,142,2000,2008,8,0.0,1.0
math,142,2000,2009,9,0.003874,0.996126
math,142,2000,2010,10,0.0,1.0
math,142,2000,2011,11,0.094291,0.905709
math,142,2000,2012,12,0.063416,0.936584
math,142,2000,2013,13,0.239291,0.760709
math,142,2000,2014,14,0.045191,0.954809
math,142,2000,2015,15,0.135416,0.864584
math,142,2000,2016,16,0.0,1.0
math,142,2000,2017,17,0.122486,0.877514
math,142,2000,2018,18,0.235416,0.764584
math,142,2000,2019,19,0.235416,0.764584
math,142,2000,2020,20,0.239291,0.760709
math,142,2000,2021,21,0.0,1.0
math,142,2000,2022,22,0.063416,0.936584
math,142,2000,2023,23,0.135416,0.864584
math,142,2000,2024,24,0.235416,0.764584
math,142,2000,2025,25,0.139291,0.860709
math,143,2000,2000,0,0.651322,0.348678
math,143,2000,2003,3,0.198833,0.801167
math,143,2000,2005,5,0.0,1.0
math,143,2000,2006,6,0.198833,0.801167
math,143,2000,2007,7,0.198833,0.801167
math,143,2000,2008,8,0.198833,0.801167
math,143,2000,2009,9,0.198833,0.801167
math,143,2000,2010,10,0.085644,0.914356
math,143,2000,2011,11,0.198833,0.801167
math,143,2000,2012,12,0.085644,0.914356
math,143,2000,2013,13,0.198833,0.801167
math,143,2000,2014,14,0.198833,0.801167
math,143,2000,2015,15,0.198833,0.801167
math,143,2000,2016,16,0.122486,0.877514
math,143,2000,2017,17,0.198833,0.801167
math,143,2000,2018,18,0.198833,0.801167
math,143,2000,2019,19,0.198833,0.801167
math,143,2000,2020,20,0.198833,0.801167
math,143,2000,2021,21,0.198833,0.801167
math,143,2000,2022,22,0.198833,0.801167
math,143,2000,2023,23,0.198833,0.801167
math,143,2000,2024,24,0.198833,0.801167
math,143,2000,2025,25,0.198833,0.801167
math,144,2000,2000,0,0.651322,0.348678
math,144,2000,2001,1,0.389249,0.610751
math,144,2000,2002,2,0.153833,0.846167
math,144,2000,2003,3,0.0,1.0
math,144,2000,2004,4,0.139291,0.860709
math,144,2000,2005,5,0.022228,0.977772
math,144,2000,2006,6,0.0,1.0
math,144,2000,2007,7,0.230902,0.769098
math,144,2000,2008,8,0.090416,0.909584
math,144,2000,2009,9,0.095486,0.904514
math,144,2000,2010,10,0.008657,0.991343
math,144,2000,2011,11,0.235416,0.764584
math,144,2000,2012,12,0.0,1.0
math,144,2000,2013,13,0.063416,0.936584
math,144,2000,2014,14,0.049066,0.950934
math,144,2000,2015,15,0.257644,0.742356
math,144,2000,2016,16,0.030885,0.969115
math,144,2000,2017,17,0.032069,0.967931
math,144,2000,2018,18,0.280608,0.719392
math,144,2000,2019,19,0.008657,0.991343
math,144,2000,2020,20,0.135416,0.864584
math,144,2000,2021,21,0.0,1.0
math,144,2000,2022,22,0.008657,0.991343
math,144,2000,2023,23,0.139482,0.860518
math,144,2000,2024,24,0.012531,0.987469
math,144,2000,2025,25,0.247948,0.752052
math,145,2000,2000,0,0.651322,0.348678
math,145,2000,2001,1,0.0,1.0
math,145,2000,2002,2,0.229707,0.770293
math,145,2000,2003,3,0.090416,0.909584
math,145,2000,2004,4,0.434249,0.565751
math,145,2000,2005,5,0.108926,0.891074
math,145,2000,2006,6,0.182122,0.817878
math,145,2000,2007,7,0.014636,0.985364
math,145,2000,2008,8,0.078052,0.921948
math,145,2000,2009,9,0.372538,0.627462
math,145,2000,2010,10,0.131901,0.868099
math,145,2000,2011,11,0.285469,0.714531
math,145,2000,2012,12,0.029272,0.970728
math,145,2000,2013,13,0.303885,0.696115
math,145,2000,2014,14,0.150052,0.849948
math,145,2000,2015,15,0.262697,0.737303
math,145,2000,2016,16,0.023293,0.976707
math,145,2000,2017,17,0.240469,0.759531
math,145,2000,2018,18,0.27228,0.72772
math,145,2000,2019,19,0.059827,0.940173
math,145,2000,2020,20,0.023293,0.976707
math,145,2000,2021,21,0.105052,0.894948
math,145,2000,2022,22,0.240469,0.759531
math,145,2000,2023,23,0.164688,0.835312
math,145,2000,2024,24,0.199118,0.800882
math,145,2000,2025,25,0.17228,0.82772
math,146,2000,2000,0,0.651322,0.348678
math,146,2000,2001,1,0.235416,0.764584
math,146,2000,2002,2,0.135416,0.864584
math,146,2000,2003,3,0.008657,0.991343
math,146,2000,2004,4,0.072074,0.927926
math,146,2000,2005,5,0.108608,0.891392
math,146,2000,2006,6,0.262249,0.737751
math,146,2000,2007,7,0.202707,0.797293
math,146,2000,2008,8,0.063416,0.936584
math,146,2000,2009,9,0.235416,0.764584
math,146,2000,2010,10,0.150052,0.849948
math,146,2000,2011,11,0.298833,0.701167
math,146,2000,2012,12,0.248061,0.751939
math,146,2000,2013,13,0.139291,0.860709
math,146,2000,2014,14,0.135416,0.864584
math,146,2000,2015,15,0.235416,0.764584
math,146,2000,2016,16,0.239291,0.760709
math,146,2000,2017,17,0.235416,0.764584
math,146,2000,2018,18,0.235416,0.764584
math,146,2000,2019,19,0.063416,0.936584
math,146,2000,2020,20,0.244074,0.755926
math,146,2000,2021,21,0.139291,0.860709
math,146,2000,2022,22,0.239291,0.760709
math,146,2000,2023,23,0.022228,0.977772
math,146,2000,2024,24,0.239291,0.760709
math,146,2000,2025,25,0.235416,0.764584
math,147,2008,2008,0,0.651322,0.348678
math,147,2008,2010,2,0.0,1.0
math,147,2008,2012,4,0.022228,0.977772
math,147,2008,2013,5,0.0,1.0
math,147,2008,2014,6,0.0,1.0
math,147,2008,2015,7,0.0,1.0
math,147,2008,2016,8,0.0,1.0
math,147,2008,2017,9,0.0,1.0
math,147,2008,2018,10,0.0,1.0
math,147,2008,2019,11,0.0,1.0
math,147,2008,2020,12,0.0,1.0
math,147,2008,2021,13,0.0,1.0
math,147,2008,2022,14,0.0,1.0
math,147,2008,2023,15,0.0,1.0
math,147,2008,2024,16,0.0,1.0
math,147,2008,2025,17,0.0,1.0
math,148,2001,2001,0,0.651322,0.348678
math,148,2001,2002,1,0.0,1.0
math,148,2001,2003,2,0.0,1.0
math,148,2001,2004,3,0.0,1.0
math,148,2001,2005,4,0.0,1.0
math,148,2001,2006,5,0.0,1.0
math,148,2001,2007,6,0.0,1.0
math,148,2001,2008,7,0.0,1.0
math,148,2001,2009,8,0.0,1.0
math,148,2001,2010,9,0.0,1.0
math,148,2001,2011,10,0.0,1.0
math,148,2001,2012,11,0.0,1.0
math,148,2001,2013,12,0.0,1.0
math,148,2001,2014,13,0.0,1.0
math,148,2001,2015,14,0.0,1.0
math,148,2001,2016,15,0.0,1.0
math,148,2001,2017,16,0.0,1.0
math,148,2001,2018,17,0.0,1.0
math,148,2001,2019,18,0.0,1.0
math,148,2001,2020,19,0.0,1.0
math,148,2001,2021,20,0.045191,0.954809
math,148,2001,2022,21,0.0,1.0
math,148,2001,2023,22,0.0,1.0
math,148,2001,2024,23,0.0,1.0
math,148,2001,2025,24,0.003874,0.996126
math,149,2001,2001,0,0.651322,0.348678
math,149,2001,2003,2,0.0,1.0
math,149,2001,2004,3,0.095486,0.904514
math,149,2001,2005,4,0.063416,0.936584
math,149,2001,2006,5,0.026102,0.973898
math,149,2001,2007,6,0.095486,0.904514
math,149,2001,2008,7,0.104143,0.895857
math,149,2001,2009,8,0.167486,0.832514
math,149,2001,2010,9,0.095486,0.904514
math,149,2001,2011,10,0.110122,0.889878
math,149,2001,2012,11,0.063416,0.936584
math,149,2001,2013,12,0.063416,0.936584
math,149,2001,2014,13,0.095486,0.904514
math,149,2001,2015,14,0.0,1.0
math,149,2001,2016,15,0.055362,0.944638
math,149,2001,2017,16,0.085644,0.914356
math,149,2001,2018,17,0.063416,0.936584
math,149,2001,2019,18,0.13471,0.86529
math,149,2001,2020,19,0.067291,0.932709
math,149,2001,2021,20,0.085644,0.914356
math,149,2001,2022,21,0.063416,0.936584
math,149,2001,2023,22,0.067291,0.932709
math,149,2001,2024,23,0.110122,0.889878
math,149,2001,2025,24,0.110122,0.889878
