subject,topic_id,window,win_start,win_end,top_words,n_words
math,0,2000–2005,2000,2005,"graph, graphs, matroids, 2dom, aut, book, chromatic, circuit, cn, covered, covering, digraph, distinguishing, dom, domatic, edges, gg, half, hamilton, hedrite, hedrites, hereditary, heterochromatic, hypergraph, imbeddings, lambda, laplacian, lattice, ln, locally, minimalizable, number, polynomial, polynomials, quadrangularity, ranks, rceil, removing, routing, semisymmetric, sets, steiner, theta, thickness, tiled, tournaments, transfinite, tutte, unlabeled, vertex, vertices",51
math,0,2005–2010,2005,2010,"graph, graphs, vertices, edges, vertex, gg, number, chromatic, connected, edge, geq, alliance, bbz, bidirected, cchi, cn, covering, decycling, defensive, digraphs, directed, distinguishing, hereditary, heterochromatic, laplacian, mcc, offensive, paired, rainbow, rb, rceil, semisymmetric",32
math,0,2010–2015,2010,2015,"edge, gg, graph, graphs, number, vertices, edges, vertex, every, chromatic, coloring, connected, degree, directed, if, kk, minimum, rainbow, set",19
math,0,2015–2020,2015,2020,"edge, gg, graph, graphs, number, vertex, vertices, coloring, edges, every, kk, chromatic, connected, geq, if, mathcal",16
math,0,2020–2025,2020,2025,"edge, gg, graph, graphs, number, vertex, vertices, every, kk, coloring, mathcal, cal, chromatic, edges, ell, geq, hh, if",18
math,1,2000–2005,2000,2005,"operators, commuting, dilation, dilations, dunkl, transform, 1h, ast, bergman, biger, bounded, cr, cusps, doubling, f3, fh, fourier, hardy, hermitian, hoelder, hyperbolicity, hyperinvariant, inequality, invariant, lacunary, lunel, maximal, multivariable, operator, paley, pollard, qtext, randolph, restriction, sbd, schwartz, selfadjoint, shifts, sobolev, spaces, subspaces, svep, symbol, theorem, transaloid, tuples, umd, verduyn, weighted, weyl, zr, zygmund",52
math,1,2005–2010,2005,2010,"hardy, operators, spaces, operator, inequalities, functions, inequality, int, weighted, bbk, besov, bmo, const, cr, dunkl, dyadic, fh, generalized, ginf, infty, interpolation, lebesgue, nevanlinna, norm, orlicz, pick, pmb, pollard, riesz, rn, sf, smirnov, sobolev, symbol, transform, trudinger, vec",37
math,1,2010–2015,2010,2015,"hardy, infty, operator, operators, spaces, functions, inequalities, weighted, mathbb, varphi, bergman, besov, bf, bounded, boundedness, carleson, const, dyadic, frac, int, mathsf, orlicz, sobolev, space, tilde, zygmund",26
math,1,2015–2020,2015,2020,"hardy, mathbb, operator, operators, spaces, infty, weighted, inequalities, boundedness, functions, sobolev, space, bar, big, commutators, frac, int, left, mathcal, on, right, varphi",22
math,1,2020–2025,2020,2025,"hardy, infty, mathbb, operator, operators, spaces, weighted, bergman, sobolev, boundedness, frac, inequalities, mathcal, space, bar, varphi",16
math,2,2000–2005,2000,2005,"estimation, estimator, estimators, jackknife, parameter, regression, aggregation, air, asthma, beta, bic, censored, datum, demonstrates, effect, fiducial, gom, guessed, ifs, inference, jack, likelihood, location, mdma, meta, minimax, mmse, model, models, nonparametric, particulate, particulates, pdf, predictive, prior, probabilities, risk, sample, samples, shrinkage, size, treatment, variance, weibull",44
math,2,2005–2010,2005,2010,"estimators, estimation, regression, estimator, likelihood, models, selection, bolds, tests, adaptive, asymptotic, bic, confidence, data, densities, density, distribution, empirical, fdp, fwer, inference, lasso, mathbf, mathit, minimax, model, nonparametric, oracle, parameter, penalized, procedure, procedures, quim, risk, sample, testing",36
math,2,2010–2015,2010,2015,"estimation, estimators, regression, sample, estimator, selection, lasso, likelihood, testing, models, oracle, test, confidence, covariates, data, densities, density, distribution, high, mle, model, nonparametric, penalized, posterior, procedure",25
math,2,2015–2020,2015,2020,"estimation, estimator, estimators, regression, data, sample, test, testing, bayesian, inference, model, selection, tests, distribution, error, lasso, likelihood, minimax, models, nonparametric, posterior",21
math,2,2020–2025,2020,2025,"data, estimation, estimator, estimators, inference, regression, sample, models, causal, test, bayesian, testing, covariates, likelihood, model, treatment",16
math,3,2000–2005,2000,2005,"knot, knots, invariants, link, links, manifold, manifolds, vassiliev, jones, alexander, bbb, branched, casson, concordance, dehn, fibred, fillings, heegaard, homology, hyperbolic, ieie, khovanov, knotted, legendrian, linking, morse, moves, polynomial, pretzel, ropelength, signature, skein, sphere, thurston, triangulation, virtual",36
math,3,2005–2010,2005,2010,"knot, knots, link, heegaard, homology, floer, khovanov, links, alexander, invariants, manifolds, surgery, concordance, fibred, genus, homfly, hyperbolic, ieie, jones, legendrian, manifold, rope, splittings, torus, triangulations, tunnel, vassiliev",27
math,3,2010–2015,2010,2015,"homology, knot, knots, heegaard, invariants, link, floer, links, genus, khovanov, surgery, alexander, bmatrix, concordance, crossing, hyperbolic, invariant, jones, legendrian, moves, seifert, slice, sutured, virtual",24
math,3,2015–2020,2015,2020,"homology, knot, knots, link, links, floer, invariants, crossing, heegaard, khovanov, manifolds, surgery, alexander, colored, concordance, diagrams, invariant, legendrian, linking, manifold, moves, ribbon, seifert, slice, surgeries, virtual",26
math,3,2020–2025,2020,2025,"homology, knot, knots, link, links, floer, invariants, manifolds, alexander, legendrian, alternating, contact, crossing, diagrams, heegaard, hyperbolic, jones, khovanov, ribbon, seifert, skein, slice, spheres, surgery",24
math,4,2000–2005,2000,2005,"groups, group, subgroups, artin, cat, free, solvable, subgroup, tits, amongst, approx0, aut, auter, automorphism, automorphisms, bergman, bestvina, combable, conjugacy, coset, coxeter, decompositions, det, diagram, dimension, fin, finite, finitely, frattini, gamma, generating, gg, jsj, maier, ncc, platonov, poset, precsim, psl, relator, thompson, virtually, vogtmann",43
math,4,2005–2010,2005,2010,"group, groups, subgroups, free, subgroup, finitely, finite, gg, nilpotent, residually, angled, artin, automorphism, baumslag, cat, fic, garside, generated, hyperbolic, jj, ncc, orderings, pl, relatively, solitar, solvable, virtually, word, wr",29
math,4,2010–2015,2010,2015,"gg, group, groups, subgroup, subgroups, finite, finitely, free, aut, generated, hyperbolic, 2p, artin, cat, conjugacy, cyclic, floyd, gam, mathfrak, nilpotent, orderings, word",22
math,4,2015–2020,2015,2020,"finite, gg, group, groups, subgroup, subgroups, aut, finitely, angled, hyperbolic, abelian, artin, bullet, floyd, free, langle, mathbb, mathrm, mathscr, out, pp, rm, virtually, word",24
math,4,2020–2025,2020,2025,"finite, gg, group, groups, subgroup, subgroups, finitely, free, hyperbolic, artin, pp, abelian, aut, conjugacy, generated, mathbb, mathscr, thompson",18
math,5,2000–2005,2000,2005,"control, systems, output, feedback, adaptation, adaptive, attainable, attitude, basic, cart, charactarized, compensators, domination, ellipsoid, engine, estimation, greitzer, inefficient, input, inverted, jet, lambda, laws, linearity, linearization, lyapunov, matching, monotonic, multivariable, nonholonomic, nonlinear, parametrization, pendulum, plus, prospective, regions, regulation, require, semimodules, semiring, shouten, spr, stabilizability, stall, surge, trailers, trajectory, unactuated, wagner",49
math,5,2005–2010,2005,2010,"control, systems, attitude, feedback, lyapunov, stabilization, switched, atlas, begin, bisimilar, cala, champagne, constraints, controllability, controlled, controller, cr, ellipsoid, estimation, filter, gain, inputs, integrator, iss, kyp, linear, lossless, mathfrak, observability, output, parametrical, pdv02, pmatrix, reconfiguration, robust, sliding, spacecraft, stability, stabilizability, state, switching, symbolic, system, trailers, trajectory, underactuation, varying",47
math,5,2010–2015,2010,2015,"control, systems, system, feedback, state, controllability, controller, filter, input, linear, lyapunov, output, stability, stabilization, switching, atlas, attitude, cala, controllers, deflection, differential, hg, hm, iss, lossless, navigation, nonlinear, optimal, quadrotor, rolling, switched, time, underactuation",33
math,5,2015–2020,2015,2020,"control, system, systems, controller, state, input, koopman, time, attitude, controllability, linear, mpc, predictive, constraints, controllers, design, dmd, feedback, lpv, lyapunov, mode, nonlinear, pendulum, proposed, stability, trajectory",26
math,5,2020–2025,2020,2025,"control, controller, mpc, system, systems, state, safety, koopman, nonlinear, based, design, feedback, predictive, time, constraints, input, linear, proposed, trajectory",19
math,6,2000–2005,2000,2005,"algebra, algebras, banach, crossed, completely, cuntz, krieger, unital, von, aa, amenability, ast, automorphisms, betti, ca, cal, cb, cl, flgee, gns, hf, hilbert, idgba, if, imprimitivity, meet, nest, oa, oc, operator, pi, rank, rieffel, rokhlin, rtimes, space, subalgebras, talamanca, tau, tracial, ultragraph",41
math,6,2005–2010,2005,2010,"algebra, algebras, unital, banach, af, amenability, cal, crossed, cuntz, derivations, mathcal, neumann, tracial, von, aa, actions, arens, bbt, big, cc, cl, compact, ell, fa, flgee, if, module, nest, rokhlin, rtimes, subalgebra, tau, tr, tracially, widetilde",35
math,6,2010–2015,2010,2015,"algebra, algebras, unital, von, banach, crossed, neumann, leavitt, aa, ast, cuntz, mathcal, product, actions, amenability, arens, ca, cl, curvearrowright, ell, module, property, rokhlin, rtimes, separable, uhf",26
math,6,2015–2020,2015,2020,"algebra, algebras, mathcal, banach, unital, von, aa, leavitt, ast, cuntz, neumann, product, rtimes, alg, aw, cal, crossed, frak, group, groupoid, gs, if, luc, mathfrak, operator, otimes, ultragraph, varphi",28
math,6,2020–2025,2020,2025,"algebra, algebras, mathcal, unital, von, aa, group, leavitt, mathfrak, mathscr, neumann, nuclear, tracial, varphi, actions, amenable, ann, baer, banach, bf, bolda, crossed, groupoid, lht, mathrm, path, rtimes, tdz, ultragraph",29
math,7,2000–2005,2000,2005,"ideal, ring, ideals, rings, macaulay, cohen, fa, modules, rees, star, artinian, ast, bases, buchsbaum, cap, cl, closure, cohomology, computes, dim, ext, gins, glicci, gorenstein, grobner, intersection, janet, kunz, liaison, longmapsto, module, monomial, multr, noetherian, pommaret, qb, qfqf, rr, scr",39
math,7,2005–2010,2005,2010,"ideal, ring, rings, ideals, monomial, modules, cohen, gorenstein, local, macaulay, rr, stanley, artinian, ass, ast, biss, bner, cl, clean, dim, gfd, gr, graded, levalg, qfqf, quotients, rm, sdepth, star, tor",30
math,7,2010–2015,2010,2015,"cohen, ideal, ideals, macaulay, ring, modules, rings, rr, module, depth, fa, gorenstein, monomial, bner, gr, graded, quasipolar, stanley",18
math,7,2015–2020,2015,2020,"ideal, ideals, ring, rings, rr, modules, gorenstein, module, local, mathfrak, monomial, noetherian, cohen, frak, graded, injective, macaulay, nilary, quasipolar, subseteq, tor, underline",22
math,7,2020–2025,2020,2025,"ideal, ideals, ring, rings, rr, gorenstein, graded, macaulay, modules, monomial, cohen, injective, mathfrak, module, nilary, noetherian, operatorname, primary, prime, reg, rm, subseteq, underline, vartriangleleft",24
math,8,2000–2005,2000,2005,"boundary, 0lu, 2uln, annuli, array, begin, bolle, damascelli, domains, ell, elliptic, equation, ergodic, fouler, ge, hyperplane, jensen, laplace, lemma, lll, lu, minima, monotonicity, moving, noncharacteristic, pacella, partial, pm, principle, problem, quasiconvex, quasiconvexity, regularity, solutions, symmetry, thin, touch, triangledown, unstable",39
math,8,2005–2010,2005,2010,"elliptic, boundary, parabolic, solutions, equations, nabla, partial, problems, regularity, semilinear, blow, cdot, cer, dirichlet, domains, ell, eqnarray, equation, free, ge, geq, goursat, growth, gw, infty, laplacian, lemma, mountain, nonlinear, posedness, principle, prt, quad, solution, textrm, triangledown, uniqueness, unstable, up, vert",40
math,8,2010–2015,2010,2015,"elliptic, solutions, boundary, parabolic, equations, partial, regularity, array, begin, end, equation, nonlinear, quad, quasilinear, changing, critical, dirichlet, fl, frac, gk, growth, infty, laplacian, mydirac, nabla, om, semilinear, sign, sq, uniqueness, vert",31
math,8,2015–2020,2015,2020,"elliptic, quad, solutions, begin, boundary, partial, mbox, regularity, end, equation, existence, frac, laplacian, nabla, array, fractional, mathbb, parabolic, text",19
math,8,2020–2025,2020,2025,"elliptic, nabla, regularity, solutions, equation, begin, quad, frac, partial, boundary, end, text, div, du, equations, fractional, int, laplacian, mathbb, mathtt, mbox, nonlocal, parabolic",23
math,9,2000–2005,2000,2005,"surfaces, k3, moduli, curves, degree, birational, bundles, curve, enriques, genus, kodaira, singularities, surface, terminal, bundle, cc, corti, degeneration, dominable, fano, fat, fibration, fibre, general, hilb, kbm, nef, noether, pezzo, projective, quadrisecant, stable, supersingular, tautological, threefolds, varieties, varities",37
math,9,2005–2010,2005,2010,"moduli, surfaces, k3, curves, fano, surface, genus, bundles, curve, projective, stable, bbz, bf, birational, bundle, canonical, epw, gizatullin, hilb, k3k3, mhu, pezzo, rational, sextics, sheaves, singularities, smooth, space, supersingular, tbinom, threefolds",31
math,9,2010–2015,2010,2015,"k3, projective, moduli, surfaces, curves, fano, surface, bundles, rational, sheaves, stable, birational, bois, brill, bundle, canonical, curve, del, enriques, genus, gizatullin, mhu, pezzo, picard, semistable, singularities, smooth, space, supersingular, threefolds, varieties",31
math,9,2015–2020,2015,2020,"surfaces, curves, fano, moduli, k3, projective, varieties, cubic, smooth, bundles, canonical, surface, threefolds, birational, characteristic, check, degree, fourfolds, genus, log, mathbb, nef, rational, sheaves, singularities, variety",26
math,9,2020–2025,2020,2025,"fano, moduli, surfaces, varieties, curves, k3, projective, mathbb, smooth, canonical, cubic, surface, bundles, curve, enriques, mathcal, singularities, stability, threefolds, variety, xx",21
math,10,2000–2005,2000,2005,"stokes, incompressible, navier, 2d, equations, euler, solutions, averaged, averaging, blow, breakdown, clopeau, couette, critical, dyadic, ergodicity, flow, friction, geostrophic, homoclinic, hyperviscosity, id, instability, isospectral, lax, mikeli, motion, motions, nabla, obstacle, orr, oseledets, pavlovic, profile, quasi, resolvent, solid, sommerfeld, stability, tge, threshold, vortices",42
math,10,2005–2010,2005,2010,"navier, stokes, equations, solutions, incompressible, euler, vortex, vorticity, fluid, initial, vortices, bbb, blowup, bom, boundary, du, eps, equation, flow, fluids, frac32k, instability, kinematic, ml, obstacle, regularity, shell, shock, stability, tge",30
math,10,2010–2015,2010,2015,"equations, navier, stokes, incompressible, solutions, compressible, initial, euler, velocity, fluid, fluids, vacuum, vorticity, bom, dot, equation, global, palinstrophy, shear, solution, viscosity, viscous, vortex",23
math,10,2015–2020,2015,2020,"compressible, equations, euler, incompressible, navier, solutions, stokes, fluid, initial, vorticity, velocity, bbb, infty, pm, solution, time, vacuum, vortex",18
math,10,2020–2025,2020,2025,"compressible, equations, euler, initial, navier, solutions, stokes, fluid, incompressible, vortex, boundary, frac, posedness, ve, velocity, viscosity, vorticity, weak",18
math,11,2000–2005,2000,2005,"manifolds, metric, metrics, ricci, curvature, einstein, flow, hler, kahler, compatible, kaehler, bisectional, bundle, cal, compact, hkt, hyperk, hyperkaehler, lie, osserman, pseudo, qkt, quaternionic, riemannian, sasakian, scalar, scriptstyle, wbf",28
math,11,2005–2010,2005,2010,"metrics, ricci, curvature, einstein, hler, manifolds, metric, manifold, almost, flow, riemannian, compact, connection, hermitian, hm, invariant, iso, kahler, sasaki, sasakian, structures, tensor, varsigma, wbf",24
math,11,2010–2015,2010,2015,"curvature, einstein, hler, manifolds, metric, metrics, ricci, manifold, riemannian, finsler, kahler, almost, flat, flow, invariant, kenmotsu, soliton",17
math,11,2015–2020,2015,2020,"curvature, hler, manifolds, metric, metrics, ricci, einstein, riemannian, manifold, finsler, soliton, solitons, conformal, flow, lie, quaternionic, su",17
math,11,2020–2025,2020,2025,"curvature, hler, manifolds, metrics, ricci, solitons, einstein, metric, manifold, riemannian, almost, finsler, flow, lie, nabla, scalar, slant, soliton, su",19
math,12,2000–2005,2000,2005,"diffeomorphisms, maps, periodic, entropy, hyperbolic, mixing, orbits, twist, alpha, arnold, bar, circ, cl, de, diff, diffeomorphismes, domaines, dynamical, epimorphisms, ergodic, expanding, exponents, growth, homemorphisms, homoclinic, instability, invariant, la, laminations, lyapunov, marked, marking, maximal, ml, nonuniformly, omegalt, polymorphism, polymorphisms, quasiperiodically, qui, ratners, saddle, subshifts, surface, tori, torus, translation, unimodal",48
math,12,2005–2010,2005,2010,"entropy, diffeomorphisms, ergodic, hyperbolic, flows, invariant, maps, mixing, orbits, periodic, topological, anosov, bar, de, domaines, dynamical, epimorphisms, expanding, homeomorphisms, hyperbolicity, lambda, lyapunov, mapsto, measure, measures, morse, nilsystems, nonuniformly, partially, period, preserving, quasiperiodically, qui, recurrent, rotation, shadowing, shift, stable, subshifts, systems, teichmueller, ti, translation, truncator",44
math,12,2010–2015,2010,2015,"entropy, maps, diffeomorphisms, dynamical, measure, mixing, shadowing, topological, anosov, ergodic, hyperbolic, interval, lyapunov, shift, attractors, co, compact, expanding, flow, ifs, invariant, map, mathbb, mathcal, measures, morse, overrightarrow, preserving, property, rotation, stable, widetilde",32
math,12,2015–2020,2015,2020,"entropy, maps, mixing, topological, hyperbolic, lyapunov, diffeomorphisms, dynamical, ergodic, measure, anosov, shadowing, expanding, expansive, exponents, homeomorphisms, ifs, interval, map, mathcal, partially, property, rotation, set, shift, underline, unstable",27
math,12,2020–2025,2020,2025,"entropy, maps, anosov, dynamical, topological, diffeomorphisms, ergodic, hyperbolic, measures, map, measure, systems, circle, erg, flows, mixing, neutralized, orbits, partially, pseudo, psh, shadowing, shifts, unstable, varphi",25
math,13,2000–2005,2000,2005,"equation, nls, nonlinearity, schrodinger, 3s, aire, airy, asymptotic, atomic, attractive, benjamin, bkdv, bose, bottom, caustic, compacte, competition, condensates, debye, decaying, devries, dinger, dispersion, dispersive, equations, est, evolution, existence, ground, hydrodynamic, inftyt, inftyx, interactions, johnson, join, kdv, korteweg, nonlinear, ono, periodic, posedness, potential, representation, representative, repulsive, schr, schwarzschild, solitary, solitons, spe, state, strichartz, sur, une, well, wellposedness",56
math,13,2005–2010,2005,2010,"dinger, equation, schr, nonlinear, global, posedness, solutions, energy, nls, schrodinger, schroedinger, soliton, caustic, critical, cubic, data, debye, defocusing, equations, gkdv, ground, initial, kdv, mass, nonlinearity, periodic, strichartz, supercritical, wave, well",30
math,13,2010–2015,2010,2015,"dinger, equation, nonlinear, schr, solutions, nls, waves, energy, initial, posedness, 2s, defocusing, dot, equations, frac, gkdv, global, gordon, kdv, om, quad, schrodinger, solitary, soliton, stability, varepsilon, wave",27
math,13,2015–2020,2015,2020,"dinger, equation, nonlinear, schr, solutions, mathbb, nls, waves, scattering, 2s, begin, benjamin, choquard, critical, dot, end, energy, frac, ground, kdv, kirchhoff, mass, nonlinearity, posedness, solitary, standing, wave, zakharov",28
math,13,2020–2025,2020,2025,"dinger, equation, schr, solutions, nonlinear, frac, mathbb, begin, ground, end, mass, nls, wave, critical, dot, kirchhoff, nonlinearity, partial, posedness, right, waves, zakharov",22
math,14,2000–2005,2000,2005,"algebraic, arithmetic, barrier, barriers, benchmark, captures, colourful, combinatorial, composite, cones, constraint, convex, copositive, decomposes, easy, edge, expressions, expressive, far, format, generalization, guaranteed, initialization, instances, invertibility, irreducible, keywords, lipschitz, mapping, matroid, optimization, packing, packlib, propagation, quadratic, reaching, relaxations, richly, rule, scaled, selective, self, simplex, solvable, strongly, sufficient, symmetric, vavasis, worst, xml",50
math,14,2005–2010,2005,2010,"sdp, programming, salesman, traveling, asymmetric, benchmark, branch, colourful, copositive, cvetkovic, easy, ell, evolutionary, facets, fax, firefly, format, groebner, hccp, inequalities, instances, integrality, interval, ivpm, karakostas, kurdyka, least, lojasiewicz, lp, matlab, moeo, multiobjective, objective, optimization, orbitopes, package, packing, packlib, paradiseo, project, qcsps, quadratic, quantified, relaxations, sdls, semidefinite, shrink, solving, sos, sparse, squares, summations, tour, wrapping, xml",55
math,14,2010–2015,2010,2015,"optimization, programming, problems, semidefinite, algorithm, gp, lp, objective, problem, sos, algorithms, convex, eo, extended, facial, firefly, formulations, hccp, idempotent, ij, infinite, integer, ka, knapsack, layout, log, nm, openness, optimizations, project, ramana, relaxation, relaxations, sdp, shrink, simplex, simulation, subregularity, tilde, tropical, turbofan, variational, wrapping",43
math,14,2015–2020,2015,2020,"optimization, programming, problems, convex, objective, programs, semidefinite, algorithm, constraints, problem, integer, relaxation, algorithms, complementarity, eo, extended, knapsack, log, lp, nm, pareto, relaxations, satp, set, subregularity, tsp",26
math,14,2020–2025,2020,2025,"objective, optimization, problem, problems, programming, bilevel, convex, constraints, programs, algorithm, integer, semidefinite, algorithms, knapsack, learning, multi, pareto, robust, set, solving, sos",21
math,15,2000–2005,2000,2005,"dinger, operators, schr, spectrum, adjoint, potentials, spectral, operator, potential, scattering, titchmarsh, absence, anfer, au, bbc, bbr, bertrand, birkhoff, curved, darboux, dirac, discrete, dx, eigenvalues, gustavson, magnetic, normalization, oscillator, periodic, perturbation, perturbations, povzner, prime, rdx, valued, wienholtz",36
math,15,2005–2010,2005,2010,"dinger, operator, operators, schr, eigenvalues, spectral, spectrum, potential, adjoint, magnetic, potentials, asymptotics, cj, dirac, discrete, fh, gap, hill, jacobi, periodic, prime, resonances, schroedinger, singular, ts, weyl",26
math,15,2010–2015,2010,2015,"dinger, operator, operators, schr, spectral, spectrum, magnetic, potentials, eigenvalues, resonances, sturm, 2m, asymptotics, dirac, eigenfunctions, jacobi, liouville, pmatrix, potential, scattering, sm, ve, weyl",23
math,15,2015–2020,2015,2020,"dinger, eigenvalues, operator, operators, schr, spectral, spectrum, potential, potentials, anderson, bf, dirac, frac12, guided, magnetic, mathbf, resolvent, resonances, sm, sturm",20
math,15,2020–2025,2020,2025,"dinger, operator, operators, schr, spectral, eigenvalues, magnetic, spectrum, potential, potentials, dirac, scattering, adjoint, bf, frac12, friedrichs, inverse, mathbb, resolvent, sturm",20
math,16,2000–2005,2000,2005,"quantum, entropy, information, neumann, von, algebra, annihilation, appell, autonomic, breiman, cal, classical, cocycle, correction, covariant, digraph, fisher, free, gauss, generators, hilbert, independence, ito, kochen, levy, locality, loewner, logic, loophole, markovian, mechanics, metaphysical, monotone, nafl, nonlocality, operational, oscillating, perturbations, poly, processes, qs, rapidly, semilogics, shifts, sqsubseteq, states, statistical, stochastic, summation, tracial, zeno",51
math,16,2005–2010,2005,2010,"quantum, cocycles, entanglement, entropy, nafl, states, stochastic, aleh, algebra, autonomic, bath, braidability, braided, clb, clh, convolution, cpt, free, generators, homodyne, information, inftyb, item, ito, lc, levy, lhv, lindblad, logic, lu, markov, mechanics, mediated, mu, multiplicativity, noncommutative, orb, phi, photon, pt, qs, qubit, qubits, rank, rh, semilogics, stabilizer, ucp, var",49
math,16,2010–2015,2010,2015,"quantum, states, entanglement, state, classical, photon, qubit, channel, clh, contextuality, cpm, entangled, fock, helstrom, lc, lu, markov, measurement, mechanics, nafl, observables, otimes, pcsft, positive, povms, ppt, propagators, protocols, pure, qq, qubits, rel, relations, selinger, semicircular, stabilizer, stochastic, systems, traced, transfer, transpose, witnesses, yanase",43
math,16,2015–2020,2015,2020,"quantum, states, channels, frac, state, approx, classical, contextuality, entanglement, maps, measurements, qubit, varepsilon, can, cdot, coherent, corr, cpm, csw, divergences, ground, hbar, ic, im, khrushchev, mechanics, optimization, otimes, pretty, protocols, rebit, rel, su, theory, variables, varphi, walks",37
math,16,2020–2025,2020,2025,"quantum, state, states, classical, entanglement, optimization, algorithms, contextuality, frac, qubit, qubo, to, transfer, walks, algorithm, approx, can, circuits, computing, ground, measurements, problems, qaoa, qubits, retrodiction, sep, solver, theory, walk",29
math,17,2000–2005,2000,2005,"avoiding, permutations, pattern, patterns, trees, bijections, foata, letters, words, books, catalan, chebyshev, coloured, combinatorial, containing, continued, emptyset, equi, exactly, fibonomial, generating, identities, increasing, involutions, leaf, length, longest, macmahon, mn, mn3, ns, octahedron, paths, permutation, prod, quicksort, ranking, return, seebold, sq, subsequence, tableau, tr, young",44
math,17,2005–2010,2005,2010,"patterns, permutations, avoiding, permutation, pattern, words, episturmian, length, paths, sigma, bijections, col, derangement, derangements, descents, dumont, fix, garsia, gessel, icol, imaj, kitaev, lcs, maj, major, matchings, moll, octahedron, partitions, patience, promotion, quasisymmetric, sorting, sq, sturmian, syt, tableaux, trees",38
math,17,2010–2015,2010,2015,"permutations, pattern, words, patterns, tableaux, avoiding, length, permutation, generating, paths, word, 2m, asc, ascent, bijection, cals, claesson, dyck, eulerian, inverted, lcs, promotion, quasisymmetric, shuffling, sieving, sturmian, syt, tableau, trapezoidal, trees, wilf, young",32
math,17,2015–2020,2015,2020,"permutations, words, pattern, permutation, tableaux, word, length, patterns, avoiding, dyck, paths, young, 2m, ascent, bijection, classes, enumeration, eulerian, iar, inverted, lyndon, perm, polynomials, riordan, sequences, simsun, tableau, twins, wilf",29
math,17,2020–2025,2020,2025,"permutations, paths, permutation, words, dyck, pattern, word, riordan, generating, length, mathbf, statistics, trees, array, avoiding, descents, iar, langle, left, motzkin, patterns, rangle, right, sequences, tableaux, twins, young",27
math,18,2000–2005,2000,2005,"continuity, bard, brownian, continuing, dalang, degenerate, differential, dis, enhanced, equations, fractional, fsde, hoelder, lder, lyons, modulus, motion, mueller, pathwise, precise, rigourous, rough, sdes, spde, stationary, stochastic, support, uniqueness, volterra",29
math,18,2005–2010,2005,2010,"differential, stochastic, driven, equations, uniqueness, backward, equation, rough, sde, sdes, bard, bmo, brownian, bsde, cr, db, degenerate, derivative, diffusions, dt, dw, floor, fractional, fsde, hurst, int, lder, pathwise, rdes, reflected, solution, solutions, spdes, volterra, vy",35
math,18,2010–2015,2010,2015,"differential, driven, equations, stochastic, uniqueness, backward, brownian, noise, solution, bsdes, drift, reflected, rough, sdes, solutions, degenerate, equation, fractional, heat, motion, partial, sde, spdes",23
math,18,2015–2020,2015,2020,"differential, equations, stochastic, driven, drift, equation, noise, solution, rough, solutions, brownian, sdes, uniqueness, backward, coefficients, degenerate, heat, lder, partial, spdes, varepsilon, vy",22
math,18,2020–2025,2020,2025,"differential, driven, equations, noise, stochastic, sdes, drift, backward, brownian, equation, mathbf, partial, solution, varepsilon, coefficients, fractional, maruyama, rough, spdes, uniqueness, widehat",21
math,19,2000–2005,2000,2005,,0
math,19,2005–2010,2005,2010,"element, mixed, formulation, posteriori, afem, anisotropic, aposteriori, approximations, aspect, broken, bubble, discontinuous, dmp, eigenvalue, elasticity, elements, enriched, error, extrapolation, finite, fully, functionals, hexahedral, lbb, mesh, meshes, moment, multigrid, nonhydrostatic, obtuse, orthogonality, potentiality, preconditioner, quadrilateral, quality, raviart, stabilized, subgrid, unstructured, vanishing, weighted, winslow",42
math,19,2010–2015,2010,2015,"element, mesh, error, finite, methods, galerkin, meshes, numerical, adaptive, anisotropic, convection, elements, method, order, problems, afem, aposteriori, dg, discontinuous, dmp, estimates, freefem, multigrid, multiscale, nonconforming, obtuse, oversampling, posteriori, subdomains",29
math,19,2015–2020,2015,2020,"element, finite, galerkin, meshes, method, error, mesh, discontinuous, numerical, methods, problems, adaptive, conforming, elements, isogeometric, order, posteriori, stokes",18
math,19,2020–2025,2020,2025,"element, error, meshes, method, numerical, finite, galerkin, mesh, discontinuous, order, methods, virtual, conforming, curl, elements, posteriori",16
math,20,2000–2005,2000,2005,"surfaces, curvature, minimal, mean, cmc, immersed, willmore, 3r, annular, axis, bernstein, catenoid, conformal, cousins, embedded, end, ends, enneper, esf, extremal, flat, functional, genus, helicoid, hmc, hodographic, horosphere, konopelchenko, lagrangian, lines, moebius, projective, quaternionic, quaternions, romon, rth, singularities, space, sphere, submanifold, submanifolds, surface, trinoids, umbilic",44
math,20,2005–2010,2005,2010,"curvature, surfaces, hypersurfaces, mean, minimal, willmore, constant, gauss, 2k, aleksandrov, anti, area, axis, biharmonic, cmc, curves, de, esf, euclidean, flat, harmonic, hmc, hyperbolic, hypersurface, isothermic, legendrian, maps, moebius, partner, rth, singularities, sitter, space, spacelike, submanifolds, surface, timelike",37
math,20,2010–2015,2010,2015,"curvature, surfaces, minimal, curve, curves, hypersurfaces, submanifolds, biharmonic, immersed, mathbb, mean, spacelike, surface, willmore, axial, bertrand, curvatures, eikonal, euclidean, extrinsic, flat, harmonic, helix, immersions, mannheim, maps, partner, slant, space, timelike, treadmillsled, wintgen",32
math,20,2015–2020,2015,2020,"curvature, hypersurfaces, minimal, surface, surfaces, mathbb, willmore, gauss, constant, curves, euclidean, hypersurface, mean, space, bertrand, curve, embedded, extrinsic, immersions, meridian",20
math,20,2020–2025,2020,2025,"curvature, hypersurfaces, mathbb, minimal, surfaces, surface, immersions, cmc, gauss, mean, times, willmore, area, biharmonic, constant, curve, director, embedded, isometric, revolution, space, submanifolds, tori, weingarten",24
math,21,2000–2005,2000,2005,"variables, approximation, independent, random, analogues, arguments, assoc, bias, canonical, central, difference, discrete, erdos, estimate, ewf, fkg, gaussian, hoffmann, hsu, identically, inequalities, khintchine, laws, martingale, mgf, moment, nair, nn, noncorrelated, poisson, pseudometric, raring, regular, rgensen, robbins, rosenthal, satheesh, shot, spataru, stability, stable, statist, statistics, stein, sums, symmetric, tail, terms, ther, transformation, truncated, umbral, vapnik, variances, vc",55
math,21,2005–2010,2005,2010,"random, distribution, variables, approximation, central, distributions, limit, processes, tail, 2m, asymptotic, bahadur, berry, bias, bs, ci, clt, copulas, ew, ewf, extreme, ge0, kf, kiefer, lln, mathbf, mgf, mixing, noncorrelated, pbd, range, raring, sim, sss, statistics, stein, succeq, sum, sums, transformation, truncated, ultrametric, varying, vervaat, wasserstein",45
math,21,2010–2015,2010,2015,"distributions, random, distribution, copulas, independent, multivariate, sums, variables, gaussian, statistics, tail, berry, bz, chaos, copula, dependence, extreme, extremogram, inequalities, kn, mathbf, mb, mn, moments, pareto, peccati, poisson, processes, rrr, ruzsa, sss, subgaussian, succeq, sum, varying, veps",36
math,21,2015–2020,2015,2020,"distribution, random, variables, distributions, independent, statistics, extreme, mathbf, multivariate, stein, sums, convergence, copula, copulas, costa, dependence, entropy, functionals, hat, hoeffding, imprecise, inequality, law, linnik, max, maxima, moments, poisson, precipitation, sum, tail, varepsilon, varphi, wet",34
math,21,2020–2025,2020,2025,"distribution, random, distributions, variables, copulas, extreme, statistics, copula, dependence, gaussian, moments, sum, tail, ageing, central, convergence, costa, entropy, fatigue, gamma, hoeffding, inequality, ldots, multivariate, normex, pmf, poisson, stein, sums, variance",30
math,22,2000–2005,2000,2005,"ary, bayesian, decorrelated, differentiated, dv2, fletcher, fortran, givens, householder, incorporate, information, integrators, iterative, lagrange, lambda, multipliers, orthonormal, parsing, pay, probable, reeves, sejnowski, separation, simultaneous, slae, source, suite, techniques, transformations, variables",30
math,22,2005–2010,2005,2010,"algorithms, matrices, matrix, algorithm, aps, bidiagonalization, bigo, boldsymbol, cg, columns, decorrelation, dgmres, diagonal, differentiated, divided, factorization, fletcher, flows, gko, householder, inner, isa, iterations, iterative, lagrange, lambda, mathcal, multipliers, norm, nuclear, pca, pcs, pentadiagonal, precision, preconditioning, principal, qmr, quaternion, rank, reeves, restart, rounded, scalapack, sd, seol, shifted, simultaneous, slae, softo, spamm, sparse, submatrix, tasks, tile, transform, transformations, variables",57
math,22,2010–2015,2010,2015,"matrix, algorithms, algorithm, rank, lanczos, matrices, nmf, pca, sparse, a2ilu, axb, bicg, boldsymbol, component, computing, dgmres, dqds, esparsidade, estabilidade, estrutura, factorization, ilu, low, macheps, mathit, method, nonnegative, norm, nuclear, preconditioning, principal, psai, recycling, ritz, seol, spamm, spikiness, structured, succ, succcurlyeq, tensors, tile",42
math,22,2015–2020,2015,2020,"low, matrix, rank, algorithm, tensor, algorithms, decomposition, matrices, factorization, method, qr, sparse, block, eigenvalue, lanczos, nmf, pca, pipelined, preconditioning, psai, quaternion, restarting, ritz, structured, svd, teh, utv",27
math,22,2020–2025,2020,2025,"algorithm, low, matrix, rank, tensor, precision, algorithms, matrices, completion, krylov, pca, sparse, approximation, block, decomposition, eigenvalue, error, factorization, ipca, methods, preconditioner, quaternion, svd, tensors",24
math,23,2000–2005,2000,2005,"banach, spaces, ell, space, basis, pn, separable, al, amn, ap, archimedean, biembeddability, bump, circ, complemented, delbaen, differentiability, erstnev, everywhere, frak, gateaux, hereditarily, incomparability, index, isometric, isomorph, kadec, lip, measures, monotone, monotonicity, nearisometries, normed, omega, pc, peetre, renorming, renormings, rolle, spans, stegall, subspaces, subsymmetric, szlenk, tsirelson",45
math,23,2005–2010,2005,2010,"banach, spaces, ell, separable, space, infty, abs, allowbreak, basis, boundedly, cal, cc, compact, complemented, daugavet, dense, erstnev, fuzzy, hypermeasures, infty1, isomorphically, isomorphism, le, linear, mathnormal, monotone, neoclassical, norm, normed, peak, pn, projectional, real, reflexive, statistical, subspaces, summing, tsirelson, unconditional, uniformly, up, vagueness",42
math,23,2010–2015,2010,2015,"banach, space, spaces, ell, infty, lipschitz, separable, summing, abs, acn, arn, boxtimes, cc, compact, convex, cs, dentable, ellqp, functions, gurarii, isomorphic, linear, mathcal, monotone, norm, nowhere, octahedral, operator, operators, paramonotonicity, property, proximinal, quasiconvex, rectangularity, schauder, spaceability, uryson, xx",38
math,23,2015–2020,2015,2020,"banach, space, spaces, operators, lipschitz, convex, ell, infty, operator, property, xx, ac, ak, boxtimes, bpb, ddot, dentable, digamma, fna, greedy, leq, lip, lsc, mathcal, norm, normed, pettis, phelps, separable, sl, szlenk, textstyle, unconditional, uniformly",34
math,23,2020–2025,2020,2025,"banach, ell, space, spaces, greedy, mathcal, infty, metric, norm, operators, xx, asplund, bases, fbl, lattice, lattices, lip, lipschitz, lsc, nissenzweig, normed, projection, property, schauder, sequence, sequences, textstyle, varepsilon, vert, widehat, wur",31
math,24,2000–2005,2000,2005,,0
math,24,2005–2010,2005,2010,"algorithms, optimization, algorithm, author, been, by, convex, deciding, dimensionality, diverse, extrema, false, functions, global, has, list, maximizer, minimizer, never, paper, produces, software, straightforward, strongly, test, tested, verified, withdrawn",28
math,24,2010–2015,2010,2015,"optimization, convex, algorithm, algorithms, gradient, convergence, descent, functions, objective, problems, apl, bcd, bfgs, cdos, composite, diverse, dom, excessive, feasibility, frac, lipschitz, list, method, modified, multicriteria, nonmonotone, oracle, pep, prox, proximal, rnbpg, saddle, scale, search, solving, steepest, strongly, test, tested, usl",40
math,24,2015–2020,2015,2020,"convergence, convex, gradient, optimization, descent, methods, algorithm, method, proximal, stochastic, accelerated, objective, problems, sgd, algorithms, nonconvex, nonmonotone, primal, rnbpg, smooth, variance",21
math,24,2020–2025,2020,2025,"convergence, convex, gradient, methods, optimization, sgd, stochastic, descent, nonconvex, problems, adam, algorithm, method, complexity, newton, objective, proximal",17
math,25,2000–2005,2000,2005,"forms, modular, eisenstein, hecke, automorphic, cusp, gross, maass, newforms, series, weight, 13472i, antiderivatives, cg, cm, counting, dimensions, eigenforms, eigenfunctions, faltings, gamma, heights, holomorphic, hypothesis, lifting, liftings, octonions, period, pm14, prasad, product, psl, quo, rankin, riemann, savin, selberg, sg, traces, ttt, yoshida, zeroes, zeros",43
math,25,2005–2010,2005,2010,"forms, hecke, modular, series, eisenstein, maass, adic, siegel, weight, akashi, attached, automorphic, cherer, cm, conjecture, cusp, functions, gn, holomorphic, hyperdifferential, hypothesis, kolyvagin, lift, paramodular, period, prime, rankin, riemann, selberg, spezialschar, theta, waveforms, zeros",33
math,25,2010–2015,2010,2015,"forms, modular, cusp, maass, weight, hecke, automorphic, eisenstein, siegel, adic, coefficients, gl, holomorphic, series, akashi, attached, azy, cherer, functions, half, hida, lift, mc, paramodular",24
math,25,2015–2020,2015,2020,"forms, modular, cusp, hecke, weight, eisenstein, maass, adic, gl, series, siegel, holomorphic, ll, pp, automorphic, coefficients, coleman, ff, gsp, mathrm, wp",21
math,25,2020–2025,2020,2025,"forms, gl, hecke, ll, modular, pp, adic, eisenstein, mathrm, cusp, weight, automorphic, ff, gsp, maass, text, times",17
math,26,2000–2005,2000,2005,"bus, car, cuernevaca, east, facing, jammed, krbalek, mexico, north, traffic",10
math,26,2005–2010,2005,2010,"traffic, car, active, analytical, bus, capacity, concave, control, cuernevaca, cvpnd, documents, dominance, east, ethic, facing, fda, flow, ich, industries, industry, instances, jammed, jams, job, kinematic, knapsack, krbalek, merged, merging, metering, mexico, motorway, multicommodity, north, pass, phantom, pharmaceutical, priority, private, schedule, setup, sgss, shop, sink, sustained, vpnd",46
math,26,2010–2015,2010,2015,"traffic, vehicles, car, charging, cost, flow, inventory, jobs, network, time, travel, abstract, carp, cmtt, control, drivers, jams, kinematic, ltm, maintenance, margin, merging, metering, model, motorway, multicommodity, multiflow, multiflows, pev, pricing, productivity, rebalancing, road, routing, service, signalized, sink, station, supply, tempelmeier, trained, transportation, vehicular, vg, workers",45
math,26,2015–2020,2015,2020,"traffic, vehicles, charging, vehicle, model, routing, problem, cost, demand, road, scheduling, arrest, cmtt, crew, electric, management, mobility, network, passenger, pevs, policy, pricing, service, signalized, station, stations, time, transit, transportation, travel",30
math,26,2020–2025,2020,2025,"demand, problem, traffic, vehicle, charging, routing, vehicles, algorithm, instances, model, network, planning, scheduling, bin, cost, costs, crew, delivery, mobility, optimal, optimization, resource, service, supply",24
math,27,2000–2005,2000,2005,"algebras, category, cluster, quiver, varieties, adjacencies, affine, algebraically, august, bar, bimodule, categories, cl, clusters, complexes, components, conference, degree, diagram, enriques, ext, extensions, filtration, gentle, gl, good, grassmannians, grothendieck, hereditary, homogeneous, homomorphism, iterated, kleiman, mod, nabla, nakajima, noetherian, noncommutative, notes, object, quillen, quivers, recollement, rt, serre, showing, standardly, stratification, stratified, subcategories, subvarieties, tilting, triangulated, uniserial",54
math,27,2005–2010,2005,2010,"cluster, algebras, categories, category, quiver, tilting, reiten, auslander, quivers, triangulated, derived, hereditary, koszul, bb, bimodule, gentle, graded, harada, modules, myaa, recollement, subcategories, tilted",23
math,27,2010–2015,2010,2015,"algebras, categories, cluster, tilting, category, algebra, derived, modules, quiver, qcoh, aea, auslander, bb, bullet, equivalences, gorenstein, hereditary, koszul, mathcal, mutation, myaa, pairs, preenvelope, recollements, reiten, tilted, torsion, triangulated",28
math,27,2015–2020,2015,2020,"categories, category, cluster, tilting, algebras, triangulated, auslander, modules, algebra, mathcal, reiten, underline, cal, derived, extriangulated, gprj, hereditary, mathsf, mod, module, quiver, rm, subcategories, tilted",24
math,27,2020–2025,2020,2025,"categories, category, cluster, mathcal, tilting, algebras, triangulated, modules, subcategories, extriangulated, quiver, auslander, balmer, frieze, gorenstein, gprj, koszul, mathscr, mathsf, mod, silting, subcategory, textsf",23
math,28,2000–2005,2000,2005,"codes, code, convolutional, mds, self, amorphic, association, automorphism, binary, bound, bw, cc, clifford, coding, constellation, designs, diversity, dual, enumerators, fff, fpas, frames, gf, goethals, goppa, grassmannian, griess, group, hansen, involutions, kerdock, krasikov, lattices, litsyn, loops, modulation, near, nonintersecting, piret, preparata, qi, quantum, stabilizer, sublattices, subspaces, tensor, toric, weight",48
math,28,2005–2010,2005,2010,"codes, code, designs, binary, decoding, latin, bf, boldsymbol, bw, codewords, coding, convolutional, correcting, decoders, distance, dmc, fpas, hansen, hermitian, involutions, kerdock, kloosterman, lcs, ln, macwilliams, mathcal, mds, mobile, packings, perfect, qi, qp, quasigroups, ra, rectangles, rr, spherical, subclose, sublattices, sums, supersaturated, terminals, ternary, tester, textstyle, toric, tra",47
math,28,2010–2015,2010,2015,"code, codes, latin, decoding, correcting, designs, distance, hamming, aberration, blocking, boldsymbol, bound, cbcs, codewords, cometric, construction, costas, dd2, dual, eps, euclidean, extremality, gerechte, ghd, lee, mcwcs, mols, mutually, perfect, pg, pooling, ppm, remoteness, rr, schemes, self, squares, terminals, tester, transversals, weight",41
math,28,2015–2020,2015,2020,"code, codes, designs, pg, latin, design, distance, mathbb, over, 24k, 2q, arrays, block, blocking, bounds, construction, cosystolic, cyclic, decoding, dual, gabidulin, ghd, gid, gprs, hamming, linear, mds, minimum, reed, ryser, scattered, self, sesqui, set, spanoid, transversals, ts",37
math,28,2020–2025,2020,2025,"code, codes, decoding, designs, distance, latin, perfect, dna, hamming, linear, list, reed, bbb, binary, bound, bounds, codewords, constructions, correcting, cosystolic, decodable, ell, metric, minimum, multifold, packing, pg, secret, set, sidon, trellis, varepsilon, weight",33
math,29,2000–2005,2000,2005,"matrices, random, cumulants, ensembles, matrix, probability, distribution, ensemble, bt, convolution, covariance, crossing, cumulant, distributions, eigenvalue, eigenvalues, exchangeability, free, fs, fusion, gaussian, hermite, hermitian, jacobi, janossy, johnstone, la, largest, neumann, orthogonal, probabilities, test, tracy, transform, type, unitary, universality, uparrow, voiculescu, von, widom, wigner",42
math,29,2005–2010,2005,2010,"ensembles, random, matrices, matrix, distribution, ij, probability, bf, biggl, biggr, circ, convolution, dg1, eigenvalue, eigspc, eigspcdim, eigval, fluctuations, free, gaussian, ix, le, limiting, multivariate, norm, oplus, orthogonal, shifted, smallest, spheredim, stackrel, unitary, universality, variables, voiculescu, wigner, wishart",37
math,29,2010–2015,2010,2015,"matrices, matrix, random, distribution, entries, free, jk, law, wigner, eigenvalue, eigenvalues, ensemble, ensembles, mathbf, beta, biggl, biggr, boxplus, chio, convolution, density, gaussian, gue, ij, limiting, wishart, xy",27
math,29,2015–2020,2015,2020,"matrices, random, ensembles, matrix, determinantal, ensemble, ginibre, distribution, gaussian, jk, sqrt, wigner, band, beta, bigg, diagonal, dpps, eigenvalue, eigenvalues, entries, frac, free, gue, hermitian, ij, law, mathbf, max, statistics, wishart",30
math,29,2020–2025,2020,2025,"matrices, matrix, random, ensemble, entries, eigenvalue, distribution, ensembles, gaussian, wigner, determinantal, dpps, ginibre, bbr, chernoff, cumulants, hermitian, karpelevic, moments, sqrt, statistics, times, xy",23
math,30,2000–2005,2000,2005,"dirichlet, eigenvalues, laplacian, manifold, manifolds, pseudodifferential, symbol, 2n, 2v, bound, clamped, compact, conformally, cos, curvature, de, deformations, derridj, determinant, eigenvalue, estimate, formula, gaps, heisenberg, hypoelliptic, inequalities, intrinsic, jk, jv, la, laplace, lip, lower, modulus, nodal, nonminimal, operators, ordinary, payne, perturbation, phase, principal, psivdo, region, remainder, replaced, ricci, riemannian, rmander, tauberian, vibrating, weinberger, weyl",53
math,30,2005–2010,2005,2010,"dirichlet, laplacian, boundary, domains, eigenfunction, eigenfunctions, eigenvalue, eigenvalues, subelliptic, 0h, 2v, bord, buckling, cap, compact, cos, de, dolbeault, frac2n, gagliardo, heisenberg, hypoelliptic, hypoellipticity, infty, intrinsic, la, manifold, multidomain, nirenberg, nodal, olm, operators, partial, payne, plane, principal, psivdo, quadratic, ri, ricci, riemannian, semiclassical, spectral, subellipticity, symbol, symbols, tori, treves, weinberger",49
math,30,2010–2015,2010,2015,"eigenvalue, laplacian, eigenvalues, dirichlet, domains, eigenfunctions, nodal, riemannian, bord, boundary, bounds, calculus, dbar, eigenfunction, estimate, heat, laplace, lower, manifold, manifolds, neumann, om, operators, pseudodifferential, quasicomplexes, quasimodes, scatterer, semiclassical, spectral, steklov, tori, varepsilon, vert",33
math,30,2015–2020,2015,2020,"eigenvalue, eigenvalues, laplacian, dirichlet, eigenfunctions, nodal, boundary, domains, manifolds, neumann, riemannian, steklov, varepsilon, courant, domain, first, hypoellipticity, inequalities, mbox, robin, sharp, sogge, spectral",23
math,30,2020–2025,2020,2025,"eigenvalue, eigenvalues, laplacian, steklov, dirichlet, boundary, domains, eigenfunctions, neumann, laplace, manifolds, sharp, varepsilon, bigstar, calculus, ds, hypoellipticity, inequalities, inequality, operators, riemannian, robin",22
math,31,2000–2005,2000,2005,"enhancement, kpp, shear, variational, advection, amplitude, animals, competition, cushing, densities, diffusion, fertility, flames, flows, front, fronts, hohenberg, identically, incapable, logistic, lotka, net, pattern, perron, predator, prey, preys, principle, profile, quench, quenching, rate, reaction, region, reproductive, rms, segregation, species, speed, speeds, steady, swift, symbiosis, uniqueness, velocity, yicang",46
math,31,2005–2010,2005,2010,"kpp, structured, diffusion, flows, front, population, reaction, speed, bifurcation, blood, cells, coexistence, delay, delayed, division, enhancement, environmental, existence, filtering, follicles, gierer, ignition, immune, indefinitely, kernel, maturity, meinhardt, memory, monostable, multispecies, perthame, predator, principle, proliferation, pulsating, rajasthan, reactions, rms, shear, solutions, speeds, spot, traveling, tumor, tumors, uncontrolable, up, variability, variational, zubelli",50
math,31,2010–2015,2010,2015,"diffusion, reaction, population, fronts, model, species, traveling, kpp, predator, prey, solutions, spreading, structured, bar, capita, cellular, chemostat, competition, daphnia, dispersal, dt, flame, follicles, formation, growth, hysteresis, localized, microbial, microtubules, phytoplankton, rajasthan, spatially, spot, travelling",34
math,31,2015–2020,2015,2020,"diffusion, predator, prey, reaction, species, fronts, model, population, solutions, competition, front, kpp, periodic, spreading, bifurcation, dispersal, dynamics, fisher, harvesting, logistic, lotka, penguins, spatially, spot, steady, turing",26
math,31,2020–2025,2020,2025,"diffusion, reaction, species, model, predator, population, prey, bifurcation, dynamics, speed, dispersal, environmental, eps, extinction, fear, front, kpp, logistic, lotka, membrane, solutions, spot, spreading, steady, systems, turing",26
math,32,2000–2005,2000,2005,,0
math,32,2005–2010,2005,2010,"attacks, consumers, cyber, ems, estimators, failures, power, renewable, scada, security",10
math,32,2010–2015,2010,2015,"power, grid, renewable, control, energy, flow, generation, load, pmu, storage, attacks, blackout, buck, consumers, converters, cost, countries, cyber, dc, deferrable, demand, devices, dispatch, distributed, electricity, ems, estimators, failures, inverter, market, mode, ms, opf, outages, overheated, pole, programming, resources, scada, sdp, security, supply, transmission, tripping",44
math,32,2015–2020,2015,2020,"power, voltage, load, electricity, energy, market, proposed, renewable, system, transmission, bus, control, generation, grid, storage, cost, flow, inverter, inverters, loads, markets, microgrids, ms, network, planning, programming, sdp, smart, wind",29
math,32,2020–2025,2020,2025,"energy, power, electricity, grid, renewable, optimization, system, load, market, voltage, ac, control, generation, storage, wind, hydrogen, inverters, network, opf, optimal, production",21
math,33,2000–2005,2000,2005,"categories, operad, quillen, simplicial, category, cochain, deligne, hochschild, homotopy, monoidal, operads, actions, adem, algebras, andr, associative, barratt, braided, cat, categorie, cofibrations, coherent, comma, construction, cubes, definition, derivateur, eccles, enriched, enrichment, enrichments, equivalences, fair, homology, inftya, little, modeles, opfibrations, precats, presheaves, segal, shells, suboperad, unit",44
math,33,2005–2010,2005,2010,"categories, category, operads, operad, functors, simplicial, fibrations, monoidal, actions, bicategory, bisimplicial, coherent, colimits, complexes, coproduct, endofunctors, enriched, enrichments, fair, fibration, framed, functor, infinity, koszul, limits, monads, objects, omega, opfibrations, orientals, products, restriction, satellites, shrubs, topos, unit, unital",37
math,33,2010–2015,2010,2015,"categories, category, operads, monoidal, operad, functors, homotopy, theory, topos, bicategory, cacti, cartesian, cellularization, cob, constellations, dendroidal, fibrant, fibration, fibrations, fsk, functor, infty, isbell, mathscr, monads, reedy, rezk, segal, simplicial, subtoposes, weak",31
math,33,2015–2020,2015,2020,"categories, category, operads, infty, monoidal, mathcal, functor, mathbf, segal, simplicial, algebraic, bbbk, cob, constellations, cubical, derivators, diagrams, equivalences, functors, globular, gpd, homotopy, lax, lenses, mathscr, mix, monicsp, operad, presheaves, props, quillen, rezk, text, wiring",34
math,33,2020–2025,2020,2025,"categories, category, infty, functors, mathcal, operads, functor, categorical, enriched, homotopy, lax, mathsf, monoidal, toposes, cat, double, mathbf, mathrm, mathscr, objects, operad, segal, text, topos",24
math,34,2000–2005,2000,2005,"abelian, curves, curve, conductor, ell, elliptic, genus, hyperelliptic, jacobian, over, rank, tate, arbitrarily, bar, bf, conductors, e1, e2, elevated, endomorphisms, field, gal, galois, group, heegner, jacobians, kk, kq, mathbf, nekovar, parametrisation, parametrisations, polarized, rational, schappacher, sha, shafarevich, supersingular, sur, surface, torsion, varieties, weierstrass",43
math,34,2005–2010,2005,2010,"curves, elliptic, curve, over, abelian, hyperelliptic, rank, selmer, tate, weil, bertapelle, bmq, cm, conjecture, courbes, de, elevated, endomorphism, field, gal, genus, isogenies, jacobian, mathbf, nonisomorphic, pairing, parity, points, rational, rho, root, sha, shafarevich, supersingular, surjective, torsion, varieties, weierstrass",38
math,34,2010–2015,2010,2015,"curve, curves, elliptic, over, genus, hyperelliptic, torsion, abelian, points, selmer, tate, 2rd, 3p, aut, average, bbb, bmq, courbes, darmon, de, ell, fields, galois, greicius, isogenies, modular, multiplication, superelliptic, tors",29
math,34,2015–2020,2015,2020,"curve, curves, elliptic, over, torsion, hyperelliptic, points, genus, abelian, ell, mathbb, superspecial, 3p, bbb, conductor, ee, fields, heegner, helfgott, prime, rational, shafarevich, ta, tate, tors",25
math,34,2020–2025,2020,2025,"curve, curves, elliptic, over, isogeny, mathbb, abelian, genus, hyperelliptic, torsion, chabauty, modular, points, conjecture, ee, ell, rank, selmer, supersingular, sza, ta",21
math,35,2000–2005,2000,2005,"asian, options, yor, financial, geman, laplace, markets, portfolio, utility, valuing, arbitrage, bessel, carlo, claims, contingent, credit, currency, developement, duffie, dufresne, endowments, greeks, hartman, hedging, insurance, intuitivity, investor, kabanov, laguerre, lando, market, monte, numeraire, option, paris, price, risk, scenarios, stock, strategy, transaction, transfoms, transform, valuation, volatility, watson, wu",47
math,35,2005–2010,2005,2010,"market, portfolio, risk, volatility, dividend, options, price, prices, pricing, transaction, utility, aggregators, american, arbitrage, asset, cash, currency, defaults, economic, esssup, financial, game, gapeev, greeks, information, insurance, investment, kabanov, liquidity, loan, markets, numeraire, optimal, perpetual, process, put, risks, scholes, stock, stopping, wealth, wu",42
math,35,2010–2015,2010,2015,"risk, price, options, pricing, market, optimal, option, portfolio, stopping, arbitrage, asset, credit, prices, acceptability, default, dividend, eps, financial, fund, hedging, investment, libor, liquidity, loan, markets, numeraire, scholes, transaction, utility, volatility, wealth",31
math,35,2015–2020,2015,2020,"price, market, pricing, risk, optimal, option, options, volatility, dividend, stopping, arbitrage, asset, bankruptcy, capital, consumption, costs, eps, exercise, financial, hedging, information, investment, liquidity, model, portfolio, subdiffusive, trading, transaction, utility, value",30
math,35,2020–2025,2020,2025,"portfolio, risk, market, asset, optimal, dividend, financial, price, pricing, reinsurance, model, option, stopping, utility, volatility, arbitrage, capital, esg, hedging, information, markets, martingale, prices, stock, subdiffusive",25
math,36,2000–2005,2000,2005,"measurements, conductivity, inverse, 2h, acoustic, acoustically, bubbles, coated, directions, emitted, extremal, far, frequencies, gauss, greatest, guess, half, ida, imaginary, impedance, inaccessible, incident, index, inhomogeneities, inversion, media, nonnegative, obstacle, obstacles, ol, om, part, practically, profiles, pulsation, reconstructed, reconstruction, refocusing, refracting, reversal, scatterers, scattering, shape, talbot, transition, uniqueness",46
math,36,2005–2010,2005,2010,"boundary, impedance, inverse, measurements, thermoacoustic, tomography, wave, 2h, backscattering, ball, band, beams, buried, coated, conductivity, detectors, disc, eikonals, eit, elastic, electric, electromagnetic, extremal, far, fastening, fisheye, homogenization, huygens, imaginary, inclusions, inhomogeneities, lens, linearization, medium, neumann, nonnegative, obstacle, obstacles, part, phononic, pulsed, reconstruction, refraction, retroreflectors, scatterer, scattering, sources, tunnels, unknown, waveguides, waves, wormholes",52
math,36,2010–2015,2010,2015,"cloaking, conductivity, inverse, impedance, scattering, tomography, imaging, inclusions, wave, acoustic, boundary, cloak, conductivities, conormal, contents, eye, fabrication, fish, fisheye, formants, gpts, illuminations, insulating, invisibility, lens, media, medium, modulus, neumann, optical, photonic, problem, pwe, reconstruction, resonance, retroreflectors, scatterers, shear, sources, tract, vocal, vowel",42
math,36,2015–2020,2015,2020,"inverse, scattering, wave, acoustic, imaging, boundary, conductivity, transmission, frequency, plasmonic, problem, reconstruction, source, tomography, cloaking, conductive, eit, electromagnetic, far, field, impedance, incident, measurements, mece, media, medium, obstacle, resonance, resonators",29
math,36,2020–2025,2020,2025,"inverse, scattering, wave, source, tomography, acoustic, medium, boundary, elastic, electrical, frequency, imaging, problem, resonators, transmission, cloaking, conductive, data, far, impedance, inclusions, measurements, method, modes, obstacle, pat, reconstruction, waveguide",28
math,37,2000–2005,2000,2005,"amplifiers, ann, artificial, dispersion, dms, jitter, managed, methode, numerical, pulse",10
math,37,2005–2010,2005,2010,,0
math,37,2010–2015,2010,2015,"error, reduced, method, multilevel, aeroacoustic, assimilation, atmospheric, basis, carlo, charrier, coefficient, collocation, computational, descriptor, effectivities, element, emission, galerkin, generank, grid, interpolation, monte, noise, nonlinear, pod, posteriori, preconditioners, residual, roms, sampling, scheichl, smolyak, sparse, teckentrup",34
math,37,2015–2020,2015,2020,"reduced, carlo, monte, neural, pdes, pod, collocation, method, reduction, assimilation, atmospheric, basis, cod, cpwl, data, deep, dnn, eim, emission, enrichment, error, galerkin, grid, images, intrusive, learning, lrom, machine, misc, network, noise, parametrized, pde, physics, pymor, rb, relu, riot, roms, smolyak, solution, sparse, training",43
math,37,2020–2025,2020,2025,"network, neural, pdes, physics, learning, informed, networks, pinns, training, deep, data, differential, pde, reduced, equations, machine, method, pinn",18
math,38,2000–2005,2000,2005,"arnold, dot, hamiltonian, lienard, systems, 0g, 0x, 2n, adiabatic, bf, bifurcation, bruno, champ, control, de, degr, dt, epcag, exponentially, frac, gevrey, hamiltonien, homog, impulsive, integrable, isochronous, kicked, les, linearizable, localised, mathcal, momentum, nearly, nontwist, paratrices, partial, patchy, period, periodic, persistence, perturbed, portrait, reconnection, recreate, resonant, retarded, rfdes, rotor, separatrices, subseteq, symmetry, unfolding, vector, versal, versality",55
math,38,2005–2010,2005,2010,"bifurcation, periodic, bifurcations, dot, hamiltonian, integrating, stability, systems, 0p, adiabatic, autonomous, bryuno, centrifugal, delay, delays, dr, dt, epcag, explosions, factor, feigenbaum, frac, generic, governor, homoclinic, inverse, isochronous, mathcal, nontwist, orbits, oscillator, partial, pencil, perturbed, planforms, r2, reconnection, saddle, singular, slow, snaking, strange, subharmonic, subseteq, tongues, transcritical, vector",47
math,38,2010–2015,2010,2015,"hamiltonian, periodic, bifurcation, bifurcations, cycles, homoclinic, kam, system, autonomous, blondel, bogdanov, canard, canards, center, chaotic, ct, delay, differential, equilibria, folded, forced, generic, he, herman, invariant, limit, melnikov, orbits, oscillations, oscillator, period, piecewise, planforms, pol, rudy, singing, singularity, slow, snaking, solutions, spc, systems, takens, triode, you",45
math,38,2015–2020,2015,2020,"periodic, systems, bifurcation, delay, hamiltonian, kam, bifurcations, piecewise, cycles, differential, system, bar, canard, canards, center, dot, dt, duffing, dynamical, equilibria, folded, homoclinic, levitan, limit, linear, orbits, perturbations, singularity, solutions, tori, varepsilon, vartheta",32
math,38,2020–2025,2020,2025,"systems, cycles, bifurcation, bifurcations, periodic, delay, kam, system, differential, dot, limit, orbits, attractors, autonomous, cos, ddot, dynamical, dynamics, hamiltonian, hat, homoclinic, invariant, lorenz, melnikov, nonautonomous, piecewise, resonance, saddle, stability, tori, vartheta, vector",32
math,39,2000–2005,2000,2005,"black, hole, spacetimes, ads, causal, einstein, holes, spacetime, asymmetry, asymptotically, axisymmetric, bel, brane, chronological, cmc, continuation, crunch, dirac, em, energy, euclidean, fenchel, finslerian, frw, geometrization, geometry, globally, gluing, h2, hat, horizons, indicatrix, inside, microlocalized, nielsen, nordstrom, penrose, polyhomogeneous, quasilocal, rotating, rough, shock, sitter, slices, structure, vacuum, wave, wormholes",48
math,39,2005–2010,2005,2010,"spacetimes, black, schwarzschild, ads, cosmological, hole, kerr, mass, relativity, sitter, wave, apparent, asymptotically, bondi, boundedness, causal, censorship, christodoulou, chronological, conformal, cosmic, decay, dodecahedral, dust, einstein, electromagnetic, em, geometry, globally, gluing, horizon, horizons, minkowski, outermost, poincare, polyhomogeneous, proportioned, radiating, rays, scalar, space, spacetime, structure",43
math,39,2010–2015,2010,2015,"spacetime, mass, einstein, spacetimes, black, kerr, cosmological, decay, penrose, relativity, singularity, ads, asymptotically, boldsymbol, christodoulou, cmc, data, electromagnetic, flat, gravitational, hole, holes, horizon, huygens, initial, lorentzian, mery, minkowski, mots, mts, null, schwarzschild, trapped, universe, wave, wheeler",36
math,39,2015–2020,2015,2020,"black, einstein, mass, spacetime, spacetimes, asymptotically, schwarzschild, vacuum, cosmological, hole, lorentzian, sitter, bartnik, bm, boldsymbol, curvature, de, decay, inflation, initial, kerr, maxwell, metric, penrose, scalar, singularity, solutions, stcmc, universe",29
math,39,2020–2025,2020,2025,"spacetime, spacetimes, black, einstein, mass, asymptotically, cosmological, null, horizon, initial, kerr, scalar, timelike, vacuum, causal, censorship, data, de, decay, equations, flat, flrw, hole, infinity, lorentzian, nordstr, reissner, sitter, subextremal",29
math,40,2000–2005,2000,2005,"algebras, lie, algebra, frak, jordan, leibniz, simple, superalgebras, 2f, aa, affine, associative, bar, bol, cal, central, characteristic, constructional, derivations, dorfman, dynkin, extensions, fand, filiform, gel, hl, homology, krichever, malcev, mathfrak, nongraded, onsager, prederivation, representations, rinehart, solvable, structure, subalgebras, surjection, xu",40
math,40,2005–2010,2005,2010,"algebra, algebras, lie, superalgebras, leibniz, hom, simple, associative, characteristic, subalgebras, akivis, alternative, bar, cartan, coquecigrue, deformations, derivations, diamond, digroup, filiform, infty, jordan, mathfrak, nambu, novikov, poisson, pre, racks, symmetric, ternary",30
math,40,2010–2015,2010,2015,"algebra, algebras, lie, superalgebras, hom, leibniz, nilpotent, classification, mathfrak, novikov, ary, associative, awb, bol, chief, derivations, filiform, graded, kantor, ll, lr, multiloop, nambu, ngf, np, prelie, quadri, rota, solvable, subalgebras, superalgebra, symmetric, ternary",33
math,40,2015–2020,2015,2020,"algebras, lie, algebra, mathfrak, nilpotent, baxter, leibniz, rota, subalgebras, bihom, hom, jordan, superalgebra, superalgebras, ary, cdot, classification, dendriform, der, derivations, gdn, graded, mathbf, mid, myroman, symmetric, zinbiel",27
math,40,2020–2025,2020,2025,"algebra, algebras, lie, baxter, rota, hom, leibniz, bihom, mathfrak, nilpotent, superalgebras, averaging, cohomology, deformation, dendriform, derivations, jordan, operators, poisson, pre, reynolds, rinehart, sl, transposed, vartheta",25
math,41,2000–2005,2000,2005,"inequality, inner, reverses, inequalities, monic, polynomials, radius, turan, zeros, 2rs, allied, approximants, bart, bessel, bochner, borwein, codim, dicrete, disk, factor, fond, frac, fredholm, generalised, gruss, imo, krawtchouk, laguerre, leq, let, max, metcalf, norms, orthogonal, ostrowski, pad, pencils, poinwise, product, rx, schwarz, segment, spaces, stability, tangential, triangle",46
math,41,2005–2010,2005,2010,"inequality, inequalities, approximants, convexity, functions, imo, pad, 2rs, arc, array, bf, bigr, cccc, circ, convex, diamond, fink, frac, gamma, hadamard, inner, integral, jacobi, kantorovich, leq, leqslant, lvert, lyi, m1, m2, max, monotonic, ostrowski, pade, poinwise, polygamma, popoviciu, retarded, reverses, rx, scales, shafer, shestakov, sine, sqrt, umirbaev",46
math,41,2010–2015,2010,2015,"functions, hadamard, inequalities, inequality, convex, hermite, some, means, type, vert, approximants, bounds, contra, convexity, ddots, frac, gamma, integral, kantorovich, left, leqslant, monotonicity, ostrowski, pad, pade, right, sinh, trigonometric, xb",29
math,41,2015–2020,2015,2020,"inequalities, inequality, left, right, frac, align, big, functions, hadamard, hermite, vert, aa, approximants, begin, ber, bessel, cc, enclosure, end, hilbertian, leq, mn, num, pad, pmb, pmi, prabhakar, radius, range, rm, sharp, sin, some, tr, trigonometric, type",36
math,41,2020–2025,2020,2025,"inequalities, radius, bmatrix, ij, inequality, big, frac, left, numerical, right, 2r, aa, atangana, baleanu, begin, boldsymbol, csc, det, dots, dotsc, end, frac12, functions, gamma, hermite, hilbertian, ji, kippenhahn, leq, mathbf, mathcal, matrices, mean, operator, polynomials, ranges, rm, sharp, tr, vdots",40
math,42,2000–2005,2000,2005,"cr, holomorphic, analytic, holomorphy, mappings, stein, subset, bbb, bc, bold, cal, cite, codimension, codimensional, compact, complement, complex, cv, decomposable, domains, edges, extends, fiber, hartogs, hat, hypersurface, immersion, intersections, jet, kt, levi, loc, manifolds, mapping, math, meromorphic, nondegenerate, pseudoconcave, qc, quasiregular, real, setminus, singularities, submanifold, submanifolds, submersions, times, tube",48
math,42,2005–2010,2005,2010,"cr, holomorphic, mappings, complex, domains, mapping, oka, pseudoconvex, quasiregular, submanifold, 0s, analytic, bc, bumping, conformal, contraction, crcr, cup, cxc, decomposable, distortion, frak, hdots, holomorphy, ih, loc, manifold, mbb, metric, omega, ov, plurisubharmonic, qc, quasiconformal, real, riemann, segre, setminus, stein, varpi",40
math,42,2010–2015,2010,2015,"domains, mappings, holomorphic, cr, quasiconformal, distortion, mathbb, oka, pseudoconvex, riemann, 0s, 2m, bb, bc, boundary, conformal, convex, cxc, domain, hypersurfaces, ir, lempert, metric, quasihyperbolic, quaternionic, real, rectifiable, schwarz, semitube, squeezing, stein, subdomain, transversality, varphi, varsubsetneq, vert, wu",37
math,42,2015–2020,2015,2020,"domains, holomorphic, mappings, mathbb, crcr, metric, pseudoconvex, big, cr, oka, plurisubharmonic, 2m, boundary, domain, forn, gn, hartogs, hol, jet, kobayashi, om, quasiconformal, reifenberg, removable, rigid, sf, smooth, squeezing, subset, textsf, thullen, uws, vert, vitali, wu",35
math,42,2020–2025,2020,2025,"mappings, domains, holomorphic, domain, mathbb, metric, pseudoconvex, quasiconformal, kobayashi, maps, squeezing, subset, bergman, boundary, cr, distortion, ell, gromov, jet, john, loc, oka, poletsky, pseudoconvexity, quasisymmetric, riemann, textsf, unit, varphi, visibility",30
math,43,2000–2005,2000,2005,"symplectic, contact, hamiltonian, hofer, floer, manifolds, fibration, fibrations, hbox, lagrangian, lefschetz, manifold, books, capacities, cotangent, four, ham, homology, horizontal, hyperbolicity, hz, invariants, mini, monodromy, neq0, om, omega, open, orbits, pseudoholomorphic, red, ruled, spectral, submanifolds, taubes, zehnder",36
math,43,2005–2010,2005,2010,"contact, symplectic, manifolds, floer, hamiltonian, homology, capacities, lagrangian, lefschetz, manifold, achiral, blow, books, bottle, completions, cosymplectic, cp, descend, fiber, ham, hameo, horizontal, mapping, om, open, orbits, pi, presymplectic, pseudoholomorphic, rabinowitz, ssympeo, stein, su, tm",34
math,43,2010–2015,2010,2015,"contact, symplectic, manifolds, hamiltonian, lefschetz, floer, homology, 2n, exotic, fibrations, lagrangian, manifold, stein, convex, cosymplectic, cotangent, cpb, descend, diffeomorphisms, ellipsoids, fiber, fibration, gromov, hofer, isotopies, mapping, pq, presymplectic, underleftarrow, underrightarrow",30
math,43,2015–2020,2015,2020,"contact, symplectic, hamiltonian, lagrangian, manifolds, reeb, floer, lefschetz, 2n, action, aspherical, cetlin, circle, equatorial, exotic, fillable, fillings, flux, foliated, ham, hf, hofer, homology, isotopic, lagrangians, lens, manifold, orbits, overtwisted, pseudoholomorphic, round, symplectically, symplectomorphism, underleftarrow, underrightarrow, weinstein",36
math,43,2020–2025,2020,2025,"contact, symplectic, lagrangian, manifolds, reeb, floer, hamiltonian, homology, capacities, fillings, hofer, lcs, blowdown, closed, cp, disk, ech, eternal, fibrations, fillable, ham, lefschetz, lens, mathbb, orbits, overtwisted, spectral, symp, tight, torus, zehnder",31
math,44,2000–2005,2000,2005,"calabi, witten, gromov, yau, brane, invariants, mirror, branes, ginzburg, bf, casson, conjecture, cy3, fundamental, gauge, gauged, gauging, gluing, hilb, iia, k3, liftable, model, moduli, poincare, quot, relations, rozansky, sigma, smallbbb, stack, string, theory, tinybbb, toric, virtual, wess, zumino",38
math,44,2005–2010,2005,2010,"witten, calabi, gromov, invariants, yau, mirror, donaldson, quintic, symmetry, vafa, ag, branes, conifold, crossing, fivebrane, folds, gauging, genus, ginzburg, marino, model, moduli, orbifold, quot, seiberg, string, superpotential, thomas, threefolds, wall, wess, zumino",32
math,44,2010–2015,2010,2015,"calabi, witten, yau, gromov, invariants, mirror, string, thomas, donaldson, theory, adhm, bps, branes, crepant, crit, crossing, folds, formula, gauge, genus, ginzburg, landau, nonabelian, overline, refined, symmetry, topological, toric, twisted, wall, wu",31
math,44,2015–2020,2015,2020,"invariants, witten, calabi, gromov, yau, mirror, ginzburg, donaldson, genus, landau, theory, thomas, anomaly, ban, brane, cohomotopy, curve, folds, glsm, gw, m5, moduli, quot, string, text, toric, vafa, virtual",28
math,44,2020–2025,2020,2025,"invariants, witten, calabi, gromov, yau, genus, mirror, vafa, folds, gopakumar, theories, theory, toric, virtual, bcov, brane, cohomotopy, formula, gauged, genera, gluing, m5, orbifold, pandharipande, qft, quot, superpotential, vartheta, verlinde",29
math,45,2000–2005,2000,2005,"brownian, processes, motion, 1l, asymptotically, boundaries, br, capacity, characterization, exit, exponents, filtered, ftsm, ge, girsanov, grey, hida, integrability, integrated, intersection, krein, log, measure, measures, motions, multiparameter, noise, packs, papers, passage, planar, poisson, process, purpose, regions, sausage, shall, sided, sinai, skorohod, theorem, tx, vy, white, wiener",45
math,45,2005–2010,2005,2010,"brownian, motion, processes, process, vy, fractional, local, bhp, diffusions, du, enlargements, expectation, fnig, ftsm, functionals, geq0, hitting, hurst, increments, indi, krein, log, martingales, microlocal, multifractional, multistable, overshoot, perpetual, sinai, skorohod, stable, supou, time, undershoot, wedge, wiener",36
math,45,2010–2015,2010,2015,"brownian, motion, process, processes, vy, levy, martingales, fractional, motions, al, bessel, compensator, dirichlet, divisible, gaussian, geq0, increments, martingale, mathbb, ofbms, ou, qv, rbms, rosenblatt, semimartingale, supou, vphantom, wiener, winding, windings",30
math,45,2015–2020,2015,2020,"brownian, process, processes, fractional, motion, vy, levy, martingale, martingales, motions, poisson, time, 2hk, drift, exponential, hurst, les, mathbb, refracted, self, sfnb, span, stochastic, tfbm, tflp, tfsm, vasicek, widetilde",28
math,45,2020–2025,2020,2025,"brownian, motion, process, processes, fractional, vy, ornstein, time, uhlenbeck, align, arma, changed, drift, exponential, formalization, gou, harmonizable, int, isabelle, laplace, le, lmss, local, mathrm, mathsf, multifractional, ngfsp, predictable, sheets, stochastic, vasicek, widetilde",32
math,46,2000–2005,2000,2005,"discipline, queue, service, caching, conserving, customers, deviations, draief, fluid, foreground, gi, heavy, idle, length, logconvex, maximum, overflow, policies, queueing, queues, rate, scheduling, server, servers, srpt, stability, tailed",27
math,46,2005–2010,2005,2010,"service, queue, server, allocation, interference, networks, processor, queueing, acal, access, bcal, buffer, buffers, caching, channel, chip, customers, dbf, delay, deviations, discipline, draief, gi, idle, lmmse, mathbf, mpgps, multiclass, multiuser, network, outage, packet, polling, priority, resource, rho, scheduling, servers, sinr, sirs, srpt, stations, users, utility, wireless",45
math,46,2010–2015,2010,2015,"queue, server, service, interference, network, networks, queues, arrival, channel, customer, customers, queueing, servers, wireless, acal, bcal, capacity, dbf, delay, fading, gi, jobs, mathtt, outage, peer, polling, priority, rate, relays, scheduling, station, stations, traffic",33
math,46,2015–2020,2015,2020,"queue, service, server, servers, arrival, customers, queueing, queues, traffic, wireless, allocation, csma, customer, drone, heavy, interference, irs, jobs, mathtt, network, networks, policy, polling, psnes, sojourn, station, throughput, transmitters",28
math,46,2020–2025,2020,2025,"queue, server, service, queues, queueing, servers, traffic, arrival, busy, customers, policies, aimd, allocation, arrivals, beamforming, customer, gittins, heavy, job, jobs, joint, laa, networks, policy, resetting, rsma, satellite, system, unlicensed",29
math,47,2000–2005,2000,2005,"hausdorff, fractals, fractal, functionals, measures, noncommutative, qp, similar, spectral, arcwise, besicovitch, cantor, comparative, connectedness, curves, dimension, dixmier, estimating, formalism, france, gauge, generalises, ghm, mendes, metrizable, modifies, multifractal, oa, omega, pertti, process, qn, self, sets, similarity, similitudes, superfractal, superfractals, tau, trace, traceability, transformations, triple, triples, zeros",45
math,47,2005–2010,2005,2010,"hausdorff, cantor, multifractal, sets, dim, dimension, ee, fractal, aleph, besicovitch, bm, box, buffon, ccc, circ, connectedness, contents, diadic, dimh, f1, f2, fff, fractals, functionals, ga, gac, gasket, ha, interval, la, lac, measures, needle, noncommutative, nx, oa, pmod, projection, set, sierpinski, spectral, subseteq, triples, widetilde, zds, zeros",46
math,47,2010–2015,2010,2015,"dimension, hausdorff, fractal, multifractal, sets, self, cantor, fractals, dim, ifs, similar, averages, box, carpets, circ, contents, displaystyle, mapping, measure, nv, ostrogradsky, packing, pm, qa, set, sierpinski, snowflake, spectrum",28
math,47,2015–2020,2015,2020,"dimension, fractal, self, fractals, sets, assouad, hausdorff, similar, cantor, dimensions, function, measures, contractivity, dim, favard, gls, ifs, interpolation, labyrinth, multifractal, ostrogradsky, pa, projections, rfds, secelean, sierpinski, snowflake",27
math,47,2020–2025,2020,2025,"dimension, fractal, hausdorff, self, dim, sets, dimensions, cantor, fractals, md, measure, measures, set, assouad, bf, box, caloric, favard, intermediate, iterated, labyrinth, mathbb, mathrm, projections, rectangles, similar",26
math,48,2000–2005,2000,2005,"summation, ramanujan, hypergeometric, identities, andrews, bilateral, partitions, psi, rogers, series, 3f, abel, adic, bailey, bernoulli, burge, changhee, crank, cranks, errata, euler, garrett, garvan, gordon, ismail, jagged, karlsson, milne, minton, modmod, partition, pi, pm, poised, qq, refinement, rothe, sandor, shukla, stanton, sum, tilde, warnaar",43
math,48,2005–2010,2005,2010,"adic, ramanujan, andrews, euler, identities, partitions, series, spt, 3n, ambiguities, associated, asymptotics, bailey, basic, bernoulli, bilateral, bullard, changhee, choose, congruences, corteel, cosine, crank, daehee, durfee, equiv, gencev, guidelines, hammond, hypergeometric, identity, marked, multivariable, numbers, pmod, polynomials, qextensions, qq, rogers, sandor, savage, sine, sum, summation, sums, symbols, symmetrized, twin, type, zp",50
math,48,2010–2015,2010,2015,"ramanujan, andrews, identities, partitions, summation, equiv, partition, pmod, series, spt, 2k, 3f, 3n, 8n, alladi, bar, capparelli, compositions, concave, congruences, corteel, crank, durfee, elder, evaluate, generating, harmonic, hypergeometric, hyperharmonic, infty, interweight, la, notebook, overpartitions, parts, pod, qq, rogers, savage, symbols, symmetrized, textup, vartheta, xq",44
math,48,2015–2020,2015,2020,"identities, partitions, ramanujan, series, andrews, partition, generating, harmonic, hypergeometric, identity, overline, parts, rogers, summation, 3f, bailey, capparelli, congruences, cot, formula, formulas, geq, gordon, hyperharmonic, llnitz, mex, n2, overpartitions, sums, whipple",30
math,48,2020–2025,2020,2025,"partitions, ramanujan, andrews, identities, partition, parts, series, rogers, identity, mex, sum, bailey, bressoud, congruences, crank, designated, ell, frac, garvan, geq, gordon, llnitz, odd, overlined, overpartitions, parity, qq",27
math,49,2000–2005,2000,2005,"percolation, passage, sle, avoiding, lace, bf, cft, clusters, collectable, conformal, critical, displacement, ell, exponent, flory, greg, hollander, inductive, instrumental, lawler, loewner, loops, nn, oded, origin, piza, point, probability, process, random, recursion, restriction, saw, schramm, self, sles, smirnov, soup, spectacular, state, subset, superconformal, tb, triangle, vertices, walk, walks, werner, winkler, zd",50
math,49,2005–2010,2005,2010,"percolation, passage, random, sle, bf, loewner, probability, vacant, avoiding, bond, bracci, chordal, cluster, clusters, coexistence, critical, cv, delta, deviations, dz, ell, eps, explorer, hulls, interlacements, large, largest, loops, notes, occupied, prudent, schramm, shape, sites, subset, tb, traces, triangle, vachkovskaia, walk, walks, wedge2",42
math,49,2010–2015,2010,2015,"percolation, loewner, passage, sle, schramm, vacant, avoiding, bernoulli, bond, bound, bracci, cle, cluster, clusters, coexistence, connected, critical, cv, dcxdcx, decreasing, eps, equipotential, fractal, fugacity, gasket, iic, indistinguishability, interlacements, lilypond, liouville, log, mathrm, origin, plus, process, processes, random, retained, saw, scaling, slits, smirnov, star, walks, zebra",45
math,49,2015–2020,2015,2020,"percolation, sle, passage, critical, liouville, loewner, arm, avoiding, gravity, lqg, bernoulli, bigeodesics, bond, connected, driving, edges, exponents, hammersley, infinite, lattice, light, lpp, mathbb, motion, origin, phase, plus, random, self, sles, slits, star, transition, vacant, walk",35
math,49,2020–2025,2020,2025,"percolation, sle, passage, critical, lqg, random, bond, gravity, loop, mathbf, ast, asymp, backbend, cle, clusters, fpp, interlacements, lfpp, liouville, loewner, long, massive, mathbb, mathrm, permuton, phase, probability, range, rwls, site, subsequential, tilde, transition, vertices",34
math,50,2000–2005,2000,2005,"convex, bodies, petty, balls, body, busemann, circumscribing, computation, concave, concavely, contains, convexhull, convexity, coset, dilates, discrepancy, dvoretzky, hard, isoperimetric, isoperimetry, lefschetz, line, ll, nicely, outer, radii, radiuses, sections, siegel, simplices, sl, square, stasis, symmetrical, valuations, waists",36
math,50,2005–2010,2005,2010,"convex, bodies, body, busemann, petty, steiner, volume, affine, area, areas, ball, beck, bilyk, bound, brunn, circumscribing, compacta, computation, convexhull, dh, dimensions, dmitry, ellipsoids, equality, extremal, inequality, irregularities, isotropic, junge, klartag, kopa, leindler, leisurely, minkowski, outer, pl, polyconvex, prior, projection, radii, radius, representative, shaped, siegel, simplices, stasis, symmetrizations, translate, uniformly, volumes",50
math,50,2010–2015,2010,2015,"convex, bodies, body, minkowski, brunn, inequality, volume, affine, area, ball, balls, bmi, bot, bound, cc, cdot, centroid, compacta, concavity, covering, equality, geominimal, hadwiger, intersection, invariant, left, log, orlicz, polar, projection, rearrangement, right, santal, spindle, steiner, surface, symmetrizations, tau, translate, valuations, vert, vol, width",43
math,50,2015–2020,2015,2020,"bodies, convex, body, minkowski, brunn, volume, big, inequality, isoperimetric, orlicz, affine, br, cdot, centers, concave, congruent, covering, dual, euclidean, inequalities, isodiametric, left, mathbb, mbox, petty, pl, polar, quermassintegrals, relbd, right, rm, tensorial, valuations, vert, wulff",35
math,50,2020–2025,2020,2025,"bodies, body, convex, minkowski, brunn, inequality, area, torsional, volume, affine, ball, cc, concave, dual, horospherical, inequalities, isodiametric, isoperimetric, kk, larman, leq, log, mathbb, mathit, musielak, orlicz, ovr, petty, quermassintegrals, revolution, santal, vol, volumes, wulff",34
math,51,2000–2005,2000,2005,"numbers, bernoulli, 15n, 1j, 2as, 2j, 2n, 3n, 5u, 7f, catalan, concatenated, conjectures, convolved, divisibility, easily, exp, fibonacci, geq0, gerhold, ia, identities, integers, kj, lah, log, lucas, means, monomials, motzkin, numerators, numerology, over2, sequence, sequences, sim, square, stirling, sum, summation, takeuchi, tangent, tanh, triangle, triangles, triangular, ways",47
math,51,2005–2010,2005,2010,"numbers, genocchi, identities, polynomials, sequences, stirling, bell, bernoulli, factorials, fibonacci, 1j, 2j, 2n, bernstein, binom, binomial, boring, cesaro, create, curious, endsb, euler, expansions, fancy, ga, gerhold, ia, identity, integer, integers, kind, kj, log, monomials, my, recurrence, sadahiro, sb, sqrt, sqrt5, sum, summation",42
math,51,2010–2015,2010,2015,"numbers, polynomials, bernoulli, fibonacci, identities, stirling, bernstein, binom, euler, expansions, lucas, poly, sequences, aleph, approx1, carlitz, eulerian, formal, frobenius, generalized, genocchi, gibonacci, happy, integer, kind, mathscr, odious, sadahiro, umbral, weight, zeilberger, zp",32
math,51,2015–2020,2015,2020,"lucas, numbers, polynomials, fibonacci, bernoulli, identities, carlitz, happy, sequence, stirling, aleph, approx1, base, bbp, bell, degenerate, digit, digits, euler, expansions, fiboquadratic, flimsy, generating, jacobsthal, kind, leibnitz, narayana, poly, recurrence, sequences, sturdy, varpi, zeckendorf",33
math,51,2020–2025,2020,2025,"fibonacci, numbers, polynomials, stirling, sequences, bell, bernoulli, degenerate, digits, kind, lucas, zeckendorf, 2k, 2n, base, boldsymbol, digit, euler, expansions, flimsy, genocchi, golden, ha, happy, integers, lah, leibnitz, recurrence, recurrences, repdigits, sturdy, sum, vec",33
math,52,2000–2005,2000,2005,"restoration, bf, corrupted, deconvolution, digital, ds, fresco, hopelessly, image, images, inpainting, invertability, laws, object, radiographs, radiography, regularizer, suppose, tk",19
math,52,2005–2010,2005,2010,"regularization, image, images, noise, projections, bakushinskii, besov, bigm, channel, confocal, crossing, deconvolution, detection, edge, eps, imaging, microscopy, pct, probe, qualification, radiograph, rates, reconstructions, restoration, saturation, scales, significant, stationary, superiorization, threshold, tikhonov, total, tvs, variation",34
math,52,2010–2015,2010,2015,"image, regularization, phase, retrieval, tikhonov, images, imaging, reconstruction, signal, superiorization, algorithm, alternating, artifacts, bakushinskii, channel, deconvolution, depth, inpainting, inverse, iterative, level, limited, masks, measurements, metal, pct, probe, pwc, qualification, recoverability, saturation, segmentation, singular, stopping, tomographic, total, tvs, variation, video",39
math,52,2015–2020,2015,2020,"image, retrieval, reconstruction, regularization, measurements, phase, images, imaging, inverse, denoising, variation, blur, ct, data, deconvolution, inpainting, masks, method, mri, phasepack, problems, rgps, sar, segmentation, speckle, tomography, tv, video",28
math,52,2020–2025,2020,2025,"image, reconstruction, regularization, retrieval, phase, imaging, inverse, problems, data, denoising, images, measurements, tomography, variation, breast, bsrem, ct, learning, method, motion, noise, pmace, regularizer, retrievable, segmentation, wavefront",26
math,53,2000–2005,2000,2005,"semigroups, semigroup, authors, automaticity, az, belousov, built, cones, congruences, decomposition, decompositions, divisor, epsilon, farb, fluid, franks, functions, homogeneous, identity, irreducible, left, near, neq, nilpotent, nn, obtained, orders, plante, pseudogroup, pseudogroups, quasi, quasigroup, quasigroups, rays, rees, separative, solution, some, straight, sub, tilings, triangular, was, where, withdrawn, wreath, zero",47
math,53,2005–2010,2005,2010,"semigroup, monoid, semigroups, inverse, monoids, adequate, aff, ant, automaticity, bi, bisimple, brown, cal, cancellative, divisor, dp, ffts, finiteness, fluid, fp, frobenius, gsymm, hermiller, holes, implication, ksa, mathscr, nbi, odp, polycyclic, presentability, rees, reversible, rewriting, rightarrowbi, rightarrowfp, rings, rook, saturation, schutzenberger, setpres, sub, transformation, triangular, word, wreath, zbb, zero",48
math,53,2010–2015,2010,2015,"semigroup, monoid, semigroups, monoids, bisimple, cal, inverse, mathscr, rewriting, ag, bar, bijections, cancellative, catenary, cdot, coclass, congruence, congruences, ddp, diagonally, domain, dp, equalizer, finitely, generated, hopfian, idempotent, inverses, left, lex, numerical, oddp, odp, operatorname, plactic, quasigroups, ss, transformation, varrho",39
math,53,2015–2020,2015,2020,"monoid, monoids, semigroup, semigroups, ss, accp, atomic, catenary, congruences, elasticities, eliahou, equalizer, free, generated, int, inverse, krull, langle, left, maltsev, mathcal, mathit, mathscr, mathsf, minimal, numerical, ordered, plactic, pseudovarieties, puiseux, quadratical, rangle, rewriting, rm, sls, submonoid, subsemigroups, varrho",38
math,53,2020–2025,2020,2025,"monoid, monoids, semigroup, semigroups, mathcal, atomic, numerical, puiseux, ss, accp, atomicity, baxt, boldsymbol, catenary, ehresmann, finitely, imd, inverse, ip, krull, ls, mathscr, oct, orct, pmd, preceq, right, sr, star, submonoid, transfer, widetilde, wilf",33
math,54,2000–2005,2000,2005,"discussion, disease, dissimilar, epidemiological, governs, individuals, infective, infectives, proportions, sis",10
math,54,2005–2010,2005,2010,"epidemic, sir, hiv, infection, network, percolation, bond, cd8, cells, clustering, coincidence, escape, foreign, giant, households, immune, infected, infections, infectious, influenza, intrahost, likelihood, mhc, mhle, models, networks, occupies, outbreak, passage, population, probability, proportionate, safety, spread, strain, threshold, tracing, tsai, vaccination, virulent, virus",41
math,54,2010–2015,2010,2015,"epidemic, disease, infection, network, hiv, infected, models, resources, sir, virus, awareness, cape, control, dengue, diseases, dynamics, ebola, egonets, epidemics, epidemiology, honeybee, honeybees, households, human, influenza, likelihood, man, metapopulation, mhle, mites, mobility, model, population, sis, spread, spreading, strain, susceptible, therapy, tuberculosis, verde, virulent",42
math,54,2015–2020,2015,2020,"disease, epidemic, infected, infection, population, model, sir, control, dengue, spread, susceptible, virus, bee, covid, diseases, ebola, hiv, honeybee, honeybees, immunization, individuals, message, mites, mutagenic, opioid, outbreak, pandemic, percents, replication, sis, sit, sterile",32
math,54,2020–2025,2020,2025,"disease, epidemic, infected, model, infection, covid, sir, spread, susceptible, pandemic, population, individuals, vaccination, dynamics, infectious, outbreak, sterile, virus",18
math,55,2000–2005,2000,2005,"poisson, quantization, deformation, lie, structures, symplectic, algebroids, bundle, fedosov, fuzzy, jacobi, manifolds, star, 10j, ad, algebroid, bialgebroid, brackets, brane, cal, connection, covariant, dirac, hannay, massless, peripheric, prequantization, raq, rp, sh, si, tm, wick",33
math,55,2005–2010,2005,2010,"poisson, lie, quantization, algebroid, structures, algebroids, bundle, bundles, groupoids, jacobi, symplectic, ad, atiyah, bdees, bdel, bdirac, bfv, bialgebroid, brylinski, ch, covariant, deformation, evens, gauge, gerbes, hannay, hbar, higher, kontsevich, lifts, massless, nabla, nambu, nijenhuis, principal, products, quantisation, stacky",38
math,55,2010–2015,2010,2015,"lie, algebroids, poisson, algebroid, courant, quantization, gerbes, plectic, 2k, action, bialgebroid, bracket, bundle, ch, chs, cohomology, deformation, deformations, dg, dirac, equipped, form, groupoids, hyperk, hypersymplectic, infinitesimal, jacobi, manifold, mathsf, nabla, nonassociative, quantisation, rackoid, skew, spin, stacky, structures, transgression",38
math,55,2015–2020,2015,2020,"algebroid, lie, poisson, algebroids, quantization, bundle, mathfrak, symplectic, groupoid, action, bfv, brst, ca, clwx, deformations, dg, form, gerbes, groupoids, hom, hs, hypersymplectic, lwx, mathsans, nabla, nambu, nonassociative, rackoid, split, structures, vb, widehat",32
math,55,2020–2025,2020,2025,"lie, poisson, algebroids, quantization, algebroid, groupoids, groupoid, courant, mathcal, operatorname, 2pt, bialgebroids, bundle, cc, comomentum, dimensioned, hom, hspace, lwx, manifold, mathfrak, multisymplectic, nambu, nijenhuis, rightrightarrows, split, star, structures, symplectic, tm, vb",31
math,56,2000–2005,2000,2005,"estimation, series, volatility, arma, asset, astronomical, autoregressive, chain, consecutive, contractive, deconvolution, density, estimator, estimators, garch, hypotheses, instants, irregular, lags, lave, likelihood, logarithm, lyapounov, models, nehari, noise, piggyback, prices, process, resonance, s3, signal, squared, suboptimal, subthreshold, testing, zoo",37
math,56,2005–2010,2005,2010,"change, estimation, estimator, process, series, autoregressive, detection, estimators, stationary, test, time, arma, asymptotic, chain, cogarch, cusum, diffusion, distribution, economies, faults, fit, garch, gaussian, gaussians, heteroscedastic, irregular, kkth, lfds, lyapounov, memory, models, moment, piggyback, prediction, qmle, residuals, rinar, s3, sequential, stopping, volatility, zoo",42
math,56,2010–2015,2010,2015,"change, detection, autoregressive, estimator, process, processes, time, volatility, estimators, observations, series, test, alarm, arch, asymptotic, bootstrap, cgci, cogarch, covariance, durbin, ell, estimation, false, faults, gsr, hat, lfds, mixing, models, point, qmle, sample, selfsimilar, statistic, varepsilon, wbs",36
math,56,2015–2020,2015,2020,"change, series, time, estimation, estimator, autoregressive, cointegrated, covariance, detection, processes, sample, test, autoregression, bandwidth, bootstrap, cgci, charts, dependence, dfa, distribution, effect, fit, fluctuation, gaussian, goodness, heteroskedasticity, hygarch, lasso, mixing, observations, periodogram, point, process, seasonal, tail, tests",36
math,56,2020–2025,2020,2025,"change, series, time, detection, autoregressive, estimation, test, arma, estimator, sample, stationary, tests, autoregression, average, cusum, distribution, functional, high, inar1, mefm, moving, periodogram, point, process, processes, sequential, statistic, testing, volatility, vy",30
math,57,2000–2005,2000,2005,"riemann, zeta, 4x, hypothesis, int, over2, sums, zeros, 2k, 2x, 4dt, alternating, apery, associator, balazard, binomial, bnat, chi, clausen, conjectures, drinfeld, formulae, fr, function, hep, it, ix, jost, log, multiple, nat, nt, nyman, ohno, ph, polylogarithms, qsym, relation, saias, series, statement, tornheim, trivial, values, writing, zeroes",46
math,57,2005–2010,2005,2010,"riemann, zeta, zeros, function, 2k, hypothesis, multiple, shuffle, values, apery, arakawa, cell, cn, euler, formulae, functions, gamma, geqslant10, gram, havil, hurwitz, int, integrals, ix, lerch, liminf, log, moments, over2, re, regularised, relations, series, symbols, tornheim, tyagi",36
math,57,2010–2015,2010,2015,"riemann, zeta, function, hypothesis, values, zeros, double, multiple, multizeta, 9t, alpha, cimmino, cn, cosh, critical, equalities, gamma, gram, havil, hurwitz, li, line, log, mdvs, mlvs, multitangent, mzvs, newman, relations, shuffle, tfrac, wz",32
math,57,2015–2020,2015,2020,"riemann, values, zeta, function, hypothesis, multiple, zeros, eisenstein, kaneko, log, star, sum, arakawa, correlation, double, frac, interpolated, miyagawa, mlvs, re, relations, shuffle, tsumura, ut",24
math,57,2020–2025,2020,2025,"function, riemann, values, zeta, multiple, zeros, hypothesis, frac, log, 2p, 4n, big, dirichlet, eisenstein, frac12, kaneko, li, pcc, pm, qq, re, rh, schur, series, tsumura, universality, vdots",27
math,58,2000–2005,2000,2005,"logic, intuitionistic, goedel, propositional, additives, avron, boolos, calculus, church, computability, connectives, constructive, contradictions, cumulative, decidable, eliminability, entscheidungsproblem, formal, formulas, fuzzy, goedelian, hypersequents, include, incompleteness, inconsistency, instantiational, instantiationally, language, limitative, logics, negation, nonmonotonic, omega, quantified, referential, rewrites, semantics, sentential, takano, takeuti, thesis, titani, vacuously",43
math,58,2005–2010,2005,2010,"logic, calculus, pa, propositional, ac, arithmetical, axiom, cartesian, church, completeness, computability, decidable, denotational, dialogical, dialogically, dialogue, diophantine, dotminus, epistemic, evaluation, examination, friendly, games, goedel, goedelian, grelling, ibrs, incompleteness, inconsistency, instantiational, instantiationally, intuitionistic, justification, lemma, nact, naive, objects, paradox, preferential, proof, proposition, quantale, quantifiers, sentence, surprise, synchronous, syntactic, systems, theorems, thesis, typed, varphi, vdash, zf",54
math,58,2010–2015,2010,2015,"logic, logics, semantics, glp, intuitionistic, justification, modal, nonstandard, paraconsistent, provability, surprise, aca, buss, coops, del, dependence, dialectical, dialogical, dialogically, dialogue, examination, existential, fl, fragments, gentzen, hodges, incompleteness, pa, paradox, proofs, propositional, quantifiers, s4, sentence, shiqbs, subalgebra, substitutions, uidem, ukasiewicz, wo, yablo",41
math,58,2015–2020,2015,2020,"logic, logics, modal, sequent, incompleteness, intuitionistic, nonstandard, propositional, semantics, stit, box, calculi, completeness, computability, couniform, ctl, definability, dialectical, erotetic, frames, g3dm, g3sdm, hyperproperties, justification, kleene, lambek, lg, lnot, msf, multirole, nets, nsa, paradox, pomset, provability, rosser, substitutions, surprise, textnormal, wo, xpath",41
math,58,2020–2025,2020,2025,"logic, logics, modal, semantics, intuitionistic, mathsf, neg, negation, proof, box, calculi, completeness, couniform, ct, enspace, epistemic, fcn, grz, ignorance, ik, incompleteness, inquisitive, lg, logical, ordinal, paradox, propositional, provability, s4, sequent, textnormal",31
math,59,2000–2005,2000,2005,"primes, prime, appellated, bonn, brizolis, cousin, distributed, during, equivocation, exact, falloff, goldbach, ia, institute, it, january, june, kelly1, kelly2, le, lectures, liminf, log, logarithm, lost, moments, multiplets, numbers, panaitopol, pdf, physically, powers, progressions, reciprocal, rieman, row, sieves, sums, th, triplets, twin, twins, uniformly, xy",44
math,59,2005–2010,2005,2010,"primes, goldbach, prime, numbers, arithmetic, gaps, prod, progressions, 2r, beatty, bouwkamp, carmichael, composites, conjecture, coprime, cousin, digit, enskip2p, forme, frac, gallagher, he, integers, intervals, le, leq, liminf, odious, over2, pi, progression, row, short, sieve, sifting, sum, th, une, yildirim",39
math,59,2010–2015,2010,2015,"prime, primes, consecutive, numbers, arithmetic, conjecture, frac, gaps, log, progression, 2dt, 2x, 41x, bigl, bigr, champions, composites, constellations, cp, displaystyle, ell, eratosthenes, forme, gallagher, goldbach, gpy, jumping, kurepa, le, naturals, number, pintz, progressions, ramanujan, rfloor, sieve, sum, twin, une, yildirim",40
math,59,2015–2020,2015,2020,"prime, primes, log, frac, le, sum, conjecture, left, leq, number, numbers, right, 2x, align, arithmetic, chowla, consecutive, dots, ell, gaps, geq, goldbach, integers, kn, littlewood, logarithmically, nonumber, pans, progressions, pwns, rm, shapiro, sieve, totients, twin",35
math,59,2020–2025,2020,2025,"log, prime, primes, sum, frac, leq, multiplicative, gaps, numbers, sums, twin, goldbach, intervals, le, left, lfloor, ln, mathcal, mathscr, mathsf, mid, mod, number, piatetski, primorial, prod, rfloor, right, shapiro, sieve, sqrt",31
math,60,2000–2005,2000,2005,"frame, frames, wavelet, wavelets, baggett, bessel, cap, cgu, co, elements, fht, gabor, gu, heisenberg, inmathbb, int, lamdda, localization, losses, ltworn, mathcal, mb, merrill, msf, multiresolution, multiwavelet, na, neumann, overcompleteness, packet, packets, radial, rbf, stone, supp, trace, transform, transforms, turbo, uncertainty, vectors, von, wh, wickerhauser",44
math,60,2005–2010,2005,2010,"frame, frames, wavelet, gabor, hilbert, wavelets, parseval, ac, adic, balian, boca, br, characterize, cross, dilation, dual, elements, ell, endomorphism, interpolation, invertibility, le, localization, localized, mathcal, mra, multiresolution, noncommutative, operators, orthonormal, overcompleteness, quincunx, radial, reproducing, sampling, section, sections, subspaces, symbol, tori",40
math,60,2010–2015,2010,2015,"frame, frames, wavelet, wavelets, gabor, parseval, transform, balian, boca, clifford, coorbit, daubechies, dilation, equiangular, etf, filters, fusion, iir, left, masks, mathbb, mathscr, mathsf, mra, orthogonal, pair, quincunx, reconstruction, refinable, refinement, right, tetris, tff, tight, vectors, weaving",36
math,60,2015–2020,2015,2020,"frame, frames, gabor, hilbert, fourier, framelets, mathbb, wavelet, wavelets, weaving, biorthogonal, cal, cf, controlled, cw, daubechies, fractional, fusion, gram, jj, krein, left, mathcal, multipliers, multiwavelets, mzd, oplus, parseval, quaternion, refinable, right, sampling, shearlet, transform, uncertainty, vectors, wigner",37
math,60,2020–2025,2020,2025,"frame, frames, wavelet, fourier, gabor, transform, frequency, fusion, hilbert, mathbb, mathcal, align, ast, biframes, biorthogonal, convolution, coorbit, dagger, dfrac, dual, fractional, frak, glob, interpolatory, mathbf, metaplectic, parseval, quad, quarklets, sampling, spaced, stockwell, uncertainty, wavelets, widehat, wigner",36
math,61,2000–2005,2000,2005,"hopf, algebra, algebras, braided, galois, algebtras, ba, bialgebra, categories, category, cc, centralizer, coaction, coalgebra, coalgebras, comodules, cosemisimple, d2, dimenasional, double, duoble, exponent, extensions, frak, frobenius, gl, grouplike, hat, infini, inftyrep, leds, matched, near, nkgl, op, otimes, pentagon, quasi, quasitriangular, rat, rep, resticted, semicocommutative, semisimple, sf, sl, twisting, weak",48
math,61,2005–2010,2005,2010,"algebra, hopf, algebras, coalgebras, categories, category, galois, braided, ach, anchor, annann, antipode, bb, bialgebras, bicrossproduct, cm, coaction, cocycle, coquasi, d2, depth, extensions, frak, fusion, hh, infini, math, qa, ra, rat, right, semisimple, sf, tannaka, tmop, yetter",36
math,61,2010–2015,2010,2015,"algebras, categories, hopf, category, algebra, braided, fusion, depth, monoidal, annann, azumaya, bialgebras, coalgebra, coalgebras, crossed, drinfeld, dual, equivariantization, equivariantizations, graded, group, hom, monads, multiplier, ot, polyad, pq, product, quasi, quiver, rep, tensor, triangleright",33
math,61,2015–2020,2015,2020,"algebras, categories, hopf, algebra, category, braided, fusion, drinfeld, hom, monoidal, bialgebra, biwreath, center, centres, coalgebra, cocycles, counital, fib, galois, glid, graded, group, lr, mathscr, otimes, polyad, pq, rep, tensor",29
math,61,2020–2025,2020,2025,"hopf, algebras, categories, category, braided, algebra, fusion, mathbf, monoidal, rep, tensor, ver, bbbk, bialgebra, co, cocommutative, cointegrals, crossed, drinfeld, ext, frobenius, functor, glid, hom, mathcal, mn, otimes, pointed, quasitriangular, rm, sf, taft, twovec, underline",34
math,62,2000–2005,2000,2005,"cover, number, pebble, pebbles, pebbling, andreas, base, blackjack, card, cardcounting, cards, coin, connected, count, creature, creatures, dcp, decides, deviation, domination, forcing, games, guess, guesses, hanoi, heads, heap, hinz, integer, invented, kruskal, lamp, largest, magician, many, move, moved, naturally, nim, notions, path, peg, player, playing, shortest, sitting, solitaire, success, technology, tosses, tower, trick, twice, variants, vertex",55
math,62,2005–2010,2005,2010,"game, pebbling, games, pebble, pebbles, player, winning, angel, army, black, blocks, board, boards, cave, coin, cops, cover, dcp, devil, domination, eriksson, hanoi, heads, john, knight, lattice, liar, lion, losing, maker, man, maye, mis, move, number, parrondo, positional, puzzle, re, resolution, robin, rubbling, rule, solitaire, tosses, tours, tower, warnsdorff",48
math,62,2010–2015,2010,2015,"game, games, player, players, cop, cops, hanoi, maker, winning, black, blackjack, board, breaker, chess, client, dead, domination, floor, lazy, liar, ln, mafia, nimg, number, pebbling, peg, pegging, pegs, play, pomax, puzzle, resolution, revolutionaries, round, scoring, spies, tokens, tower, waiter, wins, wythoff",41
math,62,2015–2020,2015,2020,"game, player, games, players, cop, maker, number, bitter, breaker, burning, cds, ch, chess, chips, chocolate, client, coins, cops, domination, enclaveless, graph, graphs, killer, mh, nim, nimg, oplus, pebble, pebbling, proposer, round, rubik, sqrt, stacks, strategy, tg, tournament, vertices, waiter, win, winning, wythoff, zg",43
math,62,2020–2025,2020,2025,"game, player, players, games, maker, breaker, burning, winning, graph, nim, number, avoider, board, cds, cg, cops, dominator, enclaveless, enforcer, graphs, hats, knockout, nimber, played, proposer, pspace, staller, strategy, team, win, wins",31
math,63,2000–2005,2000,2005,"packing, packings, circle, circles, descartes, disks, kepler, 18th, 3c, aa, apollonian, approx, area, asserts, bbb, bends, bq, bw, choose, congruent, coordinatized, covering, curved, delone, density, distance, doyle, e8, fejes, ferguson, hales, heilbronn, hexagonal, intersion, lattice, leech, mutually, oldest, orthocentric, pt8, relations, sets, sharper, simplices, sm, smallest, spherical, sqrt, theorem, toth, triangles",51
math,63,2005–2010,2005,2010,"packing, bbb, circles, packings, agreeable, angle, apollonian, arrangements, average, bq, bw, cardinality, centerpoint, convex, covering, cq, cz, densest, descartes, diameter, dimension, distance, edelman, erdos, falconer, formed, guy, hagge, hyperbolic, hyperplane, hyperplanes, invalidates, jamison, kepler, kusner, lceil, mathbbm, monthly, orthocentric, paraboloids, planes, quasicrystal, rceil, sides, simplices, sm, sphere, tetrahedra, three, triangle, triangles, tverberg, vec, viviani, volumes",55
math,63,2010–2015,2010,2015,"points, convex, horoballs, packing, packings, theorem, three, triangles, tverberg, al, angles, arrangements, bar, bisector, bodies, borsuk, bound, bukh, centerlines, circ, circles, circumcenter, coverings, coxeter, delta, densest, distances, erd, es, euclidean, fscr, gtrapprox, hagge, hor, horoball, hyp, lines, pach, point, pp, quadrilateral, quasicrystal, sets, simson, sphere, spheres, spherical, szekeres, tetrahedra, thirteen",50
math,63,2015–2020,2015,2020,"packings, points, packing, triangle, triangles, 2k, acute, apollonian, bound, brocard, circle, configurations, convex, crescent, distances, eight, es, eso, fejes, frac, gier, gon, hd, hor, horoball, hyp, hyperball, incidences, left, leq, line, lvert, mathbb, mathcal, miquel, nn, pach, pedal, ramos, rect, right, rvert, theorem, translation, uu, vert",46
math,63,2020–2025,2020,2025,"points, mathbb, packing, packings, triangle, distances, nn, plane, quadrilateral, set, 2k, angles, apollonian, bound, brocard, caps, cdots, circles, congruent, convex, disks, distinct, ell, ellipse, erd, frac, gon, helly, heteroperturbative, incidences, lattice, left, leq, lines, mathbf, mathfrak, pedal, poncelet, right, sets, triangles, tverberg, unpackable",43
math,64,2000–2005,2000,2005,"polynomials, orthogonal, askey, jacobi, hypergeometric, operators, racah, wilson, appell, arcs, awp, bispectral, chihara, circle, concerns, darboux, dpv, formulas, gegenbauer, generating, hecke, hermite, lacunary, laguerre, little, meixner, multivariable, neq, orthogonality, oscillator, pollaczek, polynomial, rodrigues, salam, series, so, spectral, supset, symmetric, toeplitz, ultraspherical, unit",42
math,64,2005–2010,2005,2010,"orthogonal, polynomials, askey, 2n, ablowitz, asymptotics, awp, bessel, boldsymbol, charlier, circle, coefficients, concerns, displaystyle, formulas, functions, generating, hankel, hermite, inverf, ismail, lacunary, ladik, laguerre, lexicographical, mathscr, matrix, mop, oprl, opuc, orfs, orthogonality, otp, painleve, paraorthogonal, partial, qq, ra, racah, rational, recurrence, rt, supp, szego, tau, toeplitz, unit, verblunsky, zeros",49
math,64,2010–2015,2010,2015,"orthogonal, polynomials, hermite, jacobi, askey, bannai, exceptional, laguerre, meixner, racah, zeros, asymptotics, cbi, chihara, coefficients, difference, displaystyle, eigenfunctions, ell, functions, ic, ito, krall, lambert, matrix, measure, moment, multivariate, orfs, orthogonality, osp, partial, qq, rational, somos, tau, verblunsky, wilson, zs",39
math,64,2015–2020,2015,2020,"jacobi, orthogonal, polynomials, hermite, christoffel, laguerre, matrix, orthogonality, qq, zeros, arov, askey, bannai, bigr, bochner, circle, de, delta, eigenfunctions, exceptional, geq0, geronimus, int, interlacing, ito, laurent, mehler, meixner, multivariate, nikishin, osp, overline, racah, somos, ultraspherical, unit, vop",37
math,64,2020–2025,2020,2025,"orthogonal, polynomials, jacobi, askey, hermite, laguerre, qq, recurrence, biorthogonal, exceptional, geq0, orthogonality, zeros, bd, bispectral, christoffel, darboux, de, geqslant, hahn, hypergeometric, interlacing, mathbf, matrix, meixner, multiple, pad, polynomial, relations, romanovski, sobolev, ultraspherical",32
math,65,2000–2005,2000,2005,"search, tree, 1b, alpha, ary, bb, characteristics, configuration, dependences, diam, distribution, employed, extremal, fillup, ge1, ge1j, information, jz, lam, law, lc, level, ln, loglog, mathbf, obtained, physics, properties, random, root, spanning, structures, suitably, trees, trie, tries, unusual, variable",38
math,65,2005–2010,2005,2010,"random, trees, degree, graph, ln, pagerank, vertices, added, alpha, component, components, core, depths, diam, distribution, edge, edges, ell, evolving, fillup, ge1, giant, gorg, graphs, hat, hyperforest, ix, jx, lc, loglog, mathbf, network, nodes, pcd, pcds, ranking, relative, search, segregation, split, surfer, surfing, temperature, tree, trie, tries, udg, vertex, web",49
math,65,2010–2015,2010,2015,"random, attachment, degree, trees, graph, networks, preferential, clustering, vertices, ac, access, acquaintance, bst, component, connected, connectivity, depths, ds, eps, geo, giant, ln, log, mathcal, mathsf, nodes, osns, pcd, pcds, protean, reconnecting, relative, segregation, size, split, textstyle, tree, vertex",38
math,65,2015–2020,2015,2020,"random, trees, degree, graph, networks, attachment, graphs, nodes, preferential, distribution, log, access, bst, bucket, chatterjee, clustering, connectivity, diameter, edge, friends, heap, ildt, ilm, law, lg, network, pagerank, phase, recursive, social, transitive, transitivity, vert",33
math,65,2020–2025,2020,2025,"graph, random, graphs, trees, tree, attachment, degree, nyi, vertices, networks, preferential, assortativity, bucket, centroid, closeness, connectivity, diameter, distribution, erd, homophily, ildt, index, ll, log, multiplex, network, nodes, pagerank, triangle",29
math,66,2000–2005,2000,2005,"detection, viscosity, ador, anisotropic, artificial, capturing, computations, diffusion, expressed, global, high, ingredients, methods, oscillation, resolution, shock, trademark, utilized",18
math,66,2005–2010,2005,2010,"conservation, laws, method, 36th, artifacts, braeunig, carbuncle, carbuncles, cavity, circumstances, dealiasing, dflu, enip, entropy, flooding, flux, former, fourier, fractal, fvcf, godunov, high, instabilities, interface, nip, oil, polymer, pseudo, reservoir, smoothing, solve, spectral, suppressing, trial, triangular, triggering, unsatisfactory",37
math,66,2010–2015,2010,2015,"accuracy, conservation, numerical, schemes, interface, order, shallow, adi, amr, braeunig, checkerboard, compound, deim, discontinuous, discretization, enip, flux, former, fractal, fvcf, grp, gyre, high, implicit, integration, invariant, jet, lagrangian, laws, method, momentum, nip, open, outflow, pod, post, roe, scheme, second, shock, sound, speed, stiff, swe, systematically, thornber, time, water, weno",49
math,66,2015–2020,2015,2020,"scheme, order, entropy, schemes, weno, conservation, dg, flux, numerical, accuracy, accurate, adi, advection, amr, cell, discontinuities, discontinuous, equations, fluxes, fv, galerkin, high, implicit, irp, laws, limiter, method, mhd, np, post, reconstruction, resistive, time, troubled, varepsilon",35
math,66,2020–2025,2020,2025,"scheme, schemes, entropy, order, flux, high, weno, conservation, galerkin, accuracy, discontinuous, fluxes, laws, numerical, shallow, conservative, equations, mach, meshes, method, preserving, shock, water",23
math,67,2000–2005,2000,2005,"polytope, polytopes, delaunay, facets, reciprocity, volumes, 7hyp, berenstein, chiral, cones, degree, dehn, dilated, dilation, dissection, dissections, ehrhart, em, five, gets, hyp, kalai, lattice, locally, parallelotope, parallelotopes, partition, perfect, poljak, polyhedra, polyhedral, polyhedron, polytopal, projective, quotients, rational, regular, relations, rigid, sigma, simplexes, simplices, size, sommerville, tetrahedra, tf, triangles, triangulations, trilinear, zelevinsky, zigzag",51
math,67,2005–2010,2005,2010,"polytope, polytopes, lattice, delaunay, ehrhart, polyhedra, agl, ainf, angles, associahedron, brehm, ced, cell, centrally, chiral, combinatorial, convex, cyclohedra, degree, ear, face, facets, hirsch, hyperdeterminant, lattices, maclaurin, orthogonal, partition, perfect, permutation, poljak, polyhedron, polymake, rational, reciprocity, rigid, root, secondary, sigma, stereohedra, subdivisions, tfrac, tropical, venkov, voronoi",45
math,67,2010–2015,2010,2015,"polytope, polytopes, facets, lattice, transportation, tropical, alcoved, antiprisms, associahedra, balinski, bius, combinatorial, complexes, cp, cubical, cyclopermutohedron, decomposable, diameter, ehrhart, equidecomposability, face, facet, geq, hull, integrally, lct, leq, mgf, neighborly, om, orbitope, parallelohedron, perturbation, polyhedra, polyhedron, poset, prequantisation, secondary, stacky, stereohedra, subdivisions, tfrac, volumes, zonotope, zonotopes",45
math,67,2015–2020,2015,2020,"polytope, polytopes, ehrhart, lattice, facet, mathcal, simplices, angles, associahedra, bier, blocking, cal, cap, caracol, cubical, cyclopermutohedron, face, faces, facets, flow, hall, hypersimplex, lecture, levelness, mms, neighborly, nn, npp, om, petric, pets, polygons, polyhedra, psd, realization, scribability, tropical, tubings, widehat, zonotope, zonotopes",41
math,67,2020–2025,2020,2025,"polytopes, ehrhart, polytope, lattice, alcoved, facets, 3ads, angles, ass, associahedra, berline, binom, blocking, choose, combinatorial, faces, facet, flag, ge, hbox, meissner, minkowski, mms, monge, mono, monostatic, neighborly, nested, nn, permutahedra, pf, plgcat, polyhedra, polyhedron, rupert, simplices, tes, vb, vert, voronoi, widehat, zonotopal, zonotopes",43
math,68,2000–2005,2000,2005,"ising, models, temperature, gibbs, kirkpatrick, potts, sherrington, 0j, bbckk, blume, capel, chromatic, cluster, contour, cugliandolo, dilute, expansion, ferromagnetic, fluctuations, gap, hard, kirpatrick, kurchan, lattice, ln, ln2, market, metastable, model, molecular, peierls, plus, pressure, regimes, replica, satisfiability, scaling, spin, sqrt, state, states, strips, substrate, sufficiently, transition, tricritical, tt, undergoes, uparrow, winterbottom",50
math,68,2005–2010,2005,2010,"gibbs, ising, model, temperature, critical, cutoff, kirkpatrick, potts, sherrington, avec, blume, capel, censored, cl, cluster, criticality, curie, delaunay, erasure, externe, ghirlanda, gibbsian, gibbsianness, kirpatrick, limite, log, magnetization, market, mean, measure, mix, mixing, northeast, plus, pressure, random, rem, rfkm, sites, spin, spins, tm, transition, tree",44
math,68,2010–2015,2010,2015,"ising, model, gibbs, magnetization, spin, spins, temperature, critical, phase, transition, cayley, cl, cluster, criticality, droplet, erasure, fixate, ghirlanda, gibbsian, gibbsianness, grem, hat, hopfield, interaction, kac, leq, matroids, mix, mixing, partition, plus, potts, prod, sites, sos, states, superfrustration, tree, uv",39
math,68,2015–2020,2015,2020,"ising, model, gibbs, spin, temperature, dimer, magnetization, phase, potts, bis, boldsymbol, boutillier, cluster, critical, curie, diluted, external, ferromagnetic, free, glass, gpp, hierarchical, isoradial, kac, metastate, mix, models, monomer, onsager, random, schonmann, spins, tap, transition, transitions, zeros",36
math,68,2020–2025,2020,2025,"ising, model, spin, gibbs, temperature, free, tap, dimer, field, isoradial, mixing, potts, random, boutillier, clup, correlation, delocalisation, glass, glauber, langle, magnetization, models, parisi, phase, rangle, thouless",26
math,69,2000–2005,2000,2005,"crystal, lusztig, algebra, algebras, basis, hecke, affine, canonical, 4a, ariki, avoiding, bar, bases, bh, bmod, cherednik, cl, crystals, distinguished, hexagon, highest, involutions, irreducible, iwahori, kashiwara, kazhdan, koike, littelmann, modules, otimes, parametrizations, qa, quiver, realization, representations, schaper, sl, sp, um, varpi, weyl, ww, wx, young",44
math,69,2005–2010,2005,2010,"algebras, crystals, hecke, affine, algebra, crystal, lusztig, kazhdan, partitions, ariki, bar, bh, cherednik, cl, cyclotomic, cylindric, dahca, geometric, iwahori, jucys, kashiwara, kirillov, koike, llta, mathfrak, mullineux, murakami, murphy, rational, representation, representations, reshetikhin, sdaha, slm, tableaux, type, unequal, varpi",38
math,69,2010–2015,2010,2015,"hecke, algebra, crystal, crystals, lusztig, sl, affine, algebras, cyclotomic, frak, mathfrak, modules, quantum, specht, bases, basis, blm, bruhat, canonical, categorified, crdaha, diamond, exceptional, gl, gm, hat, highest, laced, littlewood, mathbf, murphy, representations, rsk, sl2, slm",35
math,69,2015–2020,2015,2020,"mathfrak, affine, hecke, lusztig, algebra, crystals, algebras, cherednik, crystal, kazhdan, modules, sl, basis, big, canonical, cyclotomic, ddot, frak, gl, hom, imath, infty, jmath, kashiwara, marginally, mathbf, multipartition, niform, queer, rc, rigged, riggings, sstd, tilde, type, underline, yokonuma",37
math,69,2020–2025,2020,2025,"hecke, mathfrak, algebra, imath, lusztig, modules, affine, algebras, imathquantum, mathbf, quantum, schur, specht, widetilde, bases, basis, canonical, crystal, crystals, ddot, glb, immaculate, kashiwara, klr, kumar, mathcal, mullineux, multipartition, queer, reflection, res, sl, symmetries, type, unrhd, weyl",36
math,70,2000–2005,2000,2005,"walk, random, walks, environment, aging, avoid, ballistic, bbz, behavior, chaos, conditioned, deviations, diffusions, early, ehi, eighties, erdos, escapes, favourite, financial, freedom, greven, harnack, hollander, hull, internal, investor, kth, lambda, lim, limsup, lyopem, multiplexed, occupation, pal, past, planar, polar, return, revesz, scenery, sets, sinai, sites, status, step, varying, visited, walker",49
math,70,2005–2010,2005,2010,"environment, random, walk, walks, ballistic, rotor, scenery, absorbed, axes, behavior, boldrighini, chips, conditioned, conductances, covers, deviations, diffusions, directed, excited, forest, galton, greven, hollander, martin, merkl, minlos, nestling, pellegrinotti, propp, qi, quenched, recurrent, reinforced, router, sinai, site, tree, trees, watson",39
math,70,2010–2015,2010,2015,"environment, random, walk, walks, galton, quenched, ballistic, conditioned, cookies, rotor, site, trees, watson, attains, brws, campanino, cmss, conductances, consumed, drift, drifts, environments, eps, legs, localized, mathbb, nestling, qi, tritis",29
math,70,2015–2020,2015,2020,"random, walk, walks, environment, ballistic, conditioned, conductances, galton, mathbb, quenched, rotor, transience, tree, trees, watson, bias, brws, campanino, excursion, geq, geq1, le, legs, pm, reinforced, simple, site, sqrt, transient, tritis",30
math,70,2020–2025,2020,2025,"random, walk, walks, reinforced, galton, mott, transience, tree, vrjp, watson, activated, bfr, conditioned, conductance, conductances, earthworm, ehi, elephant, environment, hat, infty, jump, law, le, pm, process, quenched, resistor, rotor, rwes, rwre, steps, tfrac12, tilde, trees, varrho",36
math,71,2000–2005,2000,2005,,0
math,71,2005–2010,2005,2010,"agent, agents, consensus, constraint, diminishing, distributed, errors, incremental, iterate, subgradient",10
math,71,2010–2015,2010,2015,"distributed, optimization, algorithm, communication, newton, nodes, approximate, bcd, cocoa, consensus, constraint, constraints, convergence, convex, cross, decisions, dual, equality, escience, events, fast, ggn, global, gossip, gradient, layer, lipschitz, loss, network, objective, own, parallel, prediction, primal, projected, projection, qualifying, subgradient",38
math,71,2015–2020,2015,2020,"distributed, optimization, communication, decentralized, algorithm, convergence, convex, gradient, agent, agents, algorithms, consensus, network, objective, ab, asynchronous, byzantine, centralized, descent, dual, esom, loss, networks, newton, nodes, oda, pdmm, primal, psgd, sgd",30
math,71,2020–2025,2020,2025,"communication, decentralized, distributed, gradient, optimization, agents, federated, algorithm, convergence, learning, sgd, compression, algorithms, client, consensus, convex, descent, fl, local, network",20
math,72,2000–2005,2000,2005,"group, actions, alpha, aperiodic, archipelago, asdim, asymptotic, aut, automorphisms, bernoulli, borel, cocycles, compact, dimension, earring, ergodic, filter, fundamental, groups, ha, hawaiian, if, infinite, infinity, measure, metric, metrizable, novikov, pi1, polish, ranges, shubin, slices, suppose, topological, topologies, underset, whirly",38
math,72,2005–2010,2005,2010,"group, equivalence, orbit, abelian, actions, countable, topological, topology, absorption, af, affable, anasdim, archipelago, asdim, assouad, asymptotic, bbb, cal, cantor, cocycles, compact, curvearrowright, dimension, earring, ergodic, fundamental, gps2, groups, ha, hawaiian, injection, locally, mathbf, minimal, nagata, pawlikowski, pi1, polymorphism, polymorphisms, pontryagin, precompact, pseudocompact, ranges, ref, subequivalence, thm, thmainabstract, thmbinabstract",48
math,72,2010–2015,2010,2015,"group, groups, topological, actions, amenable, compact, countable, ergodic, metrizable, paratopological, polish, precompact, topology, 1c, abelian, ap, bf, cantor, coarse, coarsely, embeddability, generics, gg, hat, left, locally, mathop, measure, overlays, preserving, qtop, right, rtimes, separable, subgroups, subset",36
math,72,2015–2020,2015,2020,"group, groups, polish, paratopological, topological, action, actions, amenable, compact, countable, aut, bf, box, coarse, countably, covering, curvearrowright, ddj, diff, distal, ergodic, feebly, full, gg, globalization, homeomorphisms, left, leftthreetimes, mathbb, mathfrak, mathop, mathrm, metrizable, monotileable, prime, ptpt, right, separable, topology, xx",40
math,72,2020–2025,2020,2025,"group, actions, groups, amenable, countable, action, compact, countably, curvearrowright, gg, mathfrak, polish, topological, ac, equivalence, feebly, hyperfinite, mathrm, mdim, mean, measure, metrizable, multiorder, overleftarrow, paratopological, pracompact, qs, semitopological, sequential, sofic, top, tsi, veech, widetilde, zz",35
math,73,2000–2005,2000,2005,"hereditarily, lindelof, omega, baire, betan, cardinal, characterization, complete, continua, converging, coreflection, countable, cswp, der, discretely, fine, ga, heirarchy, hindman, indecomposability, indecomposable, integers, isolated, kappa, krasinkiewicz, kuratowski, lim, linedlof, mackowiak, om, paracompact, partition, pp, products, pt, scattered, schanuel, steprans, subsequence, subspace, supercomplete, topologies, topology, uncountable, uniformity, van, waerden",47
math,73,2005–2010,2005,2010,"baire, compacta, spaces, add, axiom, bornological, brower, compact, constructive, continuous, convergence, countably, counterexample, cswp, discretely, frak, go, heirarchy, hereditarily, impressions, kuratowski, lechicki, lim, lindelof, linearly, linedlof, menger, metacompact, metrizable, monotonically, ordered, paracompact, paracompactness, phi, place, precompacity, pt, rc, reals, reflection, scatteredly, sequential, slaloms, souslin, spakowski, spm07, stratifiable, subsets, subspace, tightness, topology, uniformizable, universes, usco, valdivia, varkappa, yf",57
math,73,2010–2015,2010,2015,"spaces, xx, compact, space, computable, countable, metrizable, topology, aca, aleph, backslash, baire, chet, cl, compacta, counterexample, cov, extensions, fr, grinzing, hereditarily, hierarchies, if, iff, kempisty, kunen, langle, lechicki, lindel, lindelof, meager, namioka, preordered, rangle, reconstructible, separable, sequential, set, spakowski, supercompact, symbishop, tightness, tychonoff, varkappa, volterra",45
math,73,2015–2020,2015,2020,"spaces, countable, space, xx, aleph, metrizable, baire, bendixson, bitopological, cac, cl, compact, denumerable, filtered, ideal, iff, iqn, iwqn, kempisty, lindel, lonely, mathbb, mathbf, mathfrak, menger, mk, nabla, normal, pseudocompact, pseudocompactness, realcompactification, reconstructible, samuel, smallskip, sober, stratifiable, subbase, supercompact, symbishop, text, topological, tt, varkappa, wl",44
math,73,2020–2025,2020,2025,"space, spaces, topology, xx, baire, mathcal, topological, countable, sf, zf, aleph, borel, cardinal, cf, closure, computably, dc, denumerable, eberlein, hausdorff, hindman, hookrightarrow, hurewicz, ideal, if, llsp, mathfrak, menger, mk, nabla, normal, sn, sober, topologies, wcfwcf, wl, ws",37
math,74,2000–2005,2000,2005,"algorithm, data, fitness, interval, letter, optimum, partitions, searches, segmented, signal",10
math,74,2005–2010,2005,2010,"clustering, data, ultrametricity, activation, activity, algorithm, batch, biclique, blockmodels, clique, clusters, consistency, dependency, diversionary, eigenvectors, empirical, exploratory, hddc, hierarchical, high, ideals, individuals, kohonen, median, membership, methodology, modalities, network, neural, ng, nuclear, patterns, placed, planted, problems, redundant, som, statistical, structured, thinning, tree, ultrametric, vectorial, very, visualizations, zelnik",46
math,74,2010–2015,2010,2015,"clustering, communities, block, blockmodel, community, histogram, network, statistical, activation, activity, adaptive, agglomerative, algorithm, clique, clusters, color, cuts, de, decelle, dependency, detection, distances, eigenvectors, exploratory, graph, hartigan, hierarchical, histograms, hypergraphs, individuals, matching, methodology, multidendrograms, networks, noisy, patterns, planted, sbm, sparsifier, spectral, structured, subspace, subspaces, succeeds, thresholding, une, visualizations, wasserstein",48
math,74,2015–2020,2015,2020,"block, clustering, community, detection, graph, spectral, algorithm, clusters, communities, data, planted, appr, av, clique, cnc, embedding, eps, eqnarray, hartigan, inference, learning, lvert, mace, model, nodes, rvert, sbm, semidefinite, similarity, test, usvt",31
math,74,2020–2025,2020,2025,"clustering, community, graph, data, planted, algorithm, communities, model, networks, clusters, low, network, algorithms, block, computational, inference, latent, learning, lloyd, models, nodes, omnibus, our, partition, separation, sparse, spectral, supervised",28
math,75,2000–2005,2000,2005,"boltzmann, bifurcation, casimir, compactness, comportement, confinement, de, diffusion, en, energie, energy, exp, functional, functionals, glassey, guo, inequalities, maxwell, maxwellian, nous, overdetermination, particules, pitchfork, plasmas, poisson, povzner, relativistic, singularity, stability, states, steady, strauss, tails, temps, transcritical, transitions, unfoldings, unperturbed, vlasov",39
math,75,2005–2010,2005,2010,"boltzmann, cutoff, maxwellian, solutions, vlasov, collision, equation, hard, inelastic, linearized, plasma, acoustic, angular, charge, coercivity, comportement, continuity, damping, de, decay, diffusion, elastic, en, energie, estimates, impulsion, inelasticity, initial, kaniel, landau, laser, nous, particules, potentials, reflection, relativistic, shear, shinbrot, spatially, temps, varepsilon",41
math,75,2010–2015,2010,2015,"vlasov, boltzmann, equation, collision, cutoff, relativistic, angular, equilibrium, inelastic, maxwellian, soft, spatially, averaged, charge, damping, finishing, fokker, force, gevrey, kinetic, knudsen, landau, lorentz, magnetic, momentum, ndim, pel, planck, plasma, regularizing, rvp, shear, solutions, varkappa",34
math,75,2015–2020,2015,2020,"boltzmann, equation, vlasov, collision, bgk, cutoff, homoenergetic, landau, maxwellian, relativistic, 3d3d, bf, boundary, dv, entropy, equilibrium, fokker, gevrey, hypocoercivity, inelastic, infty, kinetic, knudsen, left, linearized, navier, particles, poisson, right, soft, solutions, sone, spatially, species, steady, stokes",36
math,75,2020–2025,2020,2025,"boltzmann, vlasov, equation, landau, cutoff, kinetic, poisson, collision, plasma, solutions, 3d3d, big, bigg, cercignani, coulomb, decay, gevrey, global, knudsen, magnetized, maxwellian, operator, particle, polyatomic, potentials, relativistic, soft, spatially, system, varepsilon",30
math,76,2000–2005,2000,2005,"schemes, antennas, boundary, cbiem, channel, corner, corners, debye, dielectrics, discretised, dsc, electromagnetic, fd, gratings, integral, interior, lanczos, lorentz, maxwell, methods, petropoulos, propagation, quadrature, scattering, singularities, stability, td, tlm, transmission",29
math,76,2005–2010,2005,2010,"helmholtz, maxwell, algorithms, anisotropic, antennas, bem, bie, bies, debye, dec, decomposition, despres, dielectrics, directional, dissipating, domain, earth, efie, em, equiv0y, fd, filter, frequency, hardy, hp, inhomogeneities, integrals, leads, lorentz, nonuniform, outgoing, petropoulos, phase, plateform, pml, propagation, pulse, pulsed, rapidly, rotationally, scattering, schemes, stability, surface, td, transparency, wavelengths, waves",48
math,76,2010–2015,2010,2015,"helmholtz, method, scattering, integral, pml, scheme, wave, absorbing, adi, bem, bie, bies, boundary, convected, debye, discretization, efie, electric, electromagnetic, electromagnetics, energy, fdtd, fosls, hardy, hp, inhomogeneities, laplace, matched, maxwell, methods, mlfma, multiblock, numerical, problems, pwdg, rapidly, renger, rotationally, solver, solvers, source, stepping, surface, tilde, time, trefftz, vie, webster",48
math,76,2015–2020,2015,2020,"helmholtz, method, boundary, numerical, scattering, integral, wave, galerkin, methods, pml, quadrature, trefftz, ader, bodies, convected, discretization, dtn, electromagnetic, element, formulations, fosls, frequency, hbie, hrtfs, impedance, layer, maxwell, petgem, preconditioners, transmission, uacs, vie",32
math,76,2020–2025,2020,2025,"helmholtz, method, wave, scattering, boundary, maxwell, domain, integral, numerical, element, equation, layer, pml, accuracy, acoustic, discretization, electromagnetic, galerkin, high, methods, perfectly, quadrature, time, trefftz, wavenumber",25
math,77,2000–2005,2000,2005,"ampere, monge, abreu, amp, bedford, develops, dirchlet, entire, estimates, inequality, intrinsic, isoperimetric, jorgens, kahler, levine, multi, nirenberg, norms, prescribing, profile, punctured, ric, riemannian, solutions, tension, valued",26
math,77,2005–2010,2005,2010,"ampere, monge, amp, re, curvature, estimates, harmonic, parabolic, ricci, solutions, abreu, balls, bellman, compact, complex, continuous, develops, dirac, dv, eqref, equation, equations, estimate, hler, isoperimetric, kahler, kolodziej, lder, le, manifolds, multi, om, partial, prescribing, ric, riemannian, valued, volumes",38
math,77,2010–2015,2010,2015,"amp, monge, re, ampere, equations, estimates, harnack, hessian, isoperimetric, manifolds, regularity, ricci, solutions, 2u, cite, complex, curvature, det, elliptic, equation, estimate, flow, harmonic, heat, jellett, loc, mah, maps, om, priori, qquad, quad, removable, sansone, souplet, subequations",36
math,77,2015–2020,2015,2020,"amp, monge, hessian, re, boundary, equation, harmonic, 2u, equations, manifolds, maps, solutions, alignedat, biharmonic, bounded, cite, curvature, det, dirac, estimate, estimates, gradient, holder, infty, isoperimetric, priori, profile, pseudoharmonic, regularity, souplet, variationally",31
math,77,2020–2025,2020,2025,"amp, monge, re, equation, estimates, hessian, harmonic, curvature, equations, gradient, liouville, 2u, alignedat, det, dirichlet, elliptic, fully, harnack, heat, hermitian, inequality, infty, manifolds, mbox, prescribed, riemannian, solutions",27
math,78,2000–2005,2000,2005,"aleph, cardinal, forcing, kappa, omega, cardinals, lo, maximality, woodin, absoluteness, amlagamation, anowski, beth, bounding, capacities, ccc, ch, creatures, delta, determinacy, equiconsistent, extender, gamma, hm, lambda, mathrm, mp, nep, notions, pcf, preservation, property, reals, sacks, shelah, sheva, tame, ultrafilter, undertilde, unfoldable, vandieren, weasel, zfc",43
math,78,2005–2010,2005,2010,"aleph, cardinal, cardinals, kappa, lambda, mu, reasonable, reflection, ultrafilters, zfc, amlagamation, arcs, baire, bounding, capacities, club, coloring, constructibility, continuum, continuumi, delta, foreman, gch, gitik, guessing, koepke, levy, lindenbaum, lo, morasses, notcc, nsubset, omega, preservation, property, reals, sacks, sch, stationary, successors, supercompact, supseteq, tame, theories, todorcevic, uncountable, universally, vandieren",48
math,78,2010–2015,2010,2015,"cardinals, aleph, cardinal, forking, gch, kappa, models, adequate, ash, axioms, characterizable, coanalytic, countable, cov, diamond, edition, forcing, gchgch, gitik, gpk, guessing, inaccessibility, indestructibility, jep, koepke, kurepa, lambda, lav, laver, mj, morasses, mu, oca, pcf, preservation, reasonable, scott, sqsubset, srp, supercompact, supercompactness, tau, text, ultrafilters, viale, zfc",46
math,78,2015–2020,2015,2020,"forcing, cardinal, cardinals, aleph, cov, mathrm, absoluteness, ac, add, aecs, axcount, axiom, box, collection, forking, gchgch, hanf, imp, indescribability, indescribable, jep, kappa, kurepa, logic, mathfrak, meager, measuring, models, nfu, nid, pfa, phi, preservation, prikry, property, resurrection, saturated, sdls, shelah, sqsubset, subcomplete, superstability, textrm, textsf, tsti, weakly",46
math,78,2020–2025,2020,2025,"cardinal, cardinals, forcing, aleph, zfc, hod, indescribable, logic, mathfrak, mathsf, weakly, axiom, axioms, box, club, cofinality, czf, enormous, fin, hnt, indescribability, kappa, lzfc, magidor, mathit, mh, prikry, refl, reflection, rm, sdls, sf, ulst, woodin, zf",35
math,79,2000–2005,2000,2005,"dna, integrase, inverted, tangle, direct, ernst, integrases, kronheimer, montesinos, mrowka, possibilities, proteins, rearranging, repeats, solutions, stranded",16
math,79,2005–2010,2005,2010,"rna, dna, protein, sf, shapes, binary, bottleneck, chapter, complexes, correctness, ernst, euc, fission, folded, framework, fsindex, ge, gives, homology, integrase, integrases, inverted, joint, kronheimer, leg, legs, linking, lv, metric, montesinos, mrowka, noncrossing, nonparametric, persistent, polygons, proteins, quasi, rips, searches, segments, similarity, sites, spider, spiders, stranded, strata, stratification, structures, tangle, tetrahedron, topology, trajectories, walks, writhe",54
math,79,2010–2015,2010,2015,"persistent, homology, persistence, rna, topological, anatomical, automatically, bivalent, bottleneck, calculus, cocycles, correctness, correspondences, cosheaves, curves, data, depth, diagrams, distance, evolutionary, functional, hhc, joint, knots, landmarks, links, locality, morphologists, mrozek, nonparametric, phenomics, polypeptide, primates, rspace, sensing, shapes, sheaves, statistical, strata, stratification, substrate, summary, topology, traces, twist, visualization, xspace",47
math,79,2015–2020,2015,2020,"persistence, persistent, data, topological, homology, ph, rips, vietoris, pds, vr, bivalent, cknn, complexes, depth, distance, ech, filtration, functional, hyperspectral, interleavings, mapper, origami, pore, privacy, returning, rna, secondary, sensor, simplicial, statistical, summary, visualization, vortex, wect",34
math,79,2020–2025,2020,2025,"persistence, persistent, data, homology, topological, rips, tda, complexes, topology, vietoris, analysis, barcodes, betti, bifiltration, diagram, dmts, ech, features, interleaving, interleavings, mapper, morphology, multiparameter, native, ph, protein, sr, thickenings, vr, wect",30
math,80,2000–2005,2000,2005,"curvature, flow, mean, estimates, hypersurfaces, area, chow, codimension, constante, courbure, deform, deformation, deforming, diffeomorphism, ecker, equations, gerhard, graphes, huisken, klaus, lignes, motion, moyenne, pinching, preserving, retract, riemman, self, sharp, shrinkers, submanifold",31
math,80,2005–2010,2005,2010,"curvature, mean, flow, evolution, hypersurface, self, brakke, class, codimension, codimensions, cones, constante, convex, courbure, curvatures, curves, drop, euclidean, expanders, flat, forcing, graphes, horospheres, hypersurfaces, lagrangian, lignes, max, moyenne, nabla, polygonal, principal, pseudolocality, shortening, shrinkers, shrinking, sides, singularities, slag, solitons, spheres, tangential, translating, uniqueness",43
math,80,2010–2015,2010,2015,"curvature, flow, mean, self, shrinkers, shortening, flows, translating, anisoperimetric, binormal, brendle, compactness, curve, curves, ends, eterm, euclidean, expanders, ghf, hypersurfaces, inextensible, inscribed, lagrangian, monotonicity, pinching, planar, rigidity, round, shrinking, solitons, sphere, straightening, theorem, volume",34
math,80,2015–2020,2015,2020,"curvature, flow, mean, flows, hypersurfaces, shrinkers, translating, ancient, round, self, solitons, acsf, centre, convex, curve, cylindrical, du, embedded, forcing, hyperplanes, hypersurface, iib, noncollapsed, noncompact, pinching, shortening, smcf, soliton, solutions, spacelike, sphere, umbilic, vec",33
math,80,2020–2025,2020,2025,"curvature, flow, mean, flows, shrinkers, ancient, translators, brakke, convex, self, shortening, translating, anisotropic, area, cohomogeneity, curve, elastic, embedded, huisken, hypersurface, hypersurfaces, iib, isoparametric, multiplicity, preserving, rcf, smooth, solitons, solutions, textrm",30
math,81,2000–2005,2000,2005,"chain, mcmc, asymptotic, berzuini, biopolymers, burn, carlo, chains, chemistry, combine, confidence, conformational, energy, exact, gibbs, gilks, heuristic, intervals, landscape, landscapes, material, metropolis, minorization, monte, multiscale, navigates, proposal, renormalization, reversible, run, sampler, samplers, science, sequential, stat, variance, variances, would",38
math,81,2005–2010,2005,2010,"carlo, monte, mcmc, metropolis, sampler, coarse, langevin, markov, molecular, adaptive, algorithms, atomistic, averages, balance, berzuini, chain, detailed, dynamics, effective, equi, friction, gibbs, gilks, grained, harris, iid, phase, posterior, proposal, recurrence, renormalization, reported, samplers, sequence, sequences, sequential, ssa, stat, subsolution, uncertain, updates, variances, variates, wcud",44
math,81,2010–2015,2010,2015,"carlo, mcmc, monte, chain, gibbs, langevin, markov, metropolis, sampler, sampling, sensitivity, acceptance, averages, configurational, da, effective, force, friction, importance, irreversible, mathscr, molecular, particle, posterior, reactive, rejection, samplers, sandwich, sequential, simulation, simulations, slow, stationary, tst, variance, variates, vbam, vert",38
math,81,2015–2020,2015,2020,"carlo, monte, langevin, dynamics, markov, mcmc, sampling, da, sgld, variance, algorithm, bayesian, convergence, estimators, force, gle, haar, hobert, irreversible, limit, metropolis, molecular, msm, multilevel, olims, oum, px, resampling, rme, sensitivity, slow, smc, stat, tempering, transition, vamp",36
math,81,2020–2025,2020,2025,"langevin, sampling, dynamics, carlo, monte, mcmc, convergence, diffusion, metropolis, models, resampling, score, variance, coarse, denoising, distribution, efficiency, generative, hmc, landscape, markov, mixing, molecular, sampler, samplers, sgld, stat, target, temperature, time, underdamped",31
math,82,2000–2005,2000,2005,,0
math,82,2005–2010,2005,2010,"covariance, estimator, get, identifiable, mlp, mlps, multidimensional, multilayer, perceptrons, regression",10
math,82,2010–2015,2010,2015,"analysis, autoencoders, belief, convergence, deep, hopfield, lacks, landscape, lca, learning, narrow, neural, rate, sparse, specifics, support, sutskever, units, unsupervised, valued",20
math,82,2015–2020,2015,2020,"network, neural, networks, activation, deep, learning, relu, layer, approximation, binarization, codebook, compression, depth, descent, dnns, feed, gradient, loss, negative, net, neurons, olfactory, optimization, quantized, recovery, resnet, shallow, sparse, ternarization, training",30
math,82,2020–2025,2020,2025,"deep, networks, neural, relu, layer, learning, training, activation, network, gradient, loss, dnns, gans, implicit, initialization, mse, neurons, qcs, transformer, transformers",20
math,83,2000–2005,2000,2005,"gl, adic, adique, arthur, baum, bernstein, building, character, compact, connes, correspondence, counterpart, describe, earlier, elements, ell, for, formel, geometric, group, groupe, her, jussieu, langlands, lineaire, local, map, methods, mod, plancherel, reductif, remarque, signature, stuhler, supercuspidal, transfer, un, une, vigneras",39
math,83,2005–2010,2005,2010,"gl, representations, irreducible, langlands, cuspidal, gsp, representation, shalika, supercuspidal, 2n, 6pgsp, adic, casselman, character, characters, cogdell, correspondence, correspondences, course, henniart, induite, jacquet, local, pgsp, rallis, rm, sl, soudry, spherical, stability, tadic, unitarizable, unramified, yun, zhiwei",35
math,83,2010–2015,2010,2015,"representations, correspondence, gl, langlands, jacquet, local, adic, arthur, automorphic, groups, metaplectic, supercuspidal, archimedean, brylinski, character, characters, e1, e2, genuine, gl2, gsp, gspin, henniart, irreducible, mathrm, qp, rallis, reductive, rm, shalika, sp, tempered, unitary, vargamma, yun, zhiwei",36
math,83,2015–2020,2015,2020,"gl, langlands, representations, arthur, automorphic, local, mathrm, adic, correspondence, jacquet, rallis, sp, archimedean, backslash, bf, bushnell, clif, cocenter, ff, genuine, gu, henniart, irreducible, ll, metaplectic, packet, packets, pgl, pp, rm, supercuspidal, textrm, unramified, vogan",34
math,83,2020–2025,2020,2025,"langlands, representations, cuspidal, gl, mathrm, automorphic, supercuspidal, adic, archimedean, arthur, correspondence, local, packets, backslash, bushnell, distinguished, groups, gsp, henniart, irreducible, jacquet, periods, prasad, rallis, representation, rm, sl, widetilde",28
math,84,2000–2005,2000,2005,"mathematics, accordingly, approaches, arabic, archief, argumentation, astronomical, bott, catholic, china, churches, date, dialogue, easter, education, egalitarian, history, informal, international, leo, limits, mathematical, niceea, nieuw, nineteenth, numerals, orthodox, page, peace, raoul, russian, scholarly, sociology, teaching, timss, tolstoy, views, waging, war",39
math,84,2005–2010,2005,2010,"mathematical, ancient, arabic, archimedean, articles, awareness, bott, buzzati, caravan, carl, causa, china, chronology, citations, cited, compiling, deposited, desenvolvimento, doctor, downloads, ever, herz, honoris, iron, it, mathematicians, mathematics, medieval, messengers, multidisciplinary, numeral, numerals, papel, paradoxes, personal, plurality, primes, protection, publisher, raoul, refuted, rich, semantic, services, society, testimonies, web, zeno, zenonian",49
math,84,2010–2015,2010,2015,"mathematics, mathematical, calculus, education, students, anxiety, architect, bott, bridge, carl, causa, chatelet, courses, critique, designer, doctor, emilie, engineer, exhibitions, fluxions, freudenthal, gain, herz, hiele, honoris, hypatia, infinitesimal, intelligence, invexity, iron, leonardo, library, love, mathscheme, nordmann, numbers, pbl, personal, placement, protractor, raoul, replicas, science, she, skills, tall, teachers, theories, tomb, university, van, woman",52
math,84,2015–2020,2015,2020,"mathematics, students, mathematical, century, education, teaching, tissot, anxiety, bolzano, calendar, classroom, courses, day, designer, educational, emotional, fictions, freudenthal, graduation, hiele, his, history, infinitesimals, inglorious, ishiguro, labor, leibniz, mayan, mollweide, nineteenth, oxford, polish, pupils, research, revolutions, session, subfields, subjectivity, tall, university, van, voevodsky, what, year",44
math,84,2020–2025,2020,2025,"mathematical, mathematics, students, education, mathematicians, reasoning, teaching, activities, anania, argumentation, astrological, calendar, day, digging, en, ethical, explanation, geogebra, gpt, history, indigenous, learning, llms, los, my, ouroboros, research, soviet, strabo, student, subfields, teacher, teachers, tissot, understanding, voevodsky, were, women, year, zealand",40
math,85,2000–2005,2000,2005,"aa, alpha, epsilon, sidon, sum, 2a, arithmetic, aritmetic, behrend, bounds, cdot, contain, continuous, ell, erd, exists, fold, fractions, freiman, geq, gn, imre, integers, lemma, lower, magnitude, measure, mentioned, n0, n1, n2, na3, progression, progressions, sec, see, sets, structure, subset, sums, sumsets, szemer, szemeredi, upper, while",45
math,85,2005–2010,2005,2010,"arithmetic, progressions, sumsets, aa, progression, subset, sum, 2a, 2d, abelian, additive, alpha, ca, cb, cdot, cup, davenport, dissociated, elements, epsilon, free, freiman, geroldinger, gg, gs, imre, lambda, ldots, lev, log, lots, mathsf, mentioned, mstd, oplus, pz, quasinorms, restricted, saturating, sets, structure, subsequences, subseteq, subsets, szemeredi, times, too, torsion, vartheta, zero",50
math,85,2010–2015,2010,2015,"sets, gg, sum, abelian, additive, davenport, progressions, subset, 3x, aa, cdot, cosets, cup, density, displaymath, exp, freiman, gcd, geq, integers, ldots, length, leq, log, mapsto, mathbb, mathsf, modulo, multiplicative, multisets, nonsmoothing, odot, oplus, orbit, ord, pm, product, progression, rm, roth, set, subseteq, subsets, subsums, szemeredi, textrm, times",47
math,85,2015–2020,2015,2020,"aa, sets, mathbb, subset, sum, gg, integers, progression, sidon, subseteq, 2a, abelian, additive, arithmetic, davenport, displaymath, dots, ell, exp, frac, gcd, gs, hat, ka, leq, mathcal, max, mod, mptq, mstd, multiplicative, phantom, prime, product, removal, rm, text, textrm, underline",39
math,85,2020–2025,2020,2025,"subset, aa, ldots, mathbb, sets, leq, mathsf, progression, sidon, subseteq, sum, 2a, 3h, ap, arithmetic, ba, bfa, bfx, bfzero, biggl, biggr, dots, frac, geq, hb, integers, mathcal, mathrm, max, mptq, oplam, prime, product, progressions, ruzsa, size, spp, subsets, sumset, sumsets, supp, varphi, wedge",43
math,86,2000–2005,2000,2005,"about, activity, aftereffects, allowed, different, error, expressions, issues, location, locked, mathematical, missed, modelling, nervous, neural, neuronal, planar, postsynaptic, precision, presynaptic, refractoriness, rhythms, signals, spike, symbolic, synchronization, third, timing, transitions, waking",30
math,86,2005–2010,2005,2010,"synchronization, oscillators, spike, adaptation, aftereffects, aproach, burst, bursters, canard, changes, cluster, coupled, cutoff, daido, dynamics, error, excitatory, fire, firing, got, heterogeneous, incoherent, inhibitory, integrate, intercting, isis, kuramoto, locked, low, missed, network, networks, neuron, neurons, oscillator, physiological, postsynaptic, precision, presynaptic, pulse, reset, spiking, stimuli, subthreshold, synchrony, timing",46
math,86,2010–2015,2010,2015,"oscillators, synchronization, network, networks, phase, coupled, dynamics, kuramoto, neuronal, neurons, spike, synchrony, balanced, bifurcations, bursting, cells, chaotic, explosive, fire, firing, hkb, integrate, interspike, isis, lcm, neural, neuron, neuroscience, noise, oscillator, passage, physiological, scales, slow, spiking, stimuli, sw",37
math,86,2015–2020,2015,2020,"oscillators, synchronization, kuramoto, network, neurons, coupled, phase, networks, neural, bifurcations, bumps, bursting, canards, coupling, dynamics, feed, forward, frequencies, heteroclinic, hindmarsh, hkb, leaky, lgmd, model, neuron, noise, oscillator, passage, populations, sacs, stability, strength, synaptic, synchronizability, synchrony, timing, visual",37
math,86,2020–2025,2020,2025,"oscillators, synchronization, dynamics, kuramoto, networks, neurons, phase, synchrony, chimera, coupled, coupling, model, network, neural, neuron, oscillations, activity, arousal, brain, emotions, evoked, mathematical, spiking, stimulation, synaptic, timing",26
math,87,2000–2005,2000,2005,"antiplanar, area, branches, brittle, brutal, crack, cracks, curvature, elastic, elastica, emptyset, enclosed, equilibria, es, fracture, fractures, francfort, gallery, hu, initiation, loop, marigo, minimality, om, plots, quasistatic, readily, size, static, unilateral",30
math,87,2005–2010,2005,2010,"elastic, atomistic, coupling, force, qcf, quasicontinuum, stress, aging, brutal, continuum, crack, cracks, creep, cross, curl, defects, dislocation, dislocations, elasticity, emptyset, energy, es, experimental, formation, gmres, growth, hu, initiation, inside, linearized, material, method, microscopic, minimality, minimizers, newell, nonlinear, om, pattern, pipe, pressurized, qc, quasistatic, regularized, seen, shells, strain, stresses, tadmor, thickness, unilateral, weldments",52
math,87,2010–2015,2010,2015,"atomistic, elastic, continuum, elasticity, energy, dev, plate, rm, armstrong, austenite, bigg, cavitation, cavities, cosserat, couple, coupling, eh, ep, film, force, frederick, gmres, hencky, log, martensite, method, micromorphic, peridynamics, plastic, plasticity, qc, qcf, qm, quasicontinuum, shells, strain, stress, symmetrised, tadmor, thickness, thin, vacancy, vec, wrinkled, wrinkles",45
math,87,2015–2020,2015,2020,"elastic, energy, elasticity, strain, crack, fracture, nonlocal, stress, bending, bigg, brittle, cavitation, continuum, cosserat, couple, damage, deformations, dev, disarrangements, dislocation, dislocations, flexoelectric, foppl, griffith, hydrogen, isotropy, log, ltn, materials, minimizers, phase, plastic, plasticity, plate, prestrain, qm, rm, rods, single, thickness, tip, trm, vo",43
math,87,2020–2025,2020,2025,"crack, elastic, elasticity, energy, fracture, strain, stress, bending, material, model, nonlocal, phase, tip, beam, brittle, corotational, dislocation, dislocations, field, flexoelectric, isotropic, materials, metamaterial, micromorphic, nucleation, peridynamic, peridynamics, plasticity, plates, quasistatic, relaxed, ribbons, vo",33
math,88,2000–2005,2000,2005,"vertex, algebra, algebras, operator, voa, lattice, automorphism, boson, central, charge, cofiniteness, dgh, free, fusion, generators, gl, identity, locality, miyamoto, module, modules, monster, nonlocal, nonmeromorphic, orbits, quantum, quasiclassical, qxy, qyz, qzx, radical, rules, sl, smash, sqrt2r, stabilizers, superalgebra, toroidal, traces, twisted, ww",41
math,88,2005–2010,2005,2010,"algebras, vertex, algebra, modules, moonshine, operator, 4a, 8ee, associativity, axioms, braided, cardy, category, dh, dihedral, dy, ell, framed, ghosts, intertwining, inv, irreducible, ising, lattice, lattices, modular, module, nonlocal, nonmeromorphic, otimes, pointwise, qxy, qyz, qzx, shorter, smash, svoas, twisted, vacuum, virasoro, voa, voas, ww, yangian",44
math,88,2010–2015,2010,2015,"vertex, algebras, algebra, operator, toroidal, moonshine, sl, twisted, voa, 4a, baby, braided, coordinated, e6, e7, ell, fi24, frak, framed, gl, griess, hat, leibniz, lie, mckay, module, modules, monster, pointwise, quantum, rationality, sharpv, simple, superalgebra, superalgebras, unitary, virasoro, widehat, yangian, yangians",40
math,88,2015–2020,2015,2020,"vertex, algebra, algebras, modules, operator, gl, mathfrak, mathcal, osp, sl, twisted, associated, bockting, com, cri, frak, gv, hat, intertwining, mathieu, modular, parafermion, rings, superalgebras, toroidal, unitary, vert, vv, widehat, yangian, yg, zhao",32
math,88,2020–2025,2020,2025,"vertex, algebra, mathfrak, affine, algebras, mathcal, modules, hbar, vv, hat, sl, widehat, yangian, 2n, cal, ell, gl, gv, irr, irreducible, module, operator, sp, text, ww, yangians, yg",27
math,89,2000–2005,2000,2005,,0
math,89,2005–2010,2005,2010,"cost, transportation, kantorovich, monge, optimal, transport, a0, a3w, antigraph, antigraphs, borel, cheapest, determinant, distance, duality, em, extremality, his, hoelder, hypothesis, images, lagrangian, loeper, ma, measurability, measurable, measure, measures, optimizer, orbits, plan, plane, points, separability, subdifferentials, subsidy, trudinger, valued, wang, webs, years, yx",42
math,89,2010–2015,2010,2015,"transport, cost, monge, optimal, transportation, kantorovich, antigraph, antigraphs, barycenter, barycenters, biadan, cc, champion, color, convex, depascale, disintegration, disintegrations, dxdx, epi, eps, extremality, int, interpolations, juutinen, llcorner, marginal, marginals, masses, mathfrak, mathtt, measurability, measures, omt, partitions, polyhedron, problem, respectful, sites, tetrahedral, voronoi, wasserstein",42
math,89,2015–2020,2015,2020,"optimal, transport, cost, wasserstein, kantorovich, transportation, barycenters, marginal, barycenter, entropic, problem, benamou, brenier, cd, discrete, fortet, images, inf, leq, marginals, measures, monge, mospa, omt, rgb, sim, sinkhorn, transports, unbalanced",29
math,89,2020–2025,2020,2025,"optimal, transport, entropic, ot, wasserstein, cost, problem, sinkhorn, kantorovich, barycenters, marginal, measures, transportation, algorithm, barycenter, empirical, gw, marginals, mkpeq, pdot, regularized, sliced, strassen",23
math,90,2000–2005,2000,2005,"aerotaxis, bacterial, biochemical, cells, chemotactic, chemotaxis, collapse, colonies, endothelial, experimentally, growth, guidance, mesenchymal, methylation, morphogenesis, morphological, oxygen, physiology, signaling, vitro",20
math,90,2005–2010,2005,2010,"chemotaxis, keller, segel, mass, parabolic, solutions, analysis, attractant, blow, cells, chemo, cross, dimensional, emit, extensively, front, fronts, impulse, invasion, leq1, liapunov, limit, measures, pde, priory, quasilinear, regularizations, sense, system, traveling, wave",31
math,90,2010–2015,2010,2015,"keller, segel, solutions, chemotaxis, parabolic, mass, system, chemotactic, diffusion, model, nabla, aggregation, cancer, cell, crowd, cu, evolution, extensively, herding, invasion, limit, measures, mechanobiological, patlak, pks, regularizations, sense, stationary, stimulant, tissue, tumor, varepsilon",32
math,90,2015–2020,2015,2020,"chemotaxis, keller, segel, nabla, cdot, frac, model, parabolic, quad, species, system, bacteria, begin, cancer, cell, chemotactic, diffusion, end, eq1, eqref, equation, growth, infty, kinetics, mechanobiological, nutrient, pks, plaque, qquad, sensitivity, tumor, tumour, varepsilon",33
math,90,2020–2025,2020,2025,"chemotaxis, keller, segel, model, nabla, tumor, begin, infty, initial, solutions, system, adaptation, aggregation, align, bacteria, bacterial, cdot, cell, chemotactic, end, global, growth, logistic, mass, parabolic, patlak, pks, plaque, qquad, quad, species, uz",32
math,91,2000–2005,2000,2005,"exclusion, particles, asymmetric, hydrodynamic, nur, process, stationary, anharmonic, benois, combustion, conservation, deviations, diffusive, direction, drift, fluctuations, freidlin, functionals, ge, goe, heat, hydrodynamical, interacting, kipnis, laws, lieb, limit, macroscopic, measures, multiclass, onsager, origin, particle, polynuclear, principle, processes, profile, queues, rescaling, rigidly, scaling, site, sources, start, temperley, tracy, transience, variances, visited, zero, zz",51
math,91,2005–2010,2005,2010,"exclusion, particle, process, tagged, tasep, bb, multiclass, particles, scatterers, asep, asymmetric, baths, catalysts, combustion, conduction, conductivity, current, diagrams, diffusion, disordered, dw, fluctuations, gas, grandcanonical, heat, hydrodynamic, kubo, lorentz, nonequilibrium, organized, processes, queues, random, range, reactant, segment, simple, site, stationary, taseps, tube, visited",42
math,91,2010–2015,2010,2015,"particles, particle, process, tasep, exclusion, fluctuations, gas, kpz, limit, site, asep, asymmetric, asymmetry, at, atypically, brownian, bulk, condensation, current, decorrelation, diffusion, distribution, dynamics, equation, evolving, flight, hydrodynamic, inclusion, interacting, limiting, lorentz, mb, random, scatterers, segment, shock, sites, slow, stationary, tagged, telegraph, tube",42
math,91,2015–2020,2015,2020,"exclusion, particle, kpz, particles, process, asymmetric, tasep, asep, limit, 2n, bond, brownian, dynamics, evolution, flight, gas, gue, hydrodynamic, initial, interacting, koornwinder, kubo, migration, pushtasep, slow, states, tagged, tail, vphantom",29
math,91,2020–2025,2020,2025,"exclusion, particle, particles, process, asymmetric, kpz, tasep, asep, limit, fluctuations, hydrodynamic, reservoirs, arxiv, ballistic, brownian, current, deviation, diffusive, gue, interacting, kawasaki, le1, pushtasep, scaling, sh",25
math,92,2000–2005,2000,2005,"julia, maps, disks, quadratic, siegel, allure, bf, bigcap, bones, buff, cheritat, cod, coding, colon, cubic, half, henon, infinitesimal, integrables, log, matings, measure, ovl, pertubation, plb, polynomiale, polynomials, recurrent, rounding, roundings, subhyperbolic, subset, wandering",33
math,92,2005–2010,2005,2010,"julia, maps, siegel, set, wandering, attracting, basin, bifurcation, bones, branner, buff, buried, carrots, cheritat, cp, cremer, disk, disks, escaping, fatou, filled, hubbard, immediate, kneading, la, mandelbrot, map, matings, meromorphic, misiurewicz, newton, parameterization, petals, pj, polynomial, polynomials, preimages, quadratic, renormalizable, return, sp, supp, transcendental, transseries, virtual, yoccoz, ze",47
math,92,2010–2015,2010,2015,"julia, entire, escaping, transcendental, maps, set, eremenko, fast, fatou, ff, landing, mandelbrot, baker, carrots, cp, functions, geolaminations, hairs, la, laminations, loops, lyubich, map, mating, matings, maximally, petals, portraits, rays, sets, si, siegel, sp, supp, thurston, ucirc, wt",37
math,92,2015–2020,2015,2020,"julia, maps, entire, escaping, fatou, set, sets, transcendental, mandelbrot, post, rational, alternated, baker, bicritical, bifurcation, cal, capture, critically, dynamical, dynamics, families, ff, geolaminations, graphics, img, laminations, map, mathbb, mlc, repelling, shishikura, siegel, sierpi, ski, starj",35
math,92,2020–2025,2020,2025,"julia, maps, fatou, mandelbrot, set, sets, wandering, critically, escaping, laminations, post, rational, thurston, bouquet, cantor, collet, eckmann, ell, feig, hausdorff, hubbard, lavaurs, map, meromorphic, polynomial, quasisymmetries, repelling, rotational, scl, shishikura, transcendental, tricorn, unicritical",33
math,93,2000–2005,2000,2005,"schubert, flag, quantum, varieties, giambelli, cohomology, flags, samelson, variety, billey, calculus, cf, cfl, combinatorial, contou, covexillary, dale, degenerations, dubrovin, equivariant, experimentation, formulas, grassmannian, grassmannians, graszmannians, ind, locus, mitosis, multiplicities, nonsingular, og, patterns, peterson, puzzle, ring, schur, shimozono, smt, varietes",39
math,93,2005–2010,2005,2010,"schubert, flag, grassmannian, quantum, cohomology, varieties, alternate, antidiagonals, conormal, debar, diagrams, divided, dreams, dubrovin, equivariant, experimentation, flags, frobenius, game, gelfand, gg, giambelli, grassmannians, hessenberg, kock, lie, minuscule, permutations, pipe, polynomials, positroid, pure, qh, rule, schur, shimozono, splitting, vakil, vanishing, variety, xx, zetlin",42
math,93,2010–2015,2010,2015,"schubert, varieties, flag, flags, grassmannian, hessenberg, qh, vakil, variety, ags, billey, cominuscule, debar, fl, formal, formula, gammelgaard, generalised, grossberg, harada, hi, ideals, karshon, la, lie, mathrm, mukhin, mustafin, permutations, pet, pinball, polynomials, richardson, tableau, tangent, tanisaki, tarasov, tymoczko, varchenko, ww",40
math,93,2015–2020,2015,2020,"schubert, flag, varieties, variety, hessenberg, bs, cohomology, grassmannian, polynomials, billey, check, classes, cosmall, degenerations, dellac, formal, genomic, glide, grassmannians, grothendieck, hess, ideals, laced, mbox, minuscule, pso, represent, rule, stanley, stembridge, symmetric, tableau, tangent, underline, uni, ww",36
math,93,2020–2025,2020,2025,"flag, schubert, varieties, hessenberg, variety, cohomology, polynomials, degenerations, dreams, grassmannians, peterson, pipe, quantum, 5mm, aff, biwords, bs, bumpless, ch, fl, gr, ideals, katalan, minuscule, operatorname, pbw, shareshian",27
math,94,2000–2005,2000,2005,"game, nash, bimatrix, compiled, concept, encoded, equilibria, equilibrium, fate, games, joint, management, mixed, person, player, policies, policy, popular, providence, ratchet, scientist, strategies, theory, tognoli, totally, universality, utility",27
math,94,2005–2010,2005,2010,"game, nash, equilibria, equilibrium, games, correlated, player, ace, behaviour, bimatrix, brownian, capital, concept, dice, duel, exchangeable, fictitious, firms, goods, hart, he, incomplete, joint, motion, myerson, opponent, petersburg, play, reduction, repeated, rolls, scientist, shapley, strategies, theory",35
math,94,2010–2015,2010,2015,"games, game, equilibria, equilibrium, nash, payoff, player, players, actual, anarchy, anm, attainable, banzhaf, coalitions, correlated, determinacy, discount, dtdgs, exchangeable, existence, firms, follower, goods, hart, index, inefficiency, interaction, interchangeability, leader, learning, negotiation, payoffs, quadratic, team, turnpike, vieille, yasuda",37
math,94,2015–2020,2015,2020,"equilibrium, game, games, player, equilibria, nash, players, payoff, strategies, agent, agents, aggregative, algorithm, anonymous, approachability, coalition, cooperative, distributed, dtdgs, fictitious, globalized, gne, information, quadratic, robust, seeking, stopping, strategy, team, value",30
math,94,2020–2025,2020,2025,"equilibrium, game, games, nash, player, players, equilibria, strategy, information, strategies, agents, co, decision, fictitious, lq, ne, payoff, policies, seeking, shapley, stochastic, strategic",22
math,95,2000–2005,2000,2005,"class, extensions, let, prime, 2379d, bbb, binomial, cal, coeff, congruences, cyclotomic, discriminant, dividing, ee, ep, factors, galois, greenberg, group, leq, lfloor, lucas, mathfrak, mp, nmid, nr, number, numbers, pc, primitive, prod, quadratic, rfloor, swan, times, towers",36
math,95,2005–2010,2005,2010,"class, fields, cyclotomic, number, ray, absolutely, annihilates, binomial, bongs, coeff, conductor, congruences, corps, deitmar, des, dividing, euclidean, field, galois, girstmair, group, imaginary, indivisible, iwasawa, k2, kurt, leopoldt, lfloor, limpro, lucas, meara, mod, nombres, numbers, pc, perfect, prime, prod, quadratic, quartic, quintic, real, rfloor, shintani, sigma, steinitz, stickelberger, totlally, trace, wp, zeta",51
math,95,2010–2015,2010,2015,"fields, number, class, galois, euclidean, field, imaginary, pmod, quadratic, ray, sqrt, caliber, capitulation, cl, cubic, davenport, ell, ellp, enumerated, equiv, equiv2, forms, gal, heilbronn, hermite, integral, kg, mathbf, monogenic, orders, pisot, pm1, primes, quartic, quintic, secondary, stevenhagen, symbol, tower, ucl, wp",41
math,95,2015–2020,2015,2020,"fields, number, ell, galois, quadratic, class, extensions, group, lenstra, mathbb, sqrt, unramified, cyclotomic, discriminant, epsilon, field, gal, gerth, groups, heuristics, imaginary, kg, mathfrak, np, pgl, pisot, polya, primes, quartic, textrm, torsion, tower, ucl, units, ur, varepsilon",36
math,95,2020–2025,2020,2025,"fields, mathbb, number, quadratic, sqrt, galois, class, field, kk, mathfrak, monogenic, 1p, ax, bbb, cl, ell, equiv, extensions, group, groups, imaginary, lattices, lya, operatorname, po, prime, re, real, torsion, totally, trinomials, wp",32
math,96,2000–2005,2000,2005,"branching, extinction, generation, bertoin, fragmentations, galton, harmonic, nana, offspring, polymerase, population, presence, probability, processes, rouault, stopping, watson",17
math,96,2005–2010,2005,2010,"branching, processes, galton, watson, environment, extinction, occupation, offspring, particle, particles, population, random, allelic, bpre, catalysts, cdot, children, colonies, csbps, dimensions, dioecious, generation, harmonic, immigration, ir, lamperti, limits, log, maxima, med, motion, polymerase, process, rescaled, stopping, subcritical, superprocess, superprocesses, survival, walk",40
math,96,2010–2015,2010,2015,"branching, process, environment, particles, processes, random, supercritical, walk, extinction, immigration, limit, multitype, particle, survival, bdre, bienaym, catalytic, cdot, coalescence, colonies, environments, galton, generation, individuals, infty, killed, log, mechanism, med, offspring, sqrt2, superprocesses, watson, winkel",34
math,96,2015–2020,2015,2020,"branching, process, random, immigration, walk, environment, extinction, offspring, processes, superprocesses, galton, infty, particles, watson, bigg, cbre, distribution, eps, fs, law, lim, motion, particle, supercritical, survival, trap, walks",27
math,96,2020–2025,2020,2025,"branching, process, processes, particles, brownian, immigration, motion, particle, bbm, galton, offspring, random, watson, big, bisexual, boldsymbol, cdot, continuities, critical, distribution, environment, limit, modulus, nt, sqrt, subcritical, supercritical, superprocesses, textbf",29
math,97,2000–2005,2000,2005,"landau, superconductivity, superconductors, appearance, at, attractors, averaged, bauman, bernoff, carries, charge, charges, coupling, critical, crystals, curvatures, doniach, estimates, evolutionary, felmer, field, fluxon, gilbert, ginzburg, globally, hydrodynamic, inverse, josephson, junctions, lawrence, layers, lifshitz, liquid, location, magnetic, minimizers, morame, move, navier, near, nucleated, particles, pino, point, posed, posedness, precise, proportional, schroedinger, singularity, sternberg, superconducting, system, types, vortices, well, zone",57
math,97,2005–2010,2005,2010,"ginzburg, landau, superconducting, superconductivity, appearance, bcs, berlyand, bogoliubov, cap, carries, critical, dobrushin, domain, eps, estimates, faddeev, field, gap, gennes, lifschitz, magnetic, minimizers, mironescu, nanowire, near, neel, normal, precise, skyrme, superconductors, supercurrent, travelling, wall, zone",34
math,97,2010–2015,2010,2015,"ginzburg, landau, liquid, nematic, crystal, crystals, bcs, director, energy, ericksen, leslie, superconductivity, anchoring, bf, bogoliubov, cholesteric, eps, fluxons, gap, gennes, global, hedgehog, inhomogeneity, lifshitz, neel, parodi, pinned, solutions, superconducting, uloc, uniaxial, wall, weak",33
math,97,2015–2020,2015,2020,"landau, nematic, liquid, crystal, ginzburg, energy, ericksen, gennes, leslie, crystals, varepsilon, anchoring, bcs, biaxial, big, cgl, cgle, deflation, dierential, dopant, frank, hedgehog, isotropic, lifshitz, nabla, nematics, oseen, skyrmion, solution, temperature",30
math,97,2020–2025,2020,2025,"landau, energy, ginzburg, liquid, nematic, crystal, ericksen, leslie, varepsilon, vortices, 8q, biaxial, constrictions, de, defects, elastomers, film, gennes, inertia, isoflux, lifshitz, magnetic, majumdar, minimizers, nabla, nematics, sixth, sllbar, smectic, stripe, thin, ve",32
math,98,2000–2005,2000,2005,"average, combinations, decision, markov, optimal, policies, reward, state, unichain, visit",10
math,98,2005–2010,2005,2010,"average, combinations, decision, markov, optimal, policies, reward, state, unichain, visit",10
math,98,2010–2015,2010,2015,"policy, controlled, dynamic, markov, programming, agent, avar, baseline, conditional, cost, costs, decision, diffusions, empirical, epi, evi, horizon, iteration, music, pomdp, sight, simulated, state, value",24
math,98,2015–2020,2015,2020,"decision, markov, policy, reward, learning, conditional, discounted, pomdp, actor, agent, avar, belief, controlled, costs, critic, deep, distribution, distributions, dynamic, each, expert, heuristics, horizon, hypothesis, iteration, mdp, mdps, optimal, overwhelmingly, policies, problems, programming, reformulation, reinforcement, rtdp, sample, samples, strategy, testing, tot, trpo, trust, unbounded",43
math,98,2020–2025,2020,2025,"decision, learning, policy, markov, reinforcement, rl, mdps, reward, policies, algorithms, critic, actor, algorithm, cmdp, discounted, expert, mdp, optimal, pomdps, robust, rtdp, sample, tot",23
math,99,2000–2005,2000,2005,"constituents, idealizer, irr, irreducible, bar, benson, blocks, characters, classifying, completed, defect, erratum, finite, fusion, gg, groups, head, id, mckay, plesken, pp, radical, solomon, st02, subgroups, sylow",26
math,99,2005–2010,2005,2010,"characters, groups, brauer, defect, fusion, group, supercharacter, supercharacters, sylow, 2f, 2f4, abelian, alperin, alternating, benson, brou, broue, character, classifying, completed, conjecture, conjugacy, erratum, finite, harada, hnhn, ibrg, indexing, ipig, irr, irreducible, irrg, mid, norton, nu, odd, oliver, pp, primitive, ranks, rule, solomon, solvable, stanley, subgroup, subgroups, symmetric, tables, theories",49
math,99,2010–2015,2010,2015,"groups, characters, blocks, defect, group, pp, brauer, brou, character, conjecture, fusion, subgroup, supercharacter, theories, 2f4, 2n, 3m, bar, bbbk, bravais, colour, conjectures, hn, indicators, irreducible, kronecker, lengths, mackey, mathcal, mathscr, multiset, navarro, oliver, sp, sylow, triality, widehat",37
math,99,2015–2020,2015,2020,"character, groups, defect, blocks, block, characters, supercharacter, brauer, donovan, irreducible, pp, sylow, alperin, bbbk, cd, codegree, frobenius, fusion, gg, group, hyperfocal, inductive, inertial, mathscr, mckay, morita, qd, subgroup, symmetric, theories, times, widehat",32
math,99,2020–2025,2020,2025,"character, alperin, blocks, characters, defect, groups, fusion, pp, conjecture, group, inductive, mckay, acd, anz, bbb, block, blockwise, brauer, brou, cd, ell, frobenius, gg, inertial, irr, irreducible, mathbf, mathcal, punctured, rickard, rm, splendid, subgroups",33
math,100,2000–2005,2000,2005,"cohomology, homology, spectra, theory, topological, adams, agree, analogous, andr, atiyah, caracteristiques, category, computing, cyclic, dennis, derivations, filtered, filtrations, goodwillie, hgl, hirzebruch, homotopy, infinity, infty, inftya, inftye, invariants, kr, kunneth, mac, mirimanoff, motivic, multiplicative, nilpotent, pro, rationally, relating, relative, ring, rog, root, saying, sequence, sequences, spectral, spectrum, stable, summand, theorie, theories, thh, trace, triangulated, units",54
math,100,2005–2010,2005,2010,"spectrum, astc, homotopy, spectra, theory, adams, algebra, ast, base, bgl, bz, classifying, cobar, cobordism, cohomology, connective, dualization, etale, fibrant, filtered, hgl, invariants, landweber, mac, morava, motivic, operations, prime, pro, realization, ring, root, sequence, slice, spectral, sq, stabilizer, stable, summand, tale, thh, thom, tmf",43
math,100,2010–2015,2010,2015,"homotopy, spectra, spectrum, connective, category, completion, motivic, quillen, theory, tmf, 0k, 1e, adams, algebra, alpha, ast, astc, bockstein, bousfield, bp, bz, ck, cpi, differentials, dualization, equivariant, fields, hg, kk, kqkq, monoidal, morava, nonunital, operations, peterson, picard, ring, slice, slices, stable, syntomic, tower",42
math,100,2015–2020,2015,2020,"homotopy, spectra, motivic, equivariant, theory, 0k, ast, bo, bp, buildrel, category, colim, connective, cooperations, fr, framed, hg, kk, ko, kqkq, langle8, mackey, mathbb, mathbf, mathscr, mo, morava, nisnevich, nonunital, parametrised, picard, quillen, ring, sh, spectral, spectrum, stable, tbp, tctc, text, thom, tmf, trtr, wedge",44
math,100,2020–2025,2020,2025,"motivic, spectra, homotopy, equivariant, bp, ku, langle, mathrm, rangle, theory, thh, acute, adams, category, cohomology, completion, connective, er, fr, geo, hw, mackey, mahowald, mathbb, nisnevich, parametrised, redshift, ro, semiadditive, spectrum, stable, thom, topological, underline, vee, wedge",36
math,101,2000–2005,2000,2005,"irrationality, continued, fraction, irrational, rivoal, 0n, 2n, 2s, abjl, apery, approximable, approximation, approximations, badly, bifurcating, distinguishes, fr, frac14, frac14a, fractions, gill, grange, ia, illustrious, integer, jacobi, kmosek, liouville, math, multidimensional, nesterenko, nq, nt, numbers, numerators, pairs, qualitive, quantitive, ramanujan, ref, renormalization, saying, sebah, shallit, specializability, specializable, telescoping, th1, tschakaloff, values, vector",51
math,101,2005–2010,2005,2010,"continued, fractions, fraction, approximation, diophantine, irrationality, numbers, recurrence, xi, 0tx, approximants, approximating, approximations, baum, conjugates, denominators, epi, exp, grange, illustrious, incomplete, infty, irrationalities, ja, leq, metrical, multidimensional, nq, periods, primes, quotients, rational, real, recurrences, renormalization, rosen, sequence, solutions, strong, sweet, transcendence, tschakaloff, wkb, zdd, zddk",45
math,101,2010–2015,2010,2015,"continued, fraction, ln, diophantine, fractions, irrationality, numbers, primes, 0tx, approximants, approximation, bar, baum, bb, bourgain, continuant, convergents, cosh, expansion, frac, gompertz, irrational, jager, kontorovich, kuzmin, mersenne, ne, period, periodic, quotients, radicals, ramanujan, recurrence, rogers, shadrin, sinh, sqrt, strong, sweet, transcendence, transcendental, vieta, xi, zaremba",44
math,101,2015–2020,2015,2020,"continued, fractions, fraction, numbers, sqrt, approximation, diophantine, irrational, irrationality, adic, cfrac, cl, converge, convergents, ddots, der, digits, frac, hankel, hcf, hurwitz, khinchine, ln, logarithms, mathbf, mcfs, nakada, nyi, periodic, pp, quadratic, ramanujan, rogers, ruban, serret, simultaneous, tanaka, varphi, widehat, zur",40
math,101,2020–2025,2020,2025,"continued, fractions, irrational, numbers, fraction, irrationality, sqrt, frac, 2k, apery, bbb, boldsymbol, boy, codings, constants, continuants, das, deformed, der, descriptive, displaystyle, hcf, left, mathematical, nakada, pcfs, qq, quad, right, sudler, tanaka, thurnheer, zur",33
math,102,2000–2005,2000,2005,"tropical, mathematics, bernd, billera, brief, clay, dequantization, duality, gotten, grassmannian, grobner, hbar, holmes, ideal, idempotent, lecture, maslov, numerousreferences, plucker, quadrics, refereing, scholar, senior, subcomplex, trees, utah, vogtmann",27
math,102,2005–2010,2005,2010,"tropical, geometry, hypersurfaces, tropicalization, tropically, abel, algebraic, branch, brief, coamoebas, constructive, correspondence, cramer, curves, dequantization, duality, fan, hbar, hurwitz, icm, idempotent, intersection, kapranov, madrid, maple, maslov, mathematics, maximally, noether, norine, numbers, pappus, patchworking, phi, plane, preprocessing, primitive, proceedings, quadrics, refereing, reformulation, riemann, roch, rule, shellable, supertropical, tp, ultradiscretization, valuations, varieties, viro",51
math,102,2010–2015,2010,2015,"tropical, tropicalization, noether, severi, brill, curve, curves, polyhedral, supertropical, tropicalizations, 3n, abel, analytification, berkovich, branch, broccoli, det, fan, geometry, hurwitz, implicitization, layered, levelt, linkage, loci, lukasiewicz, meromorphic, numbers, phi, rank, reformulation, secondary, skeleton, solvability, tevelev, tm, tropicalized, tropically, ultimate, unirational, valuations, welschinger",42
math,102,2015–2020,2015,2020,"tropical, tropicalization, curves, analytification, archimedean, geometry, real, refined, semialgebraic, toric, 3n, algebraic, berkovich, bitangent, bitangents, cross, curve, dolbeault, eigenvectors, enriched, fans, hahn, invariants, lines, mathscr, mikhalkin, moduli, morphisms, overline, polyhedral, pseudotropical, secondary, semirings, severi, solvability, spherical, superabundant, tacnodal, trop, tropicalizations, varieties",41
math,102,2020–2025,2020,2025,"tropical, curves, matroid, matroids, toric, tropicalization, fans, trop, andreotti, boldsymbol, ceresa, curve, dressians, dual, flag, geometry, hybrid, hyperbolic, hypersurface, implicitization, lefschetz, lifts, mikhalkin, moduli, morphisms, overline, parametrisation, positively, prym, quiver, real, refined, semialgebraic, series, sol, tev, tropicalizations, unibranch, unipotent, valuated, varieties, widetilde",42
math,103,2000–2005,2000,2005,"bbb, cal, cluster, doubly, frac, functions, harmonic, homogeneous, kmv, led, martin, martio, partial, planar, quasiregular, subfunctions, subharmonic, trigonometric, villamor, weighted",20
math,103,2005–2010,2005,2010,"harmonic, subharmonic, ball, bbb, functions, half, mappings, starlike, univalent, agler, bar, bf, cal, caratheodory, cluster, colon, convolution, disk, eu, exceptional, frac, growth, integral, julia, kmv, lebesgue, limits, linearly, lyubarskii, majorant, malinnikova, martio, mathrm, nontangentially, planar, pluriharmonic, quasiregular, sarason, schur, stackrel, strengthened, subclasses, theorem, ul, unit, uu, villamor, weighted, yu",49
math,103,2010–2015,2010,2015,"functions, disk, harmonic, univalent, analytic, starlike, unit, bi, ff, subclasses, subharmonic, zf, align, ball, bessel, bloch, cdot, close, convexity, convolution, determinant, domar, exceptional, hankel, landau, le, lebesgue, majorant, mappings, prec, qq, quasinearly, starlikeness, subordination, zalcman, zh",36
math,103,2015–2020,2015,2020,"functions, univalent, starlike, subharmonic, frac, harmonic, analytic, disk, ff, left, right, 2a, align, bi, convex, determinant, es, function, hankel, id, le, leq, lh, mappings, mathcal, mathtt, normalized, prec, quasinearly, sf, starlikeness, struve, subordinate, textit, varphi, zp",36
math,103,2020–2025,2020,2025,"functions, harmonic, starlike, univalent, analytic, coefficients, disk, logarithmic, mappings, mathcal, prec, sharp, subclass, subharmonic, subordinate, varphi, zp, function, hankel, leq, lh, ma, mathfrak, meromorphic, minda, nevanlinna, prime, spirallike, starlikeness, tanh, vmatrix, zf",32
math,104,2000–2005,2000,2005,,0
math,104,2005–2010,2005,2010,"nonexpansive, iterative, mapping, mappings, monotone, resolvents, asynchronous, average, banach, byrne, compositions, convergence, convex, duality, eckstein, firmly, fixed, halpern, hyperbolic, iteration, iterations, maximal, optim, proximal, schemes, solve, splitting, star, svaiter, ucwucw, uniformly, viscosity, yamada",33
math,104,2010–2015,2010,2015,"nonexpansive, algorithm, douglas, fixed, mappings, monotone, rachford, bregman, convergence, iterative, problems, resolvents, algorithms, alternating, average, byrne, cat, compositions, convergent, demiclosedness, extragradient, fdrs, feasability, fejer, forward, halpern, inclusions, lmo, maximally, metastability, operators, point, prox, proximal, smp, split, splitting, variational, yamada",39
math,104,2015–2020,2015,2020,"monotone, convergence, splitting, variational, mappings, nonexpansive, algorithm, douglas, extragradient, forward, inertial, iteration, problems, rachford, algorithms, averaged, backward, bam, bams, bruck, circumcentered, convergent, demicontinuous, drs, fdrs, inequalities, inequality, lmo, operator, operators, opial, ordered, pseudocontractions, split, vip",35
math,104,2020–2025,2020,2025,"convergence, monotone, rachford, splitting, algorithm, douglas, drs, mappings, operators, variational, admm, atat, backward, bam, bams, bregman, circumcentered, convex, crm, demicontractive, dys, fixed, forward, frugal, halpern, inequalities, inertial, iteration, linesearch, method, nonexpansive, operator, peaceman, ppa, resolvents, solving",36
math,105,2000–2005,2000,2005,"asynchronicity, benzene, boolean, cell, chemical, chemistry, csp, depending, determinism, differences, feinberg, isomerism, kinetic, kinetics, lunn, mckeithan, menten, michaelis, molecule, organic, proofreading, rbns, receptor, senior, substituted, synchronicity, synchronous, transduction, types, updating",30
math,105,2005–2010,2005,2010,"mass, 1r, 2p, action, amassed, biological, biologically, boolean, cdot, chemical, chemistry, chemists, cn, consolidation, contact, deficiency, deterministically, dynamical, feedback, flip, ge, gene, guldberg, hybrid, irrelevant, kauffmann, kinetics, law, loop, magnetization, modeled, monotone, networks, node, opening, phosphorylation, piecewise, quantitative, regulatory, signaling, snoussi, solidify, spin, stationary, stochastically, threshold, unicity, variables, waage",49
math,105,2010–2015,2010,2015,"biochemical, chemical, networks, reaction, deficiency, gene, kinetics, mass, adm, canalizing, catalyst, cle, cme, concordance, coupling, deterministically, dynamics, efms, elongation, expression, extents, fastcore, genes, hybrid, metabolic, modeled, mrna, nested, network, nfat, paused, polymerase, promoter, protein, qssa, reactant, reactions, regulated, regulatory, ribosomes, sensitivities, slow, stationary, steady, stochastically, synchrony, transcription, variables",48
math,105,2015–2020,2015,2020,"reaction, chemical, networks, systems, biochemical, kinetic, multistationarity, network, qss, steady, acr, adm, apc, balance, boolean, buffering, canalizing, cascades, cdc20, cle, conjunctive, dynamical, dynamics, efms, extents, kinetics, leaping, markov, mathscr, mcc, phosphorylation, processive, proteins, reactions, regulation, regulatory, slow, species, system, transcription, uncertain",41
math,105,2020–2025,2020,2025,"chemical, reaction, network, networks, biochemical, acr, deficiency, homeostasis, multistationarity, stoichiometric, systems, balance, bifurcation, boolean, det, disguised, dynamical, epigenetic, input, kinetic, kinetics, lna, mathscr, metabolic, multivalued, output, reactions, reactivity, species, stochastic, stoichiometry, system, zero",33
math,106,2000–2005,2000,2005,,0
math,106,2005–2010,2005,2010,"agents, allowed, controls, cost, elliott, games, hybrid, infinite, initial, kalton, lasry, lions, mean, nv, person, player, switching, take, terminal, value",20
math,106,2010–2015,2010,2015,"games, mean, field, game, decision, mfg, player, stochastic, agent, agents, backward, bellman, collectively, controls, differential, dynamical, epsilon, equation, forward, gpsm12, hjb, inspectees, inspection, isaacs, markov, mf, minor, players, population, quadratic, saddle, strategies, text",33
math,106,2015–2020,2015,2020,"field, game, games, mean, equilibria, mfg, players, agent, mfgs, player, agents, congestion, control, controls, decision, differential, epsilon, exit, impulses, inspectees, inspection, leave, major, master, minor, multitime, populations, stationary, system, text, uniqueness",31
math,106,2020–2025,2020,2025,"field, game, games, mean, equilibria, mfg, mfgs, player, controls, equilibrium, graphon, nash, stackelberg, agent, agents, control, differential, logit, loop, ships, state",21
math,107,2000–2005,2000,2005,"coalescent, allele, darwinian, death, dynamics, essence, evolution, evolutionary, laws, locus, mutation, mutations, neutral, polymerase, population, reactions, selected, species, trait",19
math,107,2005–2010,2005,2010,"coalescent, population, alleles, loci, mutation, neutral, species, allele, beneficial, branching, carrying, cell, cm, collisions, competition, death, demes, evolution, ewens, extinction, fixation, gene, genealogies, genealogy, genetics, individuals, intense, linked, mergers, modifier, mrca, mutant, mutations, parasites, phenotype, phenotypes, phylogenetic, polymerase, processes, reactions, recombination, selection, speciation, subfunctionalization, sympatric, trait, wright",47
math,107,2010–2015,2010,2015,"population, coalescent, mutation, individuals, populations, trait, coalescents, fitness, mutations, process, recombination, selection, allele, alleles, bolthausen, carrying, cells, extinction, fitnesses, fixation, genealogical, genes, habitat, immigration, kingman, loci, locus, model, modifier, reproduction, site, species, sznitman, wright",34
math,107,2015–2020,2015,2020,"population, coalescent, selection, coalescents, fitness, kingman, mutation, allele, fixation, genealogy, genetic, seed, wright, ancestral, bank, brake, continual, drive, evolutionary, individuals, invasion, landscapes, moran, mutant, mutations, populations, process, recombination, replicator, sfs, size, species, trait, varlambda, varxi",35
math,107,2020–2025,2020,2025,"population, selection, mutation, ancestral, coalescent, genetic, recombination, seed, selfing, aaaa, bank, birth, branching, coalescence, coalescents, dispersal, dormancy, fisher, generations, genes, habitat, heartsuit, individuals, kingman, level, lineages, migration, moran, mutations, outcrossing, pedigree, polymorphism, process, protocell, replicator, speciation, trait",37
math,108,2000–2005,2000,2005,"petersson, teichmuller, metric, punctured, thurston, weil, antipodal, bending, conjecture, duke, geodesics, gromov, homology, hyperbolic, hyperbolicity, lam, lamination, laminations, line, ller, metrics, minima, mu, nu, once, pants, qs, quasifuchsian, quasisymmetric, real, sectional, shortest, simple, teich, teichm, teichmueller, tori, torus, universal, valuation, volume, wp",42
math,108,2005–2010,2005,2010,"ller, petersson, teichm, teichmuller, weil, geodesics, metric, surface, surfaces, below, bers, borel, calc, coordinates, curvature, curves, diameters, fiber, flat, gardiner, geodesic, grafting, hofer, hyperbolic, isomorphism, lam, laminations, masur, measured, metrics, rays, retract, rounded, schiffer, sectional, space, survey, teichmueller, thurston, tl, wp",41
math,108,2010–2015,2010,2015,"ller, teichm, geodesic, length, masur, nielsen, petersson, surfaces, teichmuller, weil, 0c, am, asymmetric, asymptoticity, bdd, behrstock, busemann, calc, de, fenchel, feuilletage, gardiner, geodesics, geometry, grafting, hyperbolic, ls, mesure, metric, minsky, moduli, pml, qc, quasiconformal, ray, rays, space, spectrum, super, surface, thurston, transversalement, transversality, wolpert",44
math,108,2015–2020,2015,2020,"ller, teichm, geodesics, surfaces, thurston, bers, fuchsian, geodesic, hyperbolic, 8g, am, arithmetic, backslash, bdd, cat, closed, distinct, earthquake, el, extremal, gl, intersection, laminations, masur, metric, minsky, ml, pants, petersson, pml, progressions, psl, punctured, rm, simeq, strain, super, teich, text, tight, varphi, weil",42
math,108,2020–2025,2020,2025,"geodesics, geodesic, ller, teichm, closed, hyperbolic, length, surface, surfaces, thurston, 8g, backslash, dec, distinct, extremal, fill, fuchsian, horospheres, hyp, injectivity, intersection, manifold, mathcal, oblivious, psl, pt, randers, rm, simeq, simple, star, stiefel",32
math,109,2000–2005,2000,2005,"tiling, tilings, domino, substitution, tile, tiles, acute, adic, admitted, angles, aperiodic, aztec, bricks, cech, circ77, delone, densely, diamond, dihedral, dominos, epsilon, expansion, extrapolated, fron, functional, hexagonal, holey, homeomorphism, length, nvaries, parity, pattern, pinwheel, pisot, pleasants, rectangle, relation, repetitive, satisfy, scd, sets, slab, slabs, substitutions, tetrahedra, tiled, tutte",47
math,109,2005–2010,2005,2010,"tiling, substitution, tilings, pisot, substitutions, admitted, aztec, bellissard, bijection, branch, classes, delone, diagonals, diamonds, dimer, domino, expansion, ff, gon, hexagonal, impurities, isohedral, length, locus, mld, onto, parallel, phi, prototile, realization, repetitive, solenoid, spanning, tile, tiles, torus, tutte",37
math,109,2010–2015,2010,2015,"tiling, tilings, substitution, delone, diamond, domino, regions, substitutions, tiles, 7x, aztec, bellissard, boards, centered, coincidence, coupling, crosses, dominoes, escher, flips, fpls, groebner, half, hexagon, hexagons, htfpls, hull, keller, lozenge, mathsf, mld, pisot, polymetric, prototile, rectangles, rectangular, repetitive, rhombus, saturated, substitutive, tile, twist, vert",43
math,109,2015–2020,2015,2020,"tilings, tiling, tile, tiles, hexagons, domino, hexagon, 4m, a2, ammann, antipodal, area, aztec, ciucu, deficient, delone, diamond, diffraction, divisibility, dominoes, equilateral, flc, flips, heptiamond, ilc, intruded, perimeter, plane, rectangle, rectangles, regions, repetition, substitution, tetrominoes, tilable, tileability, times, trapezoids, trominoes, twist, wang",41
math,109,2020–2025,2020,2025,"tiling, tilings, tiles, tile, aperiodic, aztec, delone, domino, substitution, translational, ammann, area, ciucu, congruent, contiguous, cut, edge, gm, hexagons, holes, jeandel, octagons, penrose, pentagons, perimeter, project, quadrilaterals, quasicrystals, repetition, repetitive, rotationally, silver, similar, trihex, trihexes, trominoes, weaving",37
math,110,2000–2005,2000,2005,"phylogenetic, 3st, 4x4x4, acid, bacterial, biologists, branching, cluster, evolution, evolve, gene, genomes, genomic, independently, intertwine, kimura, mitochondrial, neighbor, nucleic, nucleotide, polynucleotide, purines, pyrimidines, similarity, sites, speciation, substitution, tree, xu",29
math,110,2005–2010,2005,2010,"neighbor, phylogenetics, aml, ancestral, automata, biologists, characters, circular, conceptualization, contained, cools, delay, dissimilarity, evolve, gamete, genomewide, genotope, geometry, grassmannian, hapmap, human, incompatibility, independently, joining, kimura, leaves, length, mcmorris, memoryless, ml, net, nucleotide, pachter, pattern, patterns, pedigree, pedigrees, perfect, phylogenetic, phylogenies, phylogeny, polynucleotide, purines, pyrimidines, reconstruction, sites, snps, speyer, splits, state, strings, subpolytope, substitution, tree, trees, tropical, vectors, writing",58
math,110,2010–2015,2010,2015,"trees, phylogenetic, tree, gene, genome, species, bipartitions, bme, breakage, cds, ciliate, clade, clades, coalescent, contained, cools, cspr, dissimilarity, distance, eabp, fingerprint, genes, genetic, genomics, gonosomal, grassmannian, histories, lgt, micronuclear, multiset, nj, nucleotide, pachter, parsimony, phylogenetics, plasmid, probabilities, quartet, rgs, rooted, speyer, tanglegrams, tgcc, trinets, tropical, ugfm, upgma, vectors, writing",49
math,110,2015–2020,2015,2020,"phylogenetic, tree, trees, gene, networks, fitch, phylogenetics, tropical, alignments, ancestral, bet, coalescent, cophenetic, csd, display, eabp, evolutionary, fermat, filling, genome, gentilings, gonosomal, histories, interleaving, leaf, leaved, multifurcating, nbet, nj, orthology, phyl, phylogeny, reptilings, rspr, species, svms, tanglegrams, taxa, treebased, ultrametrics, weber",41
math,110,2020–2025,2020,2025,"phylogenetic, trees, tree, fitch, gene, networks, indices, leaves, quartet, species, ancestral, cactuses, child, displayed, duplication, evolutionary, genes, genome, genomes, genomic, imbalance, leaf, motifs, network, ola, orthology, phylogeny, quarnets, reticulation, rooted, semidirected, subnetwork, svms, taxa, taxon, tropical",36
math,111,2000–2005,2000,2005,"wave, global, quasilinear, equations, null, obstacles, abd, amplitude, changing, currect, damped, decay, discretized, dispersive, dissipative, energia, existence, goes, hyperbolic, instability, multiphase, multispeed, nonlinear, nonlinearities, nonlinearties, outside, potential, rays, satisfying, shapped, shibata, small, solutions, speeds, star, steady, trapped, tsutsumi, uniphase, yokoyama",40
math,111,2005–2010,2005,2010,"wave, semilinear, global, nonlinear, 1x, amplitude, box, cauchy, changing, chin, coefficients, colombeau, damping, dispersive, dissipative, domains, equation, equations, estimates, exponents, exterior, frac, frac12, ibrahim, ij, ill, inftyp, initial, interior, low, noncharacteristic, nonlinearties, parametrices, pointwise, posdness, posedness, potential, ql, quad, quasilinear, regularity, shibata, small, sogge, source, supercritical, triangle, tsutsumi, tt, variable, widehat",51
math,111,2010–2015,2010,2015,"wave, blow, damping, semilinear, cauchy, damped, decay, energy, equations, solutions, 2u, ast, biwave, coefficient, coefficients, colombeau, convoluted, dissipative, equation, estimates, exponents, exterior, global, hoshiga, ibrahim, ij, im, initial, lifespan, nonlinear, pointwise, propagation, quasilinear, radial, rr, small, sogge, speeds, takamura, tt, up, variable, xu",43
math,111,2015–2020,2015,2020,"wave, damping, blow, semilinear, solutions, up, damped, equation, lifespan, cauchy, equations, global, initial, null, 3wri, bisectrices, decay, dimension, energy, existence, exterior, godin, loc, nonlinearity, overdamping, radial, small, term",28
math,111,2020–2025,2020,2025,"wave, lifespan, semilinear, solutions, blow, equation, damping, equations, initial, damped, global, null, partial, quasilinear, alinhac, cauchy, decay, derivative, leq, loss, nonlinearity, oscillating, radiative, term, up, xv",26
math,112,2000–2005,2000,2005,"br, lu, partial, qquad, quad, rf, rl, rv, splitting, sum",10
math,112,2005–2010,2005,2010,"integrators, methods, area, back, blended, castell, composition, computationally, conserving, dispersion, freedom, gaines, gbdf, glms, hamiltonian, integration, integrator, ivps, kaas, kutta, lie, lmf, munthe, numerical, nystr, order, pull, reasonable, rk, runge, schemes, splitting, stochastic, sumerical, systems, volume, what",37
math,112,2010–2015,2010,2015,"integrators, kutta, methods, order, runge, imex, schemes, splitting, acute, avf, blended, bvps, check, etdsdc, feptrkn, four, gbdf, glms, hamiltonian, hat, ias15, implicit, ivps, lmf, multirate, multisymplectic, numerical, nystr, odes, parareal, rk, rkn, shearing, solar, ssp, stiff, sumerical, symplectic, tsrk",39
math,112,2015–2020,2015,2020,"kutta, runge, methods, integrators, schemes, imex, implicit, multistep, numerical, order, step, symplectic, acute, check, epirk, erkn, etdsdc, explicit, exponential, gark, hamiltonian, hat, integration, long, mprk, parareal, partitioned, patankar, region, ssp, stability, stiff",32
math,112,2020–2025,2020,2025,"kutta, methods, runge, implicit, integrators, order, schemes, explicit, numerical, gark, arkode, energy, equations, hamiltonian, imex, integrator, intrusive, multirate, nystrom, parareal, ptq, sbp, splitting, sqq, stability, stiff",26
math,113,2000–2005,2000,2005,"expansions, iteration, iterative, landweber, penalties, regularized, regularizes, regularizing, sparser, thresholding",10
math,113,2005–2010,2005,2010,"ell, sensing, sparse, sparsity, measurements, signal, signals, 4log, accomplish, adaptive, appearing, cal, channel, coding, compressed, conceived, cosamp, dictionaries, discrimination, distilled, ff, filtering, greedy, joint, landweber, matching, minimization, needell, objects, pursuit, radar, recovery, revises, reweighted, romp, semigood, structured, thresholded, verifiable",39
math,113,2010–2015,2010,2015,"recovery, sparse, measurements, sensing, signal, signals, sparsity, compressed, ell, adaptive, bloomp, blot, coherence, corruption, dictionaries, dictionary, distilled, goodness, guarantees, iht, measurement, ommp, omp, pattern, pursuit, rip, semigood, verifiable",28
math,113,2015–2020,2015,2020,"ell, sensing, recovery, signal, signals, sparse, compressed, measurements, sparsity, minimization, 1l, breve, cappa, channel, cs, dictionary, geq0, hat, lasso, lpls, nonconvex, penalty, pgd, reconstruction, support, thresholding",26
math,113,2020–2025,2020,2025,"ell, recovery, sparse, compressed, sensing, signal, proximity, sparsity, 7s, algorithm, applicability, bit, breve, bsc, bss, cappa, coherence, cosparse, cs, dictionary, doa, eigenmatrix, elm, erx, geq0, hankel, hsgd, irksn, measurement, measurements, messages, mi, minimization, omp, piece, proximal, regularization, reweighted, subsampled, thresholding, unstructured",41
math,114,2000–2005,2000,2005,,0
math,114,2005–2010,2005,2010,"control, optimal, bellman, stochastic, akin, average, backward, begin, cdot, circ, controlled, cost, darboux, df, ell, end, equation, feedback, forward, goursat, gy, gyx, hamilton, hjb, hjbqvi, horizon, impulse, independent, inifinite, integral, jacobi, jump, jumps, long, mathbb, optimality, pdmp, pontryagin, run, superquadratic, systems, viscosity, volterra",43
math,114,2010–2015,2010,2015,"control, stochastic, optimal, backward, bellman, differential, hamilton, hjb, horizon, impulse, jacobi, switching, value, viscosity, bsde, bsrdej, controllable, controls, evolutions, fbsdes, forward, hjbqvi, information, inifinite, ipf, jump, multidimensional, obstacles, principle, problems, prospective, retrospective, sdde, superharmonic, superquadratic, teugel",36
math,114,2015–2020,2015,2020,"control, optimal, stochastic, backward, mean, switching, bellman, horizon, maximum, principle, problem, ast, brownian, bsdes, differential, elephant, equation, fbs, fbsde, forward, hamilton, hjb, impulse, jacobi, jump, markov, markovian, motion, necessary, optimality, risk, sensitive, value, viscosity",34
math,114,2020–2025,2020,2025,"control, optimal, stochastic, principle, bellman, hjb, backward, equation, equations, hamilton, markovian, problem, ambiguity, drift, forward, horizon, impulse, jacobi, lqj, management, maximum, nonsingular, risk, sdes, sensitive, state, viscosity, volterra, wasserstein",29
math,115,2000–2005,2000,2005,"body, central, absence, action, assisted, bodies, capture, cette, choreographic, collisionless, configuration, configurations, corps, de, eight, extrasolar, fixed, hill, homographic, inertia, integrability, integrals, lagrangian, largement, libration, mass, meromorphic, minimizers, moeckel, monodromy, moons, neighborhood, newtonian, orbits, periodic, planet, planets, points, saari, sundman, supereight, three, trois, true, une, ziglin",46
math,115,2005–2010,2005,2010,"body, equilibria, masses, andoyer, angular, assisted, bf, binary, capture, central, chaos, chermnykh, collision, collisions, configuration, dedicate, formation, found, four, gravitating, gyrostat, hill, inertia, interaction, kepler, libration, mass, moeckel, moore, nauenberg, neptunian, newtonian, orbits, perturbed, philip, photogravitational, planar, pleasure, poinsot, points, regularizable, relative, revolution, rotating, saari, satellites, shape, sphere, stellar, trans, true, variables",52
math,115,2010–2015,2010,2015,"body, mercury, andoyer, angle, angular, approx0, apsidal, averaged, basins, bodies, chierchiapi11b, code, collision, collisional, crtbp, deprit, detailed, eccentricity, elliptic, equilibria, flyby, gravitating, halo, integrability, joz, libration, my, oblate, om, orbit, orbital, orbits, perturbed, photogravitational, planet, planetary, poinsot, precession, primordial, qep, rebound, resonances, resonant, rotating, rotopulsators, sail, solar, spin, stability, stellar, symmetry, synchronous, three, variables, wieczorek",55
math,115,2015–2020,2015,2020,"body, masses, orbital, problem, configurations, mercury, motions, angle, apsidal, central, collinear, comet, cos, curvature, deputy, dfrac, dust, eccentricity, ell, elliptic, energies, energy, equilibria, gon, hill, homoclinic, kepler, moulton, nn, om, orbit, periodic, planar, precession, relative, resonances, resonant, secular, sin, spiderweb, tethers, tidal, torque, widetilde",44
math,115,2020–2025,2020,2025,"body, orbits, problem, planar, central, collision, kepler, masses, orbit, restricted, sail, solar, three, cablessail, choreographies, circular, collinear, comet, configurations, cos, cr3bp, dfrac, dros, earth, ec, equilibrium, homoclinic, l3, lunar, moon, motions, periodic, primaries, sdsps, sin, trajectories, transformable, upsilon",38
math,116,2000–2005,2000,2005,"functions, expansions, function, gamma, integral, 0p, airy, analytic, barnes, bessel, beta, computation, contributions, cylinder, degenerations, deriving, diffracted, discussed, elliptic, exhaustion, explained, glaisher, independant, indicated, integrals, laurent, linairely, log, multiparameter, na, nc, obtaining, olver, orders, parabolic, phi, precision, presents, proofs, provided, recursion, related, remainders, representation, representations, rise, schemes, scorer, stieltjes, taylor, transforms, univariate, used, weber",54
math,116,2005–2010,2005,2010,"integrals, beta, hypergeometric, elliptic, functions, gradshteyn, ryzhik, series, univariate, 0p, 2f1, appell, associated, bessel, degenerations, derivatives, digamma, epsilon, essays, expansion, expansions, factorial, formula, frullani, function, gauss, gessel, i1, i2, i3, ismail, kind, legendre, multiparameter, na, nc, nu, partial, proofs, rhyzik, stanton, stieltjes, table, transformations, trigonometric, verrill, zeros",47
math,116,2010–2015,2010,2015,"integrals, beta, hypergeometric, asymptotic, bessel, expansions, function, int, lauricella, 1f, airy, anger, appell, balanced, barnes, cf, confluent, cosh, digamma, dt, elliptic, frac12, frullani, functions, generalization, gradshteyn, howls, identity, incomplete, integral, involving, kummer, lebesgue, legendre, modified, phi, pm, ramanujan, rhyzik, ryzhik, sqrt, stieltjes, table, tf, transformation, trigonometric, ursell",47
math,116,2015–2020,2015,2020,"hypergeometric, integrals, functions, bessel, function, int, 1f, beta, dx, expansions, integral, arg, confluent, cosh, degenerate, dt, dz, elliptic, expansion, formulas, fox, gtfs, incomplete, ix, kummer, le, left, ln, lvert, modified, qess, ramachandra, representations, right, rvert, text, ursell, wright",38
math,116,2020–2025,2020,2025,"bessel, function, asymptotic, functions, integrals, hypergeometric, integral, beta, expansions, incomplete, airy, arcsinh, arg, asymptotics, barnes, chf, confluent, cosh, dyadic, expansion, exponential, gamma, kholodenko, kind, le, lommel, pm, qess, ramachandra, series, silagadze, sin, sinc, trans, whittaker, zeros",36
math,117,2000–2005,2000,2005,"conformally, curvature, conformal, flat, fully, manifolds, ricci, riemannian, scalar, yamabe, 2c, aapects, annulus, boundary, cc, cheeger, closed, compact, deform, escobar, everywhere, extremality, flow, ge, goes, gromov, haken, hh, hyperbolic, implies, locally, metric, neq, nonlinear, nonpositive, paneitz, positive, relativity, rk, sk, somewhere, subsets, surveys, symmetric, thin, umbilic, volume, volumes",48
math,117,2005–2010,2005,2010,"curvature, scalar, manifolds, metrics, partial, ricci, riemannian, yamabe, 2m, 3s, array, blowup, cd, closed, conformal, conformally, det, einstein, eps, exp, fully, haken, hat, hyperbolic, le, manifold, must, noncompact, nonpositive, pogorelov, prescribed, prescribing, prescription, rgens, rigidity, schroeder, shitam02, strake, subsets, tilde, vol, volume, volumes, webster",44
math,117,2010–2015,2010,2015,"curvature, manifolds, yamabe, bach, metrics, riemannian, scalar, 2s, 3s, annular, bbb, besse, biorthogonal, blowing, cd, compact, conformal, conformally, critical, dimensional, dx, flat, gh, gu, harmonic, hat, hbox, isolated, locally, near, pinching, qq, quad, re, ricci, rigidity, schmidt, shitam02, singularity, sk, static, strictly, times, to0, total, uryson, vol, webster",48
math,117,2015–2020,2015,2020,"curvature, yamabe, scalar, manifolds, metrics, riemannian, conformal, flat, manifold, qq, 2k, ast, bar, cce, conformally, constant, eqnarray, foliated, frac4, ge, gh, hat, instantaneously, item, locally, max, metric, prescribed, rc, ric, ricci, static, uryson, vert, vol, volume",36
math,117,2020–2025,2020,2025,"curvature, scalar, manifolds, riemannian, metrics, ricci, manifold, metric, rigidity, tm, yamabe, aspherical, boundary, bubbles, cat, conformal, conical, critical, dim, dv, einstein, enlargeable, flat, geqslant, geroch, gromov, le, mathring, prescribed, rcd, ric, sec, vol, volume, warped",35
math,118,2000–2005,2000,2005,"homogenization, parabolic, better, compactness, converge, convergence, coordinates, cordes, differential, div, divergence, du, fact, films, functionals, homogenize, increases, justify, left, locally, mbox, notion, oscillating, oscillation, parametric, partial, periodic, questions, right, rightarrow, scales, space, theorem, time, times, value, weakly",37
math,118,2005–2010,2005,2010,"homogenization, perforated, piezoelectric, approach, asymptotic, bd, bx, coefficients, concentrations, coordinates, cordes, correctors, derivatives, divergence, electric, enthalpy, eps, films, flux, focuses, functionals, homogenize, homogenized, material, materials, media, microgeometies, norm, parabolic, piezoelectricity, rapidly, reiterated, robin, rough, scale, scales, selfdual, shells, space, thin, time, times, to0, voids",44
math,118,2010–2015,2010,2015,"homogenization, periodic, coefficients, corrector, elliptic, homogenized, varepsilon, dirichlet, oscillating, 4a, ap, approach, approx, aps, boundary, buc, correctors, divergence, equation, estimates, expansion, flux, forall, h1, heat, inftyl, material, mathcal, norm, om, operator, oscillations, oscillatory, reaction, rough, scale, selfdual, subdifferential, thin, vec",40
math,118,2015–2020,2015,2020,"homogenization, corrector, scale, varepsilon, coefficients, elliptic, estimates, homogenisation, homogenized, medium, oscillating, periodic, aij, big, boundary, canc, coefficient, conduction, continuum, convergence, correctors, crystalline, diffusion, divergence, du, ehrlacher, ep, fractal, legoll, media, multipoles, nabla, perforated, regularity, stamm, xiang",36
math,118,2020–2025,2020,2025,"homogenization, periodic, varepsilon, coefficients, homogenized, homogenisation, operator, scale, ahom, bf, big, coefficient, contrast, corrector, correctors, crystalline, dfrac, diffusion, downarrow, ebcs, elliptic, ellipticity, heterogeneities, homogeneity, interfacial, layer, layers, mathbf, medium, microscale, microscopic, multivalued, nabla, oscillating, plate, resolvent, stochastic, traction, unfolding, varepsilonu, varespilon",41
math,119,2000–2005,2000,2005,"lie, symmetries, dispersionless, equations, integrable, symmetry, 2o, abel, appell, backlund, bar, bc, bihamiltonian, burgers, classes, conditional, coverings, dbar, differential, dym, estabrook, formal, hierarchies, hierarchy, hirota, infinitesimal, inversion, inviscid, kdv, kp, krasilshchik, listed, loc, maple, mts, nichtlinearer, odes, pseudo, punktsymmetrien, quasiclassical, quasihomogeneous, research, rmander, routines, schodinger, singular, solvability, text, th, transformation, transformations, wahlquist",52
math,119,2005–2010,2005,2010,"lie, equations, transformations, estabrook, symmetry, 2d, algebras, arnold, backlund, bbb, bbm, bihamiltonian, burgers, cartan, conductivity, coupled, covering, coverings, criticality, diagram, differential, dispersionless, dkn, equation, equivalence, ermakov, evolution, evolutionary, fin, hierarchy, jacobi, kdv, khokhlov, kp, krasilshchik, linearizability, mahony, mkp, modified, mts, nijenhuis, nizhnik, nonclassical, pseudogroup, pseudopotentials, scheffers, schrodinger, structures, tree, wahlquist, zabolotskaya",51
math,119,2010–2015,2010,2015,"equations, differential, symmetries, equation, classification, integrable, lax, lie, symmetry, 2d, abel, bbm, bingham, burgers, chazy, cklund, cole, conductivity, conservation, deformed, dkn, dnls, equivalence, gambier, gkes, gzk, heat, jacobi, kotera, laws, mahony, mc, nls, nonclassical, ordinary, partial, pdes, preliminary, prolongation, schrodinger, siegel, spatiotemporally, toda",43
math,119,2015–2020,2015,2020,"lie, symmetries, equations, equation, differential, cklund, symmetry, 2a, abel, bogoyavlenskii, cbs, clairin, commodities, conditional, conservation, ep, factor, gbk, ito, jmp, kotera, laws, lax, mathcal, mittal, nonlinearization, oplus, partial, plesset, rayleigh, riccati, rpe, solutions, solvable, super, taneja, toda, varphi, zcrs",39
math,119,2020–2025,2020,2025,"symmetries, symmetry, equations, lie, differential, equation, partial, 2a, algebra, approximate, classification, collision, daes, dispersionless, dodes, ep, ermakov, grassmann, kcl, kundu, lax, lifshitz, lions, lsn, lts, lund, mathcal, mkp, mukherjee, naskar, nizhnik, odes, poppe, pseudogroup, similarity, superdifferential, zcrs, zoomeron",38
math,120,2000–2005,2000,2005,"aa, antichain, binom, blocker, blockers, caps, chain, codimension, complete, disjoint, erdos, hirsch, hochberg, joins, lym, meshalkin, posets, predecessor, simpler, theorem",20
math,120,2005–2010,2005,2010,"intersecting, 2cm, ahlswede, cameron, caps, cardinalities, cm, complete, cosets, deza, families, frankl, geq, inductive, khachatrian, ko, ku, mr0439648, mr2009400, permutations, pg, posets, qq, scattered, shades, sperner, subposet, subsets, upper",29
math,120,2010–2015,2010,2015,"arcs, ekr, intersecting, mathcal, sperner, 2k, 2r, binom, blym, borg, cal, caps, cf, cff, cg, cross, families, frac2, heden, helly, intersection, interval, ko, la, le, lfloor, mbox, partition, partitions, pg, property, q2, rank, rfloor, sizes, stabilizer, strict, subposet, subset, subspace, t2, tt, valued, vector, wojcik",45
math,120,2015–2020,2015,2020,"intersecting, families, mathcal, binom, la, cross, dots, family, leq, size, tt, 2r, ahlswede, bigcap, butterfly, collection, colon, erd, frankl, hke, intersection, khachatrian, ln, mathscr, mbox, pg, pmod, psl, rp, set, sets, sm, sperner, subposet, subsets, uc, union",37
math,120,2020–2025,2020,2025,"intersecting, mathcal, families, binom, cap, erd, family, frankl, ldots, leq, sets, tt, union, 2k, brack, butterfly, choose, cross, dots, geproci, gs, log, mathscr, petals, pg, rado, sat, setwise, size, sperner, subsetneq, sunflower",32
math,121,2000–2005,2000,2005,"coordination, delays, accent, adequation, agent, agents, average, capability, channels, communication, connectedness, consensus, distributed, dynamical, facility, laws, leaderless, moreau, multi, networked, nonsmooth, promise, relates, relaxing, repartitions, robotic, robots, systems",28
math,121,2005–2010,2005,2010,"consensus, communication, average, coordination, distributed, accent, adequation, agents, algorithms, along, averaging, centroidal, control, coverage, delays, diagonals, efficient, enclosing, equilibria, formation, formations, helical, information, intercommunication, laplacian, laws, margin, mistuning, multiagent, orthotope, qualitative, quantization, rendezvous, repartitions, resulting, robotic, settling, sophisticated, spanning, spectra, stabilization, stabilize, steered, subproducts, subprodutcs, touch, trees, unidirectional, unsteady, zooming",50
math,121,2010–2015,2010,2015,"consensus, agent, agents, distributed, communication, control, output, formation, multi, triggered, algorithms, average, averaging, centroidal, containment, controller, cooperative, coordination, coordinator, coverage, event, formations, impulsive, leader, lti, margin, mistuning, nonlinear, regulation, robots, switching, task, tasking, time",34
math,121,2015–2020,2015,2020,"agent, agents, consensus, control, multi, distributed, event, leader, output, network, co, communication, coverage, demoted, detectability, follower, formation, fsas, gossip, leaders, mobile, networked, randomized, regulation, robotic, supervisors, triggered",27
math,121,2020–2025,2020,2025,"agent, agents, consensus, control, distributed, coverage, multi, communication, formation, algorithms, angle, barrier, co, detectability, dynamic, event, fragilities, fsas, leader, maze, median, mobile, observer, output, protocol, quadcopters, sensor, sensors, stabilizing, time, timed, triggered",32
math,122,2000–2005,2000,2005,"quadrature, although, approaching, approximant, approximations, assessment, autocorrection, birkhoff, described, development, document, dqis, effect, error, errors, exact, explains, exponential, fit, gauss, gaussian, higer, import, inferences, insufficiently, integrand, interpolants, interpolation, manifestly, manipulations, method, near, nodes, obtain, orthogonal, outputs, pade, part, polynomial, polynomials, rational, reliability, relying, resolved, shapes, sharpening, spline, univariate, weights",49
math,122,2005–2010,2005,2010,"error, multivariate, polynomials, quadrature, scattered, spline, 1pt, bezier, compatibility, correction, criss, cross, decompositions, depth, development, dilation, dx, exact, fast, ff, formulas, gauss, gaussian, hierarchies, integration, interpolants, interpolation, interpolations, kern, logm, manifestly, matrices, nodes, orthogonal, overriding, patch, patches, qis, quadratic, recovered, rectangular, region, regions, relying, schemes, smoothness, spacings, splines, statistics, subdivision, tolerance, triangulation, trigonometric, weights",54
math,122,2010–2015,2010,2015,"error, interpolation, spline, bezier, integrals, quadrature, rules, splines, subdivision, 1pt, approximation, approximations, asymptotical, bicubic, biquadratic, c2, chebyshev, compatibility, constrained, correction, cotes, cubature, cylinder, ds, dx, eq2, expansion, fresnel, gb, hierarchical, highly, integrand, integration, interpolants, isotopic, kern, left, nq, patch, patches, qfs, re, right, rule, schemes, tilde, trapezium, trapezoidal",48
math,122,2015–2020,2015,2020,"splines, chebyshev, spline, approximation, interpolation, quadrature, box, c2, subdivision, aaatrig, bicubic, biquadratic, casteljau, chebyshevian, constrained, developable, ec, error, esprit, expansion, fl, formula, gb, hermite, hierarchical, hyperinterpolation, interpolants, library, matlab, mellin, motifs, nodes, polynomial, poussin, rules, sinc, so, splinets, surfer, trigonometric, vall",41
math,122,2020–2025,2020,2025,"spline, splines, quadrature, subdivision, approximation, developable, interpolation, trigonometric, aaa, aaatrig, ai, approximating, beaudoin, box, cad, catmull, cs, curve, error, ezer, generalized, inspection, kosloff, multipole, multiscale, nodes, piecewise, polygonal, powell, quaternary, rom, rules, sabin, schemes, seno, smoothness, splinets, uv, xe, zier",40
math,123,2000–2005,2000,2005,"determinant, associative, barba, ehlich, endowed, entries, hadamard, lim, longrightarrow, mat, matrices, maximal, orders, parameterisation, permanent, rank, symmetrized, times, weight",19
math,123,2005–2010,2005,2010,"matrix, matrices, semidefinite, hadamard, representable, arising, base, bds, bimatrices, chapter, column, columns, complex, convex, det, dita, factor, families, incidence, kronecker, lmi, lya, multivariate, operations, permanent, polynomials, poscurv, rows, rsk, schur, sdp, sequences, sets, ss, subexponential, superbimatrices, tadej, term, true, within, zyczkowski",41
math,123,2010–2015,2010,2015,"matrices, hadamard, matrix, cocyclic, 4t, permanent, semidefinite, base, chapter, column, convexity, cretan, designs, determinant, determinants, equiv, free, fs, golay, haffnians, heptadiagonal, hurley, kronecker, linearizations, lmi, mathbb, mathrm, mutually, negaperiodic, orrick, parameterized, pell, perm, permanents, positivstellens, rag, rsk, saturated, sequences, spectrahedra, spectrahedral, term, times, unbiased",44
math,123,2015–2020,2015,2020,"matrices, hadamard, matrix, permanent, circulant, 4t, 4v4v, ast, butson, circ, companion, condensation, cretan, cup, determinants, dodgson, euclid, extreme, farey, fd, ge, golay, ij, imaginary, kochen, ld, left, linearization, mathbf, mesner, method, negaperiodic, pencil, perm, permanental, permanents, projection, right, roots, schur, specker, spectrahedra, spectrahedron, taq, unity",45
math,123,2020–2025,2020,2025,"matrices, matrix, hadamard, circulant, columns, entries, permanental, times, bimodular, checking, counterexample, determinant, determinants, dope, erd, eulerian, exponents, fd, ij, invertibility, ld, linearization, mesner, minors, multiarrangements, nullity, pencil, per, permanent, permanents, permutable, polynomials, polystochastic, rank, rows, sagemath, spectrahedra, spectrahedral, spectrahedron, supmodular, tt, vinnikov, wakefield",43
math,124,2000–2005,2000,2005,"boussinesq, equations, for, global, is, proved, regularity, the, viscous",9
math,124,2005–2010,2005,2010,"boussinesq, water, naghdi, waves, long, shallow, viscous, agnon, amplitude, bathymetries, bbm, bottom, bottoms, buoyancy, damped, directional, dissipative, equation, equations, fluid, global, green, horizontal, kdv, lynett, paralinearization, plotnikov, posedness, random, regime, surface, topography, transportdiffusion, viscosity, wavelength, xxxx",36
math,124,2010–2015,2010,2015,"water, boussinesq, waves, surface, vorticity, shallow, fluid, gravity, posedness, 2d, capillary, circ, depth, equation, equations, formulation, galilean, global, green, internal, irrotational, kdv, layers, lid, moderate, naghdi, ostrovsky, periodic, propagation, quad, solitary, solutions, steady, tension, viscous, xxxx",36
math,124,2015–2020,2015,2020,"boussinesq, water, waves, gravity, solitary, vorticity, bottom, isobe, shallow, tension, wave, 2d, capillary, centripetal, circ, coriolis, crests, depth, dispersion, dispersive, electrohydrodynamics, ferrofluid, forces, global, kakinuma, modes, naghdi, shoaling, steady, surface, system, travelling, velocity, vibrations",34
math,124,2020–2025,2020,2025,"water, waves, boussinesq, gravity, wave, amplitude, solitary, solutions, vorticity, abcd, bar, bbm, bifurcation, capillary, depth, dispersion, electrohydrodynamics, elgindi, equation, gavrilyuk, hydrostatic, kakinuma, mathtt, overhanging, scriptscriptstyle, shallow, steady, stokes, stratified, surface, system, temperature, topography, ty, velocity, vibrations, wb, widetilde",38
math,125,2000–2005,2000,2005,"arbitrary, configuration, configurations, conway, elementary, evolution, first, generation, life, pieces",10
math,125,2005–2010,2005,2010,"agent, confidence, cooperation, cooperator, cooperators, defectors, deffuant, deriving, dilemma, emergence, evolutionary, fisher, game, geometry, information, invasion, lotka, nowak, opinion, opinions, prisoner, realized, reward, science, shahshahani, social, sociophysics, style, they, volterra",30
math,125,2010–2015,2010,2015,"opinion, replicator, cultural, dynamics, evolutionary, game, monopolies, accepting, agents, arab, automatic, coexistence, cognition, commons, competing, controlled, dyn, dynamic, dynamo, egypt, exclusive, ideas, influenced, influences, inspection, ldyn, majority, monopoly, mutation, neighbors, opinions, order, punishment, replicators, signalling, social, strategies, thresholds, tragedy, tunisia, voter",41
math,125,2015–2020,2015,2020,"game, opinion, agents, dynamics, evolutionary, games, opinions, replicator, social, adopters, automatic, aware, boldsymbol, chimera, cim, coevolutionary, coexistence, cognition, consensus, controlled, cooperation, cooperators, dancers, decision, defectors, dilemma, dominance, dove, es, factions, hawk, healthcare, hegselmann, influence, influenced, model, monopoly, mutation, neighbors, opd, options, prisoner, smon, snowdrift, states, strategies",46
math,125,2020–2025,2020,2025,"opinion, agents, opinions, dynamics, social, consensus, model, cooperation, evolutionary, individuals, interactions, adoption, agent, collective, community, decision, degroot, dilemma, es, formation, game, hate, hegselmann, hk, influence, majority, misinformation, networks, options, prisoner, replicator, stubborn, unanimity",33
math,126,2000–2005,2000,2005,"burgers, direction, gas, hydrodynamics, magneto, pressureless, rotating, submitted, system, wedge",10
math,126,2005–2010,2005,2010,"mhd, compressible, magnetohydrodynamic, posedness, solutions, besov, bony, case, chae1, classical, decay, diffusion, dot, exponential, frac, frame, gas, global, hydrodynamic, incompressible, interface, laminar, leq2n, leq2n1, linearization, lizorkin, mach, magnetic, metivier, para, plasma, purely, semiconductors, similarity, stability, stagnation, steady, triebel, vacuum, variable, viscous, weaken, zumbrun",43
math,126,2010–2015,2010,2015,"magnetic, mhd, compressible, incompressible, magnetohydrodynamic, bipolar, interface, isentropic, plasma, resistive, vacuum, a14, analyticity, b1, b11, background, case, conductivity, decay, diffusivity, eqref, equations, euler, gas, global, helicities, initial, linearization, magneto, magnetohydrodynamics, maxwell, posedness, purely, ql, sheets, solutions, system, vortex, wellposedness",39
math,126,2015–2020,2015,2020,"mhd, magnetohydrodynamics, compressible, magnetic, resistive, initial, magneto, plasma, solutions, vacuum, equations, global, incompressible, magnetohydrodynamic, alfv, bf, conductivity, dot, fluid, hall, helicity, interface, pseudospectrum, rwxz, smhd, solution, tmhd, varepsilon",28
math,126,2020–2025,2020,2025,"magnetohydrodynamics, mhd, magnetic, magnetohydrodynamic, solutions, compressible, incompressible, initial, global, hall, helicity, resistive, vacuum, 3d, boundary, dot, dynamo, electron, equations, hm, ideal, mathbf, splash, strong, system, tension, tl, tmhd, viscous",29
math,127,2000–2005,2000,2005,"autonomous, categories, categorification, category, cell, co, coherence, derivation, fragment, kelly, leibniz, mac, monoidal, net, outline, proof, responsible, translated, versa, vice",20
math,127,2005–2010,2005,2010,"coherence, categories, category, syntax, actegory, arrows, autonomous, axioms, bigraphs, binding, categorical, ch, cofibration, confluent, denotational, distributive, elgot, extensional, fragment, garrow, homotopy, injectivity, kelly, lambda, language, laws, logic, mac, message, metalanguage, monads, monoidal, net, pairing, passing, pospaces, presentations, proof, rewriting, smc, stage, staging, terminating, theories, translation",45
math,127,2010–2015,2010,2015,"categories, category, arrows, coherence, diagrams, asynchronous, calculi, comonad, comonads, comprehension, details, distributive, emerged, equational, exceptions, garrow, hits, homotopy, hookrightarrow, internal, judgements, lambda, language, logical, logics, ls, ludics, mct, metalanguage, mixed, monad, monads, monoidal, morita, neg, propositional, second, setoids, soundly, stage, staging, states, syntax, theory, translation, trapdoor, truncation, type, types, universes, venus, weak, wiring",53
math,127,2015–2020,2015,2020,"category, types, categories, comonad, comprehension, lawvere, monad, monads, univalent, adj, bf, bialgebraic, bifibrational, coalgebras, cosemantics, costructure, csetf, csqf, encodings, executions, finitary, functional, hits, homotopy, hybrid, hyperdoctrine, impredicative, jfjf, kampen, lambda, lm, mathbf, mathscr, monadic, ncf, optics, presheaf, presheaves, propositional, reversal, reversible, rr, semantics, textit, theories, theory, truncation, type, universes",49
math,127,2020–2025,2020,2025,"categories, category, syntax, univalent, monoidal, rewriting, theories, type, agda, apartness, categorical, comprehension, confluence, coq, cosemantics, costructure, cset, diagrams, distributive, effectful, equational, extensionality, gflean, homotopy, kleene, lambda, library, mathbf, mathscr, monad, monadicity, monads, optics, paranatural, reflexive, renaming, rensets, semantics, skew, tdd, theory, typed, types, univalence",44
math,128,2000–2005,2000,2005,"class, genus, group, mapping, nielsen, out, torelli, 2g, abelian, above, actions, aspherical, braid, choices, closed, cofinite, corrected, correction, defining, disjoint, epimorphism, equal, equivalence, ergodically, error, exhibit, groups, handlebodies, handlebody, hom, homotopically, hyperelliptic, index, mod, multitwist, nonisotopic, note, orientation, pairwise, papers, poly, preserving, punctures, refer, representation, subgroup, surface, vfr, virtually",49
math,128,2005–2010,2005,2010,"group, mapping, class, mod, orientable, homomorphisms, nielsen, surface, actions, am, aspherical, bar, carter, circles, cv, decompositions, dehn, ended, fatgraph, ft, genus, hom, homomorphism, hyperelliptic, index, involutions, johnson, mcg, nonorientable, out, pants, payne, res, rm, sp, textit, torelli, twists, wedge",39
math,128,2010–2015,2010,2015,"group, mapping, torelli, class, decompositions, pants, surface, 2g, 4g, aff, am, braid, compression, ct, dehn, ell, equal, exchanging, flip, fraction, fractional, ft, genus, higher, homomorphisms, johnson, kathryn, mag, magnus, mann, masseyeau, morphisms, multiarc, nielsen, orientable, outer, prym, quotient, representations, saric, si, side, space, strands, triangulations",45
math,128,2015–2020,2015,2020,"mapping, class, group, surface, johnson, mod, torelli, genus, orientable, te, 1q, aff, branched, cantor, chillingworth, compression, contactization, decompositions, generated, groups, handlebodies, handlebody, homeo, homeomorphisms, homology, kathryn, mann, mathcal, pants, punctures, rm, subsurface, text, twists, wwpd",35
math,128,2020–2025,2020,2025,"mapping, class, group, mod, groups, surface, actions, mathcal, mathrm, text, torelli, bullet, dehn, diff, fix, genus, geq, geqslant, handlebody, homology, hurwitz, involutions, johnson, liftable, maximal, metacyclic, orientable, separating, subgroup, supset, surfaces, te, twists, wwpd",34
math,129,2000–2005,2000,2005,"18th, allowed, brief, calculus, derivatives, development, differentiation, differintegration, formalism, fractional, greek, hoped, integrals, matrix, onwards, renaissance, rigourous, thinkers, variations, worked",20
math,129,2005–2010,2005,2010,"variations, calculus, fractional, scales, time, delta, lagrange, optimality, problems, agrawal, causality, derivatives, differentiable, finalist, frederico, isoperimetric, multiplier, nabla, necessary, noether, principle, reporting, theorem, torres, variational",25
math,129,2010–2015,2010,2015,"fractional, calculus, derivatives, lagrange, problems, variational, variations, caputo, noether, optimality, scales, conformable, delta, depending, differences, differentiator, discrete, dubois, euler, gronwall, hahn, herglotz, higher, integrals, lderian, leffler, leibniz, liouville, nabla, necessary, order, reymond, riemann, rule, second, time, variation",37
math,129,2015–2020,2015,2020,"fractional, caputo, derivatives, differential, calculus, derivative, gronwall, hilfer, hyers, noether, 4cm, cfghf, conformable, delta, differences, dubois, equation, existence, herglotz, hspace, integral, lagrange, lderian, leffler, mathtt, mikhlin, mittag, mlf, reymond, rm, solutions, struve, ulam, variation, variations",35
math,129,2020–2025,2020,2025,"fractional, caputo, leffler, mittag, calculus, differential, derivative, derivatives, integral, weierstrass, approximants, autonomous, cartwright, cfghf, cite, comment, condition, conditions, darbos, erdmann, hilfer, integration, integro, kipriyanov, legendre, mlp, necessary, noether, parts, phys, prabhakar, qq, reymond, scarpi, sequential, sonine, variations, weighted",38
math,130,2000–2005,2000,2005,"module, modules, virasoro, indecomposable, lie, weight, 2n, affine, annihilation, annihilator, basic, ca, cal, cf, character, classical, formulae, hyperbolics, irreducible, km, maybe, quasifinite, rank, representations, simple, sp, sr, superalgebra, superalgebras, tilting, vir",31
math,130,2005–2010,2005,2010,"modules, algebra, irreducible, virasoro, algebras, lie, weight, category, finite, highest, module, vir, 2n, assiciated, bkl, blocks, cuspidal, dimensional, direct, intermediate, mathfrak, object, oplus, ortho, semisimple, shapovalov, simple, sp, sr, summand, superalgebras, sv, takiff, truncated, twisted, whittaker",36
math,130,2010–2015,2010,2015,"modules, irreducible, lie, module, queer, superalgebra, superalgebras, weight, algebra, algebras, mathfrak, sl, weyl, annihilator, bf, character, cuspidal, dimensional, finite, fr, frak, fusion, gim, gl, highest, kac, multiparameter, nappi, ortho, otimes, overrightarrow, primitive, representations, verma, wakimoto",35
math,130,2015–2020,2015,2020,"lie, mathfrak, modules, mathcal, sl, superalgebra, superalgebras, conformal, verma, virasoro, admissible, bbbk, bgg, blocks, csv, diagrammatic, extended, fr, gl, howe, irreducible, jantzen, mfrak, module, pe, primitive, queer, realizations, reductive, truncated, tsv, weight, weyl, zuckerman",34
math,130,2020–2025,2020,2025,"mathfrak, modules, lie, superalgebras, mathcal, sl, superalgebra, verma, simple, virasoro, whittaker, 2n, affine, algebra, annihilator, blocks, comi, conformal, ggg, highest, jantzen, mathscr, module, nappi, osp, pe, periplectic, ramond, sfp, sp, weight, witten",32
math,131,2000–2005,2000,2005,"nahm, instantons, bundles, higgs, mills, monopoles, self, vortices, 8k, ansatz, anti, bogomol, bogomolny, chapter, codazzi, connection, duality, extensions, flat, flatness, found, gauge, gibbons, grassmann, growing, half, harmonic, hawking, hitchin, hooft, instanton, jackiw, mainardi, manifolds, metrics, nohl, nyi, omega, periodic, prasad, prepotential, rebbi, rho, sommerfield, spaces, su, theory, universal, yang",49
math,131,2005–2010,2005,2010,"mills, monopoles, nahm, vortices, yang, heterotic, instantons, nonorientable, ansatz, anti, antiperfect, antiperfection, atiyah, baird, bc, bows, bundles, calorons, chapter, cheshire, connections, eight, equivalence, equivariant, equivariantly, ercolani, gauge, harmonic, hep, higgs, instanton, moduli, monopole, morse, nye, rectifiability, self, seven, singer, solitons, su, th, toda, torsional, twistors, vortex, walls",47
math,131,2010–2015,2010,2015,"mills, yang, monopoles, vortices, gauge, connections, heterotic, nahm, backgrounds, bf, bows, calabi, charge, cheshire, contact, cylinders, dhym, dilaton, energies, equations, existence, generalised, hermitian, higgs, higher, kapustin, manifolds, moduli, monopole, om, pidstrygach, pole, rarita, schwinger, semistability, stenzel, subsolution, supergravities, toda, vortex, yau",41
math,131,2015–2020,2015,2020,"mills, yang, instantons, kapustin, monopoles, witten, 2g, bundle, connections, hermitian, nahm, pole, asd, backgrounds, calorons, check, dhym, energies, gauge, generalised, higgs, hler, hym, instanton, mathbb, neighborhoods, replacement, rm, spin, subsolution, taub, times, tubular, vortices",34
math,131,2020–2025,2020,2025,"instantons, mills, yang, connections, hermitian, hler, witten, deformed, higgs, instanton, 2g, alf, bow, bullet, bundle, cp, gravitating, haydys, holomorphic, hym, manifolds, mathbb, mathscr, monopole, monopoles, nut, operatorname, rm, seiberg, solutions, sp, su, taub, times",34
math,132,2000–2005,2000,2005,"heat, 2alpha, aim, alpha, approximate, controllability, cost, deals, dimension, estimate, leq, mm, omega, omegaomega, one, semilinear, stirred, transmutation, xomega",19
math,132,2005–2010,2005,2010,"controllability, action, aim, approximate, beams, checkable, control, cost, deals, dimension, discrete, equation, equilibrium, estimate, evolution, exact, gap, geometrical, haraux, heat, inequalities, infinite, ingham, investigated, linear, location, moment, observability, obtained, one, origin, quasilinear, semilinear, strings, vibrating, wave, weakened, zero",38
math,132,2010–2015,2010,2015,"controllability, approximate, carleman, cascade, control, controls, equation, heat, null, parabolic, 5ex, array, bi, boundary, concerning, degenerate, diagonal, displaystyle, equations, ervedoza, evolution, ingham, insensitizing, internal, mathbf, multitime, navier, observability, observabiliy, pm, qquad, regional, semidiscrete, singularity, stabilization, system, zuazua",37
math,132,2015–2020,2015,2020,"controllability, equation, boundary, control, heat, null, observability, approximate, controls, parabolic, wave, carleman, codimensional, controlled, degenerate, equations, evolution, exterior, fractional, horsin, hsdp, korteweg, legendre, mathbf, mbox, memory, navier, observation, omc, packets, regional, system, time, uniform, vries, zomq",36
math,132,2020–2025,2020,2025,"controllability, control, null, equation, observability, boundary, carleman, equations, parabolic, system, approximate, heat, wave, controllable, coupled, degenerate, fourth, fractional, hemivariational, horsin, impulsive, kdv, nash, navier, plate, semilinear, stochastic, times",28
math,133,2000–2005,2000,2005,"hamiltonian, lagrangian, variational, integrable, systems, affine, algebroids, bbr, bbs, bianchi, bicomplex, bracket, chaplygin, configurational, conformal, constrained, ddw, dedecker, described, dskp, dynamical, evolutionary, focus, gauge, graded, hamiltonizable, hamiltonization, integrability, intrinsic, inversive, jet, kp, lagrangians, leibniz, lepage, lp, mechanics, menelaus, natural, nondegeneracy, nonholonomic, nonholonomically, paneitz, partially, pde, poisson, schwarzian, statistical, symplectic, system, theories",51
math,133,2005–2010,2005,2010,"hamiltonian, bicomplex, chaplygin, gauge, integrable, lagrange, lagrangian, natural, nonholonomic, systems, variational, almost, appel, benhabib, bianchi, bifibrated, bussines, clebsch, covariant, discrete, discretizations, economic, evolutionary, generalised, geometry, godunov, graded, hamiltonians, hermans, hess, hirota, hodograph, hydrodynamic, integrability, jet, kaldor, kimura, kowalevski, mechanical, mechanics, miyao, pencil, poisson, rot, suslov, theories, zhukovskii",47
math,133,2010–2015,2010,2015,"hamiltonian, systems, nonholonomic, hamilton, lagrangian, mechanical, mechanics, tulczyjew, analytical, brackets, bundle, chaplygin, discrete, emph, finslerian, gauge, generalised, geometries, godunov, gyrostat, hamiltonians, hamiltonization, hodograph, hydrodynamic, integrable, jacobi, jet, knee, lagrange, left, ltimes, monodromy, reduced, reduction, right, rotations, routh, sds, singularities, steklov, system, tilde, triples, trivialized, yehia",45
math,133,2015–2020,2015,2020,"hamiltonian, systems, integrable, lagrangian, mechanics, noether, semitoric, symmetries, actuating, angle, blender, bundle, conserved, contact, cotangent, covariant, dirac, focus, forces, hamilton, heisenberg, horn, integrability, isoenergy, jacobi, kovalevskaya, lagrange, momenta, nambu, newtonoid, nonholonomic, rajeev, ranken, reduced, reducible, regular, singularities, spray, sprays, stages, staring, tilde, tori, triples, trivialized, tulczyjew, vector, veselova, zieschang",49
math,133,2020–2025,2020,2025,"hamiltonian, systems, contact, covariant, hamilton, integrable, lagrangian, nonholonomic, reduction, actuating, axisymmetric, bracket, bundle, carath, chaplygin, darboux, degenerate, dirac, dynamics, eden, forces, gyroscopic, gyrostat, haantjes, hamel, heavy, hess, left, lepage, lie, magnetic, mechanics, miura, motion, multisymplectic, odory, quadratures, reduced, right, singularities, spray, sprays, sretensky, stages, staring, symmetries, zhukovsky",47
math,134,2000–2005,2000,2005,"convolution, evaluations, integro, log, multiplications, oblivious, quadrature, sectorial, subdiffusion, transparent",10
math,134,2005–2010,2005,2010,"block, chebyshev, converted, convolution, evaluations, functions, hybrid, integro, integrodifferential, log, multiplications, oblivious, polynomials, pulse, quadrature, second, sectorial, subdiffusion, systems, transparent",20
math,134,2010–2015,2010,2015,"fractional, diffusion, numerical, schemes, difference, advection, al, andrew, anti, approximations, caputo, checked, collocation, derivative, differential, diffusive, dunes, equations, exp, fdes, fowler, galerkin, gjfs, gr, log, matrixes, methods, nwald, order, singularity, sn, stabilities, testify, text, theoretically, timesteps, tn, vim",38
math,134,2015–2020,2015,2020,"fractional, numerical, method, scheme, caputo, derivative, equations, time, diffusion, quadrature, al, align, cdot, convolution, difference, differential, dunford, error, exp, fast, fdes, fe, grid, initial, log, order, petrov, singularity, sn, stepping, subdiffusion, tempered, text, tn, volterra",35
math,134,2020–2025,2020,2025,"fractional, numerical, method, order, scheme, subdiffusion, time, caputo, derivative, difference, 1h, accuracy, conformable, corrector, derivatives, equations, gr, hilfer, initial, kober, l1, l2, laplacian, lyi, nicefrac, nwald, nwall, predictor, proposed, quadrature, sg, sgps, squares, tempered, ufde, variable, volterra",37
math,135,2000–2005,2000,2005,,0
math,135,2005–2010,2005,2010,"boltzmann, fluid, kinetic, lagrangian, acad, beam, bgk, carlo, charged, collision, degond, desvillettes, dimarco, hybrid, localized, math, methods, mieussens, monte, mouhot, multiscale, numerical, pareschi, particle, phase, regions, scale, scheme, semi, simplify, simulation, submitted, tokamak, upscaling, villani, vlasov",36
math,135,2010–2015,2010,2015,"boltzmann, plasma, kinetic, numerical, tokamak, vlasov, acoustics, bgk, boris, bounce, cherenkov, claiming, collision, collisional, compressible, diffusive, discharge, discharges, energy, equations, fidelity, fluid, fluids, galerkin, instability, lagrangian, lbm, limiter, macro, maxwell, methods, micro, microflow, mrt, penalization, phase, plasmas, pn, regions, rkdg, scale, scheme, schemes, shocked, simulating, spn, streamer, tore, transport, unshocked",50
math,135,2015–2020,2015,2020,"kinetic, vlasov, maxwell, scheme, conservation, gas, numerical, particle, semi, bgk, bgsdc, boltzmann, boris, bounce, cherenkov, chromatography, claiming, collision, discretized, electromagnetic, element, equations, fidelity, flow, grid, instability, knudsen, lbm, macro, maxwellian, method, nitsche, plasmas, rkei, rvm, simulating, sldg, system, tokamak, ugks, ugkwp, vm",42
math,135,2020–2025,2020,2025,"vlasov, particle, boltzmann, kinetic, scheme, bgk, method, numerical, plasma, preserving, bgsdc, bounce, burby, coil, collision, cosmic, diffusion, discrete, flow, fluxes, gas, gpmfd, gpmrt, hirvijoki, lb, magnetic, maxwell, methods, mgks, moment, moments, phys, plasmas, poisson, rkei, sg13, sheath, sldg, sme, spline, ugkwp, vapor",42
math,136,2000–2005,2000,2005,"tqft, categories, gauge, quantum, tqfts, accessible, breaking, casson, cobordisms, confinement, dimensions, donaldson, electric, field, formal, gravity, hler, hopf, hyperk, integers, integrality, lgt, manifold, modular, modules, murakami, mwthod, ohtsuki, pretty, rozansky, segal, sigma, somewhat, suggested, symmetry, theories, theory, thing, tillmann, topological, topologification, witten, zeta",43
math,136,2005–2010,2005,2010,"tqft, quantum, simons, theories, topological, tqfts, turaev, 2vect, 6e, ap, bicategory, categories, category, chern, cobordisms, constructed, csw, dimensions, dirac, extended, field, formal, gauge, gravity, haagerup, hqft, hqfts, langlands, mathematically, morphisms, ncob, nor, pivotal, presheaves, sectors, subfactor, theory, unitary, vect, viro",40
math,136,2010–2015,2010,2015,"topological, gapped, bulk, phases, theories, theory, tqft, turaev, walls, anyons, ap, bicategory, braiding, calc, categories, center, cobordism, cohomological, domain, dw, etqft, excitations, gauge, groupoids, hqft, hqfts, invariants, langlands, levin, linearization, mathsf, metaplectic, nor, orbifolding, orders, quantum, simons, spans, string, sutured, tensor, tft, tqfts, unimodality, universal, viro, wen, xy",48
math,136,2015–2020,2015,2020,"topological, quantum, gapped, symmetry, anomalies, anyons, defects, gauging, phases, tqfts, abelian, anomaly, anyon, area, bicommutant, boundaries, bulk, categories, center, cob, defect, degeneracy, excitations, gates, gauge, gut, hennings, hooft, laplaza, metaplectic, orders, otimes, representations, reversal, spin, su, tft, theories, times, tqft, umc, universal, ym",43
math,136,2020–2025,2020,2025,"symmetry, topological, tqfts, defects, fusion, tqft, invertible, symmetries, theories, anomalies, gapped, gauge, phases, spin, alterfold, anomaly, anyonic, anyons, categorical, categories, category, gut, peps, quantum, semisimple, su, times, turaev",28
math,137,2000–2005,2000,2005,"cyclic, algebras, crossed, hh, hochschild, homology, hopf, module, algebroid, auslander, bbb, bivariant, bondal, categorie, cibils, classification, coalgebras, cocylindrical, codifferentials, comodule, cong, convention, cr, de, deformations, dg, dimensional, excision, gr, hochshild, infinity, lunts, mathcal, miniversal, modular, moore, necker, operations, parities, pmatrix, reversion, smallsetminus, steenrod, stenrood, structures, symbols, taft, theoritic, tsygan, universel, usual",51
math,137,2005–2010,2005,2010,"hochschild, dg, cohomology, algebra, homology, infinity, ai, algebras, algebroid, ary, associative, bimodule, bondal, braided, bv, categorie, categories, chains, ci, co, corings, cr, cyclic, de, derived, dga, equivalent, gerstenhaber, graded, hh, hoch, hopf, infty, inftya, inftyc, inner, isomorphism, loday, lunts, mag, necker, pmatrix, prop, quillen, rtimes, structure, succ, universel",48
math,137,2010–2015,2010,2015,"cohomology, hochschild, homology, algebra, algebras, cyclic, hc, sym, ai, bv, cobar, cochain, comes, dg, dgas, drep, duality, exterior, fa, gami, homotopy, hopf, hs, infty, inftya, kontsevich, lie, loop, odot, operad, operation, operations, rational, rhom, rtimes, sayd, sotimes, structure, topologically, tr, transfer, triqui, twisted, types, unexpectedly",45
math,137,2015–2020,2015,2020,"hochschild, algebra, cohomology, algebras, associative, cyclic, dg, gerstenhaber, hom, homology, koszul, alg, bullet, bv, centre, commutative, cotor, dgas, duality, ext, formality, ha, hh, homotopy, infinity, infty, inftya, inftyha, kontsevich, mathcal, mathrm, mathsf, odot, pl, propagators, rational, rtimes, tate, types",39
math,137,2020–2025,2020,2025,"hochschild, algebra, cohomology, homology, associative, ast, conformal, graded, infty, mathcal, mathrm, operations, 2p, aa, alg, algebras, bordism, braided, commutative, cyclic, derivations, dga, dgas, hom, homotopy, hopf, inftya, lashof, massey, mathscr, nijenhuis, pl, plethory, prim, propagators, rm, rumin, tambara, transfer, verlinde",40
math,138,2000–2005,2000,2005,"noncommutative, quantum, algebra, covariant, differential, calculi, podles, superplane, algebras, bundles, calculus, coalgebra, conformal, connections, cross, deformation, deformed, drinfeld, equatorial, flag, geometries, geometry, hopf, infinitesimal, lie, minkowskian, obstructions, osp, outline, podle, preconnection, qr, quantized, space, spacetime, spheres, superspaces, triples, twisted, twists, unitarity",41
math,138,2005–2010,2005,2010,"noncommutative, quantum, calculus, dirac, geometry, moyal, podles, berezin, complexes, constituents, coproduct, covariant, cpt, divergence, drinfeld, epilogue, equatorial, equivariance, equivariant, finitely, four, groenewold, infinitesimal, inner, integral, integrals, introduction, isospectral, lorentz, module, monsaraz, orthogonal, osp, plane, poincar, poincare, preconnection, projective, space, sphere, spinorial, su, supercircle, superspaces, theories, triple, triples, twist, twisted, undeformed, uq",51
math,138,2010–2015,2010,2015,"noncommutative, algebra, calculus, commutative, modular, quantum, berezin, bieberbach, civita, coactions, complexes, connection, deformation, deformations, deformed, differential, dimensionless, divergence, extd, factor, finitely, galois, geometry, gl, groupoid, hyperfinite, integral, integrals, janet, kasparov, mathbf, metacurvature, module, nth, pairing, principal, projective, quantized, real, riemannian, rightarrow, spectral, spheres, structures, supercircle, superplane, tens, torus, triple, triples, twisted",51
math,138,2015–2020,2015,2020,"noncommutative, quantum, geometry, algebra, bonnet, calculus, civita, differential, gl, spectral, spheres, su, bbb, bimodule, bullet, catenoid, chern, commutative, connections, covariant, fodc, four, galois, holonomy, hom, hopf, imath, invariants, levi, mathcal, morgan, nth, quantizations, quiver, ricci, riemannian, subset, supersetting, triple, triples, widetilde",41
math,138,2020–2025,2020,2025,"noncommutative, quantum, calculi, bimodule, civita, connection, connections, geometry, mathrm, spectral, triple, alpha, bbb, bundle, bundles, cal, connes, covariant, curvature, dirac, durdevic, gauge, graded, heckenberger, holonomy, jordan, kolb, levi, minkowski, morgan, moscovici, observers, principal, riemannian, su, twisted, varrho, vert1, wheelgebras, wheelspaces",40
math,139,2000–2005,2000,2005,"macdonald, symmetric, affine, associated, berele, boson, cialisation, commutative, cpx, db, determinant, determinantal, dunkl, evaluations, families, fermion, fomin, fonctions, formulae, foulkes, functions, green, groups, hall, hat, jack, kostka, krawtchouk, littlewood, monomiales, n2, opdam, pictorial, pieri, polynomials, pour, presentation, reflection, ribbon, root, schur, sp, stanley, thibon, treatmnet, triques, types, weights",48
math,139,2005–2010,2005,2010,"schur, macdonald, functions, nonsymmetric, polynomials, ribbon, affine, annihilated, boson, comultiplication, correspondence, determinant, diagram, evaluations, factorization, factorizes, families, fermion, fomin, formulae, formulas, foundations, hall, indicial, knuth, koornwinder, littelmann, littlewood, loehr, pieri, pluecker, posets, rectangular, recursion, rhombus, richardson, rigged, robinson, root, rule, schensted, skew, skyline, staircases, tableaux, tbinom, thibon, transpositions, unity",49
math,139,2010–2015,2010,2015,"schur, functions, macdonald, quasisymmetric, littlewood, richardson, rule, hall, pieri, polynomials, skew, bisymmetric, comultiplication, diagram, dunkl, formula, foulkes, foundations, identities, inserts, jack, mckay, murgnaghan, nakayama, nonsymmetric, notebook, nsymnsym, plethysm, row, rules, staircases, strict, superpolynomials, symmetric, tbinom, tokuyama",36
math,139,2015–2020,2015,2020,"schur, macdonald, polynomials, quasisymmetric, skew, basement, cylindric, foulkes, functions, kostka, llt, tableaux, abacus, bkp, creation, demazure, equivalence, hall, histories, immaculate, lecture, littlewood, lollipop, mckay, ninth, permuted, pieri, plethysm, plethysms, positivity, qq, richardson, rsk, rule, rules, symmetric, tq, unicellular, widetilde, young",40
math,139,2020–2025,2020,2025,"schur, macdonald, functions, polynomials, kostka, littlewood, mathscr, symmetric, tableaux, abacus, alcove, bases, bisymmetric, creation, ell, hall, histories, immaculate, lecture, left, mathsf, mid, ncsym, ninth, nonsymmetric, pieri, quasisymmetric, richardson, right, rosas, row, rule, skew, spit, ssv, super, sur, weyl, whittaker, young",40
math,140,2000–2005,2000,2005,"catered, constant, droplet, energy, evaporation, evolution, gradients, levelling, levels, liapunov, lubrication, periodic, redevelop, state, states, steady, surfactants, tension, thin, viscous",20
math,140,2005–2010,2005,2010,"thin, cahn, film, hilliard, 0a, allen, changes, correlated, degenerates, dips, discontinuous, done, dx, fbp, films, flow, fluid, fluids, int, lateral, mode, newtonian, nonnegative, oldroyd, parabolic, petrovskii, phase, position, rupture, segregation, separation, shear, sistem, slippage, solution, spde, spdes, sytem, trajectories, tye, viscoelastic, xxx",42
math,140,2010–2015,2010,2015,"cahn, hilliard, film, equation, fluids, thin, viscous, 0a, blow, convective, countable, coupled, damage, degenerate, diffuse, diffusion, droplet, dx, elastic, flow, flows, fluid, front, fsi, incompressible, inertial, int, interface, larch, mobility, muskat, newtonian, nonnegative, phase, pseudomonotone, px, ren, schnirel, self, slippage, solutions, system, unstable, varepsilon, viscoelastic, xxx",46
math,140,2015–2020,2015,2020,"cahn, hilliard, film, phase, system, varepsilon, boundary, damage, diffuse, diffusion, equation, existence, surfactant, ace, ahn, bf, bilayer, bulk, channel, coupled, degenerate, degenerating, fractional, illiard, initial, interface, interfacial, kink, larch, mobility, nabla, nonlinear, nonviscous, pearling, sliding, varphi",36
math,140,2020–2025,2020,2025,"cahn, hilliard, phase, mobility, equation, interface, diffusion, model, thin, weak, allen, big, bilayer, boundary, coarsening, conserved, degenerate, film, fluid, homogenization, interfacial, limit, mobilities, nonlocal, pearling, posedness, potential, separation, sixth, slip, solution, stokes, tfche, varphi, viscous",35
math,141,2000–2005,2000,2005,"index, dirac, elliptic, eta, operator, operators, pseudodifferential, 0m, atiyah, boundary, chou, cobordism, cocycle, conical, corners, cusp, defects, determinant, family, fibered, formula, frac, gerbe, gr, groupoid, hat, hermitean, holonomy, indeces, indices, invariance, invertible, kostant, lblb, lefschetz, manifolds, neumann, parity, psm, pss, semifinite, singer, spectral, spinors, spinspin, szd, ungraded, von",48
math,141,2005–2010,2005,2010,"index, dirac, atiyah, boundary, connes, elliptic, eta, groupoid, manifolds, operator, 0m, branson, bundle, cobordism, continuous, corners, cspin, enlargeability, family, fibered, foliation, functoriality, gr, gradients, groupoids, ind, indicial, krzysztof, lefschetz, longitudinal, mathcal, operators, patodi, pd, quarter, singer, spinc, szd, toeplitz, transverse, twisted, twisting, wojciechowski, zz",44
math,141,2010–2015,2010,2015,"index, eta, atiyah, connes, dirac, formula, manifolds, noncommutative, operators, patodi, singer, algebroids, branson, ca, chandra, efatoi, elliptic, equivariant, family, fredholm, functoriality, gradients, groupoid, harish, higson, holonomy, homology, infinitesimal, lie, local, longitudinal, mathbf, mich, moscovici, nonunital, pairing, robertson, roe, sect, twisting, vergne, walker",42
math,141,2015–2020,2015,2020,"index, equivariant, dirac, operators, atiyah, elliptic, formula, kalau, kastler, ltlt, walze, algebroids, assembly, ast, callias, compact, connes, eta, genera, groupoid, infinitesimal, lie, local, manifold, mathcal, mich, noncommutative, operator, operatorname, partitioned, patodi, proper, pseudodifferential, relative, roe, simeq, singer, textnormal, theorem, vergne, witten",41
math,141,2020–2025,2020,2025,"dirac, index, eta, operators, callias, equivariant, kalau, patodi, aa, assembly, atiyah, backslash, characteristic, compact, cong, connes, curvature, dabrowski, dinger, fibre, formula, invariants, kastler, left, ltlt, manifolds, noncommutative, operator, operatorname, orbital, proper, rescaled, right, scalar, schr, secondary, signature, singer, sitarz, somewhere, spectral, torsion, walze, zalecki",44
math,142,2000–2005,2000,2005,"motivic, motives, grothendieck, integration, motive, adic, algebraic, anderson, arcs, arithmetic, batyrev, biextensions, birational, category, cc, char, chow, conjecture, correspondence, de, depend, distinguished, evenly, geometrical, hodge, integrals, kapranov, localized, mckay, monodromy, monoidal, objects, oddly, ov, parametrized, pseudo, quotient, rationality, rham, survey, tannakian, torsor, triangles, understand, uniformizability, varieties, vcd, versions, witt, zeta",50
math,142,2005–2010,2005,2010,"motives, motive, motivic, biextensions, bondarko, de, voevodsky, anderson, beilinson, bon07, brauer, category, cc, chow, coniveau, conjectures, dans, dgm, dwork, endomotifs, endomotives, geometrical, geometry, glise, gs96, higher, hodge, indices, jannsen, lalb, loeser, morphisms, motifs, perfect, poids, quoi, rham, servent, severi, sheaves, stringy, theory, tits, uniformizability, variety, witt, zeta",47
math,142,2010–2015,2010,2015,"motives, motivic, category, chow, de, motive, noncommutative, algebriques, beilinson, bivariant, bon07, bondarko, cg, charakt, coniveau, correspondences, csa, csep, dans, des, dm, eff, glise, gm, groupes, gs96, hh, integration, jj, kohomology, les, mixed, motifs, motivique, nc, nnum, nori, poids, ring, schemic, schoutens, semisimples, sep, tannakian, tate, voevodsky",46
math,142,2015–2020,2015,2020,"motives, motivic, motive, eff, tate, algebriques, ayoub, categorical, category, chow, coincide, de, des, dm, equivariant, et, frobet, functor, gm, grothendieck, groupes, hodge, integration, jacques, kk, les, loeser, mathbb, mathbf, motivique, noncommutative, nori, obj, pic, pink, realization, rigda, rigdm, semisimples, tannakian, tits, tt, varieties, vissage, voevodsky, zebra, zhegalkin",47
math,142,2020–2025,2020,2025,"motives, motivic, eff, gm, motive, tannakian, varieties, aisles, artin, basepoints, bispectra, category, ch, chow, cor, filtration, filtrations, fr, framed, gr, hodge, hom, ht, jacques, mathbf, mathrm, mdm, morava, nis, nneth, nori, perverse, pink, prime, rost, sh, sheaves, sm, solidm, supset, tate, tits, torsion, triangulated, tt, voevodsky",46
math,143,2000–2005,2000,2005,"hamilton, jacobi, analogously, automatically, autonomous, bolza, circle, convex, discontinuous, discontinuously, ds, gradient, hamiltonian, inequalities, inf, lagrangian, minimizers, multi, period, periodic, periodical, poisson, potential, semicontinuous, solutions, systems, value, viscosity",28
math,143,2005–2010,2005,2010,"hamilton, jacobi, aubry, convex, periodic, solutions, action, adm, adomian, automatically, autonomous, classified, condition, consequence, critical, decompositional, draw, evolutive, functional, gradient, hamiltonian, hand, homogenization, homogenizations, kam, lax, markovian, minimizers, minmax, multi, oblique, oleinik, periodical, poisson, potential, profiles, radially, self, similar, smooth, sub, subsolutions, system, systems, ux, variational, viscosity, viscous",48
math,143,2010–2015,2010,2015,"hamilton, jacobi, equations, hamiltonians, homogenization, viscosity, hamiltonian, kam, aubry, barles, begin, behavior, big, coercive, commutation, condition, deposition, effective, eikonal, end, equation, homogenizations, junction, lax, lights, monotone, nabla, oblique, oleinik, particles, periodic, side, solution, solutions, souganidis, time, tonelli, tu, viscous, xu",40
math,143,2015–2020,2015,2020,"hamilton, jacobi, hamiltonian, hamiltonians, viscosity, equations, homogenization, coercive, discount, aubry, begin, cases, convex, dependent, deposition, discounted, effective, eikonal, end, equation, gangbo, herglotz, junction, junctions, lights, mather, nabla, path, perturbation, posedness, solution, solutions, uniqueness, vanishing, viscous",35
math,143,2020–2025,2020,2025,"hamilton, jacobi, equations, viscosity, discount, aligned, homogenization, solutions, vanishing, bellman, bigg, circ, conservation, convergence, dependent, du, eps, eq, eqref, equation, fenchel, flux, geqslant0, hamiltonian, hfill, junction, kam, mather, monotone, oleinik, partial, path, percolation, scl, semiconcavity, solution, varepsilon, viscous",38
math,144,2000–2005,2000,2005,"baxter, bethe, dynamical, gaudin, yang, ansatz, irf, matrices, xxz, algebra, auxiliary, cdybe, chain, chains, coboundary, elliptic, equation, fermion, frakg, frakh, frakm, gl, hbox, hofstadter, integrable, miura, multidegrees, opers, osp, qtm, quantization, quantum, rr, six, sl, sov, spin, subset, superalgebra, supersymmetry, symmetry, tba, twisted, yangians",44
math,144,2005–2010,2005,2010,"quantum, bethe, gaudin, algebra, baxter, knizhnik, opers, sl, spin, superalgebra, xxz, ansatz, centrally, chain, chiral, defects, drinfeld, eigenvector, gordon, hat, hep, kz, lax, miura, multidegrees, oper, operators, osp, potts, rapidities, representation, representations, sf, sigma, sine, super, superintegrable, supersymmetry, talalaev04, transfer, wakimoto, xxx, yang, yangian, zamolodchikov",45
math,144,2010–2015,2010,2015,"spin, gaudin, sl, yangian, baxter, bethe, chain, quantum, xxz, boson, bundles, centrally, cpm, defects, degeneracies, degeneracy, eigenvectors, entanglement, fibonacci, gordon, hamiltonians, hat, hecke, invariant, matrices, matrix, model, onsager, operators, particle, qq, representations, rr, sigma, sine, six, super, superalgebra, superintegrable, supersymmetry, tetrahedron, transfer, unitarity, vbs, vertex, widehat",46
math,144,2015–2020,2015,2020,"bethe, gaudin, quantum, degeneracies, gl, integrable, mathfrak, spin, affine, ansatz, arrangements, baxter, chains, connection, cyclotomic, degeneracy, dell, dihedral, discriminantal, eigenfunctions, fibonacci, frak, hamiltonians, hypergeometric, integrability, invariant, kdv, knizhnik, nv, open, opers, relations, shapovalov, shifted, sl, supersymmetric, symmetrizers, symmetry, theta, toda, tq, ultralocal, universal, widehat, xxz, yang, yangian, zamolodchikov",48
math,144,2020–2025,2020,2025,"mathfrak, gaudin, gl, baxter, bethe, hamiltonians, integrable, rr, spin, ansatz, baxterization, characters, deformed, dynamical, folded, graphical, haldane, hat, hypergeometric, integrability, iqft, kzb, matrices, matrix, monodromy, operators, opers, parametrising, parity, qq, qqqq, quantum, relations, ruijsenaars, screening, shastry, sl, spinor, super, supersymmetric, tq, trigonometric, universal, virasoro, widehat, yang, zotov",47
math,145,2000–2005,2000,2005,"foliation, leaf, leaves, foliations, riemannian, transversal, bound, branching, castelnuovo, codim, codimension, compact, contributes, correspondent, covered, elementary, extent, foliated, gives, godbillon, holomorphic, holomorphically, ilyashenko, laminations, leafwise, maximally, metric, necessarily, nontransversality, plane, plessis, projective, purpose, real, removability, sided, singularities, sort, submanifold, symetries, tautness, tcb, tjurina, torus, uniformization, universal, vey, what, whether",49
math,145,2005–2010,2005,2010,"foliations, foliation, riemannian, leaves, codim, holomorphic, leaf, section, atlas, bundle, codimension, complex, curves, desingularization, gallot, godbillon, hausdorff, hls, hyperpolar, incompressibilite, killing, le, lie, meyer, perturbations, picture, projective, pseudo, qc, rational, regular, sections, structures, tautness, tcb, transnormal, transversal, transversality, transverse, uniformisation, versal, vey",42
math,145,2010–2015,2010,2015,"foliation, foliations, leaves, holomorphic, leaf, codimension, kupka, riemannian, algebraizable, brody, candel, cmc, complex, curves, engel, feuilletages, foliated, generic, gromov, holomorphes, hyperpolar, isometric, leafwise, line, lvarez, mc, modulus, orbit, polar, pseudo, pseudogroups, singular, supercurves, taut, topologically, topology, uc, uf, underline, unfoldings",40
math,145,2015–2020,2015,2020,"foliations, leaves, foliation, foliated, bot, kupka, mathcal, singular, text, unfoldings, 2q, bf, biholomorphisms, bottle, cal, cmc, codimension, compact, connexe, deformations, engel, fa, finsler, fix, homogeneous, infty, iso, leaf, line, lnp, mathbb, mathtt, molino, riemannian, singularities, su, taut, textsc, topologically, wh",40
math,145,2020–2025,2020,2025,"foliation, foliations, leaves, mathcal, foliated, projective, singular, 2mm, biholomorphisms, collapsed, compact, cp, fa, fix, hler, holomorphic, homeotopy, hspace, iso, killing, leaf, leg, ller, manifold, mathbb, mathrm, plane, polar, riemannian, rp, setminus, sphere, strips, su, tautness, teichm, text, thurston, transversely, wh",40
math,146,2000–2005,2000,2005,"painlev, painleve, riccati, schlesinger, 2ab, ba, balpha, blambda, bt, calogero, circle, cp, cr, difference, dubrovin, equations, frac, garnier, golubchik, heun, hierarchy, hypergeometric, i0, iii, inaba, inozemtsev, interrelations, isomonodromy, jimbo, kp, mazzocco, odes, okamoto, pairs, patterns, pencils, pm, prime, pvi, red, rh, sixth, sts, surafces, system, tilde, transcendent, transformations, triples, vi, ys",51
math,146,2005–2010,2005,2010,"painlev, painleve, heun, equation, vi, holomorphy, okamoto, sixth, symmetry, system, weyl, 3f2, affine, ba, balpha, bar, birational, blambda, bt, chazy, cklund, coalescent, cp, cr, diagram, dz, hamiltonian, heine, hl, intriguing, ix, oo, regge, rh, surprising, systems, takemura, ten, type",39
math,146,2010–2015,2010,2015,"painlev, equation, heun, painleve, vi, monodromy, askey, asymptotics, birational, briques, chazy, cherednik, confluent, cp, equations, fi, fuchsian, genre, hamiltonian, hbar, hexagon, holomorphy, instanton, integral, isomonodromic, ix, kac, lax, les, mathieu, moody, nabla, noumi, okamoto, partial, partielles, piii, resurgent, rm, schlesinger, segur, series, solutions, system, transcendents, ultradiscrete",46
math,146,2015–2020,2015,2020,"painlev, confluent, heun, ablowitz, equation, qq, segur, solutions, vi, accessory, appell, askey, bhc, bhe, biconfluent, cherednik, connection, cot, cp, degeneration, dotsenko, eq, equations, expansions, fateev, fifth, grid, isomonodromic, isomonodromy, isostokes, jimbo, lax, mcleod, notices, pad, pv, pvi, rm, sakai, singularity, suleimanov, tfrac, transcendental, tritronqu, viewpoints",45
math,146,2020–2025,2020,2025,"painlev, isomonodromic, accessory, equations, isomonodromy, movable, 2a, 6y, bureau, calogero, confluent, d7, dche, deformations, determinant, dotsenko, dp1, fateev, fredholm, freud, fuchsian, heiles, heun, integrable, isoharmonic, isospectral, isostokes, jimbo, mock, modified, multiple, nagloo, notices, poles, prelle, pvi, qq, radial, sakai, sle, solutions, sqrt, supertypes, systems, transcendental, tronqu, umemura, varepsilon, viewpoints",49
math,147,2000–2005,2000,2005,,0
math,147,2005–2010,2005,2010,"ader, element, flow, frequency, independant, mass, modeling, multiscale, mutliscale, permeability, poroelastic, slow, subsurface, times10, transient, transport, tricky, variational, wave, waves",20
math,147,2010–2015,2010,2015,"biot, flow, multiscale, phase, canc, centered, darcy, deformation, element, fluid, fracture, fracturing, framework, gmsfem, heterogeneous, homogenized, hydraulic, immiscible, interface, mass, mesh, mutliscale, nonconforming, oswr, p1, permeabilities, permeability, plate, pore, poroelastic, porous, posteriori, pressure, saturation, solid, stabilized, steklovpoincar, subdomains, subsurface, terzaghi, time, times10, transport, variational, ventcell, vohral",46
math,147,2015–2020,2015,2020,"flow, fracture, porous, media, darcy, fractures, pressure, biot, fluid, fractured, numerical, ams, bm, brinkman, coupled, hydrate, interface, medium, method, mpet, oswr, p1, pore, porepy, poroelasticity, pseudostress, raviart, reactive, reservoir, stabilized, steklovpoincar, subdomains, time, velocity, ventcell",35
math,147,2020–2025,2020,2025,"fracture, porous, darcy, coupled, flow, fractures, interface, biot, iterative, media, phase, poroelasticity, asymptote, cptr, dfm, dfns, diffuse, domain, element, fractured, gfdm, hydraulic, multiphysics, multiscale, numerical, permeability, plmm, pnm, preconditioner, pressure, reactive, solver, stimulation, stokes, stress, unsaturated",36
math,148,2000–2005,2000,2005,"automata, automaton, cellular, lca, mu, shift, abelian, applies, ca, cesaro, commutes, converges, counter, diffusive, east, equicontinuity, finite, haar, hm, homogenous, increases, languages, measure, measures, minorities, multiple, nonstationary, north, on, qs, quasisturmian, relations, rule, study, suppress, theory, thickness, tilings, toom, towards, values, word, zeta",43
math,148,2005–2010,2005,2010,"automata, automaton, ca, alphabet, automatic, cellular, counter, groups, languages, word, accepted, baumslag, bs, buchi, cerny, colon, decidable, free, hierarchy, infinite, kuske, language, lectures, letter, life, lohrey, longrightarrow, ltl, mathcal, monoid, qs, quasisturmian, rabin, reallife, sensitive, series, shift, solitar, strings, structures, tilings, universality, wagner",43
math,148,2010–2015,2010,2015,"automata, automaton, cellular, dfa, transducers, accepted, alphabet, bireversible, bisimilarity, ca, cerny, collections, colon, cylinder, decidable, engel, ern, fsa, grammars, groups, hierarchy, idempotent, idempotents, infinite, krohn, language, languages, linear, mealy, minimal, multipass, nfa, particle, pca, perturbations, reversible, rules, sensitive, speed, state, states, synchronizing, tape, threaded, wagner, wreath",46
math,148,2015–2020,2015,2020,"automata, automaton, cellular, ca, text, ica, accepted, acted, alphabet, boolean, circ, copies, dfa, dfas, engel, ern, expandability, expandable, finiteness, firing, fssp, krohn, languages, multidimensional, multipass, ndfas, orbit, regular, reset, resets, reversible, sds, semaphore, semigroups, sep, sia, synchronizing, toggle, turing, vert, vn, word, wreath",43
math,148,2020–2025,2020,2025,"automata, automaton, cellular, word, alphabet, 19n, accepted, acceptors, algebraic, automaticity, ca, circlearrowright, dfas, diam, equicontinuity, expandability, expandable, filtrations, finiteness, gca, hat, language, lef, letter, mealy, memory, mly, orbit, patterns, peierls, pspace, rca, regular, reset, reversible, rule, seed, semigroups, synchronizing, times, toom, unambiguous, vert",43
math,149,2000–2005,2000,2005,"strichartz, dinger, dispersive, estimates, schr, trapping, assumed, bahouri, cwi, dependent, effect, fbi, frac, full, ikawa, interestion, journe, laplacian, magnetic, necessity, obstacles, parametrix, plain, potentials, rollnik, rough, schroedinger, smoothing, soffer, tataru, three, time, trapped",33
math,149,2005–2010,2005,2010,"strichartz, dinger, estimates, schr, dispersive, smoothing, estimate, potentials, bahouri, cardoso, damek, dependent, endpoint, fbi, full, fundamental, global, inhomogeneity, ith, kss, laplacian, le, magnetic, measured, microlocal, mr2057026, mr2078071, nonnenmacher, nontrapping, norms, parametrix, re, repulsivity, scattering, schrodinger, solution, symbol, time, trapped, vodev, wave",41
math,149,2010–2015,2010,2015,"estimates, strichartz, wave, dinger, dispersive, exterior, gabor, schr, smoothing, trapped, cal, cite, dispersion, equation, estimate, grushin, inhomogeneity, ith, kss, le, lesssim, loss, lvp, mr2057026, mr2078071, polygonal, potentials, pr, propagation, schrodigner, schrodinger, schroedinger, scrodinger, semilinear, sharp, sobolev, solutions, square, variation, vibrating",40
math,149,2015–2020,2015,2020,"dinger, estimates, schr, strichartz, potentials, smoothing, equation, gabor, time, wave, 0h, 3r, assumptions, bbb, boundary, decay, decaying, degenerate, dependent, dirac, discrete, dispersion, dispersive, effect, furioli, ith, lesssim, resolvent, schrodigner, schrodinger, scrodinger, singularities, trapping, variation, veneruso",35
math,149,2020–2025,2020,2025,"dinger, schr, strichartz, estimates, dispersive, equation, estimate, ith, potentials, smoothing, wave, ac, anisotropic, assumptions, d2, decaying, degenerate, effect, frac, frac54, fractality, gabor, grushin, operator, quasimode, radially, revivals, sharpened, shilov, tataru, time, wavefront",32
