topic_id,label,enriched_description
0,Rectilinear Graph Embedding Algorithms,"This topic focuses on developing efficient algorithms for embedding rectilinear graphs—specifically those drawn within axis-aligned polygons—while preserving geometric properties like vertex connectivity and edge lengths. Key research revolves around exact coloring techniques, time complexity analyses (often logarithmic or polynomial), and the integration of mathematical formulations (e.g., using ℓ₁-norm constraints) to optimize solutions for planar or non-planar graph representations. Applications span computational geometry, network design, and visualization tasks where spatial constraints require minimizing edge crossings while maintaining structural integrity, with practical implications in logistics, urban planning, and digital map rendering."
1,Foundational Programming Logic,"This topic explores the theoretical underpinnings of programming languages, focusing on formal logics and semantics to analyze program behavior, correctness, and reasoning. Key methods include developing type systems, lambda-calculus-based theories, and termination proofs using nonmonotonic or classical logic frameworks to establish soundness and completeness in automated verification. Research emphasizes rule-based proof techniques and calculi for checking logical consistency, enabling rigorous proofs of program properties such as termination, type safety, and resource management across diverse programming paradigms."
2,Multimodal Speech Processing and Disability Inclusion,"This topic centers on the intersection of speech recognition, prosodic analysis, and assistive technologies for individuals with language or articulatory impairments. Key methods include acoustic feature extraction (e.g., MFCCs, cepstral analysis) alongside psycholinguistic models to improve out-of-vocabulary (OOV) handling in spoken language processing. Research often employs hybrid neural architectures—such as Hidden Markov Models (HMMs), variational autoencoders (VADI/SAMVADI), or transformer-based ASR systems—to enhance robustness under diverse acoustic conditions, including home environments with noise or speaker variability. Applications span real-time transcription for lectures, voice-enabled interfaces (e.g., VoiceXML/XHTML), and adaptive educational tools like Nettalk, while addressing biases in speech models (e.g., DEIUSH studies) to promote inclusivity. The field also explores phonetic inversion techniques, binaural sound processing, and articulatory disorder mitigation via acoustic filtering or neural compensation methods."
3,High-Performance Distributed Resource Management,"This topic focuses on optimizing distributed computing systems by integrating advanced cache management, parallel processing frameworks (e.g., MPI and GPU acceleration), and energy-efficient scheduling across multicore/GPU hardware. Key research revolves around real-time workload distribution in HPC environments like UNIX-based grids or unicore architectures, balancing performance against resource constraints such as memory, storage, and execution time. Methods include adaptive TSIA (time-sensitive intelligent allocation) for dynamic task assignment, distributed log-based monitoring, and hybrid software-hardware optimizations (e.g., AP1000-scale systems). Applications span scientific simulations, energy-efficient data processing, and scalable virtualized services in cloud or grid computing, emphasizing trade-offs between execution speed, energy consumption, and system reliability."
4,Universal Policy Learning in Complex Environments,"This topic explores the development of theoretically grounded reinforcement learning (RL) and planning frameworks that generalize across diverse, often high-dimensional web-based or structured environments. Key research focuses on creating parameterless or model-free methods—such as universal policy instantiation via formal theories like TL (topological learning)—to handle uncomputable or intractable decision problems in domains like web crawlers, routing, and control systems. Methods include combining RL with offline learning (e.g., LQ approximation), Markov Decision Process extensions (POMDPs/MDPs), and hybrid approaches blending gradient-based optimization (LRTA) with iterative planning (Kalman filtering-inspired updates). Applications span autonomous decision agents in dynamic web universes, utility-maximizing routing policies, and scalable control for sensor-equipped systems. The interplay between optimism, convergence guarantees, and deep learning approximations drives advances toward robust, adaptable solutions that balance exploration and exploitation across complex state spaces."
5,Multimodal Visual-Language Reasoning Systems,"This topic centers on advanced computational frameworks that integrate visual and linguistic data to enable sophisticated multimodal understanding, particularly in scenarios like image captioning, visual question answering (VQA), and cross-modal retrieval. Key methods include fine-tuning pretrained models such as ANvil or multimodal architectures (e.g., Emm, MLLMs) with multiresolution kernels, PLSA-based abstractions, or weakly supervised learning techniques, often leveraging annotated corpora like DISA to refine semantic mappings between images and text expressions. The research emphasizes lightweight yet expressive algorithms—balancing coarse-grained object-level reasoning with detailed compositional understanding—to improve grounding, referring expression parsing, and abstract concept inference in visual-language tasks. Applications span automated content analysis, assistive AI, and adaptive multimodal interfaces where interpretability of abstracted meanings drives practical deployment."
6,Hybrid Quantum-Classical Foundations,"This topic examines the interplay between quantum and classical computing paradigms, focusing on hybrid algorithms that leverage qubits alongside classical bits to solve computational problems more efficiently. Key methods include designing reversible gates (e.g., CNOT) and devising entanglement-based protocols for secure communication, such as quantum key distribution (QKD), while exploring lower bounds on polynomial-time quantum advantage proofs. Research often investigates nonlocality in quantum channels, cryptographic security via Bell tests, and hybrid quantum-classical circuits to optimize computation complexity, with applications spanning error-resistant quantum computing (QIS) and machine learning (QML). The field bridges theoretical proofs with practical implementations, addressing challenges like state preparation, secret sharing, and communication protocols for scalable quantum-secure systems."
7,Inductive Logic Programming with Hybrid Reasoning Systems,"This topic explores hybrid approaches merging inductive logic programming (ILP) techniques—such as propositional reasoning, recursive rule discovery, and symbolic learning—with modern machine learning frameworks like LLMs to bridge gaps between declarative knowledge representation and data-driven inference. Key methods include opportunistic integration of neural networks with ILP via probabilistic or hybrid models (e.g., probabilistic logic programming), non-incremental task-solving for complex planning problems, and adversarial reasoning to refine logical interpretations. Applications span cognitive modeling in AI agents, human-AI knowledge retrieval systems, and adaptive planning under uncertainty, often evaluated through benchmarks like poker-like reasoning tasks or structured query optimization. The research emphasizes balancing mathematical rigor with empirical performance gains while addressing challenges such as model acquisition, opportunistic adaptation, and the 'Achilles heel' of overfitting in hybrid systems."
8,Massive MIMO IRS-OFDM Wireless Systems,"This topic focuses on the integration of massive multiple-input multiple-output (MIMO) systems with intelligent reflecting surfaces (IRS) and orthogonal frequency-division multiplexing (OFDM), emphasizing advanced channel modeling through fading and interference mitigation. Key methods include adaptive beamforming, hybrid precoding, and cooperative decoding to enhance spectral efficiency and capacity under dynamic wireless channels. Research explores massive antenna arrays for high-rate communication, real-time channel state information (CSI) estimation, and power allocation strategies to optimize performance in wireless networks with massive MIMO-IRS configurations."
9,Graph-Based Neural Compression Systems,"This research focuses on developing advanced techniques that leverage graph structures—such as ever-growing networks, bipartite subgraphs, and spectral properties—to enable efficient lossless compression of complex data representations. Key methods include wavelet-based transforms, diagonalizing matrix operations, and neural kernel learning (e.g., GNNs and NNLRs), often applied to molecular or network data via embedding strategies. Applications span quantum-inspired graph quantization, compatibility-driven assignment problems, and spectral filtering for high-dimensional datasets, bridging theoretical graph theory with machine learning paradigms like bipartite kernels and neural graph embeddings."
10,Computer Vision Object Recognition Systems,"This topic focuses on developing advanced image-based systems that classify, segment, and detect objects within complex scenes, particularly in cluttered environments. Key methodologies include supervised learning approaches such as convolutional neural networks (CNNs), ensemble methods like AdaBoost and Kernel Boost, and conditional random fields (CRFs) for refined semantic labeling. Traditional techniques like sub-pixel detection and background-subtraction algorithms are often integrated with modern deep learning frameworks to improve robustness in object categorization tasks. Applications span autonomous systems, augmented reality, medical imaging, and real-time surveillance, where accurate and efficient object recognition is critical for decision-making processes."
11,Collaborative Web Personalization Systems,"This topic focuses on developing advanced recommendation systems that leverage collaborative filtering, user clickstream data, and web content analysis to deliver personalized information. Key methods include hybrid models combining content-based and collaborative approaches, such as item popularity weighting or social tagging ontologies, while addressing challenges like cold-start problems in recommendations. Applications span e-commerce platforms (e.g., apweb), real-time personalization pipelines (e.g., NectarSS), and multi-campaign recommendation strategies to improve user engagement and conversion rates through dynamic ranking and filtering techniques."
12,Human-Robot Gestural Interaction Systems,"This topic focuses on designing advanced robotic systems that integrate layered neurocontrollers and modularized architectures to enable seamless human-robot interaction through gestures, imitation learning, and gestural instruction. Key methodologies include subsumption-based control frameworks, visual segmentation for object recognition, and causal motion analysis to improve task execution—such as grasping, manipulation, or navigation—while addressing challenges like neglecting kinematic constraints or parameter optimization in simulated environments. Applications span assistive robotics for human assistance, mobile robotic platforms capable of replicating human gestures, and interactive systems that learn from demonstrations to enhance dexterity and adaptability in unstructured tasks."
13,Semantic Retrieval and Question-Answering Systems,"This topic focuses on developing advanced information retrieval (IR) and question-answering (QA) frameworks that leverage semantic analysis, linguistic coherence, and contextual relevance to improve document matching, query processing, and answer extraction. Key methods include hybrid retrieval models combining traditional keyword-based techniques with deep learning—such as RAG (Retrieval-Augmented Generation), co-occurrence term analysis, and semantic similarity measures like Word2Vec or BERT embeddings—to enhance query conformance and document ranking. Semantic web technologies (XML/OWL), structured knowledge graphs, and large language models (LLMs) are central to refining answer novelty and precision, often evaluated through metrics like IR@K scores, relevance concordances, or human-annotated QA datasets. Applications span web search engines, specialized domain queries (e.g., medical or legal information), and multimodal systems integrating speech-to-text and semantic parsing. Cross-lingual and low-resource challenges (e.g., Albanian terminology) are addressed via transfer learning and term eliteness filtering to ensure scalability across diverse linguistic contexts."
14,Autonomous Multi-Agent Reconfigurable Systems,"This topic focuses on the design, control, and planning of autonomous multi-agent systems capable of dynamic reconfiguration—particularly in environments requiring safe, cooperative, and hierarchical behavior. Key methods include probabilistic roadmaps (RRT), constraint-based optimization (CLP), receding-horizon planning, and topological graph analysis to handle obstacles, singularities, and nonlinear dynamics. Applications span robotic assembly lines, sewer navigation by autonomous vehicles, obstacle avoidance in swarm robotics, and real-time trajectory tracking for manipulators or aerial drones. The integration of temporal logic (LTI/STL) ensures safety guarantees while allowing adaptive responses to dynamic environments like asteroid mining or manufacturing setups with bounded workspace constraints."
15,Adversarial Robustness in Deep Neural Networks,"This topic examines how intentionally crafted adversarial examples—perturbed inputs designed to misclassify deep neural networks—challenge their robustness, particularly through targeted attacks like Maxout-based perturbations. Key methods include evaluating model defenses via gradient-based or input-space perturbations, analyzing explanation mechanisms (e.g., SHAP, LIME) for interpretability in adversarial scenarios, and comparing training strategies (e.g., adversarial training, defense models) to improve resilience against such attacks. Research applications span secure AI deployment, cybersecurity, and developing foolproof classification systems by balancing accuracy and robustness across diverse neural network architectures."
16,Multilayer Neural Learning with Hebbian and Functional Optimization,"This topic explores advanced architectures and training paradigms in deep neural networks, particularly focusing on multilayer perceptron-based systems where Hebbian-like learning principles are integrated alongside gradient descent optimization. Key methods include functional approximation via eigenvectors of weight matrices, polynomial and factorial-based sparsity regularization (e.g., PL-SOM variants), and toroidal or binary network configurations to mitigate interference between interneuronal signals. Research emphasizes probabilistic batch training frameworks, mutual information-driven propagation, and error-minimization techniques like RELU activation functions, often applied in high-dimensional data spaces. Applications span pattern recognition, function approximation, and adaptive neural networks where memoryless or sparsification constraints are leveraged for efficient generalization, bridging theoretical insights (e.g., via Jaakkola’s work) with empirical optimizations in deep learning."
17,Algebraic Topology in Computational Geometry,"This topic explores the intersection of algebraic structures—such as Bezier rational functions, polynomial fields, and noncommutative algebras—to model geometric configurations like towers or bisimulation-based placements. Key methods include using Kauffman’s LK invariants (Lk) and fibonomial constructions to analyze topological degrees and symmetries in finite-dimensional spaces, often framed through algebraic equations and complexity analyses. Applications span algorithmic verification of polynomial systems (e.g., solving VPSpace problems via log-linear techniques), cryptographic bent functions, and the study of knot theory’s algebraic underpinnings, bridging abstract algebra with geometric computations to solve conjectures like those in finite-dimensional symmetry groups."
18,Neural Radiance Fields and Multiscale Visual Reconstruction,"This topic revolves around advanced neural methods for reconstructing 3D scenes from multiscale visual data, particularly leveraging neural radiance fields (NeRF) and related techniques like Gaussian splatting or LYTRO-inspired approaches. Key research focuses on programmatically optimizing illumination, colorimetric accuracy, and spatiotemporal rendering—addressing challenges such as distortion, occlusion, and hidden surface extraction using mathematical projections, wavelets, or wavelet-based decomposition for high-fidelity image reconstruction. Applications span real-time visual effects, volumetric scene tagging, and dynamic lighting simulations, with methods often employing multiscale analysis to mitigate artifacts like staircasing or illusory contours while preserving extrema in radiance and texture. The interplay of computational geometry (e.g., quasiconvex polylog domains) and photometric rendering further enables scalable, programmatically robust solutions for complex 3D scenes."
19,Medical Image Bilevel Segmentation with Wavelet-Based Methods,"This topic focuses on developing advanced bilevel segmentation techniques for medical imaging, particularly in organs like the brain, lungs, and liver, using wavelets (e.g., Daubechies and Coiflet families) to enhance contour extraction from CT/MRI scans. Key methods include dilated convolutional neural networks, parallelized procedures for high-dimensional data processing, and extreme-value analysis of pixel variance to refine segmentation boundaries. The approach often leverages pathological lesion detection in clinical assays (e.g., *Caenorhabditis elegans* motility studies) or tumor identification via 3D tomography, with applications spanning diagnostic slicer tools like 3DSlicer and automated lesion classification for pathology assessment."
20,Autonomous Vehicle Traffic Dynamics Modeling,"This topic focuses on developing advanced agent-based, discrete-event models to simulate and analyze interactions within autonomous vehicle systems, particularly in interurban and counterflow scenarios. Key methods include multi-agent simulation frameworks (e.g., using discrete-time or multicore architectures) combined with proactive planning for trajectory prediction, maneuver optimization, and safety-critical decision-making under dynamic pedestrian and traveler conditions. Research extends to predictive control strategies, real-time learning algorithms, and the integration of autonomous vehicles into shared transport networks to mitigate accidents while optimizing efficiency through lane merging, quickest-path assignments, and adaptive floor-level traffic routing. Applications span urban mobility planning, autonomous driving system validation, and collaborative safety protocols for mixed vehicle-pedestrian environments."
21,Biochemical Systems Modeling and Genomic Phenotype Mapping,"This topic integrates computational biology, molecular genetics, and biochemical network analysis to study how genetic variations (SNPs), protein structures, and regulatory mechanisms influence phenotypic traits. Key methods include high-throughput techniques like microarray-based genotyping, peptide sequencing, and RNA/DNA analysis to map functional genomic elements; machine learning-driven models (e.g., ARTMAP, GPCRs) for predicting molecular interactions and drug-target binding; and simulation frameworks (e.g., Lennard-Jones potentials, Monte Carlo tempering) to explore protein folding dynamics or subcellular molecular operations. Applications span drug discovery—identifying compounds that modulate receptor-mediated pathways—through computational modeling of biochemical networks (SBGN, Cytoscape), phenotypic trait prediction via genomic data integration (NETCDF files), and structural biology to design targeted therapeutics by deciphering molecular binding sites."
22,Multiscale PDE Neural Approximation Systems,"This topic centers on developing hybrid neural network-based methods to approximate and solve partial differential equations (PDEs) at multiple scales, blending symbolic, variational, and numerical techniques. Key approaches include radial basis function networks (RBFNs), deep learning-inspired architectures like Physics-Informed Neural Networks (PINNs), and hybrid formulations combining tensor-based and subgrid-scale models for turbulence or fluid flow. Methods often leverage differential conservation laws, stability guarantees, and symbolic differentiation frameworks (e.g., UFL libraries) to enhance accuracy while addressing challenges in geometric PDEs, wavelets, and relativistic physics. Applications span macroscopic-to-microscopic modeling of complex systems like river dynamics, eddy-driven flows, or deep learning-informed turbulence forecasting, with a focus on optimal estimators, entropic regularization, and symbolic data processing for efficient computational workflows."
23,Digital Visual Art Expression Systems,"This topic explores hybrid methodologies blending traditional artistic techniques with digital tools to enhance image manipulation, style transfer, and expressiveness in visual content creation. Key research focuses on indexing, diffusion-based rendering, and generative models for stylistic adaptation—inspired by historical artists like Leonardo da Vinci—to improve ambiance, readability, and aesthetic quality in web-based and native applications. Methods include dynamic line manipulation (e.g., stippling, hatching), ambient lighting simulation via daylight diffusion, and hybrid browser-native scrapbook-style interfaces that preserve or redefine artistic intent across generations of digital editing. Applications span creative coding, interactive art installations, and AI-assisted style transfer for portraiture, photography, and generative content generation."
24,Business Process Modeling Frameworks,"This topic focuses on the integration of formal modeling techniques—such as statecharts, UML, and BPMN—to support structured software development within business-oriented systems. Key methodologies include hybrid architectural approaches (e.g., combining object-oriented design with process-driven specifications) and knowledge-based frameworks like Diaplan or SimLab to capture requirements and constraints explicitly. Researchers emphasize formal verification of models for correctness, particularly in high-stakes domains such as enterprise IT, where non-functional requirements (NFRs) like safety, scalability, and compliance must be rigorously validated through automated tools or process-oriented workflows. The field bridges software engineering with business process management by leveraging programming-language-inspired abstractions to streamline end-to-end development cycles while addressing gaps in traditional modeling languages."
25,Neurocomputing for invariant handwritten digit recognition,"This topic focuses on developing neurocomputational models—particularly fuzzy, soft-matter-inspired neural architectures (e.g., Hopfield networks, Boltzmann machines, and autoencoding CNNs)—to address challenges in recognizing handwritten digits by extracting invariant features from high-dimensional input patterns. Key methods include convolutional neural network (CNN) adaptations for texture-based transformations, dimensionality reduction via sparse coding, and hybrid neurocomputing approaches that mirror biological learning processes like backpropagation or unsupervised feature teaching. Applications span robust character recognition systems in low-quality inputs, real-time pattern classification in edge devices, and the study of how neural networks generalize across varying slant angles or gray-level variations without explicit transformation pre-processing."
26,Autonomic Multi-Agent Systems for Human-Centric Digital Workflows,"This topic explores the integration of autonomous agent-based systems—particularly in autonomic computing frameworks—to dynamically manage human-agent interactions within digital environments. Key research focuses on designing self-adaptive protocols, task-oriented ontologies, and hybrid LLMs to enable agents to process user requests, respond via interactive interfaces (e.g., web pages or mobile apps), and optimize workflows through real-time monitoring and combinatorial planning. Methods include Hybrid Task Decomposition (HTN) planners, semantic search engines for task accomplishment, and crowdtesting-driven evaluation of agentic behaviors under varying organizational constraints. Applications span industrial automation, emergency robotics (e.g., RoboCuprescue), and collaborative web services, emphasizing the balance between AI-driven automation and human oversight to mitigate risks while enhancing efficiency in complex, dynamic systems."
27,Optimistic Federated Learning Conflicts,"This topic focuses on the design and analysis of distributed machine learning algorithms that leverage gossip-based communication among multiple clients to train shared models while preserving privacy. Key methods include optimistic concurrency control, conflict resolution strategies in federated settings, and hybrid approaches combining synchronous (e.g., Spark FL) and asynchronous updates under distributed synchronization frameworks. Research explores trade-offs between accuracy gains from parallelized training and the risks of model divergence due to conflicting client updates, often framed through probabilistic or graph-based models. Applications span real-time healthcare diagnostics, edge AI deployment, and privacy-preserving deep learning in federated environments where clients (e.g., IoT devices) must collaboratively train models without centralizing raw data."
28,Robotic SLAM with Uncertainty-Aware Mapping,"This topic centers on advanced Simultaneous Localization and Mapping (SLAM) techniques for robotic systems, particularly in environments where sensor data quality is impoverished or distorted—such as underwater, astrobiological, or highly dynamic settings. Key methods include probabilistic approaches like Monte Carlo localization (MCL), radial basis function–based undistortion models, and algebraic geometric frameworks (e.g., Groebner bases for coplanarity/rotation estimation). Stereoscopic vision, inertial measurement unit (IMU) fusion, and laser-based LiDAR odometry are frequently employed to mitigate drift and uncertainty in 3D point clouds, often leveraging quaternion-based motion tracking or Monte Carlo sampling. Applications span underwater navigation, geological surveying, and wearable robotics, where volumetric mapping and error correction via calibration or coplanarity constraints improve robustness against sensor noise and environmental distortions."
29,Conversational AI Planning and Pragmatic Analysis,"This topic focuses on the study of structured dialogue systems, where researchers analyze how conversational agents—ranging from human-like LLMs to rule-based models—manage prosodic, pragmatic, and microstructural aspects of speech interactions. Core methods include developing probabilistic planning frameworks (e.g., Bayesian state representations), coreference resolution, and discourse segmentation using tree-based or collocation-driven approaches, often benchmarked against datasets like Switchboard or congressional speeches. Applications span natural language generation for conversational assistants, human-robot teaming, and evaluating pragmatic biases in AI responses, with a particular emphasis on handling ambiguous intent, scripted vs. spontaneous dialogue, and pragmatic pragmatics to improve alignment between user and system representations."
30,Digital Civic Engagement Platforms,"This topic explores how internet-based media—particularly social, video-sharing, and participatory platforms like Twitter, Flickr, and Wikis—facilitate civic engagement, democratic discourse, and political mobilization. Key research focuses on user behavior patterns such as homophily (preference for connecting with similar users), the spread of misinformation during crises (e.g., COVID-19), and the role of algorithms in shaping content exposure and political participation. Methods include longitudinal analyses of platform usage, computational social science techniques like network analysis, and experimental studies on user adoption, voting behavior, and civic turnouts. Applications span understanding how digital spaces influence public opinion, regime resilience, and grassroots movements while addressing challenges like disinformation, bot activity, and paid influence campaigns."
31,Generative Adversarial Networks (GAN) Architectures,"This topic centers on the development and optimization of Generative Adversarial Networks, particularly focusing on their training dynamics, adversarial interactions between generator and discriminator models, and advanced techniques like scheduled sampling or CNN-based architectures. Key methods include iterative loss minimization, adversarial training frameworks, and hybrid approaches that combine GANs with other neural network designs to improve sample quality and diversity in image generation tasks. Applications span synthetic data augmentation for computer vision, artistic style transfer, medical imaging reconstruction, and real-time generative modeling across diverse visual domains."
32,Hardware-Accelerated Deep Image Processing,"This research focuses on optimizing convolutional neural network (CNN) and image-processing pipelines using parallel hardware architectures, particularly FPGAs and GPUs. Key methods include leveraging reconfigurable logic (e.g., Toffoli gates, CN-FETs), specialized hardware accelerators like VSIPIL or custom convolvers, and hybrid analog-digital approaches for high-speed image sampling (2GSPS) and precision quantization. The topic emphasizes uniform computational standards, error mitigation via countermeasures, and hardware-efficient implementations of FFT and convolutional operations, often applied to deep learning inference or real-time image processing tasks. Applications span low-power edge devices, high-precision medical imagers, and adversarial robustness in neural networks."
33,Multilingual Text Processing Systems,"This topic focuses on the development of advanced systems for processing, aligning, and standardizing multilingual text data across diverse languages—including English, French, Russian, Basque, Ukrainian, and others—using structured models like autoencoders and benchmark datasets. Key research revolves around speech recognition, lexical alignment (e.g., via OLAC or EuroVoc), thesaurus-based resources, and cross-lingual lexicon construction to handle polysemous words and compositional challenges. Methods include leveraging corpora from archives (e.g., COPES) and web sources, optimizing LLMs for low-resource languages, and applying geoparsing or SPARQL endpoints for semantic alignment. Applications span natural language understanding, translation benchmarking, and standardization of linguistic data for international databases like Wiktionary or D2R frameworks."
34,Ethical Governance of AI-Driven Regulatory Systems,"This topic examines the intersection of artificial intelligence, antitrust law, and institutional governance to analyze how technological advancements—particularly in biotechnology, robotics, and data-driven systems—reshape policy frameworks. Key research focuses on ethical implications, such as algorithmic bias, corporate accountability, and public trust, while exploring methods like ethnographic studies, formalized legal frameworks, and AI-assisted policy design. Applications span regulatory reforms for patent systems, labor ethics in automation, and the role of independent commissions in balancing innovation with societal values, often critiquing existing governance structures through critiques of 'unplugged' or unregulated tech expansion."
35,Algebraic Coding Theory Frameworks,"This topic centers around the study of error-correcting codes, particularly those rooted in algebraic structures like abelian groups and finite fields (GF), with a focus on constructing and analyzing codes optimized for decoding performance. Key methods include the use of cyclic, Reed-Solomon, and BCH codes—all variants leveraging polynomial frames (C-GU) or Goppa constructions—to achieve maximum distance separable (MDS) properties while balancing code length, weight distributions, and Hamming distances. Applications span communication theory, where these codes enable robust data transmission over noisy channels, to cryptography and distributed computing, where algebraic bounds (e.g., LCD, Kloosterman) refine error correction trade-offs. The interplay of linear algebra (ℝᵐ or ℤ₂ⁿ) and combinatorial design ensures rigorous theoretical guarantees, often framed through elegant mathematical notations like 𝒞ᴰᵗ or 𝒢ᵖₚ, while practical implementations explore hybrid codes (e.g., CDCS) to meet real-world constraints."
36,Multiagent Strategic Solitaire Games,"This topic explores computational models of strategic solitaire games, particularly those involving multiple autonomous agents (players) interacting through peg-based mechanics like Nim or Amazon-style pebbling. Research focuses on formalizing game-theoretic equilibria—such as Nash equilibrium and Pareto-optimal strategies—in polynomial-time solvable frameworks under constraints like PPAD hardness. Key methods combine combinatorial game theory with multiagent reinforcement learning, leveraging payoff analysis and decision trees to analyze winning conditions or suboptimal peering dynamics in adversarial or cooperative settings. Applications span theoretical computer science (e.g., NP-completeness studies) to practical implementations in AI-driven games, including real-time strategy simulations like Duotaire’s variants, where agents optimize moves under limited computational resources."
37,Online Multi-Armed Bandit Optimization,"This topic explores efficient sequential decision-making in high-dimensional investment or reinforcement learning environments, where agents must balance exploration and exploitation to optimize long-term rewards. Key methods include nonasymptotic analysis of regret bounds for bandit algorithms like UCB (Upper Confidence Bound) and Thompson sampling, with particular attention to convex optimization problems under bounded noise or vanishing gradients. Applications span dynamic portfolio management—such as optimal stock allocation via bandit strategies—and theoretical guarantees on sample efficiency, including universalization across settings like the 1x or 2x reward ratio problem. Research often leverages Bayesian inference (e.g., variational Bayes) and gradient-based backtracking to refine policies, while addressing pitfalls like sampling fallacies or nonasymptotic inefficiencies in finite-sample scenarios."
38,Quantum and Classical Channel Coding Limits,"This topic explores the fundamental limits of information transmission through noisy quantum and classical communication channels, emphasizing both theoretical bounds—such as capacity theorems for Gaussian, fading, and interference-affected systems—and practical coding schemes like source-channel separation (Ziv–Lavin–Ziv compression) and lossy encoding. Key methods include deriving achievable rate-distortion regions via quantum information theory (e.g., spin-based qubit channels), analyzing feedback-induced performance gains, and comparing classical and quantum error-correcting codes under interference or distortion. Applications span secure quantum communication, high-rate wireless networks with fading channels, and optimizing post-processing bounds in hybrid classical-quantum systems."
39,Multimodal Biometric Recognition Systems,"This topic focuses on advanced computational methods for identifying individuals using multiple biometric traits, such as facial landmarks, fingerprints, iris patterns, and palmprints. Key research revolves around combining traditional techniques—like edge detection (Snakes), PCA-based feature extraction, and Gabor filters—to enhance robustness against noise, speed, and deepfake manipulations in image datasets. Deep learning approaches, including Haar wavelets and CCA-based fusion, play a critical role in extracting discriminative features from multimodal inputs, often addressing challenges like regional variations or decision errors in real-time systems. Applications span secure authentication, surveillance, and forensic analysis, with ongoing efforts to optimize performance across diverse populations while mitigating deepfake-related threats."
40,Optimization on Manifolds and Variational Methods,"This topic centers around the application of manifold-based optimization techniques to solve complex mathematical problems in machine learning, statistics, and computational science. Key methods include variational approaches for estimating parameters on Riemannian manifolds—such as those used in non-Euclidean geometry—and iterative algorithms like gradient descent or Newton’s method adapted for curved spaces. The focus often involves convex and quasiconvex optimization over finite or infinite-dimensional subsets, leveraging tools like prewhitening, smoothing, and stochastic gradient techniques to handle structured data (e.g., text via syllabification, images via multigrid methods). Applications span predictive modeling (e.g., regression on manifolds), robust estimation under worst-case scenarios, and manifold-valued learning for multiclass classification or stable moment-based inference. The interplay between theoretical analysis (convergence proofs, curvature effects) and practical implementation (optimization packages like SNOPADIOT, SNADIOT) drives innovation in algorithms for problems where traditional linear programming or Euclidean optimization fails."
41,Rural wireless network optimization and deployment strategies,"This topic examines the design, scalability, and performance challenges of wireless networks—particularly in underserved rural areas—using a mix of legacy (GSM/CDMA) and modern architectures (LTE/5G). Key research focuses on improving roaming efficiency, bandwidth allocation, handoff mechanisms, and energy-efficient scheduling to enhance user throughput while mitigating interference. Collective optimization strategies for microcell/femtocell clusters and intra-network communication protocols are central, alongside economic models analyzing pricing trends and market-driven growth in rural telecom access. Applications span real-time performance benchmarking (e.g., uplink/downlink delays) and energy-efficient transmit strategies to balance capacity demands with cost-effective deployment."
42,Turing-complexity boundaries in formal automata theory,"This topic explores the interplay between computational models like finite and deterministic automata, timed systems, and their limits—particularly focusing on classes beyond Turing computability (e.g., exptime, hypercomputation) while examining nontransitive reductions, fuzzy or infinite-state machines. Key methods include analyzing recognizability, decidable/undecidable problems in formal languages, and the role of circularity or reduplication in complexity hierarchies. Applications span theoretical foundations for algorithmic analysis (e.g., BF tape models), cryptographic hardness assumptions (Chaitin’s omega), and the study of computable dimensions in mathematical logic, bridging gaps between automata theory, computational complexity, and undecidable problems."
43,Bayesian Inference in Nonparametric Geometric Learning,"This topic centers on the application of Bayesian frameworks—particularly Kalman filters, variational inference, and Markov Chain Monte Carlo (MCMC) methods—to model complex, high-dimensional data streams with polysemantic or multimodal distributions. Key research explores nonparametric basis expansions (e.g., wavelet, Gaussian processes) and Occam’s principle for sparse, invariant representations, often in financial or physical systems where uncertainty persists deterministically. Methods like singular spectrum analysis (SSRFs), maximum likelihood estimation (MLE), and variational Bayesian smoothing bridge deterministic and probabilistic approaches to handle atypical or multimodal data, with a focus on scalable algorithms (e.g., polylogarithmic complexity) for real-time learning. Applications span financial pricing models, state-space inference in dynamic fields, and robust uncertainty quantification where prior knowledge is sparse or uncertain."
44,Programming Language Toolchain Extensions,"This topic explores the integration of advanced language features, compiler instrumentation, and tooling frameworks to enhance programming workflows—particularly through rule-based rewrites, formal grammars, and annotation systems. Key methods include AST manipulation, graph-based representations of code fragments, and hybrid approaches combining logic (e.g., Prolog) with imperative languages (Tcl, JavaScript). Applications span software development toolchains (like Eclipse IDE wrappers), distributed systems (APIs for GIS/astronomy data like OpenLayers or ASCL), and formal verification (e.g., low-level language models for IBM’s legacy compilers). Distractions from manual tasks are mitigated via automated documentation generation (PLDoc, pidoc) and versioning systems (Git), while comparisons of syntax and semantic models bridge theoretical linguistics with practical programming challenges."
45,Distributional Semantic Embedding with Compositional Analysis,"This topic focuses on developing advanced methods to represent word and phrase meanings through distributional semantic embeddings, leveraging large corpora and relational data for disambiguation. Key research revolves around techniques like WordNet-based sense selection, vector spaces (e.g., VS-M), latent relational models (LRME/SME), and hybrid approaches such as BERT or analogical mappings to capture contextual meaning. Applications span natural language generation (NLG2/NLG3) tasks—including paraphrasing, semantic preference modeling, and senseval benchmarking—while also exploring compositional scaling via distributional vector spaces and relational embeddings for improved semantic relatedness and grammatical context analysis."
46,Distributed Trustless Cryptocurrency Systems,"This topic explores the integration of decentralized ledger technologies, cryptographic protocols, and privacy-preserving mechanisms to enable secure, trust-minimized financial transactions across distributed networks. Key methods include using verifiable secret sharing (VSS), blockchain-based consensus (e.g., PoW, Ethereum’s smart contracts), and hybrid authentication frameworks combining PKI with open-source middleware like Mozilla’s XPCOM components. Applications span micropayment systems, cross-border electronic cash, and fraud-resistant transaction platforms, often addressing challenges such as revocation via CRLs, reputation management in decentralized markets, and spam mitigation through blind-signature protocols. The research emphasizes balancing scalability, privacy, and legitimacy while leveraging distributed trust models to reduce reliance on centralized entities like PayPal or banks."
47,Open Scholarly Collaboration Platforms,"This topic examines the design, implementation, and impact of electronic platforms facilitating collaborative research across scientific disciplines, particularly emphasizing scholarly communication through forums, archives, and citation networks. Key methods include analyzing electronic publication systems (e.g., OA repositories like IPTO or ePrint), bibliometric analyses (e.g., EQRank citations), and CSCW studies to evaluate how digital tools enhance scientific discourse among enterprises, institutions, and individual researchers. Applications span interdisciplinary science (e.g., astrophysics via PNAS-style journals) and global research ecosystems, with a focus on Brazilian and international case studies in STI (science, technology, innovation) dissemination, bridging gaps between scholarly outputs, author visibility, and institutional archives."
48,Network Centrality Laws,"This research focuses on the empirical and theoretical study of centrality measures in complex networks, particularly how power-law degree distributions and structural laws govern node importance across diverse systems like the internet, social networks, and biological graphs. Key methods include analyzing vertex centrality metrics (e.g., degree-based or betweenness), deriving equivalent scaling behaviors via random block models (RBNs) or club structures, and validating theories against real-world network topologies such as Gnutella peer-to-peer systems. Applications span network robustness analysis, synchronizability studies in distributed systems, and the discovery of universal topological principles underpinning scale-free and small-world phenomena."
49,Evolutionary Computation in Complex Genetic Systems,"This topic explores the application of evolutionary algorithms—such as genetic programming, population-based search methods (e.g., particle swarm optimization), and niching techniques—to model and optimize complex biological systems like organisms and RNA structures. Key research focuses on balancing fitness-driven selection with adaptive mechanisms (e.g., Baldwin effect, Lamarckian inheritance) to enhance evolvability, often framed as extremal or fuzzy optimization problems. Methods include simulated annealing for parameter tuning, hybrid evolutionary-genetic algorithms (e.g., quicksort-inspired heuristics), and multi-objective optimization frameworks (MOEA) to address co-evolutionary challenges in genomic complexity. Applications span bioinformatics (e.g., RNA editing, mutation-driven problem-solving) and computational biology, where these approaches bridge algorithmic search strategies with evolutionary biology principles."
50,Immersive Accessible Digital Environments,"This topic explores the integration of virtual reality, augmented reality, and multisensory interfaces to create interactive digital environments that bridge historical, cultural, or scientific spaces with physical realities. Key methodologies include VRML-based skeletal frameworks for spatial navigation, haptic tactons for tactile feedback, and immersive audio-visual systems (e.g., headphones, AR sound design) to enhance user engagement. Research emphasizes accessibility—designing interfaces for disabled participants via ergonomic gestures, touch devices, or adaptive interfaces like nomon systems—and evaluates their impact on telepresence, health education, and museum visitor experiences through well-founded usability studies. Applications span historic preservation (e.g., 'guidebooks' as interactive companions), educational simulations (like memex-inspired desktop universes), and immersive gaming, while addressing challenges in instrumentality—balancing physical and digital matter for seamless user interaction."
51,Multimodal AI in Pathology Diagnostics,"This topic focuses on integrating advanced machine learning, particularly deep neural networks, with diverse biological and medical imaging data series—such as mammograms, histopathology slides, and multispectral images—to automate and enhance diagnostic accuracy for diseases like cancer. Key methods include hybrid representation learning (e.g., combining spatial grid-based mammogram analysis with cell-level tissue features from digitized pathology slides) and spaced-out or fluctuating data-driven classification frameworks to distinguish malignant from benign tumors across breast, cervical, prostate, and brain tissues. Applications span automated tumor detection via virtual radiologists, gene expression profiling in cervix/cervixgram samples, and real-time prediction of prediagnosed pathologies using annotated databases like MammoGrid or RVMMIL, bridging traditional pathology with AI-driven precision medicine to improve early diagnosis and reduce human error."
52,AI-Augmented Interactive Learning Ecosystems,"This topic centers on the integration of artificial intelligence, virtual learning environments (VLEs), and interactive pedagogical tools to enhance computer science education across K-12 schools, universities, and informal settings. Key methodologies include AI-driven tutors, chatbot-based programming assistants like ChatGPT, and hybrid web-based simulations that blend traditional applets with modern platforms such as Facebook or webteach systems. Research focuses on evaluating student attitudes toward AI-assisted learning, the impact of HCI-designed interactive courses, and scalable ICT-financed projects like CSIEc or NLOMJ initiatives in European contexts (e.g., Eirex). Applications span from structured programming labs to open-ended developmental projects, emphasizing both educational outcomes and societal adoption challenges, particularly within EU-funded education revolutions."
53,Neuromorphic Hybrid Energy-Driven Systems,"This interdisciplinary field integrates neuromorphic computing principles—such as spiking neural networks (snn), synaptic plasticity, and memristive logic—with energy-efficient mechanical-electrical systems like synchronous reluctance motors (srm) or magnetomechanical converters. Key research focuses on designing hybrid architectures where biological-inspired neural assemblies (e.g., neuron assemblies with internal conductances) drive torque generation in micro-reactors (like fuel-microreactor hybrids), leveraging fuzzy logic and attractor dynamics for robust control. Methods include spike-timing-dependent plasticity (stdp) for associative learning, memristor-based neuromorphic networks for energy-efficient computation, and cryptanalysis-inspired walkers in hyperspace to optimize neural assembly configurations. Applications span brain-machine interfaces, fault-tolerant drive systems, and computational models of the nervous system, bridging neuromorphic engineering with renewable energy technologies like direct methanol fuel cells (dmfc) or magnetic reactors."
54,Computational Gear-Tooth Surface Modeling,"This topic focuses on the numerical and analytical methods used to model complex gear-tooth surfaces, particularly in mechanical engineering and computational mechanics. Key approaches include finite-element discretization, spline-based interpolation (e.g., radial basis functions or B-splines), and boundary-value solvers for biharmonic/Laplace equations to handle heterogeneous materials like polysilicon or nickel alloys under thermal/mechanical loads. Methods often combine tomographic reconstruction of gear surfaces with high-order spatial quadrature techniques (e.g., Galerkin methods) to ensure nonsingular solutions, while addressing challenges like reciprocity in fluid-structure interactions or hyperelastic material behavior. Applications span additive manufacturing (e.g., solder-based embossing), machining optimization for gear flanks, and biofilm modeling on rotating surfaces, with cross-disciplinary links to computational fluid dynamics (CFD) and adaptive mesh refinement (AMR)."
55,Compressive Blind Geometric Signal Recovery,"This topic focuses on recovering distorted geometric signals from compressed measurements in camera-based sensing systems, where traditional methods like lens distortion compensation are blindly disregarded or approximated. Key research revolves around sparse signal modeling and orthogonal coefficient estimation to handle random distortions such as ellipsoidal or projective warping, often leveraging compressive sampling frameworks (e.g., BSS, CPM) for efficient reconstruction under limited sampling rates. Mathematical techniques—such as log-transformed sparsity priors, LL/ℓ₁-based optimization, or sparse sensing theory—are central to detecting and mitigating distortions like geometric ellipsoidal lens effects while enabling blind detection of hidden signal components. Applications span high-resolution imaging, medical imaging, and robotic vision, where accurate recovery of distorted data under compressed measurements improves robustness in real-time systems."
56,Automated Debugging & Fault Analysis in Large-Scale Software Systems,"This topic focuses on the development of advanced automated tools and techniques to identify, analyze, and mitigate software bugs—particularly in complex systems like Java-based applications. Key methods include using formal grammars (e.g., JML) for precise error detection, parametric debugging frameworks (e.g., IPFUG), and AI-driven approaches (e.g., LLMs) to improve code understanding and repair. Cross-cutting concerns such as fault-proneness metrics, dead-code analysis, and flaky test traceability are central, with applications spanning reusable codebases, legacy systems (e.g., Macintosh-era projects), and real-world software projects like JHotDraw. Research emphasizes enhancing developer productivity through automated query-driven debugging, XML-based error reporting, and parametric clone detection to reduce defects in modularized or evolving code."
57,Differential Privacy in Social Graphs,"This topic focuses on designing privacy-preserving mechanisms for analyzing social networks while balancing utility and security, particularly through differential privacy techniques. Key methods include anonymization via perturbation (ε-differential privacy), pseudonymous or anonymous graph representations, and multi-agent query protocols to hide sensitive identities or reputation data without compromising serendipitous discovery. Applications span recommendation systems with weak ties, secure reputation mining in trust networks, and adversarial robustness against attackers exploiting hidden information, often benchmarked via formal definitions of secrecy and utility trade-offs."
58,Clinical Data-Driven Healthcare Analytics,"This topic focuses on integrating diverse biomedical data—such as urine chemistries, liver function tests, and patient histories—to develop predictive models for diagnosing, managing, and reducing risks in chronic diseases like gastritis or liver-related conditions. Key methods include machine learning algorithms (e.g., neural networks, discriminant analysis) applied to electronic health records (EHRs) and OMOP datasets, alongside dimensionality reduction techniques like microarray or Rasch modeling. The research emphasizes improving diagnostic accuracy for underrepresented patient groups, optimizing drug dosing (e.g., warfarin loading), and leveraging grid-based healthcare initiatives (like HealthGrid) to streamline clinical workflows. Applications span personalized medicine, adverse drug reaction prediction, and survival analysis in trauma or chronic injury cases, often bridging computational biology with real-world clinical outcomes."
59,Biomedical Semantic Knowledge Integration,"This research focuses on extracting, structuring, and integrating biomedical knowledge from disparate sources like Medline, Medstract, and EHRs using semantic technologies such as RDF/OWL, UMLS, and SNOMED-CT. Key methods include NLP-driven text mining (e.g., MetaMap, BADREX) for biomedical corpora, ontology alignment (transitive mappings), and interlinked data curation to bridge gaps between clinical, genomic, and drug discovery datasets. Applications span precision medicine’s patient-centric analytics, disease-protein interaction modeling, and automated knowledge graph construction for LLMs in biomedicine."
60,Japanese NLP and Hybrid Ensemble Classification,"This topic focuses on developing robust machine learning methods for Japanese natural language processing (NLP), particularly in the domain of classification tasks, where hybrid ensemble approaches—such as combining decision trees with boosting algorithms like AdaBoost or structured probabilistic models—are applied. Key research emphasizes using Japanese classifiers (e.g., *bunsetsu* and *rocch*) to improve word sense disambiguation and attribute-based feature extraction for accurate identification in cross-validation frameworks. Performance evaluation often includes ROC curves, multiclass validation, and fuzzy/mutual information metrics, with applications spanning structured data prediction (e.g., breast cancer diagnosis) and evolutionary or probabilistic ensemble selection methods. The field also explores hybrid rule-based models (e.g., Bayesian networks, ABC algorithms) to handle uncertainty in decision trees while addressing challenges like nearest-neighbor classification and geometric attribute analysis."
61,Quantum Information-Theoretic Foundations,"This topic explores the intersection of quantum mechanics, probabilistic information theory, and computational complexity through rigorous mathematical frameworks. Key methods include Kolmogorov complexity measures, Chaitin’s universal randomness, Shannon entropy refinements (e.g., quantum POVMs), and ergodic statistical distributions to quantify uncertainty in quantum systems. Applications span quantum algorithmic learning—such as quantized decision boundaries—and theoretical bounds on randomness extraction via mutual information inequalities, often analyzed under Birkhoff–Kolmogorov–von Neumann axioms or quantum divergence measures like the Kullback-Leibler bound. The field bridges classical probability theory with quantum information, emphasizing tight mathematical relationships between entropy rates, distribution quantizers, and computational efficiency in both deterministic and probabilistic settings."
62,Explainable AI with Causal and Argumentation Foundations,"This topic explores the integration of explainability in machine learning by leveraging formal reasoning, causal inference, and argumentation theory to address interpretability challenges. Key methods include defeasible argumentation models for handling uncertain or context-dependent explanations, deep neural network post-hoc techniques like SHAP or LIME, and interpretable learning paradigms such as ILP (Inductive Logic Programming) and MFI (Model-Free Inference). Research focuses on mitigating bias in ML systems by designing context-sensitive explanations that communicate causal mechanisms effectively while accounting for human-centric conventions. Applications span fair AI, robust decision-making in healthcare, and adaptive explainable systems where ground-truth explanations must dynamically adjust to shifting data distributions or apologist-driven critiques."
63,Neural Sequence Modeling with Attention Mechanisms,"This topic centers on the development of advanced neural network architectures designed to process and predict sequential data, particularly in natural language tasks. Key methods include leveraging recurrent neural networks (RNNs), long short-term memory units (LSTMs), transformer-based models like BERT and LLMs, and hybrid approaches such as IRLM (Intrinsic Reinforcement Learning for Memory) and curriculum learning techniques to improve efficiency. Attention mechanisms—including self-attention in transformers and structured attention in RNN variants—play a critical role by enabling models to weigh tokens dynamically during training, enhancing predictive accuracy and reducing perplexity. Applications span language modeling, machine translation, program synthesis, and semantic parsing, with research emphasizing speedups via factoring techniques (e.g., parallelization of LSTM layers or curriculum-based training) while balancing computational constraints with model performance."
64,Cross-lingual Lexical and Syntactic Alignment Methods,"This topic focuses on developing and evaluating methods to align lexical, syntactic, and temporal expressions across multiple languages—particularly Japanese and English—while addressing idiosyncratic features like adverbials, prepositions, and noun phrase composition. Key research revolves around machine translation (MT) and neural machine translation (NMT), including statistical MT (SMT) pipelines that leverage corpora such as aligned bilingual texts or specialized lexicons like WordNet and EuroWordNet to improve accuracy. The field emphasizes error assessment techniques (e.g., BLEU, XML-based evaluation), disambiguation strategies for sense-rich words, and the integration of community-driven resources like CITIDEL or Balkanet to refine translations in low-resource languages (e.g., Hindi, Punjabi). Applications span multilingual information retrieval (CLIR), speech-to-text systems, and cross-lingual compositional models, with a particular emphasis on error mitigation through postulates of linguistic structure and corpus-based alignment methods."
65,Multimodal Instructional Media Semantics,"This topic focuses on extracting, structuring, and leveraging semantic information from multimedia instructional content—such as lectures, videos, and presentations—to enhance interoperability across platforms. Key methods include automated metadata extraction (e.g., transcript alignment with audio/video frames), multimodal feature fusion (audio-visual-semantic edges), and temporal segmentation for event-based retrieval or reranking. Applications span educational technology, where systems like ABC (Audio-Visual-Behavioral) models enable adaptive learning platforms; augmented reality integration in textbooks; and large-scale TV/course video cataloguing via semantic classification and visualization techniques."
66,Open Source Software Ecosystem Management,"This topic examines the collaborative dynamics, policy frameworks, and technical challenges of managing open-source software (OSS) repositories, focusing on factors like consistency, subjectivity, and indeterminacy in development practices. Key research involves analyzing measurement methodologies—such as source-line count (sloc), package exchange systems, and cultural influences—to assess productivity, innovation, and success metrics across global teams using agile or scrum methodologies. Studies often explore the interplay between open-source culture, software engineering specialties, and institutional policies (e.g., PEP processes in Debian, SLAC’s Babar project), including how outsourcing, ERP systems, and social factors shape maintenance and participation. Applications span collaborative development platforms, banking OSS ecosystems, and cross-country innovation studies, highlighting both technical and socio-organizational determinants of OSS sustainability."
67,Autonomous Driving Perception Systems,"This topic focuses on advanced sensor fusion, multi-modal data processing, and real-time perception techniques for autonomous vehicles. Key methods include combining LiDAR, radar, cameras (RGB/bev), and synthetic or mock data to improve detection, segmentation, and semantic mapping of dynamic scenes like roads, curbs, and obstacles. Algorithms such as fast Sparse Cosine Wavelet Transform (fastcswt) and homography-based registration are central, alongside hybrid approaches like KinectFusion for 3D reconstruction from RGB-D inputs. Applications span SLAM, autonomous navigation, and semantic segmentation of point clouds or pixel-level data, often benchmarked on datasets like KITTI to validate robustness under varying lighting, radiation, and directional challenges."
68,3D Human Motion and Anthropometric Reconstruction,"This topic focuses on developing mathematical and computational techniques to analyze, model, and reconstruct human motion, body shapes, and articulated structures in three-dimensional spaces using skeletal data from sensors like Kinect. Key methods include invariant-based pose estimation, relaxed mesh triangulation, anthropometric filtering, and hierarchical tree-based reorganization of jointed models to account for variabilities in human forms and garment interactions. Applications span real-time motion capture for virtual reality, custom garment design with dynamic fit adjustments, and biomechanical studies of articulated body movements, often bridging physics-informed optimization (e.g., Olver’s methods) with anthropometric constraints to minimize guesswork in reconstruction accuracy."
69,Propositional Satisfiability and Constraint Optimization,"This topic focuses on the study of propositional logic-based problems, particularly satisfiability (SAT) and its extensions like max-SAT, where researchers explore algorithms for solving boolean constraint satisfaction under various formulations. Key methods include transforming complex constraints into CNF formulas, leveraging randomized techniques such as F-SAT or PFRR for approximate solutions, and analyzing NP-hard complexity classes like NPSb or treewidth-based reductions to improve efficiency. Applications span cryptography, machine learning, and hardware verification, where constraint optimization underlies decision-making in combinatorial problems, with recent advancements in scalable solvers (e.g., PEVT) bridging theoretical bounds and practical performance metrics."
70,Causal Inference in Nonlinear Data Systems,"This topic explores the theoretical and methodological foundations of inferring causal relationships within complex, nonlinear systems by leveraging statistical, information-theoretic, and machine-learning frameworks. Key research focuses on defining causality—particularly through counterfactuals, structural causal models (SCMs), and Markov/non-Markov assumptions—to disentangle confounding variables and latent influences in observational or simulated data. Methods include copula-based analysis, ICA (Independent Component Analysis), CCA (Canonical Correlation Analysis), and hybrid approaches like CSSR (Causal Structural Supportive Regression) to handle nonlinear dependencies and sampling bottlenecks. Applications span domains such as genomics (e.g., gene regulatory networks via salmon transcription data), social sciences (blame attribution in policy interventions), and engineering (system provenance and model fusion for robustness). The emphasis lies on developing rigorous criteria for causality, refining estimation techniques under invalidated assumptions, and bridging causal discovery with epistemic frameworks to improve explainability in high-dimensional datasets."
71,Advanced MRI Reconstruction Techniques,"This topic focuses on innovative methods to enhance magnetic resonance imaging (MRI) by leveraging coil-based signal acquisition, flexible and micromolded RF (radiofrequency) designs, and deep learning-driven reconstruction algorithms. Key research revolves around improving signal-to-noise ratio (snr), addressing artifacts like occlusion or brachytherapy-related distortions, and validating estimators for accurate image deconvolution—particularly in challenging anatomical regions such as the prostate or urinary tract. Techniques like ESPRIT-based topology estimation, deep learning-enhanced attenuation correction, and hybrid CT-MRI approaches are central, with applications spanning clinical diagnostics (e.g., stone detection via oxalate composition) to brachytherapy dose optimization. Misconceptions in traditional imaging data sets and their influence on reconstruction validity also drive methodological refinements, bridging theoretical topology with practical phantom-based validation."
72,Monocular Stereo Depth Estimation with Multimodal Constraints,"This topic focuses on developing advanced algorithms and methods to estimate depth from single monocular images by integrating flat-plane assumptions, Delaunay triangulation, and multimodal scene stratification. Key research approaches include using deep learning-based regression models optimized for faster computation while balancing sensitivity to slanted planes and occlusion, often leveraging Markov Random Fields (MRFs) with energy potentials derived from image contours and RGB disparities. Techniques like the Middlebury benchmark dataset and stereo imagery analysis are frequently employed to refine boundary detection and 3D reconstruction accuracy under varying resolutions and log-time constraints. Applications span real-time computer vision for autonomous systems, immersive visualization, and robust scene understanding in unstructured environments."
73,Reconfigurable Secure Hardware-Software Systems,"This topic explores the integration of reconfigurable microarchitectures—such as FPGAs (field-programmable gate arrays) and custom-built microcontrollers—and advanced cryptographic/secure programming models in computer systems, particularly within cloud computing (e.g., AWS EC2) and embedded environments. Key research focuses on fault-tolerant hardware-software co-designs leveraging open-source tools like OSGi or OpenBSD to mitigate vulnerabilities, including side-channel attacks (memory leakage, timing), intrusion attempts via malicious commands or supply-chain manipulation, and hardware Trojans in integrated circuits etched from borosilicate glass or etched into RFIDs. Methods include reversible logic designs to prevent remanence attacks, cryptographic sandboxing with techniques like Secure Enclaves (SGX) or ORAM-based secure memory management, and hybrid systems combining virtualization (Xen) or multi-threaded architectures for intrusion-resistant command execution. Applications span high-assurance cyber-physical systems, zero-trust IoT gateways for supply-chain security, and cryptographic co-processors that isolate confidential computations from unauthorized access, addressing challenges in evolving threats like the Duqu malware or race-condition bugs in microprocessors while optimizing power/performance trade-offs."
74,Regional climate-hydrology forecasting with neural networks,"This topic focuses on developing advanced predictive models, particularly using hybrid neural network architectures (e.g., attention-based or recurrent frameworks like HMMs and ANNs), to forecast rainfall patterns, hydrological cycles, and storm impacts in semi-arid peninsular regions such as Kerala’s southern coastline. Key methodologies include leveraging high-resolution satellite data assimilation (e.g., SOLEMON stock models, CPXR, SWRC) alongside bioclimatic and environmental segmentation techniques to refine precipitation forecasts under climate change pressures like warming and monsoon variability. Applications span disaster mitigation—such as cyclone storm surge prediction for the Tehuantepec Isthmus or Danube basin—hydrological regulation (e.g., ditch/wind farm modifications), and sustainable water management, while addressing challenges like data scarcity via transfer learning from global datasets (e.g., ARM-A, EPDTA). Cross-disciplinary research integrates meteorological modeling with deep learning for nowcasting and probabilistic forecasting, emphasizing real-time decision support for environmental policy and agricultural resilience."
75,Adaptive Temporal Hidden Markov Modeling,"This topic focuses on developing advanced hidden Markov model (HMM)-based and variational techniques for analyzing sequential, heterogeneous, or multivariate time-series data with emphasis on causal inference and dynamic state evolution. Key methods include recurrent neural network integration (e.g., LSTM-based HMMs), shapelet mining for pattern discovery in intermittent streams, and tunable alignment algorithms like DTW or bigotimes kernels to handle non-stationary or ergodic sequences. Applications span telecare health monitoring, skill acquisition analysis (e.g., tennis movements), and real-time forecasting in adaptive systems, often leveraging conditional probabilistic models and kernel-based parameter estimation for robust inference across diverse datasets."
76,Human Action Recognition via Spatio-Temporal Learning,"This topic focuses on developing advanced machine learning models to analyze and classify human activities from video sequences, leveraging spatio-temporal feature extraction across frames. Key methods include optical flow-based motion descriptors, temporal event segmentation, and semantic-aware verb/activity recognition using deep neural networks or hybrid architectures like liquid state machines. Applications span real-time surveillance, assistive robotics for disabled individuals (e.g., *Dibiliste* datasets), and human-computer interaction by processing dynamic human occurrences in videos. Research emphasizes dataset-driven learning—such as the KTH optical action dataset—and semantic integration of lexical cues to improve robustness across diverse human actions."
77,Human-Robot Tactile Interaction Systems,"This topic explores the integration of touch, gesture, and haptic feedback mechanisms to enable seamless human-robot interaction through lightweight, sensitive interfaces. Key research focuses on developing tactile guidance systems—such as touchscreen-based guides, robotic arm controllers, or dexterous grippers—to facilitate intuitive object manipulation in virtual reality (VR) or physical environments. Methods include using pressure-sensitive coatings, robotic kinematics (e.g., JACO or Kinova arms), and VR middleware like OpenVibe to simulate tactile feedback for grasping, dragging, or painting-like manipulations of objects with high fidelity. Applications span robotic-assisted surgery, collaborative manufacturing, and augmented reality applications where real-time visual and haptic cues improve user control over robotic systems or virtual workpieces."
78,Attention-Based Vision Transformers for Cluttered Object Recognition,"This topic focuses on developing hierarchical, self-attentive neural architectures—particularly vision transformers (ViTs) and variants like ViT-S (Vision Transformer Split)—to address inefficient coarse-to-fine feature extraction in visual recognition tasks. Key methods include recurrent or feedforward attention mechanisms applied across layers to emulate neurophysiological localization processes, enabling robust object classification even under occlusions or cluttered conditions. The research evaluates models on diverse tasks such as image token filtering and selective focus, often using synthetic datasets like the Falcon or Neue benchmarks. Transformers with attentive hidden nodes (e.g., self-attention or cross-attention) are compared against traditional perceptron-based approaches to improve accuracy in occluded or complex scenes while balancing computational efficiency."
79,3D Geometric Learning for Object Retrieval,"This topic focuses on developing advanced computational methods for extracting, analyzing, and retrieving geometric and semantic features from 3D point clouds and object sequences to enable accurate shape parsing, motion segmentation, and semantic indexing. Key research revolves around kernel-based transformations, recursive factorizations of geometric invariances, and efficient Poisson-based reconstructions to handle complex shapes and dynamic scenes. Applications span computer vision tasks like object recognition in cluttered environments (e.g., N-TU/Taiwan datasets), robotic welding inspection, and aesthetic-driven retrieval systems for artistic or industrial data. Methods often integrate deep learning frameworks with handcrafted geometric features, emphasizing both manual annotation-driven validation and automated learning pipelines to improve robustness across diverse 3D data modalities."
80,Multi-label sequential classification under noise,"This topic focuses on developing and analyzing supervised learning models that handle multi-label classification tasks where data exhibits sequential dependencies, noisy labels, and sparse or overlapping class distributions. Key methods include conditional random field (CRF)-based approaches, PAC-learning frameworks, and inductive bias assumptions like VC-dimension constraints to manage complexity. Researchers explore cost-sensitive learning strategies, Bayesian inference for label estimation, and noise-robust training techniques such as 1-label-per-instance (1L) or multi-instance learning (MIL) variants. Applications span automated tagging in text, image recognition with overlapping categories, and scalable pattern recognition in high-dimensional noisy datasets, often leveraging structured data representations like bags-of-examples."
81,Multiscale Clustering in Complex Data Systems,"This topic explores hierarchical and spectral clustering techniques applied to large-scale, heterogeneous data—such as web graphs, high-dimensional categorical datasets, or manifold-structured information—often involving scarce labeled samples. Key methods include fuzzy and density-based algorithms (e.g., SOMS, ISOMAP variants), bipartite graph mining for biclustering, and probabilistic frameworks like Shafer-Dempster sampling to resolve metaconflicts in ambiguous domains. Applications span semantic web data extraction from XML, anomaly detection via farthest-means quantization, and scalable clustering of superclusters on distributed workstation/PC networks, with theoretical advancements addressing initialization discrepancies and manifold assumptions."
82,Continual Neural Memory Systems,"This topic explores adaptive learning frameworks where neural networks integrate continual learning principles to preserve past knowledge while accommodating new data, often addressing catastrophic forgetting. Key methods include replay-based techniques (e.g., memory buffers), concept drift detection, and structured algorithms like Kanerva’s SDM or VEGAS restarts that balance speed and retention. Research emphasizes incremental training paradigms, heavy emphasis on associative retrieval mechanisms, and evaluation benchmarks such as UCI datasets or thyroid disease classification tasks to assess robustness against catastrophic forgetting. Applications span lifelong learning in robotics, healthcare diagnostics, and pattern recognition where models must reliably hold past memories while adapting to evolving concepts."
83,Multi-Domain Cybersecurity Governance Frameworks,"This topic explores the integration of cybersecurity strategies across sovereign digital ecosystems, emphasizing interdisciplinary approaches that combine legal frameworks (e.g., ISO standards), organizational partnerships, and adaptive threat response systems. Key methods include developing taxonomies for cyber threats, designing multiplatform security architectures (e.g., firewalls, honeynets), and leveraging AI-driven LLMs to model adversary behaviors or detect vulnerabilities in cloud/software systems. Applications span crisis management for cybercrime, emergency response protocols for critical infrastructure, and educational frameworks for training sovereign entities—often involving realspace simulations like video game-based penetration testing—to enhance resilience against evolving cyber threats while addressing failures in traditional security boundaries."
84,Stochastic Network Control Mechanisms,"This topic explores adaptive congestion control strategies in internet-scale networks, focusing on probabilistic and stochastic methods to optimize packet-level throughput (goodput) under varying conditions like wireless interference, interdomain routing delays, and dynamic traffic bifurcations. Key research revolves around modifying TCP/UDP protocols via rule-based or SDN-driven gateways—such as MTU discrimination, stochastic queueing models in Ethernet/802.11 networks—to mitigate packet loss rate (PLR) and latency while balancing multicast/broadcast efficiency. Applications span wireless backhaul optimization, interdomain congestion avoidance, and stochastic delay analysis under saturated or bifurcated traffic flows, often leveraging stochastic curve fits to predict performance outcomes in high-latency or unreliable environments."
85,Low-rank sparse matrix factorization techniques,"This topic focuses on efficient algorithms for decomposing large, high-dimensional data matrices that exhibit both sparsity and low rank, often through non-negative or multiplicative approaches. Key methods include sparse non-negative matrix factorization (NMF), iterative rank-revealing techniques (like pivoting-based LRR), and log-based estimators to balance sparseness and representational accuracy. Applications span signal processing, portfolio optimization, and dimensionality reduction in machine learning, where such decompositions enable efficient feature extraction or data compression while preserving critical structural properties. Tools like MATLAB/Octave implementations of NMF variants and subspace completion algorithms are frequently leveraged to validate theoretical frameworks."
86,Adversarial LLM Security Attacks,"This topic examines vulnerabilities in large language models (LLMs) and multimodal systems, focusing on deauthentication techniques like the 'Zebra' attack framework to bypass authentication mechanisms, particularly against keyboard/mouse-based or biometric inputs. Research explores adversarial attacks—such as jailbreak prompts, backdoor insertion, and prompt engineering—to exploit flaws in authentication models (e.g., VE, NA, MLAAS) for unauthorized access or data extraction from LLMs. The scope includes evaluating defense mechanisms like passphrase-resistant authentication and attributing blame to adversarial inputs while assessing the effort required for successful exploitation. Applications span cybersecurity, secure AI systems, and mitigating risks in language-based authentication and natural language processing environments."
87,Multiagent Reinforcement Learning Systems,"This topic focuses on the development of adaptive multiagent systems where agents learn cooperative behaviors through reinforcement learning, often in dynamic environments like supply chain management or foraging tasks. Key methods include decentralized decision-making via policy optimization (e.g., MARL algorithms), belief-state tracking for observable interactions, and mathematical modeling of collective equilibrium under game-theoretic constraints. Applications span autonomous manufacturing, emergency rescue operations, and environmental resource allocation, with a strong emphasis on scalable, communication-efficient architectures that balance individual learning with system-wide coordination."
88,Multimodal Ecological Phenotyping from Plant to Marine Systems,"This topic integrates automated image-based classification, deep learning, and sensor-driven phenotyping across diverse biological systems—ranging from agricultural crops (e.g., corn, orchids) to marine bivalves like scallops. Key methods include high-resolution texture analysis via Gabor filters, HMM-based segmentation for planktonic larvae or plant mutants, and hybrid models combining geometrical feature extraction with immunological/ecological datasets. Applications span precision agriculture (phenotyping wild crop variants), ecological monitoring of shellfish populations for conservation, and archaeological studies leveraging soil sensor data to classify ancient grain textures. The interdisciplinary approach bridges computer vision, ecological sciences, and agricultural engineering by developing scalable databases (e.g., OpenCFU) for automated species recognition via deep learning or classical ML classifiers like SVM."
89,Interactive Graph Visualization Systems,"This topic focuses on the development of advanced software platforms and methodologies for transforming graph-based data into dynamic, user-interactive visualizations—often integrating sound (sonification), spatial abstractions, and real-time analytics. Key methods include planar layout algorithms, confluently drawn diagrams, and scalable graphical representations that support both conscious and unconscious user interpretation, such as radial or bubble chart designs. Applications span scientific data analysis (e.g., genomics via UniprotKB tagging) to web-based collaborative tools like m4cave or nemis, where interactive attributes and transitions enable seamless data exploration across diverse domains, including biology, social sciences, and digital humanities."
90,Multi-agent adaptive behavior systems,"This topic explores the design of virtual agent ecosystems where autonomous or semi-autonomous entities—ranging from AI-driven simulations to human-influenced games like RoboCup chess or Starcraft—exhibit emergent behaviors through adaptive parameterisations, constrained logical operations, and interactive exploration. Key methods include ecological modeling (e.g., *ecodynamo*, *unilang*), semiotic conventions for agent communication, and hybrid AI-human game dynamics leveraging LLMs to refine player strategies. Applications span computational biology (biologists’ virtual lab setups), real-time tactical games (RTS, poker), and emergent intelligence studies in online MMORPGs or rock-climbing simulations, often framed through reflexive or emotional agent logic to analyze strategic choices and learning trajectories."
91,Compressed String Algorithms for Bioinformatics,"This topic focuses on efficient string compression techniques, particularly applied to biological sequences like DNA, leveraging algorithms such as Levenshtein distance variants (e.g., Lempel-Ziv), suffix arrays, and pushdown automata-based methods. Key research explores polylogarithmic time complexity for substring matching, longest common subsequence (LCS) optimization, and pseudoknot-aware sequence alignment in compressed representations. Applications span genomic data analysis, error-corrected text compression, and algorithmic challenges like closest permutation or fractional matching in constrained string spaces, bridging theoretical mathcal{ℝ}^ε bounds with practical data-driven problems."
92,Context-Driven Language Learning Mechanisms,"This topic explores how context-sensitive strategies—particularly in natural language processing, machine learning, and computational linguistics—enable adaptive learning frameworks to leverage situational affordances for improved performance. Key methods include fine-tuning LLMs via conditional task induction (e.g., prompt tuning or few-shot ICL), associative compression of linguistic patterns, and meta-learning approaches that optimize model robustness across varied contexts. Applications span automated assistants with dangerously naive assumptions corrected by contextual review, grammatical error correction in text processing, and hybrid Karel-like programming models for structured language tasks. Research emphasizes balancing naively inductive learning with synergetic multimodal integration to enhance efficiency (e.g., ppm-based fractionated training) while mitigating dangers like overfitting or modality mismatches."
93,Renewable Energy Systems Integration with Hybrid Optimization,"This topic focuses on the integration of diverse energy sources—particularly solar, wind, and biodiesel—into smart power grids while addressing challenges like demand forecasting, voltage regulation, and thermal management. Key methods include fuzzy logic for adaptive control, neural networks for real-time learning, evolutionary algorithms (e.g., particle swarm optimization, genetic algorithms) to optimize system performance, and hybrid ARMA-based models for dynamic energy consumption prediction. Applications span grid stability in Victoria’s renewable-rich regions, potable water heating via solar thermal systems, and fault diagnosis in power transmission components like transformers or wind turbine bearings. The research also explores data-driven solutions for missing or incomplete measurements (e.g., vibration analysis of rotating machinery) and hybrid renewable-diesel microgrids to ensure reliability during peak loads or outages."
94,Distributed Asynchronous Consensus Algorithms,"This topic focuses on designing and analyzing multipoint communication protocols in distributed systems, particularly asynchronous networks where nodes operate without a global clock. Key research revolves around consensus algorithms under conditions of partial synchronization, race conditions, and leader election across unreliable or resettable nodes, often leveraging semaphores, strand-based models (e.g., LADA), or gossip-based approaches to stabilize distributed state. Applications span fault-tolerant distributed databases, agent-based systems, and multi-processor coordination, with methods emphasizing log-based reconciliation, paging for memory-efficient communication, and zero-knowledge proofs in race-condition resolution."
95,Dynamic Stochastic Transportation Optimization with Agent-Based Constraints,"This topic focuses on optimizing transportation networks under dynamic, stochastic conditions using agent-based models and constraint-driven algorithms. Key methods include real-time traffic simulation, online bidding mechanisms for commodity flow allocation (e.g., vehicle routing, fleet management), and hybrid heuristic-global optimization techniques like modified versions of the Floyd-Warshall or transshipment problems. Applications span air cargo logistics (e.g., A380/Airbus aircraft door-to-deck delays), electric vehicle charging station networks, congested highway evacuation planning, and stochastic demand-based delivery optimization for services like taxi fleets or EV deliveries. The research emphasizes constraint satisfaction—such as pricing, time deadlines, and energy cost constraints—while integrating hierarchical decision-making (e.g., middlemen agents, market-based contracts) to balance global optimality with local feasibility."
96,Algorithmic Fairness in Microtask Systems,"This topic examines how machine learning algorithms and incentive-driven systems in online platforms—such as crowdsourcing or competitive microtasks—can introduce or exacerbate unfairness, bias, and discrimination across demographic groups. Researchers explore methods to mitigate these issues through randomized techniques, fairness-aware classifiers, and cross-validation strategies that account for disparate outcomes in prediction tasks. Key focus areas include designing unbiased incentive structures, analyzing variance in estimator performance, and validating models against protected attributes like demographics or privacy-sensitive variables. Applications span AI-driven decision-making in competitive environments, ensuring equitable participation in digital platforms while balancing efficiency with fairness constraints."
97,Unsupervised Domain Adaptation in Transfer Learning,"This topic focuses on the study of unsupervised domain adaptation methods where models learn from source domains to generalize to target domains with limited or no labeled data, often leveraging invariant feature discovery and dissimilarity-based techniques. Key research emphasizes preprocessing strategies like dimensionality reduction (e.g., HDA, DICA) and invariant learning (e.g., Hoeffding-based approaches) to mitigate domain shifts, such as those observed in medical imaging (e.g., breast cancer data). Frustratingly simple yet powerful methods—like replacing source features with target-like representations—are frequently explored, while advanced algorithms like DAELM or ODML integrate transfer learning paradigms (UDA) for robust generalization. Applications span cross-domain medical diagnostics, where domain-specific knowledge (e.g., HFA) is elicited to improve classification accuracy under varying data distributions."
98,Pulmonary Embolism Detection via Radiomic and Deep Learning,"This topic focuses on the automated detection, classification, and segmentation of pulmonary embolisms in medical imaging—particularly CT scans and CXR—using advanced radiomics, deep learning architectures (e.g., MFNNCAs, stochastic neural networks), and hybrid probabilistic methods like Monte Carlo simulations. Key methodologies include feature extraction via principal component analysis (PCA) or radiomic sequencers, hidden Markov models for diagnostic classification, and ensemble approaches combining traditional CAD systems with deep neural networks to enhance accuracy in identifying nodules, chest abnormalities, or COVID-19-related pulmonary changes. Research applications span clinical diagnostics, early cancer detection, pneumonia assessment, and real-time radiological decision support, often leveraging stochastic optimization (e.g., CARLO) for uncertainty quantification in diagnostic algorithms."
99,Kernel-Based Statistical Learning in High-Dimensional Spaces,"This topic revolves around the application of kernel methods—particularly radial basis function (rbf) and wavelet kernels—to statistical learning problems within high-dimensional data spaces. Key research focuses on establishing theoretical bounds for estimation accuracy, such as those derived via Cramér-Rao or Fisher information bounds, while addressing challenges like bandwidth selection and dimensionality reduction using orthonormal transforms or subspace methods. Algorithmic innovations include reproducing kernel Hilbert space (rkhs) frameworks, dictionary learning, and manifold-based approaches (e.g., GMM-Kanatani), often leveraging probabilistic models like Gaussian processes or canonical correlation analysis to improve feature extraction and prediction performance. Applications span signal processing (Fourier/transform-based filtering), pattern recognition (ICA, Wiener filters), and structured data regression, with a strong emphasis on balancing computational complexity against statistical efficiency."
100,Adaptive Wireless Network Optimization,"This topic focuses on designing dynamic, energy-efficient wireless networks that optimize routing, reachability, and resource allocation through reinforcement learning (RL) and deep RL techniques. Key methods include adaptive forwarding policies, neural network-based control strategies for satellite and IoT backbones, and hybrid scheduling for video transmission under QoS constraints. Applications span next-generation internet architectures—such as LPWANs, femtocells, and solar-powered constellations—to enhance throughput, minimize handoff latency, and balance energy harvesting in constrained environments like rural or space-based networks. The research integrates physical-layer optimizations (PHY), distributed constraint programming (DCP), and offloading mechanisms to address phenomena like CSMA backoff collisions while ensuring optimal policy-driven performance."
101,Social Network Epistemic Graph Analysis,"This topic explores the structural and functional properties of interconnected social, web-based, or knowledge-sharing networks through graph-theoretic and clustering algorithms. Researchers focus on detecting modularity, hierarchical patterns, and community structures within systems like blogs, weblogs, or music forums using methods such as PARAFAC factorization for tag co-occurrence analysis and folksonomy-based taxonomy detection. Applications span understanding user behavior in web communities, identifying influential nodes in distributed knowledge networks, and modeling emergent hierarchies in collaborative projects. The field bridges computer science with social sciences by analyzing how information dissemination and epistemic structures evolve across digital platforms."
102,Stochastic Finance Modeling with Advanced Sampling Methods,"This topic focuses on the mathematical modeling of financial instruments, particularly derivatives and asset prices, using stochastic differential equations (SDEs) and advanced probabilistic techniques. Key methods include developing hybrid models combining diffusion processes with jumps, fractional Brownian motion, or fuzzy logic to capture market uncertainty better than traditional Black-Scholes frameworks. Researchers often employ numerical integration schemes like Monte Carlo sampling (e.g., Metropolis-Hastings, Hamiltonian Monte Carlo), pathwise integrators (PathInt), and generative modeling approaches (e.g., Langevin dynamics, Gibbs sampling) to estimate volatilities, option prices, or return distributions accurately. Applications span from pricing exotic options under regime-switching regimes to analyzing high-dimensional financial data via Markov chain methods, mixing distributions, and transport-based approximations, with a strong emphasis on scalable algorithms for real-time market analysis."
103,Semantic Knowledge Graph Exploration,"This topic focuses on the development of frameworks, tools, and methodologies for constructing, querying, and analyzing semantic knowledge graphs (KGs) as foundational digital networks. Key research revolves around leveraging graph-theoretic structures—such as directed vertices, relational links, and embedding matrices—to model complex information systems, often rooted in ontologies like RDF/RDFS or OWL. Methods include semantic similarity evaluation (e.g., Jaro, Potts models), entity linking via lateral reasoning, and hybrid retrieval techniques (e.g., KNN-based embeddings) to enhance human-informed knowledge discovery. Applications span bioinformatics (XNRM/XSB datasets), digital library metadata integration (Fedora/NSDL), and large-scale semantic search systems, with a particular emphasis on scalable reasoning and human-centric exploration of informational potentials."
104,Soft Robotics for Adaptive Manipulation,"This topic focuses on the development of flexible, compliant robotic systems—often inspired by biological principles like Physarum polycephalum—that leverage soft materials and novel kinematic designs (e.g., origami-inspired actuators, MEMS-based dampers) to achieve adaptive gripping, force regulation, and dynamic motion in unstructured workspaces. Key methods include hybrid rigid-soft robot architectures with parallel or 6-degree-of-freedom manipulators, pre-programmed or real-time assisting feedback systems (e.g., FFS/EAP-driven actuators), and non-cuspidal joint designs to mitigate wear and friction while enabling wavy, vibrating, or oscillatory motion. Applications span prosthetic rehabilitation, delicate workpiece handling in digital fabrication, and assistive robotic arms for orthopedic surgery, emphasizing applications where traditional rigid robots fail due to limited compliance or complex contact dynamics."
105,Multilingual Document Analysis with Deep Learning,"This topic focuses on advanced machine learning techniques, particularly deep neural networks and boosting-based methods, applied to the analysis of handwritten, scripted, and distorted text from diverse languages—including English, Arabic, Bangla, Farsi, Greek, and others. Key research revolves around optical character recognition (ocr), document segmentation, and content disambiguation using mathematical models like curvelet transforms or backpropagation-based architectures. Applications span bibliographic matching, scene-text extraction, and authentication systems, often leveraging curated datasets from sources such as UCI or SEEREADER. Innovations include hybrid algorithms for robust text recognition in noisy or distorted inputs, emphasizing cross-script learning and adaptive segmentation to improve accuracy across varied linguistic contexts."
106,Web Privacy Infrastructure Evolution,"This topic examines the development of privacy-preserving frameworks across web services, focusing on evolving practices like notice-and-consent mechanisms (e.g., P3P, PUR) and tools such as anonymization, pseudonymous identifiers, and trusted third-party systems. Key methods include analyzing historic data mining, DNS-level protections (PPDNS), and geolocation-based tracking mitigation while addressing concerns around government surveillance, enterprise data access, and cross-platform identity management (SSO). Applications span regulatory compliance (e.g., GDPR), secure commerce via Tor or browser-based solutions like BrowserID, and balancing accessibility with privacy in global contexts like China’s internet policies. The interplay of user-agent logs, device fingerprinting, and RFIDs further highlights how both technical safeguards and systemic trust models shape modern web privacy debates."
107,Autonomous Vehicle Visual Perception Systems,"This topic focuses on the advanced development of computer vision techniques within autonomous driving systems to enable self-operating vehicles to process monochrome and multi-modal visual data. Key methods include neural network-based object recognition, combinatorial edge detection algorithms (e.g., SIFT/SURF), and adaptive wavelet quantization for high-accuracy image and video analysis in traffic scenarios. Innovations often center on optimizing parameters such as ADCs or digital conversion thresholds to improve real-time perception capabilities under dynamic road conditions like lane detection, vehicle plate recognition, or obstacle detection via synchronized visual acquisition datasets (e.g., DURF/ERT). Applications span autonomous navigation, traffic surveillance, and innovative inspection methods for vehicle safety and efficiency, bridging traditional chess-board inspired grid-based vision with modern deep learning-driven solutions."
108,Unsupervised Anomaly Detection in Robotic Environmental Data,"This topic focuses on developing unsupervised machine learning methods to detect anomalies and outliers in robotic sensor data—particularly from sonar, LADAR, video, and wavefield-based systems—across dynamic or complex environments. Key research revolves around subspace-based filtering, dimensionality reduction techniques (e.g., LDOF, DCA), and ensemble models (like OC-SVMs) to identify grossly deviant propagating stimuli or material anomalies without labeled training data. Methods often leverage scattered data distributions, deep learning architectures, or hybrid approaches (e.g., VKDES, OCSMMs) to refine feature extraction from real-world robotic interactions, enabling adaptive habituation and robust anomaly detection in unstructured or adversarial conditions."
109,Wireless HOC Routing in Mobile WSNs,"This topic examines hierarchical overlay control (HOC)-inspired routing protocols optimized for wireless sensor networks (WSN) with high mobility, focusing on energy-efficient, fault-tolerant approaches. Key methods include hybrid multicast/anycast strategies leveraging contact-based gossip or rendezvous mechanisms to minimize flooding while preserving scalability, often integrated with OpenFlow Protocol (OFP)-inspired overlays for dynamic topology adaptation. Applications span IoT-driven emergency response systems, mobile ad-hoc networks (MANETs) for disaster recovery, and energy-constrained WSNs where protocol overhead must align with limited node power and communication bandwidth."
110,Gender Bias in NLP Systems,"This topic examines how natural language processing systems—particularly large language models—inherently reflect, amplify, or perpetuate gender biases present in human linguistic corpora and societal structures. Key research focuses on quantifying these biases through word embeddings, dialogue analysis, and debiasing techniques, often using datasets like Wikipedia biographies to reveal systematic stereotypes favoring male over female representations. Methods include evaluating model outputs (e.g., character descriptions, debate responses) for gendered language patterns, crowdsourcing studies, and comparing human versus machine-generated text for unconscious bias. Applications span correcting biased LLM outputs, designing fairer NLP pipelines, and understanding how social media conversations or political debates propagate gendered biases in real-time interactions."
111,Secure IoT Wireless Network Trust Mechanisms,"This topic focuses on developing robust security frameworks for Internet of Things (IoT) and wireless sensor networks, emphasizing trust, authentication, and privacy in distributed environments. Key research revolves around designing incremental protocols—such as beacon-based or reputation-driven schemes—to enhance secure communications among dishonest or malicious nodes while preventing attacks like traceback or key compromise. Methods include hybrid encryption techniques (e.g., combining signature-based and password-resistant signatures), adaptive routing protocols, and cooperative trust models leveraging sensor data from ocean or terrestrial IoT devices. Applications span underwater networks, wireless sensor deployments in harsh environments, and scalable authentication for large-scale IoT ecosystems where incremental redesigns maintain performance under evolving threats."
112,Multilingual Text Preprocessing and Plagiarism Detection,"This topic focuses on the systematic extraction, normalization, and analysis of key phrases, multiword expressions (MWE), and collocations from diverse languages—including English, Chinese, Arabic, and Indian languages—to enhance machine learning tasks like text segmentation, cleaning, and ontology development. Key methods involve leveraging combinatorial phrase discovery algorithms (e.g., Halteren’s approach), CRF-based models, and lexicon-driven techniques to identify MWE candidates while addressing challenges like stemming, elision normalization, and corpus entry cleaning. Applications span plagiarism detection in academic writing, authorship attribution across languages, and AI-generated text verification, with a strong emphasis on robustness against noisy or generated inputs (e.g., LLMs). The research also explores cross-lingual linkability and style-based analysis to improve interoperability between human and machine-generated texts."
113,3D Object Recognition with Probabilistic Active Learning,"This topic focuses on developing advanced probabilistic frameworks for recognizing and reconstructing 3D objects from multi-view RGB images or point clouds, emphasizing active learning techniques to improve segmentation, pose estimation, and detection under varying conditions. Key methods include Bayesian inference, truncated hypothesis testing, and nonmyopic optimization to handle partial or noisy data, often leveraging sensor inputs like those from robotic platforms (e.g., PR2). The approach integrates scene generalization across 2D/3D views, fine-grained shape analysis, and probabilistic segmentation to enhance robustness in dynamic environments. Applications span autonomous robotics, augmented reality, and real-time object tracking, with a particular emphasis on improving learning efficiency through adaptive sampling strategies."
114,Post-Quantum DNA-Based Cryptographic Schemes,"This topic explores cryptographic systems leveraging DNA sequences and chaotic symbolic transformations to resist classical and quantum attacks, particularly focusing on noninvertible encryption models. Key methods include the use of DNA-based pseudorandom bit generators (PRBGs), homomorphic encryption over symbolic tiles, and hybrid schemes combining elliptic curve cryptography with assembly-level oracles for enhanced security. Research emphasizes constructing secure key derivation via chaotic systems while mitigating vulnerabilities in traditional ciphertext analysis, often benchmarked against standards like RS-93/RS-97. Applications span bioinformatics, secure data storage, and post-quantum-resistant authentication protocols where DNA-like structures provide robust cryptographic primitives."
115,Neuro-Symbolic Cognitive Agent Design,"This topic explores the integration of biological-inspired neural mechanisms with symbolic reasoning in artificial agents, bridging neurocomputational models and cognitive theories to achieve human-like autonomy. Key research focuses on hybrid systems combining dopamine-driven learning (dopaminergic systems) with symbolic processing (e.g., universal laws, Turing-computable logic), often framed through animats or evolvable agents like MACIPS. Applications span cognitive robotics—where physical-tongue interfaces enable speech and language modeling—and the study of consciousness as an emergent phenomenon in artificial minds, particularly within CNS-inspired frameworks. Definitions of intelligence and self-awareness are re-examined via solomonoff aleatoric complexity and immune-system-inspired mechanisms for knowledge acquisition, while phenomena like belief and thought are modeled through acausal or symbolic neural networks. Publications often appear in AI/neuroscience journals (e.g., HMS proceedings) and conferences, emphasizing hybrid theories that challenge traditional AI paradigms."
116,Advanced Database Query Logic Systems,"This topic focuses on the development of sophisticated query processing frameworks in relational, XML, and semantic web databases that integrate logic-based reasoning, paraconsistent semantics, and metaquerying capabilities. Key methods include using deductive systems like Datalog or disjunctive logic for handling complex queries, materialized views for performance optimization, and reductions to SAT solvers (e.g., STP) for efficient query evaluation. Applications span web data integration via RDF/SPARQL, OLAP analytics through XQuery/XPath, and integrity-preserving revisions in relational databases with conjunctive or disjunctive constraints. The interplay of these techniques enables scalable, expressive querying while addressing challenges like skyline computation, ontology alignment, and belief revision under uncertain or inconsistent data."
117,Ubiquitous Health IoT Ecosystems,"This topic centers on the integration of internet-of-things (IoT) technologies within ubiquitous health care systems, emphasizing real-time context-aware monitoring and adaptive service delivery across wireless, mobile, and sensor-enabled environments. Key research focuses on semantic interoperability among IoT devices—such as RFID, WSNs, and camera-based sensors—to enable secure, personalized telemedicine applications in diverse settings like homes or mines. Methods include SOA-driven architectures for dynamic resource allocation, contingency-based deployment strategies (e.g., ad-hoc or hoc deployments), and hybrid naming systems to anchor data across heterogeneous platforms. Applications span energy-efficient healthcare monitoring in remote regions (e.g., Bangladesh) while addressing cybersecurity risks, maintenance challenges, and uninstalled device reliability. The observatory aspect involves large-scale data analytics from ubiquitous computing interactions to predict health outcomes or optimize service workflows, bridging gaps between smart home technologies and broader cyber-physical systems."
118,Neural Signal Decoding via EEG/MEG Techniques,"This interdisciplinary field combines electroencephalography (EEG) and magnetoencephalography (MEG) to decode brain activity patterns for clinical, cognitive, and neuroprosthetic applications. Key methods include independent component analysis (ICA), convolutive source separation, and polynomial-based signal processing to isolate neural mixing artifacts or epileptic seizures from raw EEG/MEG data. Applications span real-time seizure prediction in newborns, motor control decoding for brain-computer interfaces (BCIs) like speller systems, and haptic feedback integration through evoked potentials. Research also explores tonotopic mapping, Granger causality analysis, and evoked response templates to enhance classification accuracy across diverse subjects, including those with epileptic conditions or during sleep studies."
119,Variational Autoencoder Disentanglement,"This topic focuses on the application of variational autoencoders (VAEs) and related generative models to achieve disentangled latent representations in deep learning, particularly for structured data analysis. Key methods include using variational inference techniques—such as the Blahut-Arimoto information-theoretic optimization—to minimize distortion while preserving meaningful signal information across latent variables. The research emphasizes configurations like conditional factor graphs (CFGs) and latent variable models (LVMs), often leveraging maximum likelihood estimation or subset optimization strategies to improve model training. Applications span unsupervised feature learning, domain adaptation, and probabilistic generative modeling, where disentanglement enables interpretable and robust representations for tasks like image synthesis, causal inference, and anomaly detection."
120,Combinatorial Auction Mechanisms in Digital Markets,"This topic explores advanced auction-based mechanisms—particularly combinatorial auctions—for optimizing revenue, allocation, and welfare in digital retailing and advertising markets. Key research focuses on designing truthful, incentive-compatible algorithms that handle bundling of goods or ad slots while accounting for complex valuations by bidders (e.g., advertisers or shoppers). Methods include theoretical analysis of mechanism design, empirical evaluations of auction performance under heterogeneous buyer preferences, and integration with multi-armed bandit techniques to balance exploration/exploitation in dynamic environments. Applications span e-commerce bundling, sponsored ad auctions (like Google AdWords), price arbitrage optimization, and welfare-maximizing market allocation for goods or services sold via online platforms."
121,Opinion Mining with Sentiment & Aspect-Based Analysis,"This topic focuses on extracting, classifying, and analyzing sentiment polarity—ranging from positive to negative—within customer reviews, social media text (e.g., tweets), and annotated datasets like SentiWordNet or Ontoclean. Key methods include shallow lexicon-based techniques (e.g., word embeddings, WordNet synsets) alongside advanced frameworks like Bayesian classifiers, aspect-based sentiment analysis (ABSA), and cross-lingual approaches (e.g., Bengali sentiment modeling). Applications span product reviews, movie critiques, spam detection, and ideologically biased opinion identification, often leveraging collective annotations or fine-tuned models for nuanced tone classification. The scope bridges text mining, natural language processing, and social media analytics to automate sentiment-driven decision-making in customer-centric systems."
122,Distributed Cloud-Fog Resource Management Systems,"This topic focuses on the design and optimization of distributed computing architectures spanning cloud, edge, fog, and IoT layers to efficiently manage resources like storage, processing, and energy across utility-driven grids. Key methods include service-oriented frameworks (e.g., TerraService), hybrid provisioning models (monolithic vs. microservices), and economic allocation strategies for dynamic resource allocation under QoS constraints. Research emphasizes multi-tenancy utilities—such as USDA or industrial grid simulations—to balance cost, latency, and reliability while leveraging cloudsim, DawningCloud, or edge-computing toolkits for scalable provisioning of virtual machines and IoT devices. Applications span smart energy grids, industrial automation, and community-driven distributed computing networks, often evaluated through case studies like the Tukwila Fort Collins experiment."
123,Multilingual Multimodal Document Summarization Systems,"This topic explores advanced systems for generating concise, contextually relevant summaries across diverse languages (including Bengali and Arabic) by integrating encyclopedic knowledge, user-specific preferences, and evolving document structures. Key methods involve hybrid extractive-abstractive summarization techniques, such as LexRank or BIRD models, leveraging ROUGE metrics to evaluate quality while addressing challenges like topicality and multilingual lexical ambiguity. Applications span web search engines, medical databases, and XML-stored knowledge warehouses, emphasizing tasks like multidocument summarization, synchronic/diachronic event analysis, and LLMs-enhanced content generation for readers or searchers. The research also examines how mixed data sources (e.g., partitioned databases) and evolving user interactions shape summarizability, with a focus on specific medical or encyclopedic specifications."
124,Dynamic Heterogeneous Scheduling Optimization,"This topic focuses on the efficient design of scheduling algorithms for systems with heterogeneous resources, where jobs or tasks must be optimally allocated across multiprocessor or multiprocessor-like environments under various constraints—such as static or preemptive deadlines, energy efficiency, and mixed online/offline formulations. Key methods include advanced heuristic approaches (e.g., rounding techniques, approximation algorithms), exact polynomial-time solvers for constrained problems like flowshop scheduling, and hybrid models blending bin packing with task redistribution to minimize makespan or resource bounds. Applications span real-time embedded systems, cloud computing workloads, and energy-constrained IoT devices, where schedulability analysis and preemptive strategies ensure timely execution while balancing computational load across heterogeneous nodes."
125,spatiotemporal video processing techniques,"This topic focuses on advanced methods for analyzing, manipulating, and enhancing video data through frame-level transformations like shake correction, blur reduction, and motion stabilization using Fourier-based or diffusion-driven approaches. Key research revolves around extracting regions of interest (ROIs) via intra-frame or inter-frame projections to improve camera calibration or hyperlapse generation while preserving temporal coherence. Techniques often leverage generative models for dynamic colorization, magnification, or seamless editing—bridging image processing with video synthesis—with applications in real-time visual effects, augmented reality, and automated content creation pipelines."
126,Advanced Network Intrusion Detection & Prevention Systems,"This topic focuses on the design, implementation, and optimization of sophisticated network security mechanisms centered around intrusion detection and prevention (IDS/IPS) systems. Key research revolves around representing firewall rules using boolean satisfiability problems or binary decision diagrams (BDDs), leveraging anomaly-based learning models to detect intrusions in real-time traffic patterns, and integrating time-series analysis techniques like Hurst exponent and log-scale metrics to identify abnormal dependencies in cyberattacks. Methods include dependency-aware rule evaluation, hybrid detection systems combining signature-based and machine-learning approaches, and specialized architectures for VoIP, SCADA/IoT environments to prevent denial-of-service (DoS) or distributed denial-of-service (DDoS) attacks. Applications span large-scale network monitoring, automated intrusion response via adaptive firewall policies, and cyber-physical system security, with evaluations often benchmarked against attack simulations like AITF or STIDE frameworks."
127,Semantic Humanities Data Processing,"This topic focuses on integrating semantic technologies with humanities research, particularly in processing unstructured and semi-structured data—such as XML documents, web archives, and textual sources—to enable advanced querying, annotation, and knowledge extraction. Key methods include the use of RDF/SPARQL for semantic graph representation, XSLT/XPath transformations, and pragmatically designed query languages (e.g., SPM) to handle complex relational and hierarchical data. Academic work often leverages LLMs in conjunction with structured ontologies (like OWL/NaturalOWL) to improve interpretive search across diverse information sources, including wikis and humanities archives, while addressing challenges like spurious results or logical inconsistencies. Applications span digital humanities projects, corpus linguistics, and the development of pragmatic query engines for archival data, bridging traditional database systems with semantic web frameworks."
128,Multi-object Tracking with Occlusion Handling,"This topic focuses on developing advanced algorithms and systems for tracking multiple dynamic objects—such as vehicles, aircrafts, or particles—in complex environments like video streams or sensor networks. Key methods include association-based trackers (e.g., MHT), polynomial trajectory modeling, and manifold learning to handle occlusions and appearance changes across frames. Research emphasizes real-time implementations using visual sensors (cameras) and hybrid filtering techniques, often benchmarked against datasets like MOT challenges, while addressing domain-specific variations such as airborne or microbial motion. Applications span autonomous systems, surveillance, robotics, and even biological tracking in organisms like *Drosophila* or gliding bacteria (*Xanthus*), bridging computer vision with domain-independent hypothesis testing."
129,Computational Grammar and Discourse Processing,"This topic focuses on the development of advanced parsing techniques, syntactic and semantic analysis methods, and their applications in natural language processing (NLP) across diverse domains. Key research centers on formal grammars, parser architectures like Packrat or minimalist models, and the integration of dependency-based and treebank-driven approaches to handle complex sentence structures, anaphora resolution, and discourse coherence. Semiring algorithms, structured probabilistic models, and hybrid systems (e.g., combining syntactic parsing with semantic tagsets) are central to advancing accurate language understanding in biomedical corpora or large-scale translation tasks. The field also explores interdisciplinary connections between formal grammars, machine learning, and corpus linguistics, often leveraging annotated datasets like ICMAUS or SP61 to refine models for structured output generation."
130,Distributed Optimization in Stochastic Networked Systems,"This topic focuses on scalable, decentralized optimization techniques applied to dynamic networked systems where surface-level interactions—such as wireless sensor networks or distributed leaderboards—drive fluctuating arrivals of data under stochastic constraints. Key methods include verifiably convergent algorithms like gradient descent variants (e.g., SGD), Lagrangian-based constrained solvers, and expert advice frameworks for perturbed ensemble learning, often leveraging separable convex functions to ensure convergence in parallelized computations. Applications span wireless sensor networks requiring real-time consensus under noisy communication, federated optimization for privacy-preserving machine learning, and stochastic control problems where expert players (e.g., RL agents) iteratively refine weights via distributed subroutines like gossip protocols or Newton’s method variants. The interplay of macroscopic network topology (spanners, rhombus structures) with microscopic sensing and computation limits often necessitates hybrid approaches combining deterministic optimization (e.g., DCOP) with stochastic approximations (RLS), while ensuring convergence guarantees under perturbed or adversarial conditions."
131,Probabilistic Graphical Model Inference,"This topic centers on the study of probabilistic graphical models—particularly Markov and Bayesian networks—as frameworks for representing, reasoning with, and inferring uncertain knowledge in complex systems. Key methods include loopy belief propagation, variational approximations (e.g., PFNNs or Bethe ansatz expansions), and hybrid quantum-classical approaches to approximate inference under high-dimensional dependencies or discrete distributions. Applications span diagnostic reasoning in healthcare (e.g., probabilistic diagnosis networks for rare diseases), AI program synthesis via probabilistic logic programs, and scalable learning of latent variable structures from data with separabilities or independencies. The field emphasizes formalizing coherence between beliefs, evidence, and model assumptions while addressing idealized approximations (like Markovian or classical limits) to bridge theory and practical computation."
132,medical shape registration via invariant manifold methods,"This topic focuses on developing advanced techniques to align medical images—particularly CT and MRI scans of anatomical structures like the prostate, bladder, or brain—using differential geometric methods. Key approaches include leveraging nonlinear transformations (e.g., quaternion-based rotations, multiresolution deformations) and invariant properties such as eigendecomposition, Gaussian processes, or tangent-space matching to handle discontinuities and unorganized data points. The research emphasizes fast, selective, and robust registration algorithms, often incorporating selective thresholding or landmark-based methods, to improve accuracy in catheter placement, biopsy guidance, or surgical planning. Applications span clinical workflows for pedicle screw placement, prostate cancer treatment, and neuronal imaging, where precise spatial correspondence is critical despite inherent variability in anatomical shapes."
133,Social Emotion-LLM Interaction Analysis,"This topic focuses on the study of how large language models (LLMs) interact with human social media content—particularly blogs, forums, and posts—to extract, infer, and analyze emotional, sarcastic, and humorous expressions. Key methods involve leveraging keyword extraction from heterogeneous communication chains (e.g., consecutive comments), sentiment and emotion classification using affective lexicons, and emoji-based sentiment analysis to uncover interpersonal dynamics. Research explores how LLMs can model commonsense reasoning about emotions, personality traits, and sarcasm in human discourse while addressing challenges like empathy and contextual understanding in automated conversational systems."
134,Smart Urban Mobility Networks,"This topic explores how digital technologies—particularly mobile data, GPS tracking, and IoT-enabled devices—reshape urban and rural mobility patterns by integrating real-time schedules, location-based alerts, and social networks to optimize transportation systems. Key research focuses on modeling spatial-temporal relationships in city traffic, carpooling platforms like Bicing, and the economic impacts of gig economy services (e.g., ride-sharing) on employment and poverty reduction. Sociological studies examine how mediated mobility data influences community cohesion, disaster risk mitigation, and urban agglomeration dynamics, often using large-scale datasets (e.g., BGp routing tables for network analysis or TVC traces for traffic flow). Portland and Cleveland serve as case studies for evaluating accessibility improvements via smart infrastructure, while rural-urban mobility gaps are analyzed through transpatial data integration. Applications span predictive modeling of travel risks, optimizing local markets, and designing adaptive transportation policies to balance efficiency with equity."
135,Multimodal Affective Interaction Analysis,"This research focuses on studying how human emotions, personality traits, and cognitive decision-making are encoded across multiple sensory modalities—such as speech, audio (pitches, MIDI), and perceptual features—to enhance conversational engagement systems. Key methods include multimodal signal processing, machine learning approaches like SVM and SER-based classifiers, and neurobiological modeling of arousal and valence ratings to decode emotional temperament and decision-making dynamics in real-time interactions. Applications span affective computing for personalized music recommendation, call-friend sentiment analysis, and adaptive educational platforms that leverage emotional recognition to improve learning outcomes by dynamically adjusting content modalities."
136,Wavelet-Based Multimedia Lossless Coding,"This topic focuses on advanced lossless or near-lossless compression techniques applied to images, video, and multimedia data using wavelet transforms—particularly zerotree and multi-resolution subblock-based methods. Key research explores hybrid coding schemes (e.g., combining wavelet decomposition with Huffman, LZ77/LZW, or Burrows-Wheeler Transform variants) to optimize bitstream efficiency while preserving perceptual quality. Methods like perceptual distortion modeling, geometric texture representation via dilation/erosion, and adaptive quantizers are central, often evaluated against standards such as JPEG (lossy) or HEVC (scalable). Applications span real-time multimedia transmission, digital archiving of high-resolution images/videos, and robust encoding for edge devices. Proposed algorithms frequently integrate motion compensation, depth-based subblock processing, or novel flavor-specific optimizations to balance compression rate and fidelity."
137,Markov-Based Model Optimization,"This topic revolves around the systematic optimization of Markov-based models—particularly hidden Markov models (HMMs) and their variants—for tasks like sequence alignment, language modeling, and pattern recognition. Key methods include entropy-driven pruning to reduce model complexity while preserving predictive performance, iterative refinement techniques such as Viterbi alignment or backoff-based ranking, and specialized algorithms like ADMM for regularization in bipartite or generalized models. Experimental evaluations often compare relative performance gains of tuned hyperparameters (e.g., tuning likelihood via log-emission splits) against baseline methods, with applications spanning bioinformatics (Fasta alignment), natural language processing (LLMs/NNLMS), and memory-efficient parallelized implementations. Advanced approaches like LORA or topological optimizations further enhance scalability for large-scale instances, bridging theoretical Markov theory with practical software packages."
138,Adaptive Deep Super-Resolution Techniques,"This topic focuses on advanced neural network-based methods for enhancing low-resolution (lr) images into high-resolution (hr) versions, often leveraging adaptive techniques like sparse coding, wavelet transforms, and deep learning architectures such as PNNs or MLPs. Key research emphasizes domain-specific adaptations—such as image sequence processing, superresolution via nullors or voltage-based nodal modeling—and hybrid approaches combining convolutional neural networks with diffusion models or convex optimization for improved hallucination-free reconstruction. Applications span computer vision, medical imaging (e.g., Herschel-inspired preprocessing), and real-time adaptive sensing, with metrics like PSNR/SSIM guiding evaluation while innovations in ISR (image super-resolution) push boundaries toward near-lossless hr image generation."
139,Low-Density Parity-Check (LDPC) Decoding Optimization,"This topic focuses on the study of low-density parity-check (LDPC) codes and their efficient decoding via interleaver-based reordering techniques, particularly in binary erasure channels. Researchers explore binary decision diagrams (BDDs), BDDs for encoding/decoding circuits, and hybrid approaches like turbo-like ensembles to improve error correction performance. Key methods include structured LDPC decoding with bit-error correction (BEC) extensions, parity-check optimization via density evolution, and hardware-efficient decoder architectures (e.g., LDLC-style parallel decoders). Applications span wireless communications, memory storage systems, and fault-tolerant computing where capacity-approaching error correction is critical."
140,Socially Adaptive Human-Robot Interaction Design,"This topic explores the dynamic interplay between human-child or human-adult interactions with socially intelligent robots, focusing on adaptive behaviors like neotaxis and habituation to enhance engagement and therapeutic outcomes. Key methods include algorithmic gesture recognition, semiotic interface design, and personalized interaction algorithms that adjust based on user responses and behavioral cues. Research emphasizes applications in autism therapy, child empowerment, rescue scenarios, and social trust-building, often using mobile or mounted robots in controlled testbeds like homes or nightstand setups to study long-term engagement patterns and privacy considerations."
141,Topological Data Analysis for Multidimensional Structures,"This topic focuses on applying topological methods—particularly persistent homology, simplicial complexes, and filtration-based analysis—to study the intrinsic geometric and structural properties of complex data sets across multiple scales. Key techniques include Rips filtrations, Morse theory, and multi-scale persistence to extract features like connected components, voids, and higher-order interactions in digital or continuous spaces, such as protein structures, urban planning diagrams, or electron microscopy data. The analysis often employs combinatorial grids (e.g., quadtrees, cubetrees) and geometric primitives (e.g., Voronoi cells, isovists) to decompose high-dimensional data into topological skeletons, enabling insights into dimensional reduction, motion pathways, or conformal transformations in computational biology, urban informatics, or machine learning feature extraction. Applications span from protein folding dynamics via topological descriptors to reconstructing urban mobility patterns through persistent homology of movement trajectories."
142,Smart Wearable Elder Care Monitoring,"This topic focuses on developing advanced pervasive computing systems that leverage wearable sensors, accelerometers, and gesture/sound recognition to continuously monitor the health behaviors of elderly individuals in homecare settings. Key methods include machine learning for real-time activity and posture analysis, hybrid sensor fusion (e.g., IoT devices like smartphones or smart rings), and adaptive AI models trained on abnormal human behaviors to detect early signs of illness or sleep disturbances. Applications span proactive care coordination with caretakers via automated alerts, personalized health interventions, and seamless integration into assistive robotics for autonomous task assistance in residential environments."
143,Optimization in stochastic search algorithms,"This topic explores computational methods for solving complex optimization problems—particularly in biologically inspired search strategies—by leveraging probabilistic, Bayesian, and evolutionary principles. Key focus areas include adaptive sampling techniques like simulated annealing, genetic algorithms, or stochastic gradient descent variants to handle uncertainty and high-dimensional parameter spaces in domains such as odor plume tracking or robotic decision-making. The research emphasizes parallelizable, low-variance optimization heuristics (e.g., hybrid Monte Carlo methods) while addressing tradeoffs between model fidelity (e.g., Ising-model-inspired surrogate functions) and computational cost, often framed through extremal or variational problems. Applications span bioinspired robotics (e.g., moth optomotor-driven navigation), statistical machine learning for uncertain environments, and adaptive control interfaces in engineering systems where fast convergence is critical despite noisy or non-convex objectives."
144,Hybrid Safety-Critical Control Systems,"This topic focuses on the rigorous verification of hybrid systems—particularly those combining continuous dynamics (e.g., pendulums, vehicle motion) with discrete events (e.g., software failures, controller switches)—to ensure safety under unpredictable or adversarial conditions. Key methods include formal specifications via Esterel-like temporal logic, Lyapunov-based stability proofs for nonlinear domains, and hybrid automata with reachability analysis to model unsafe states like crashes or uncontrolled excursions. Applications span critical fields such as avionics, autonomous vehicles, and robotic engines, where certifiable safety guarantees (e.g., via HCI or ELM tools) are mandatory under constraints like convexity or exponential bounds on state spaces. Reinforcement learning (RL) and model predictive control (MPC) also intersect with this research to optimize policies while enforcing barrier conditions that prevent unacceptable failures."
145,Urban Mobility Data-Driven Traffic Forecasting,"This topic focuses on leveraging high-resolution spatio-temporal data from vehicular networks, including GPS logs, webcam captures, and telecommunication records (e.g., telcos’ customer trajectories), to model urban mobility dynamics. Key methods involve time-series analysis—such as ARFIMA/ARMA models for temporal patterns and log-logistic distributions for traffic intensity—combined with graph-based approaches to represent road networks and passenger flows. Applications span real-time traffic prediction, optimizing public transit (e.g., bus schedules), and enhancing smart city infrastructure by integrating multimodal data (cars, buses, pedestrians) to improve mobility affordability and reduce congestion. Research often emphasizes scalability for large-scale urban datasets while addressing challenges like privacy in webcam or GPS-based queries."
146,Tactical UAV-Driven Wireless Network Optimization,"This topic examines the integration of unmanned aerial vehicles (UAVs) and expanded wireless networks for tactical applications, focusing on real-time search, coverage, and communication strategies. Key methods include dynamic deployment of UAVs at variable altitudes to enhance ground-to-air and inter-UAV (d2d) communication under 5G constraints, leveraging advanced reasoning algorithms to optimize flight trajectories and energy efficiency. Applications span military operations, disaster response, and smart infrastructure monitoring, where UAV swarms enable resilient wireless networks by balancing destruction risks with strategic coverage expansion while addressing user mobility and network reliability challenges."
147,Intelligent Fault Detection in Industrial Systems,"This topic focuses on developing advanced algorithms and neural network-based methods to detect, diagnose, and classify faults in complex industrial systems—ranging from automotive engines and aerospace turbines to manufacturing machinery and submarine actuators. Key research emphasizes fuzzy relational logic, immune-inspired learning paradigms (e.g., ANNs, NNs, RBFs), and hybrid approaches combining wavelet transforms, deep learning, and contextual data normalization for fault identification under uncertainty or discontinuous conditions. Applications span real-time monitoring of electrical motors, CNC/NC systems, semiconductor manufacturing defects, and structural fatigue in aircraft or submarine components, with a strong emphasis on reliability-driven maintenance strategies and automated diagnostic tools for technicians. The field integrates hybrid signal processing (e.g., pseudomodal response analysis) with adaptive fault-tolerant control algorithms to minimize downtime while balancing computational efficiency."
148,Low-Light Image Processing Techniques,"This topic focuses on developing computational methods to enhance, reconstruct, and analyze low-light images—particularly in challenging environments like nighttime or poorly illuminated scenes. Key research emphasizes histogram equalization, illumination correction, and noise reduction using techniques such as local adaptive thresholding, deconvolution algorithms, and structured light-based sensors. Methods often leverage oversampled data, structural similarity metrics (SSIM), peak signal-to-noise ratio (PSNR), and advanced digital notation to improve image quality while preserving content integrity. Applications span real-world scenarios like autonomous vehicle imaging, remote sensing for earth observation, and consumer photography, with a strong emphasis on balancing computational efficiency with perceptual quality improvements."
149,Multiscale Financial Network Dynamics,"This topic explores the intricate interplay between financial markets, asset pricing behaviors, and their emergent properties across multiple scales—from individual stocks to global indices—using symbolic, heuristic, and machine learning approaches. Key research focuses on identifying anticorrelations in trading series, modeling subdiffusive price dynamics, and leveraging neural networks or ensemble strategies for forecasting returns and volatility. Applications span adaptive portfolio optimization, contagion detection in financial networks (e.g., crude oil markets, forex, or regional exchanges like Tehran’s), and understanding phenomena such as the Parrondo effect or grey-system behaviors in speculative environments. Data-driven methods—including deep learning, dynamic network analysis, and fractal-based models—are central to uncovering patterns like turnover-driven price adaptation or cross-market dependencies (e.g., North Sea oil markets)."
150,Cross-lingual Named Entity Resolution,"This topic focuses on the systematic identification, normalization, and disambiguation of named entities across diverse languages—particularly Japanese, German, and English—using shared and independent datasets. Key methods include leveraging linguistic annotation (e.g., NER corpora like CONLL), metonymy/synecdoche resolution via statistical models (e.g., supervised classification with gazetteers or abbreviation normalization), and zero-resource approaches for underrepresented languages. Applications span text mining, coreference resolution, and automated news aggregation, with a strong emphasis on benchmarking frameworks (e.g., TagMe, Wikipedia-based datasets) to evaluate performance metrics like entity identification accuracy and mention linkage precision."
151,Temporal Video Object Segmentation Analysis,"This topic focuses on the systematic study of extracting, quantifying, and analyzing moving objects in video sequences through advanced image processing techniques. Key methods include foreground-background subtraction, corner detection, and graph-based segmentation to isolate dynamic elements like vehicles or animals from static backgrounds, often leveraging compressed video data for efficiency. Applications span autonomous systems, surveillance, and assistive robotics, where repeatable and occlusion-resistant object detectors improve real-time decision-making in unstructured environments. Frame-by-frame analysis with temporal consistency ensures accurate tracking of objects across clips, while shadow and border refinement enhances detection accuracy in complex scenes."
152,Neural Network Pruning and Compression,"This topic focuses on the systematic reduction of neural network complexity through structured pruning techniques—such as explicit removal of undesirable nodes or weights—to balance computational efficiency with model accuracy. Key methods include incremental, piecewise, and periodically applied pruning strategies, often leveraging regularizers like L1/L2 norms to enforce sparsity while preserving critical knowledge representation. Backpropagation-based training frameworks (e.g., AlexNet-inspired CNNs) are frequently adapted for iterative extraction of pruned submodels, with applications in low-power edge devices or memory-constrained environments. Advanced techniques integrate convolutional neural networks (CNNs), multi-branch networks (MBN), and phase-based modulation principles to optimize capacity while maintaining peak performance across QPSK/QAM modulations. Knowledge distillation via bootstrapping and codebase reuse further refines pruned architectures, enabling trade-offs between model sparsity and computational efficiency in hardware-agnostic or domain-specific deployments."
153,Cooperative Wireless Relay Networks,"This topic focuses on the design of multi-hop wireless communication schemes where nodes cooperate to improve channel reliability, spectral efficiency, and diversity gains by relaying signals through decode-and-forward or amplify-and-forward strategies. Key research revolves around optimizing relay selection, cooperative coding techniques (e.g., lattice-based deep JSCC), and bounds analysis under fading conditions to maximize achievable data rates while managing wireless channel constraints. Applications span next-generation wireless networks, IoT deployments, and satellite communications, where decentralized cooperation enhances robustness against interference and node failures."
154,Multiscale Image Restoration via Hybrid Filtering,"This topic focuses on advanced techniques for restoring degraded images—particularly those affected by noise, distortion, or underwater conditions—using a blend of traditional and modern signal-processing methods. Key approaches include multiscale filtering (e.g., polyphase GCFs), particle-based residual modeling, and hybrid diffusion kernels to handle mixed distortions like decimation and blurring. Underwater imaging restoration often incorporates adaptive thresholding (e.g., multinomial or Hough-based edge detection) and non-local means (NLM)-inspired learning for noise reduction. Multiscale methods leverage frequency-domain transforms (FT1/FT2), Gaussian-based priors, and deep-learning hybrids to refine noisy or corrupted images while preserving structural details like edgels. Applications span medical imaging (MRI), underwater sensor data, and high-resolution satellite imagery, emphasizing efficiency in both analytical and learned-based pipelines."
155,Adversarial Backdoor Attacks in Deep Learning,"This topic explores malicious techniques where adversaries inject subtle, unconsciously detectable triggers into machine learning models—particularly deep neural networks—to manipulate their classification behavior for hidden, secretive purposes. Key methods include poisoning training datasets with backdoored examples or adversarial attacks that embed stealthy patterns (e.g., pixel-level perturbations) to ensure classifiers misclassify inputs containing specific 'secrets' while preserving nominal performance on clean data. Research focuses on identifying and mitigating these covert mechanisms, such as analyzing ascertainable attack signatures in model outputs or computational behaviors, alongside defenses like trigger detection, sanitized training pipelines, or adversarial robustness enhancements. Applications span cybersecurity, where models may be weaponized against confidential systems (e.g., facial recognition, autonomous vehicles), and foundational studies on the limits of unsupervised learning under adversarial influence."
156,Advanced Mobile Network Architectures,"This topic focuses on the evolution of wireless and optical network architectures designed to support seamless mobility, high-quality communication services, and resilient service delivery across heterogeneous networks. Key research revolves around integrating IP/multicast protocols like HMIPv6 and IPv6 for mobile routing, optimizing handoffs (e.g., through reconfigurable optical networks or satellite-based offloading) while ensuring QoS guarantees via MPLS/LSPs or 5G/6G network slicing. Methods include simulation-driven validation of architectures like the ‘jellyfish’ model for dynamic traffic grooming in optical networks, energy-efficient routing (e.g., TDM/WDM), and survivability mechanisms such as TMR or spare-wavelength redundancy. Applications span real-time services like VoIP/videoconferencing, IoT offloading via RAN slicing, and next-gen telecom infrastructures (e.g., FTTH/cable convergence with satellite LEO support). Themes also explore hybrid architectures blending terrestrial and satellite networks to address global connectivity gaps while balancing cost, latency, and scalability."
157,Nonstandard Fairness Mechanisms in Indivisible Allocation,"This topic explores theoretical frameworks combining nonstandard mathematical techniques with mechanisms for fair allocation, particularly focusing on indivisible goods and agent preferences. Key methods include postulates inspired by Anscombe’s work on utility maximization, qualitative preference modeling (e.g., concave utilities), and extensions like antimatroids or envy-free allocations under fairness constraints. Research emphasizes probabilistic and randomized approaches—such as quickselect-based heuristics, supermartingale theory, or semidefinite programming—to balance efficiency, implementability, and incentive compatibility in mechanisms like matching, cake-cutting, or weighted allocation problems. Applications span welfare economics, computational social choice, and algorithmic game theory, where models address challenges like truthful mechanism design, bounded rationality, and scalability in dynamic environments."
158,Indoor Wireless Positioning Systems with Context-Aware Security,"This topic focuses on developing advanced wireless positioning techniques for indoor environments using sensor networks, radio signal propagation models, and hybrid localization methods like UWB, RSSI, and TOA/TDOA. Key research emphasizes improving accuracy through probabilistic approaches (e.g., CRLB, membership-based algorithms) while addressing blind-spot challenges in node coverage or secure device authentication. Context-awareness integrates environmental data (e.g., aroma sensing, Wi-Fi channel state information) to refine localization, often paired with hybrid systems combining WLAN/WiFi and GNSS fallback for mobile devices. Secure positioning protocols (e.g., IETF-based cryptographic methods like CPV or bistatic configurations) ensure privacy in crowded networks, while applications span IoT-enabled tracking, asset management, and real-time navigation in smart buildings."
159,Neural Architecture Search Optimization,"This topic focuses on the automated discovery and optimization of neural network architectures through search-based methods, leveraging techniques like reinforcement learning (e.g., DARTS), evolutionary algorithms (e.g., PAQ, Scout), and heuristic-driven exploration (e.g., AOP-S). Methods often involve multi-dimensional hyperparameter spaces, prefetching strategies for efficient state management, and hybrid approaches combining neural networks with classical ML frameworks. Applications span computer vision, natural language processing, and high-performance computing, where scalable training and inference are critical, particularly in benchmark evaluations like Dimacs or real-world deployment challenges such as those addressed by libraries like BHOSBLIB."
160,Visual Tagging Datasets & Transfer Learning,"This topic focuses on the development of freely available, high-quality image datasets annotated with metadata tags (e.g., Flickr’s photo collections) for visual classification tasks. Key methods include semi-supervised learning approaches using limited shot annotations from photographers and crowdsourced data, often leveraging meta-information like photographer expertise or image features to improve model generalization across domains. Applications span computer vision benchmarks—such as multi-class tag prediction—to domain adaptation in supervised machine learning, where pre-trained models transfer knowledge from annotated datasets (e.g., ImageNet-inspired tagging) to new, costly-to-label tasks while mitigating annotation biases."
161,Spectral-Efficient Wireless Resource Allocation in Cognitive Radios,"This topic explores **theoretic foundations** and **practical algorithms** for optimal wireless resource management, focusing on spectrum-sharing frameworks that balance secondary users' admission with primary rights while mitigating interference. Methods include hybrid **machine-decisions-and-policy (MDPs) and cooperative cognitive radio (CR) paradigms**, where advanced sensing and signal harvesting enable adaptive pulse allocation under terrestrial-satellite mixed networks. Research emphasizes simplifying regulatory subtleties through impulse-response modeling, addressing both energy-efficient transmission via power harmonization and dynamic PU-SU coexistence in regulated environments. Applications span next-generation spectrum exploitation for ultra-high-rate wireless access and government-backed policy optimization to harmonize public-private radio use across centuries of evolving technological constraints."
162,Approximation Algorithms for Geometric and Combinatorial Optimization,"This topic focuses on designing efficient approximation algorithms to solve hard geometric and combinatorial optimization problems, particularly those involving spatial partitioning, clustering, and facility location. Key methods include using fractional techniques (e.g., log or ceiling functions), randomized approximations (like Rivest’s probabilistic approaches), and specialized data structures such as coresets or skyline representations. The research emphasizes worst-case error analysis, median/median-of-means heuristics, and entropic or Bregman divergences to balance accuracy and computational feasibility. Applications span dynamic facility placement, point clustering in high-dimensional spaces, and real-time spatial query optimization, often leveraging theoretical frameworks like Moser’s lemma or Floyd-Warshall-inspired graph-based methods."
163,Networked Contagion Dynamics,"This topic explores the spread of information, pathogens, or influence across interconnected networks—such as social, digital, or biological systems—using percolation theory, agent-based models, and diffusion processes. Key methods include simulating swarm-like behavior of nodes (e.g., via particle dynamics or stochastic spreading), analyzing network topology through metrics like PageRank, and testing hypotheses under conditions of interdiction (quarantine, evasion) or rumor dissemination. Applications span epidemiology (virus spread modeling), cybersecurity (worm propagation analysis), social science (rumor contagion in ecosystems), and information diffusion studies. The research often examines hybrid models where indivisible entities (e.g., viruses, agents) interact probabilistically to determine critical thresholds for epidemic outbreaks or network resilience."
164,Multiscale spectral material analysis via hyperspectral imaging,"This topic focuses on the study of granular materials using advanced multispectral and hyperspectral imaging techniques, particularly through high-resolution spatial and spectral analysis. Researchers employ micrograph-based mesh generation, fractal morphology modeling, and chemometric methods like Raman spectroscopy and unmixing algorithms to extract feature dependencies across pixel-level textures and band spectra. Methods such as MI-LCA (mixed linear component analysis) and spatial-temporal fusion—often applied in remote sensing or industrial HSI (hyperspectral imaging)—are central to retrieving pure component signatures from mixed material blobs, enabling detailed classification and retrieval of spectral bands. Applications span materials science for quality control, fashioned composites, and environmental monitoring, where texture resolution and scattering patterns inform structural and compositional dependencies in real-time or post-processing."
165,Social Media Rumor Detection Networks,"This research focuses on analyzing how social media platforms—particularly Twitter and its derivatives—generate, propagate, and detect misinformation through dynamic network structures. Key methods include extracting structured data from news forms, XML-based content conversion, and leveraging graph subgraphs (e.g., edge-weighted dyndens) to model rumor spread patterns. Techniques often involve causal inference, unsupervised learning for unaware source identification, and fact-checking datasets to classify claims as real or fake, addressing challenges like clickbait, fame-driven amplification, and streaming updates in real-time messaging systems. Applications span media literacy, algorithmic transparency, and countering disinformation campaigns by integrating computational methods with human-in-the-loop validation."
166,Epistemic Voting Mechanisms and Fairness Challenges,"This topic explores the theoretical foundations of voting systems, particularly focusing on methods to handle partial or uncertain preferences—such as those arising from epistemic uncertainty, entrenchment, or manipulative behavior. Key researchers like Makinson, Gardenfors, and Carroll develop frameworks for inferring collective preferences under ambiguity, often using protocols like Condorcet’s tournaments, Copeland scoring, or plurality rules with adjustments (e.g., the GEQ method). Applications span democratic elections, congressional redistricting, and algorithmic decision-making in committees, where fairness—such as avoiding gerrymandering or falsehood distortion—is analyzed through voting rule robustness, bribery resistance, or tournament-based ranking. The interplay of partial orders, voter manipulation, and epistemic elicitation (e.g., via Dodgson’s marriage algorithm) drives research into both theoretical NP-hardness questions and practical protocols for multi-candidate elections."
167,Real-time Cardiac Ventilation-Perfusion Estimation via Hybrid Imaging,"This topic focuses on developing machine learning and image-processing algorithms to estimate ventilation-perfusion dynamics within the heart from diverse bedside imaging modalities—such as echocardiography, MRI (including CMRI), and hybrid techniques like impedance tomography—while addressing motion artifacts. Methods include fuzzy c-means variants (FCM/FPCM), possibilistic clustering for uncertainty quantification, and real-time segmentation of cardiac structures (e.g., left ventricle myocardium, aortic valve) in hypertonic saline or fluid-based contrast studies. Applications span clinical diagnostic accuracy assessment, surgical planning (e.g., stent bifurcation), and predictive modeling of cardiac motion propagation for NLDR (non-left-to-right defects) evaluation. Hybrid algorithms integrate expert-defined fuzzy logic with deep learning to improve classification certainty across modalities, bridging physical impedance measurements with cardiac MR perfusion images."
168,Web Application Security Engineering,"This topic focuses on the systematic study of identifying, mitigating, and preventing security vulnerabilities in web-based software systems through rigorous engineering practices. Key methods include automated vulnerability detection using tools like Minerve, Arachné, and Vuldeepecker; empirical analysis via bug databases (e.g., NVD) and code-smell assessments; reverse-engineering techniques to analyze source code for flaws such as CSRF, XSS, or weak password handling in PHP frameworks. The field emphasizes secure coding practices, regular audits, and the integration of LLMs for automated vulnerability prediction, while addressing challenges like cross-platform compatibility (e.g., PHPBB) and compliance with security standards. Applications span cybersecurity research, industrial software engineering, and real-world web application hardening to ensure bug-free, resilient systems."
169,Semantic Textual Linking and Knowledge Extraction,"This topic focuses on the development of methods to extract, align, and semantically link lexical units—such as phrases, entities, or relations—across documents, webpages, or corpora using unsupervised and neural-based approaches. Key research revolves around leveraging wordnets, taxonomies, and hierarchical knowledge structures (e.g., hyponymy) to improve fuzzy matching, paraphrase detection, and relational extraction while handling noisy or ambiguous data like Wikipedia entries or Freebase. Techniques include alignment via sequence models (CRF, neural networks), compression of semantic relations, and domain-specific ontologies (e.g., ICMAUS, MART) for structured knowledge representation. Applications span web-scale information retrieval, question answering, and multi-turn dialogue systems by bridging lexical gaps in unstructured text while preserving contextual coherence."
170,Differentially Private Machine Learning with Privacy-Preserving Data Techniques,"This topic centers on developing advanced techniques to integrate differentially private (DP) mechanisms into machine learning workflows while preserving data utility and privacy. Key research focuses on anonymization methods like k-anonymity, pseudonymization, and encrypted data slicing—particularly in genomic datasets, SMS corpora, and microdata—to prevent re-identification attacks. Dynamic updates and unlearning capabilities are emphasized to handle evolving datasets under strict privacy constraints, such as those enforced by GDPR or federated learning paradigms. The interplay between DP techniques (e.g., noise injection via *ψ*-values) and LLMs or genomic sequencing models highlights challenges in balancing prediction accuracy with tolerable disclosure risks, often explored through synthetic data generation and adversarial testing. Applications span healthcare genomics, social media analytics, and text-based privacy-preserving AI training, where marginality and fuzziness in attribute definitions (e.g., phenotypic traits) drive novel model defenses against counterfeited or invalidated user inputs."
171,Cross-linguistic phonosyntactic scaling laws,"This topic examines how linguistic structures—ranging from phonological patterns (like reduplication, syllable transitions, and letter frequency) to syntactic and lexical conventions—scale across languages through fractal-like distributions. Key methods include applying ultrametric tree models (e.g., TNT), glottochronologic techniques, and Zipfian-inspired analyses to corpora spanning English, Amharic, Greek, Croatian, and other languages, often leveraging Wikipedia or attested texts for empirical validation. The focus spans phonological regularities (e.g., retrognostic rules, metaphone-based mappings) to semantic and prosodic conventions, revealing universal or language-specific scaling behaviors in written and spoken word structures. Applications bridge linguistics with computational models (like LSM), glottochronology, and musicology to study evolutionary patterns in language evolution, slang emergence, and text corpora organization."
172,Online Hate Speech Dynamics,"This topic examines how compounded offensive language, often embedded in social media platforms like Twitter and imageboards, evolves into toxic speech through troll-driven campaigns. Research focuses on detecting and analyzing patterns of aggression, hate speech, and cyberbullying—particularly via hashtags and user-generated comments—to understand their structural propagation. Methods include Kohonen neural networks for clustering abusive language, sentiment analysis of tweets, and empirical studies of media amplification (e.g., the ‘Bieberblast’ effect) in spreading toxic discourse. Applications span real-time moderation systems, predictive modeling of hate spread, and interventions to mitigate online harassment across digital ecosystems."
173,Hybrid Robot Locomotion Control Systems,"This topic explores advanced control strategies integrating hybrid, neural, and adaptive methods to stabilize and optimize the motion of legged, bipedal, and quadruped robots across varied terrains. Key research focuses on combining Hamiltonian dynamics with PID/fractional-order controllers, subsumption architectures, and LQG-based regulators to achieve prespecified gaits or spontaneous locomotion while addressing stability in saddle-point configurations or inverted pendulum-like postures. Applications span from miniature animats and biologically inspired robots to humanoid and quadruped models, emphasizing kinematic calibration, torque absorption, and adaptive gait transitions for real-time performance. Simulation frameworks often simulate complex interactions between joints, gear mechanisms, and biological-inspired ganglia, bridging theoretical stability proofs with practical robotics implementations."
174,Unsupervised Semantic Text Analysis,"This topic encompasses methods for extracting latent topics, hierarchical concept structures, and keyphrase profiles from diverse document collections—including web articles, tweets, emails, or Wikipedia pages—using unsupervised statistical or probabilistic models like LDA (latent Dirichlet allocation), Bayesian network inference, or PMI-based weighting schemes. Key applications revolve around topic modeling for indexing, retrieval, and filtering tasks in information systems, such as TREC evaluations and large-scale corpus analysis under domains like Toefl or IR benchmarking. Methods emphasize handling heterogeneous subcorpora (e.g., annotated Wikipedia texts), leveraging prosodic/semantic annotation cues, and clustering concepts into organizational hierarchies via collocation-driven extraction or hierarchical clustering approaches."
175,Multimodal Unsupervised Feature Fusion,"This topic focuses on developing advanced techniques to integrate diverse data representations across multiple modalities—such as images, graphs, and text—using unsupervised learning methods. Key approaches include progressive fusion of spectral or kernel-based embeddings (e.g., via isometric learning like LLE or nonnegative factorization), contrastive learning frameworks (e.g., cross-view or pairwise coupling), and deep generative models (like DCAN) to preserve manifold structures while reducing dimensionality. Methods often leverage clustering, graph-based representations, or multi-modal view alignment to enhance feature extraction, enabling applications in high-dimensional data assessment, anomaly detection, and domain adaptation. The emphasis lies on balancing computational efficiency with representational richness, particularly for nonflat or complex manifolds where traditional methods fail."
176,Biologically Inspired Robot Learning Systems,"This topic explores the integration of biologically inspired principles—such as sensorimotor learning, framesticks (contingency detection), and spinal/proprioceptive feedback—into robotic controllers to enable adaptive locomotion, navigation, and behavior. Key methods include reinforcement learning frameworks applied to platforms like Khepera or RoboCup leagues, often testing unanticipated contingencies in damaged or virtual environments. Research focuses on replicable policies for legged (quadrupedal/humanoid) robots, compensatory strategies during locomotion failures, and animating biologically plausible repertoires of tasks. Applications span robotic rehabilitation, autonomous exploration, and the development of robust control systems that mimic animal-like adaptability in dynamic or degraded conditions."
177,Contractual Argumentation Systems,"This topic explores the intersection of legal reasoning, natural language processing, and formal argumentation theory to analyze, model, and automate contract-related decision-making. Key methods include dialectical reasoning frameworks (e.g., defeasible logic, QDF), ontology-based document processing (e.g., WordNet, Germanet), and hybrid systems combining rule-based contracts with AI-driven entailment or retrieval from legal corpora like NT-CIR. Applications span patent dispute resolution, medical contract compliance, and automated judicial support tools, often leveraging untraditional data sources (e.g., wikis, historical documents) to improve accuracy in interpreting normative texts. Tools like FormalEx, Rake, and LLMs are integrated to handle pragmatics, incoherences, or contextual ambiguities in agreements, while domain-specific datasets (e.g., railroad transport contracts) refine models for real-world enforcement scenarios."
178,Multimodal Pedestrian Identity Recognition,"This topic focuses on developing advanced frameworks that integrate multiple components—such as cameras, lighting conditions, and machine learning techniques—to accurately identify pedestrians across static images, videos, or real-time streams. Key methods include self-supervised learning (SSL) for feature extraction, multi-modal matching strategies combining visual and contextual data, and robust classifiers trained on diverse datasets like MCM-100 or custom pedestrian identity datasets. Applications span surveillance systems, smart cities, law enforcement analytics, and autonomous vehicle safety by enabling reliable person re-identification despite varying environmental factors."
179,Quantized Neural Architecture Optimization,"This topic centers on the optimization of efficient, low-precision neural architectures—particularly focusing on bitwise quantization techniques like bitslicing and PCM—to balance computational speed and memory efficiency in deep learning models. Key methods include forward-differentiable quantization (e.g., epsilon-based binning, sigma weighting), mixed-precision arithmetic, and geometric error analysis to minimize rounding errors while preserving model accuracy. Applications span real-time onboard inference for edge devices, high-performance language models (e.g., LLMs with LFI or RNN-LMS variants), and multilevel quantization strategies for large-scale systems like transformers or RNNs. Performance evaluations often contrast finite-precision timings against floating-point baselines, emphasizing tight coupling between hardware constraints (e.g., MSVQ, FR-S) and algorithmic trade-offs in error norms and model fidelity."
180,ocular biometric imaging and retinal analysis,"This topic focuses on the automated extraction of diagnostic and biometric information from ocular images, particularly retinal fundus photographs, using advanced image processing techniques. Key methods include multi-scale wavelet-based segmentation (e.g., Morlet transforms) for vessel and pigment pattern analysis, fuzzy logic (Mamdani rules), and 2D/3D diffusion models to differentiate chromophores like melanin or eumelanin from retinal diseases such as glaucoma or diabetic retinopathy. Automated systems leverage pupil dilation (mydriatic effects), infrared imaging (NIR), and optical coherence tomography (OCT) voxels for high-resolution volumetric analysis, often paired with deep learning (e.g., CASIA datasets) to classify patterns for biometric recognition. Applications span ophthalmic diagnostics, early disease detection in diabetic retinopathy or glaucoma, and secure ocular authentication via pupil/iris segmentation, bridging clinical imaging with computational vision."
181,Byzantine Fault-Tolerant Distributed Systems,"This topic focuses on designing resilient distributed systems capable of handling malicious or faulty nodes while ensuring consensus, fault tolerance, and secure synchronization in asynchronous or partially synchronous environments. Key methodologies include Byzantine agreement protocols (e.g., PBFT, BFT variants), replication techniques (e.g., Paxos, Raft-inspired adaptations), and causal consistency models (e.g., CausalSpartanX) to manage state across distributed nodes under high-latency or unreliable conditions. Applications span secure blockchain systems, decentralized stock exchanges, fault-tolerant clusters for cloud computing, and consensus mechanisms in IoT networks, emphasizing robustness against node failures, malicious attacks, or nondeterministic behavior while balancing performance trade-offs like latency and quorum requirements."
182,Digital Steganography and Forensic Security,"This field explores covert techniques for embedding secret data within digital media—particularly images, recordings, and VOIP communications—to enhance privacy and combat unauthorized disclosure or blackmail. Core methods include steganographic algorithms (e.g., LSB in JPEG, RSTeg) that hide information within pixel/voice samples while preserving perceptual fidelity, alongside watermarking schemes for copyright protection and tamper detection. Applications span cybersecurity, forensic analysis of compromised recordings, and legal evidence preservation, with emerging research addressing steganalysis to detect hidden data and counter adversarial attacks on embedding integrity."
183,Secure Multicast Communication Protocols,"This topic explores advanced cryptographic techniques and channel security frameworks in multicast communication systems, focusing on ensuring confidentiality and integrity across distributed networks. Key research revolves around secure key distribution methods (e.g., Franklin-Yung’s schemes), error-resistant coding for high-capacity wiretap channels, and covert communication strategies to thwart eavesdroppers while maintaining efficient message transmission rates. Applications span secure IoT networks, military communications, and privacy-preserving collaborative systems where adversarial interference must be mitigated through optimized equivocation minimization and authenticated encryption protocols like GMAC or SRL-based schemes."
184,Active Learning for Text Processing,"This topic focuses on the iterative development of automated systems—particularly natural language processing (NLP) tools like chunkers and parsers—that progressively refine their performance by actively engaging human annotators. Key methods include active learning strategies, such as uncertainty sampling or query-by-committee, to intelligently select challenging unlabeled data points for annotation, balancing computational costs with labeling efficiency. Research emphasizes hybrid approaches that blend rule-based systems with machine-learning models, often addressing frustrations in traditional batch-labeling workflows by reducing human effort while improving model accuracy. Applications span semantic parsing, dialogue system training, and automated document processing, where incremental improvements via active learning outperform static or fully supervised baselines. Academic inquiry also explores the theoretical foundations of these methods, including cost-effective sampling techniques and the evolution of annotation tools to support scalable, adaptive learning pipelines."
185,Geometric Optimization & Metric Learning on Manifolds,"This topic centers on developing advanced algorithms to solve optimization problems in geometric and probabilistic settings, particularly on non-Euclidean manifolds like Riemannian spaces. Key methods include the use of radial basis functions (RBFs), Wasserstein distances, and geodesic-based metrics to model dissimilarity across high-dimensional data, such as solids or spatial configurations. Researchers explore optimal transport theory (e.g., Earthmover’s distance, Kantorovich–Monge) for solving problems like sparse approximation, shape analysis, and semisupervised learning under geometric constraints. Applications span computational geometry (e.g., packing, coverings), machine learning (e.g., regularized logistic regression on manifolds), and probabilistic inference (e.g., maximum likelihood estimators with Bregman divergences). The interplay between discrete and continuous optimization—such as via convex relaxations or shearlet transforms—drives innovations in both theoretical bounds (e.g., optimal transport minima) and practical algorithms (e.g., Sinkhorn iterations, sinkhornized OT), bridging Euclidean and Riemannian geometries."
186,Smart Surgical Navigation Systems,"This topic focuses on the integration of advanced computer-assisted technologies—such as robotic, wearable, and smartphone-based systems—to enhance precision, reduce human error, and improve surgical outcomes. Key methods include hierarchical navigation frameworks, real-time video/audio-aided procedures (e.g., laparoscopic, endoscopic), and hybrid phantom/patient testing for skills training and tool calibration. Applications span urological, surgical, and minimally invasive colonoscopy surgeries, with a strong emphasis on pedicle screw placement, puncture guidance, and microtexture tissue analysis to support clinicians in aerospace or high-risk field settings. Research emphasizes automated segmentation, motion tracking, and hierarchical decision-making systems to bridge gaps between traditional surgical techniques and robotic-assisted interventions."
187,Adversarial Human-Automated Image Authentication Systems,"This topic focuses on the study of adversarial protocols designed to authenticate human users against automated systems in image-based identification tasks, particularly through CAPTCHAs and multimodal challenges. Key research revolves around developing resilient protocols—such as ASIRRA or HumanAuth—that integrate cognitive and visual elements to resist relay attacks, neural-based deception, and usability-driven adversaries while balancing safety and accessibility. Methods include game-theoretic approaches, diffusion models for captioning, and automated labeling techniques like DCG to evaluate resiliency against multimodal attacks (e.g., combining text and image distortions). Applications span cybersecurity, digital identity verification, and user experience optimization in automated systems where human cognition must be reliably distinguished from machine-generated content."
188,Secure Cloud Data Processing,"This research focuses on developing privacy-preserving cloud computing frameworks where sensitive data—such as user photos, encrypted records, or machine learning inputs—can be securely processed through outsourced servers without exposing raw information. Key methods include homomorphic encryption (FHE), differential privacy techniques like chaffing and winnowing, and hybrid protocols combining CSP (cloud service provider) security with end-to-end encryption to enforce confidentiality. Applications span secure data analytics in healthcare, social media moderation, or AI inference while preventing adversarial inference attacks, often leveraging specialized libraries like PyCrypto or frameworks like Morpheo for scalable implementation."
189,Combinatorial Optimization with Submodular and Greedy Techniques,"This topic centers on the study of hard combinatorial optimization problems—particularly those rooted in matroid theory, submodular functions, and greedy algorithms—that often arise in machine learning, operations research, and discrete mathematics. Key methods include polynomial-time approximation schemes for NP-hard problems, leveraging monotonicity properties (e.g., submodularity or convexity) to design efficient heuristics like greedy selection or ranking-based approaches. Applications span resource allocation (knapsack variants), feature selection in ML, and multi-objective optimization under scalability constraints, with a focus on tight bounds (e.g., O(gap^2) or logarithmic factors) and theoretical guarantees via matroid descriptions or linear programming relaxations. The field emphasizes both algorithmic innovations (e.g., randomized rounding, local search) and mathematical foundations (e.g., NP-hardness, pseudopolynomial solvability), often framed through scalable functionals like log-barrier methods or wide-gradient updates."
190,Cosmic Data-Driven Astronomy Infrastructure,"This topic centers on the integration of massive astronomical datasets from missions like Sloan Digital Sky Survey (SDSS), Gaia, and LIGO to advance astrophysics through advanced data mining, machine learning, and virtual observatory frameworks. Key methods include petascale computational techniques (e.g., MACMPI, Cactus), astroinformatics pipelines for galaxy classification and redshift modeling, and citizen science collaborations (SETI@home-style projects) to organize and analyze cosmic phenomena such as gamma-ray bursts or gravitational waves. Applications span astrobiology—studying habitable zones on planets—to cosmological studies of dark matter via simulations like Multidark, while leveraging neural networks for real-time spectral analysis and gravitational lensing predictions. The field also explores interdisciplinary synergies between astronomers, librarians, and cyber-physical systems (cyborg telescopes), emphasizing open-access repositories (e.g., ADS) and multiscale modeling of cosmic magnetic fields."
191,Neural Connectivity & Learning Dynamics,"This topic explores the interplay between brain plasticity, regulatory mechanisms, and functional networks through advanced neuroimaging and computational methods. Researchers focus on analyzing high-dimensional neuronal data—such as fMRI voxel signals, EEG spike trains, or connectome graphs—to uncover patterns of excitatory/inhibitory balance, covariance dynamics, and Hebbian-like learning rules. Key methodologies include dimensionality reduction (e.g., Kalman filtering), graph-theoretic parcellation, supervised/unsupervised clustering, and temporal decoding to model synaptic plasticity, autonomic oscillations, and transmodal correspondences in resting or task-based states. Applications span autism spectrum disorder (ASD) research, face recognition systems, and unearthing functional modules (e.g., Mountcastle’s cortical columns), with implications for predictive neural models like the JDL framework and multi-subject synergy analysis."
192,Massively Parallel Multitask Learning Systems,"This topic focuses on developing advanced machine learning frameworks that leverage parallel processing and multitask learning to handle massive datasets across multiple related tasks simultaneously. Key methods include combining rule-based approaches (e.g., CFRULE) with deep learning models (e.g., MDL, SPML), feature selection via overlap-driven views, and hierarchical or meta-learning strategies (e.g., MTL, MML). Applications span drug discovery—where parallel tasks model molecular interactions—and high-performance computing (e.g., top500 systems)—by optimizing data merging and response metrics under constrained spaces. Adaptive frameworks like lifelong learning and autoloss-based training further enhance scalability by dynamically adjusting models to new data streams while preserving past knowledge."
193,Fuzzy-SVM Hybrid Classification with Noise Robustness,"This topic explores hybrid machine learning approaches that integrate fuzzy logic and support vector machines (SVMs) to handle noisy, polluting, or deforming data while maximizing classification margins. Key methods include fuzzy-based feature engineering—such as zonotopes, ellipsoids, and polytopes—to model uncertainty in input vectors, alongside advanced kernel techniques (e.g., least squares SVMs, T-SVMs, and multiscale kernels) to manage multiclass and binary classification tasks. Applications span geospatial data analysis (e.g., seabed sonar, seismic shock classification), biomedical datasets (like the IRIS or Portuguese breast cancer data), and real-time systems where robustness against feature noise is critical. The focus extends to hybrid algorithms combining SVMs with genetic optimization, nearest-neighbor rules, or regression-based loss functions to improve generalization under adversarial influences, often evaluated via metrics like margin maximization and classification error reduction."
194,Lifelike Robotic Facial Expressions and Conversational Avatars,"This topic focuses on creating highly photorealistic, dynamic facial avatars for robotic or digital humans that replicate human-like expressions, speech articulation (visemes), and emotional communication. Key research methods include optical tracking of head movements, real-time 3D face reconstruction from video/audio data, and generative models like GANs or diffusion-based techniques to synthesize lifelike hairstyles, fur textures, and dynamic facial animations. Applications span virtual reality interactions, videoconferencing avatars, conversational robots, and empathetic robotic companions, often emphasizing natural speech synthesis (e.g., syllable-by-syllable viseme alignment) and robust motion estimation from sparse or noisy inputs. Algorithmic innovations also address challenges like diarization of overlapping speakers and adaptive facial makeovers for personalized avatars."
195,Multiplayer Epidemic Modeling in Digital Health,"This topic explores the intersection of epidemiological modeling, virtual environments, and real-world infectious disease dynamics through multiplayer simulations. Researchers focus on simulating how communicable diseases—such as COVID-19, influenza, or HIV—infect human populations within both physical and digital settings, often leveraging faceted data (e.g., contact networks, mobility patterns) to predict spread and prognosis. Methods include probabilistic models like Poissonian distributions, agent-based simulations (e.g., MMOG-inspired frameworks), and machine learning for real-time surveillance, while applications span pandemic preparedness, vaccination strategies, and digital health interventions in controlled or high-risk environments (e.g., military wards, remote communities). The scope extends to hybrid systems where virtual interactions (e.g., via ARGO platforms) influence disease transmission dynamics, bridging epidemiological theory with gaming, marketing-driven data analytics, and deliberate human behavior studies."
196,Knowledge Distillation in Education Systems,"This topic explores how advanced machine learning models—particularly knowledge distillation techniques (e.g., BKT, DKT)—can be adapted to enhance student learning by leveraging expert or high-performing networks as 'teachers' to transfer and retain specialized knowledge. Research focuses on mechanisms like nonmonotonic retention, where students may unlearn outdated concepts while acquiring new ones, and the role of predictive models in assessing educational performance. The interplay between student specialization (e.g., hidden expertise) and model selectivity in curriculum design is central, with applications ranging from adaptive learning platforms to evaluating teacher-student knowledge transfer efficiency in education quality frameworks."
197,Mobile Malware Evolution and Detection Systems,"This topic focuses on the analysis of malicious mobile applications, particularly Android-based malware, including their behavior—such as keylogging, ransomware, cryptojacking, and cross-site scripting (XSS)—and detection methodologies. Key research revolves around clustering malicious samples using graph-based techniques or machine learning approaches to identify evolving attack patterns, such as metamorphic or unprompted behaviors. The study also examines how malware exploits smartphone permissions, WebView vulnerabilities in apps, and HTML5-based injection attacks to evade detection while analyzing trends like unauthorized app sales or bot-driven automated placeraider campaigns. Applications span real-time threat intelligence for mobile security firms, policy-driven grant-funded research on countermeasures, and the development of adaptive detection frameworks to neutralize emerging malware variants across smartphones and web environments."
198,Algebraic Tensor-Based Multivariate Data Analysis,"This topic centers on the application of advanced algebraic tensor methods—such as multilinear algebra, sparse tensor decompositions (e.g., Tucker, CP, and SparseCP), and generalized Hadamard products—to analyze complex multivariate data. Key research focuses on efficient computational frameworks leveraging symbolic computation tools like Macsyma or Maxima for exact algebraic manipulations, including rank decomposition techniques (e.g., Nonnegative Matrix Factorization, SVD-based methods) and tensor completion under constraints like low-rank or nonnegativity. The field emphasizes hybrid approaches combining linear algebra packages (LinBox), GPU-accelerated sparse matrix operations (SPMV), and optimization heuristics (e.g., EM-algorithms for NIPALS/PCA-inspired models). Applications span high-dimensional signal processing, tensor regression (e.g., generalized least squares with multilinear loadings), and structured data recovery in physics (supergravity calculations) or machine learning (tensor factorization for dimensionality reduction). The interplay of symbolic algebra, sparse tensors, and GPU-optimized routines drives innovations in both theoretical foundations (e.g., Hadamard tensor products) and practical implementations via open-source GPL-licensed libraries."
199,Ambiguity in Human-Agent Interaction Explanations,"This topic explores how ambiguity—both in natural language and AI-generated explanations—affects human-agent communication, particularly within HCI and cognitive science frameworks. Researchers examine Gricean maxims, defeasible reasoning, and personalization strategies to analyze how ambiguous or incomplete information (e.g., from AI systems like XAI) influences user trust, decision-making, and trustworthiness in interactive platforms. Key methods include studying conversational acts through the 'Chinese Room' critique, analyzing partial explanations, and evaluating outcomes of human-AI dialogues across web sites, AI agents, and algorithmic decision tiers. Applications span explainable AI (XAI), cognitive science, and HCI to refine systems where ambiguity—whether intentional or unintentional—demands adaptive, context-sensitive explanations to preserve interpretability and user agency."
200,Agent-Based Social-Economic Consensus Dynamics,"This topic explores how monetary and economic systems interact with agent-based networks to study opinion formation, belief propagation, and collective decision-making under conditions of equilibrium or disequilibrium. Key methods include modeling agents as dynamic, influence-driven entities (e.g., using Szajna’s or similar networked behavior frameworks) where attributes like beliefs, capital, and social connections shape system-wide phenomena such as polarization, consensus clusters, or phase transitions. Applications span economic theory—such as fisheries club governance or capital allocation—but also extend to physics-inspired studies of magnetization in noisy networks, where noise and inhibition parameters drive emergent collective behaviors like opinion polarization or conformity-driven equilibration."
201,Deep Learning for Massive MIMO Uplink Interference Mitigation,"This topic focuses on leveraging deep neural networks and recurrent architectures to address interference suppression in massive multiple-input multiple-output (MIMO) wireless uplink communications. Key methods include channel state information estimation via quantized CSI (qCSI), adaptive beamforming for signal separation, and end-to-end learning frameworks that combine RNNs with attention mechanisms to model complex intersymbol interference (ISI) and pilot contamination. Research emphasizes hybrid architectures integrating analog/digital beamforming to enhance spectral efficiency while minimizing feedback overhead. Applications span next-generation 6G networks, where massive MIMO enables ultra-dense deployments requiring scalable interference cancellation techniques for reliable high-rate communications."
202,Nonlinear Dynamical Reservoir Computing Systems,"This topic explores hybrid dynamical systems combining chaotic reservoirs, neural-like excitation patterns, and aperiodic sampling techniques to model complex sequential behaviors in computational frameworks. Key methods include reservoir sampling with recurrent state dynamics (e.g., RSANNs or SRNs), fuzzy threshold-based processing, and aperiodic cycle-driven learning via chaotic or deterministic mappings like the Caianiello model. Applications span real-time neural network emulation, adaptive microfluidic systems for actuation, and hybrid computing architectures merging analog RF resonators with digital microprocessors to optimize performance thresholds in chaotic or disordered environments."
203,Efficient Remote File Caching Systems,"This topic explores advanced techniques for optimizing remote file caching in distributed systems, particularly focusing on HTTP-based protocols and networked environments. Key research revolves around cache construction strategies—such as prefetching, replacement algorithms (e.g., LRU), and associative memory models—to balance performance and resource efficiency across clients and servers. The analysis includes historical comparisons with legacy systems like Windows 9x/NT paging mechanisms while integrating modern optimizations for wireless networks, video content delivery, and proxy-based caching. Applications span scalable web services, multimedia streaming, and competitive online platforms where cache placement and request overload management directly impact user experience and system load balancing."
204,Human Visual Attention in Dynamic Environments,"This topic explores how human gaze patterns, eye movements, and spatial attention interact with visual perception across dynamic scenarios—such as cooperative navigation, face recognition, or driver behavior. Key research focuses on analyzing saccadic and perisaccadic fixations, foveated vision models (e.g., PFT), and the role of spatial memory in locating objects or pathways under uncertainty. Methods include eye-tracking data analysis via conformal prediction frameworks (like CECL/perclos) to predict gaze crossings or misattention, often applied to autism spectrum disorders (ASD) or predator-prey interactions. Applications span robotics-assisted human cooperation, 3D spatial estimation in driver assistance systems, and understanding attentional biases in visual perception tasks."
205,Distributed Internet Peer Systems,"This topic explores the architecture, dynamics, and optimization of decentralized peer-to-peer (P2P) systems over the internet, emphasizing network peering, overlay protocols, and externalities in content distribution. Key research focuses on DHTs like Kademlia or IPFS, hybrid architectures combining CDNs with P2P overlays (e.g., I²P or CCN), and trust mechanisms to mitigate malicious behavior or privacy concerns. Methods include probabilistic routing (e.g., BERI/FIB), microrebooting for fault tolerance, and social/algorithmic incentives (e.g., Bitcoin-like trading or replica management). Applications span secure content delivery, real-time conferencing, streaming with low latency, and scalable distributed data storage while addressing challenges like paedophile-related misuses, latency optimization, and pricing externalities in peer-driven systems."
206,Grid-Based Access Control Systems,"This topic focuses on the design, implementation, and enforcement of access control frameworks within distributed grid computing environments, emphasizing policies like role-based authorization (RBAC) or attribute-based access control (ABAC). Key methodologies include XML-based specification (XACML), credential management via protocols like GridCertLib, and trust models for inter-organizational service brokering. Research explores inconsistencies in policy enforcement across heterogeneous systems, mobile device integration, and compliance with standards such as TCG or SOAP-based architectures. Applications span secure cloud data tenancy, digital authentication in grid infrastructures, and insider threat mitigation through hierarchical credential verification, often leveraging mathematical foundations for trust validation."
207,Multidimensional Hash-Based Image Retrieval Systems,"This topic focuses on scalable content-based image retrieval (CBIR) frameworks leveraging advanced hashing techniques, particularly locality-sensitive hashing (LSH), to efficiently match bird and general images based on visual features like color, shape, and texture. Key methods include multidimensional array-based probing, fractional cascading, and hybrid algorithms inspired by combinatorial mathematics (e.g., Carter’s hash codes, Nijenhuis–Wilf chains) to balance precision and speed while handling large-scale datasets. Applications span wildlife conservation, artistic analysis, and multimedia search engines, with a particular emphasis on reducing computational overhead via optimized preimage attacks and bitwise encoding strategies. The field also intersects with deep learning for feature extraction, though traditional hash-based approaches remain dominant for their interpretability and scalability in low-resource environments."
208,Neuromorphic Photonics Computing,"This topic explores the integration of neuromorphic principles with advanced photonic systems to enable energy-efficient, scalable, and adaptive computing architectures. Key methods include the use of programmable optical components like microlenses, AWGs (arrayed waveguide gratings), and polariton condensates to model spiking neural networks, leveraging nonlinear wave dynamics for dynamic routing and modulation. Techniques such as numerical solvers (e.g., finite-difference time-domain methods) and machine learning-driven control (ANN-based adaptive feedback loops) optimize photonic interconnects and pulse propagation, reducing crosstalk and jitter while supporting high-bandwidth operations. Applications span quantum-inspired neuromorphic chips for energy-efficient AI, nanophotonic circuits for on-chip optical computing, and hybrid silicon-photonics platforms that integrate polariton-based logic gates with CMOS compatibility. Thermal management and UV/gel-based lithography further enable scalable fabrication of compact, reversible photonic elements like microring resonators and diffractive couplers."
209,Unsupervised Visual Attention in Video Segmentation,"This topic focuses on developing automated methods to extract and analyze salient visual constituents within unorthodox video or image data, often using deep learning techniques. Key research revolves around extracting discriminative features from RGB maps and fixation-based attention mechanisms to improve segmentation accuracy without heavy reliance on labeled supervisions. Hypergraph-based models and multi-dataset integration (e.g., MDIS) are frequently employed to enhance interpretability of scene constituents by simulating human-like visual processing, such as gaze patterns or saliency cuts. Applications span real-time video analysis for autonomous systems, dynamic object detection in scenes, and improving understanding of how humans perceive and segment complex visual information across time."
210,Cooperative Evolutionary Network Dynamics,"This topic explores the interplay between cooperative strategies, evolutionary fitness trade-offs, and networked agent behavior in complex systems—particularly within game-theoretic frameworks like the Prisoner’s Dilemma. Key research focuses on modeling how incentives, reputation, and punishment mechanisms shape persistent cooperation or antagonism across populations, often using simulations of agents with diverse genotypes or preferences. The study emphasizes macroscopic dynamics, such as club formations, cyclic equilibria, and the persistence of cooperative alliances despite transient selfish tendencies. Applications span social sciences (e.g., telecom networks, club economics) and evolutionary biology (e.g., sex-specific adaptations), leveraging principles from Finetti’s Bayesian reasoning and Simon’s principled decision-making to analyze how constraints and incentives drive collective adaptation in structured or unstructured networks."
211,Algebraic combinatorics of aperiodic sequences,"This topic explores the mathematical properties and structural analysis of infinite, nonrepetitive word sequences—particularly those with algebraic origins like Thue sequences or Sturmian words—through dimension theory, morphisms, and combinatorial complexity. Key methods include studying dimensions (e.g., *dimζ*, *dimfs*), numeration systems (binary/circular), and aperiodic constructions (Sturmian/episturmian) to quantify growth rates, subword patterns, or morphic properties while addressing open conjectures like the Bolzano–Weierstrass dimension bounds. Applications span cryptography, formal language theory, and computational biology, where such sequences model self-similarity, non-repetitive encoding, or symbolic dynamics."
212,Distributed Fault-Tolerant Storage Systems with Healing Mechanisms,"This topic focuses on designing and analyzing distributed storage systems that incorporate self-healing, fault-tolerant mechanisms to ensure reliability under transient failures. Key research revolves around algorithms for dynamic allocation, error correction via codes like MDS (Maximum Distance Separable) or Bloomier filters, and replication strategies to handle erasures and node failures across networks. Methods include log-based recovery, autonomic repair protocols, and scalable declustering techniques to balance storage efficiency with fault resilience. Applications span mobile data management, cloud storage, and high-performance distributed databases, where systems must efficiently recover from faults without complete rebooting or excessive bandwidth overhead while optimizing performance under varying dimensional constraints."
213,Emotion-Specific Facial Expression Analysis,"This research focuses on developing advanced methods to analyze facial expressions, particularly in detecting and classifying emotions like disgust or joy using geometric features such as Feret distances and Gabor wavelets. Key techniques include subspace-based approaches (e.g., principal component analysis), semi-definite programming for asymmetric expression modeling, and 2D Hidden Layer Discriminant Analysis (2DHLDA) to refine emotional recognition. Machine learning frameworks like SVM and neural networks are frequently employed to process high-dimensional facial feature data from diverse databases, addressing challenges such as heteroscedastic variability in expression intensity. Applications span neuropsychological studies of emotion processing, automated emotion spotting for assistive technologies, and robust face recognition under varying conditions."
214,Next-Generation Multimedia Delivery Systems,"This topic centers on the evolution of scalable, high-quality multimedia delivery infrastructures over internet and next-generation networks (NGNs), integrating live streaming, archiving, and interactive content distribution. Key research focuses on optimizing quality-of-experience (QoE) through adaptive bitrate streaming, congestion management via traffic repartitioning, and hybrid push/pull models for efficient bandwidth utilization. Advanced techniques like peer-to-peer (P2P) protocols, wireless/mobile integration, and real-time videoconferencing (e.g., MBONE/VRVS) are explored alongside legacy formats (MPEG-2/MPG) and emerging standards (IPTV, DVB-T). Applications span digital television syndication, video-on-demand (VOD), and collaborative multimedia services, with cross-disciplinary studies addressing QoS guarantees, latency reduction, and user-centric personalization in European and global NGN deployments."
215,Neurodegenerative Dementia Neuroimaging Analysis,"This topic focuses on the application of advanced neuroimaging techniques, particularly MRI and PET scans with FDG tracers, to study and classify age-related brain pathologies like Alzheimer’s disease. Researchers employ chrominance and luminance-based voxel-level analyses alongside machine learning algorithms to distinguish between healthy aging and pathological conditions such as dementia. Clinical datasets from studies like ADNI provide standardized data for developing diagnostic tools, improving early detection and personalized treatment strategies in clinical settings."
216,High-resolution optical flow in fluid dynamics and bioimaging,"This topic focuses on the development of advanced optical sensing techniques—particularly using bonded or serial camera networks—to measure unsteady, dense, and coherent fluid flows at micro-scale resolutions (e.g., mm²). Key methods include Lagrangian-based particle tracking from compressed video frames, Cauchy strain analysis, and event-based detection for high-speed motion estimation. Applications span oceanographic altimetry to reconstruct vortices in turbulent gas or biofluids, leveraging dense image correlation and optical flow algorithms to analyze motion trajectories, strain fields, and scene dynamics in real-time or post-processed scenarios."
217,Quantum Cellular Automata and Protocell Assembly,"This topic explores the intersection of quantum computing principles with cellular automata theory, particularly focusing on self-replicating, pattern-forming systems modeled as protocells or artificial cells. Key methods include the use of quantum states (e.g., qubits), asynchronous dynamics, and combinatorial tiling rules to simulate intracellular signaling, particle interactions, or emergent behaviors akin to biological evolution. Research often employs mathematical frameworks like Voronoi tessellations, homology-based pattern recognition, and Boolean logic to analyze universal assembly mechanisms in dynamic systems, bridging theoretical models (e.g., Lenia, TLCA) with computational biology applications such as protocell design or synthetic neural networks. The field also integrates concepts from quantum information theory, topological data analysis, and emergent complexity to study how simple rules can generate complex, self-sustaining structures."
218,Wireless Secure Communication Systems,"This topic focuses on designing and analyzing advanced wireless communication frameworks that prioritize confidentiality, integrity, and robustness against adversarial threats like eavesdroppers or malicious jammers. Key methods include leveraging physical-layer techniques such as beamforming, cooperative relaying, and artificial intelligence-driven channel state information (CSI) to mitigate fading and interference while optimizing spectral efficiency. Applications span secure commercial networks, IoT deployments, and next-generation 6G systems where covert communication and adaptive modulation schemes are essential for high-rate, low-outage transmission under wiretap channels. The interplay of secrecy rates, Gaussian noise modeling, and wideband modulation constraints drives research into practical limitations like power allocation and antenna configurations to balance performance with security against adversarial cooperation or jamming attacks."
219,Advanced Sequential Language and Music Modeling,"This topic centers on integrating probabilistic sequence modeling techniques, particularly hidden Markov models (hmms) and variational inference via the Viterbi algorithm, with generative language and music processing. Key research focuses on refining neural network-based approaches for tasks like music transcription, decoding complex musical structures, and leveraging recombination methods to enhance creativity in compositional AI. Works often explore high-reward, semantically grounded generation—such as music or text—while addressing challenges like hallucinations (both in language models and musical hallucinations), noise robustness, and the interplay between factual knowledge and fluency. Applications span music informatics, natural language processing for pathological speech analysis, and developing large-scale LLMs with improved sequentiality and semantic recall through techniques like backtranslation, perturbation-based training, or hybrid graph-based frameworks."
220,Wireless IoT Infrastructure Optimization,"This topic focuses on the systematic design and optimization of wireless networks, particularly in the context of Internet-of-Things (IoT) ecosystems, where devices exchange data opportunistically through distributed middleware. Key research revolves around performance-enhancing techniques such as spectrum allocation, federated learning for energy-efficient communication, and channel-state-informed scheduling to mitigate interference—often leveraging game-theoretic or coalition-based approaches. Applications span low-power wide-area networks (LPWANs), femtocell deployments, and edge computing fabrics, with a strong emphasis on balancing accuracy, battery lifetime, and social network-driven service dissemination while addressing adversarial attacks like denial-of-service (DoS). Methods include statistical signal processing for CSI-based optimization, distributed machine learning fusion, and hybrid multicarrier modulation to improve reliability under congested wireless infrastructures."
221,Web-Driven Market Basket Analysis Evolution,"This topic focuses on the study of evolving algorithms and methodologies for extracting meaningful patterns from web and transactional data, particularly in market basket analysis contexts. Key research revolves around mining frequent itemsets, association rules, and sequential motifs—often leveraging techniques like Apriori, FP-growth, or bucket-based methods—to uncover correlations between items in databases, such as supermarket transactions or GPS-tracked user interactions. The field addresses challenges like data obsolescence, algorithmic distortion, and the redescription of patterns (e.g., via profset or rough set theories) to improve accuracy and scalability. Applications span e-commerce personalization, customer behavior modeling, and folksonomic-driven content analysis, with extensions into XML-based data mining and large-scale clustering for high-dimensional datasets like social media or IoT transactions."
222,Phylogenetic Graph Reconstruction and Optimization,"This topic focuses on the computational methods and mathematical frameworks for reconstructing evolutionary relationships from genetic, genomic, or morphological data using hybrid graph-based approaches. Key research revolves around optimizing rooted phylogenetic trees via algorithms like NNI (Nearest Neighbor Interchange) and SPR/RSPR (Subtree Prune-and-Regraft/Split-and-Prune Rewriting), while addressing reticulate evolution through hybridization networks and supertrees. Methods such as harmonic distance metrics, greedy heuristics, and convex optimization (e.g., orthoconvex trees) are central to refining tree structures from gene triplets, quartets, or microbial genomes. Applications span bioinformatics—like *LIFEMAPPER* for species-level phylogenies—to theoretical graph theory, where problems such as treewidth and reticulate lineage tracing bridge evolutionary biology with computational complexity analysis."
223,Social Media Wellbeing and Mental Health Analysis,"This topic examines how online social platforms, particularly Facebook and Twitter, influence users' mental health through content consumption—such as posts, photos, and tweets—and explores correlations with wellbeing, depression, suicide risk, and happiness. Key research focuses on detecting depressive symptoms or suicidal ideation via language analysis (e.g., DDI, OHC frameworks) in user-generated data, often leveraging gamification to improve engagement in mental health interventions. Applications span public health surveillance, personalized wellness support systems, and understanding how media exposure shapes emotional states across diverse populations, including those affected by conditions like cancer or substance use disorders."
224,Adversarial Out-of-Distribution Detection in Machine Learning,"This topic examines the philosophical and empirical challenges of identifying and classifying data points that deviate significantly from the training distribution, often leveraging adversarial or out-of-distribution (OOD) detection frameworks. Key methods include lossless compression-based approaches, where the tail distributions of input samples are analyzed to distinguish OOD events from in-distribution ones, sometimes using event-based matching or source recognition techniques. Empirical investigations explore how classifiers trained on specific data sets perform when exposed to novel or adversarial inputs, with a focus on justifying detection models through matched distribution analysis and open-set learning strategies. Applications span robust classification systems for anomaly detection, secure data integrity verification, and improving generalization in machine learning pipelines where OOD samples could indicate errors, fraud, or domain shifts."
225,financial web data analytics,"This topic focuses on automated extraction and analysis of financial information from digital sources like websites, news articles, and regulatory filings to derive insights about companies, markets, and economic conditions. Key methods include web crawling and spidering for structured metadata (e.g., hyperlinks, HTML tags), sentiment analysis using LLMs or document embeddings (like doc2vec) to process unstructured financial text from newswires, stock announcements, and distressed firms. Applications span real-time market intelligence, predictive modeling of firm survival or profitability during crises, regulatory compliance via XBRL filings, and counterfactual inference in mergers/acquisitions under conditions like deregulation or liquidation. The scope bridges computational finance with natural language processing (NLP) and big data analytics, often applied to global markets (e.g., China, Pakistan) while addressing challenges like bias in unlabeled financial news or the impact of banking stress on economic performance."
226,Parallel Matrix Computations in QCD Networks,"This topic centers on scalable, distributed algorithms for efficiently solving matrix operations—particularly those arising in quantum chromodynamics (QCD)—across parallelized hardware like MPI-based clusters. Key methods include optimized matrix-to-string and string-to-matrix conversions, block-contiguous computations, and specialized sparse linear algebra routines (e.g., SPGEMM), often leveraging genetic or evolutionary optimizations for performance tuning. Electromagnetic field simulations in condensed matter electronics and lattice gauge theory demand transparent, resource-efficient implementations of Schreier–Todd–Coxeter algorithms and acyclic matrix decompositions to handle fermionic QCD (FermiQCD) while managing straggler delays in distributed networks. Applications span high-energy physics simulations, quantum computing hardware validation, and real-time computational grids for complex physical systems."
227,Nonstationary Cardiac Signal Processing,"This topic focuses on analyzing nonstationary electrocardiogram (ECG) and ballistocardiogram (BCG) signals for cardiac health assessment, leveraging advanced techniques like the Hilbert–Huang Transform (HHT) to extract meaningful features from complex heartbeat patterns. Key methods include feature extraction via wavelet transforms, time-frequency analysis, and deep learning approaches such as concept bags for arrhythmia classification in clinical ECG datasets. Applications span real-time patient monitoring, automated arrhythmia detection, and personalized cardiac risk stratification, bridging computational signal processing with biomedical engineering to improve diagnostic accuracy and reduce false positives in high-stakes medical contexts."
228,Wearable Physiological Signal Integration,"This topic focuses on the development of compact, wearable biosensor systems and algorithms to extract and analyze physiological signals from human subjects for biomedical diagnostics. Key methods include multi-modal sensor fusion (e.g., combining PPG, ECG, respiration, and impedance-based data), machine learning-driven signal processing (such as tensor-based feature extraction or deep learning models like TensorBeat), and real-time psychophysiological monitoring—often leveraging platforms like MATLAB/Octave for prototyping. Applications span health monitoring in wearable devices (e.g., WBANs), stress/fatigue assessment via breath, heart rate variability, and galvanic skin response, with validation through benchmark datasets (e.g., 7-second or 14dB rejection thresholds). Compatibility challenges between hardware (ASICs, microsystems) and software pipelines are addressed through modular component design, often tested on nasal/mouth-based respiratory stimuli or actuated hollow-sensor designs. The field emphasizes online processing, compatibility with existing systems, and cross-disciplinary efforts bridging biomedical engineering, signal processing, and psychophysiological research."
229,Fashionable Textured Nanofiber Designs,"This topic explores the integration of silk-derived nanofibers—particularly fibroin—and their engineered textures into apparel and textile products, focusing on how these features influence visual perception, aesthetic appeal, and consumer behavior. Research often employs computational models, image analysis techniques, and agent-based simulations to study texture signatures, attractiveness, and recommendation systems for fashion items, leveraging datasets like garment logos or outfits. The intersection of material science and digital creativity examines how nanofiber scaffolds and crawler-inspired agents enhance fabric design, from basic textile engineering to high-fashion product development, bridging traditional craftsmanship with modern aesthetic retrieval algorithms."
230,Multiuser Wireless Power Allocation Strategies,"This topic explores advanced wireless communication schemes focused on optimizing power allocation, interference management, and utility maximization across multiple users in heterogeneous networks. Key methods include game-theoretic approaches (e.g., cooperative strategies like CANISME or RSMA) to model user interactions under constraints such as delay or energy efficiency, alongside hybrid modulation techniques (CDMA/FDMA/TCMA/TDMA) for efficient spectrum and power sharing. Energy-efficient relaying schemes (e.g., SIC-based or non-orthogonal MIMO) are central, often paired with channel state information (CSI)-driven allocation to mitigate interference while improving outage performance. Applications span IoT-enabled networks, 5G/6G edge deployments, and real-time broadcast systems where power constraints and user equilibrium dynamics drive novel constellation designs and MAC-layer optimizations."
231,21st-century workflow-driven business analytics,"This topic focuses on the integration of advanced data mining, event-driven processing, and metadata-driven systems in modern business intelligence to analyze clickstream and transactional logs. Key research emphasizes stream-based workflow modeling—particularly using declarative or BPM-centric frameworks—to extract insights from heterogeneous databases (relational, HPC, log-based) while addressing uncertainty and incompatibility in real-time commerce data. Applications span digital commerce analytics, supply chain optimization, and AI-driven decision mediation through hybrid software systems like ‘martini’ workflows or ‘Atlas’-inspired platforms. Benchmarking against legacy DBMS and exception-handling models ensures scalability, while scientific validation often relies on structured event occurrence modeling to improve process conformance in 21st-century enterprise environments."
232,Conformal Predictive Learning Theory,"This topic centers on the development of rigorous mathematical frameworks for constructing reliable predictive intervals and models under probabilistic and deterministic settings, emphasizing conformal inference as a foundational method. Key methods include finite-sample analysis, bias-stability trade-offs, and nonconformity-based calibration to ensure prediction validity across exchangeable data sequences while addressing uncertainty quantification in machine learning algorithms like ridge regression or kernel Ridge Regression (krr). Applications span robust forecasting under distributional shifts, multi-modal probabilistic predictions, and meta-modeling for high-dimensional data, often leveraging PAC-learning principles and asymptotic guarantees. The focus extends to comparative analysis of predictive schemes—such as those involving Solomonoff induction, PAC-Bayesian exchangeability, or conformalized models—with a particular emphasis on theoretical limits, adversarial robustness, and the trade-offs between prediction accuracy and computational complexity."
233,Online Fraud & Anti-Abuse Defense Systems,"This topic centers on the detection, prevention, and mitigation of malicious online activities such as spam, phishing, scams, and denial-of-service (DoS) attacks through advanced filtering techniques. Key methods include Bayesian probabilistic models, keyword-based analysis, blacklist/whitelist systems, and hybrid approaches like stacking or gridemail frameworks to improve accuracy in email and web security. Applications span ISPs, authentication protocols, CAPTCHAs, and bot detection services, addressing both immediate threats (e.g., DDoS, Sybil attacks) and long-term concerns like disinformation and social engineering scams. Research also explores adversarial strategies, such as phisher persuasion tactics or SMS-based fraud (smishing), alongside emerging challenges like fake URLs, password abuse, and the rise of AI-driven scam bots."
234,High-energy particle physics data processing systems,"This topic centers on the development of advanced software, hardware, and computational frameworks for analyzing high-dimensional particle collision data from accelerators like the Large Hadron Collider (LHC) or KEKB. Key methods include real-time event reconstruction using neural networks, FPGA/GPU-accelerated simulations with Geant4-based workflows, and hybrid cloud-grid computing architectures for handling terabytes of detector-generated data. Applications span fundamental physics research—such as quark-gluon dynamics (QCD), rare particle decays, and cosmic-ray studies—while also bridging interdisciplinary fields like atmospheric physics, bioelectroluminescence, and cryogenic microscopy through cross-domain computational pipelines."
235,Multiscale Image Restoration Techniques,"This topic focuses on advanced computational methods leveraging wavelet transforms to enhance image quality under degraded conditions like haze, fog, pollution, or weather-induced distortions. Key research revolves around fusion strategies combining high-frequency wavelet bands with complementary low-frequency patches for contrast and saturation recovery, often using direct retinex-inspired models or GMP-based approaches. Techniques such as packet-level dehazing, deraining, and demosaicking—applied to raw sensor data or synthetic patches—aim to restore accurate visual information while preserving structural details. Applications span real-time atmospheric correction in aerial imaging, satellite remote sensing, and consumer-grade photo restoration tools like GIMP plugins, addressing challenges from air pollution-induced haze to extreme weather distortions."
236,Quantum Error-Correcting Codes with Advanced Algebras,"This topic explores sophisticated quantum error-correcting codes (QECCs) leveraging algebraic structures like abelian algebras, Clifford groups, and umbral theories to achieve near-perfect fault tolerance. Key methods include the use of stabilizer codes, LDPC-inspired constructions, and nontrivial subsystem codes—often combined with classical coding theory frameworks—to balance error correction efficiency (e.g., 5-fold or 10-fold redundancy) with resource overhead. Applications span quantum computing hardware, optical communications, and post-quantum cryptography, where theoretical proofs of decodability, capacity limits (e.g., Holevo bounds), and ultimate reconciliation under superadditive channels drive research. Subtheories like duadic codes, cosystolic LDPC variants, or symplectic-based QECCs further refine error suppression in qudits and hybrid quantum-classical systems."
237,Zero-Shot Visual Recognition Expansion,"This topic focuses on advancing zero-shot learning frameworks in computer vision, particularly for recognizing unseen object classes from limited or no training data by leveraging semantic knowledge. Key methods include embedding-based representations (e.g., CLIP-style models) that map visual and textual features into a shared semantic space, enabling generalization across seen and unseen categories through few-shot or zero-shot prompts. Research explores extensions like conditional zero-shot learning (CZSL) and generalized zero-shot learning (GZSL), balancing accuracy for both seen and unseen classes while optimizing model robustness to diverse visual variations. Applications span autonomous systems, medical imaging diagnostics, and real-time object detection in dynamic environments where class distributions shift unpredictably."
238,Multiscale Network Anomaly Detection in Operational Traffic Logs,"This topic focuses on detecting anomalous patterns in large-scale network traffic data, particularly within ISP and industrial environments like BACnet systems. Researchers employ multiscale analysis—combining time-series, graph-based, and sequence mining techniques—to identify faults, commute anomalies, or missing events in operational logs. Key methods include anomaly detection algorithms (e.g., Tiresias, outlier learning), fault diagnosis via graph-theoretic approaches (e.g., GraphSAC, GAD), and hybrid models integrating BGP or traffic event sequences to pinpoint ISP-related or network infrastructure failures. Applications span proactive maintenance, cybersecurity threat detection, and optimizing real-time operational efficiency in distributed systems."
239,Compressive Polarimetric SAR Imaging Techniques,"This topic focuses on advanced methods for acquiring, processing, and analyzing polarimetric synthetic aperture radar (SAR) data using compressive sensing (CS) principles to enhance imaging quality despite noise, clutter, or limited aperture conditions. Key techniques include wavelet-based orthogonalization (e.g., discrete wavelet transform), multiresolution speckle reduction via subspace analysis, and adaptive polarimetric despeckling algorithms like STAP (statistical adaptive processing). Methods such as fractal-based contour extraction and deep learning-driven autofocus further improve target segmentation in high-resolution SAR imagery, particularly for moving or synthetic targets like rebar or terrain features. Applications span remote sensing platforms like Sentinel-1 and Ka-band systems, enabling applications in geospatial analysis, autonomous navigation, and cognitive radar systems where real-time processing is critical."
240,Self-Supervised Semi-Labeled SSL-Certificate Learning,"This topic explores advanced techniques in self-supervised learning (SSL) applied to semi-labeled data, particularly within the context of certificate-based authentication systems like TLS/SSL. Key methods include pseudo-labeling unlabeled data using pre-trained models, leveraging domain-specific structures such as hierarchical certificates or layered validation realms to improve robustness. Research often integrates labeled datasets from elders or specialized domains (e.g., medical DSSS frameworks) to refine certification processes in distributed systems, while also addressing challenges like noisy pseudo-labels and cross-domain generalization via methods like semi-SUPLEX or GCT-based augmentation. Applications span secure communications, identity verification in decentralized networks, and adaptive credential validation for high-stakes environments."
241,Advanced Polar Digital Communication Architectures,"This topic focuses on the development of sophisticated modulation, coding, and decoding techniques for polar digital communication systems, particularly in high-rate, low-latency environments like 5G and beyond. Key methods include fractional-length processing, Golay code-based synchronization, nonbinary alphabet encoding, and successive cancellation list (SCL) decoders optimized for fading channels with memory effects. Polar modulation schemes—such as PSK, GOLPASK, or SAPPK—are central, often paired with advanced error-correction codes like LDPC or Golay codes to mitigate Doppler-induced interference and channel distortions. Architectural innovations, including hardware-accelerated implementations (e.g., AVR/ALTIVEC optimizations) and memory-efficient buffer designs, enhance real-time performance while supporting nonbinary constellations and successive decoding for robust signal recovery under severe multipath or polarization-dependent fading conditions."
242,Multimodal Gesture-Speech HCI for Deaf and Multilingual Signing Communities,"This topic explores the integration of gestures, sign languages, and speech in human-computer interaction (HCI) to facilitate communication across deaf communities, multilingual signers, and hearing users. Key research focuses on kinematic gesture recognition—such as handshapes, palm movements, and coverbal cues—to improve multimodal input processing, often using deep learning models like XceptionTime for temporal analysis of dynamic gestures and speech. Methods include ASL (American Sign Language) and regional sign systems like Bengali or Arabic, with attention to morphologic features of signs and phonetic alignment between spoken and signed languages. Applications span real-time translation tools, adaptive HCI interfaces for mobile phones and SLTs (speech-language therapists), and multimodal avatar animations that bridge signing and text-based communication. Entropy-based approaches also analyze uncertainty in mixed-sign/speech inputs to enhance robustness, while deixis studies help contextualize gestures within cultural or linguistic frameworks."
243,Automated Program Analysis and Verification,"This topic focuses on the development of advanced techniques for automated debugging, static and dynamic analysis, and formal verification of programs across diverse languages (e.g., Java, Tcl) and execution environments. Key methods include symbolic execution, fuzzing-based vulnerability discovery using tools like AFL or LuxDBG, loop invariant preservation, and path exploration via tools such as CBMC and CoverME. Applications span hardware/software co-design (e.g., RTL verification), bioinformatics (e.g., microfluidic system validation), and security testing for critical systems like OpenStack or embedded devices. The integration of formal specifications (e.g., ITEA2, diamonds) with automated counterexample generation bridges static analysis and dynamic runtime debugging to uncover bugs, liveness issues, and execution anomalies in parallelized or coroutine-based programs."
244,Advanced Wireless Optical Communications,"This topic explores the integration of deep learning-driven techniques with wireless and optical communication systems to enhance data transmission efficiency, error correction, and semantic content utilization. Key methods include hybrid fiber-wireless networks leveraging deep neural architectures like JSCC (Joint Spatial-Coding Convolutional Neural Networks) and Viterbi-based decoding for high-fidelity image and video transmission. Semantic annotation via XML markup and artificial intelligence enables adaptive content encoding, optimizing end-to-end performance in 6G-era networks. Applications span real-time wireless optical data streams, fiber-wireless hybrid channels, and deep learning-enhanced coding schemes to improve spectral efficiency and fault tolerance."
245,Fraudulent Network Contagion in Financial Markets,"This topic examines how collusive fraudulent behaviors, such as transaction manipulation and money laundering, propagate through financial networks—particularly within decentralized systems like Ethereum—to identify high-risk cliques, gangs, or criminal organizations. Key methods include graph-based network analysis (e.g., clique detection, community mining) to uncover abnormal transaction patterns, followed by investigative CRM-driven approaches for customer retention risk assessment and fraudulent activity detection. Applications span anti-money laundering (AML), forensic accounting, and cybercrime investigations, where real-time or historical data analysis helps prevent systemic fraud, defamation, and contagious financial crimes while addressing ethical dilemmas like holoscopic surveillance of illicit behaviors."
246,Automated Dermoscopic Melanoma Detection Systems,"This topic focuses on developing and evaluating computer-assisted diagnostic systems for identifying melanoma and other cutaneous lesions using dermoscopic images, often analyzed via RGB or multispectral spectrometry. Key methods include automated segmentation of lesion borders, spectral reflectance-based classification (e.g., using SVM or machine learning models like the ISIC challenge dataset), and color/texture analysis to distinguish malignant from benign pigmented skin lesions. Legal and clinical validation frameworks—such as those involving dermatologists’ assessments—are central to ensuring accuracy, reducing false positives (FP rates), and improving diagnostic precision for early cancer detection in dermatology. Applications span clinical diagnostics, telemedicine, and public health screening programs, bridging traditional medical expertise with advanced electronic image processing."
247,Advanced Prosthetic Hand Design and Sensing,"This topic focuses on the development of sophisticated, multi-fingered prosthetic hands for amputees by integrating anthropometric modeling, high-resolution sensing, and 3D reconstruction techniques. Key methods include interphalangeal joint articulation, RGB-D image processing (e.g., HOI datasets), contact-based gesture estimation, and mesh-based feature extraction to improve hand pose tracking and object interaction accuracy. Research emphasizes real-time sensory feedback via neural-inspired or mechanical sensors, optimizing prosthetic performance for tasks like keyboard input, glove-like manipulation, and 3D reconstruction algorithms (e.g., MPP3D). Applications span clinical rehabilitation, assistive robotics, and personalized anthropometric adaptations to enhance functional integration with amputated hands."
248,Crowd Analysis in Spatio-Temporal Urban Environments,"This topic focuses on the study of human movement and crowd dynamics through advanced computer vision, machine learning, and spatial-temporal data analysis techniques. Researchers employ deep learning architectures like FCN (fully convolutional networks) and R-LSTM (recurrent long short-term memory models) to process high-resolution images and video sequences for tasks such as pedestrian detection, localization, and scene classification in crowded urban settings. Crowdsourcing platforms and large-scale datasets—such as those from ShanghaiTech or DigCrowd—drive the development of robust methods for counting individuals, estimating crowd density, and analyzing motion patterns using spatio-temporal signal processing. Applications span real-time traffic management, disaster response, and social media-driven crowd behavior studies, with critiques often addressing ethical concerns in data collection and architectural limitations in tracking systems."
249,Collaborative Knowledge Editing Systems,"This topic focuses on the design of advanced systems that integrate memory-based, ontology-driven, and NLP-enabled mechanisms to manage and refine shared knowledge in collaborative environments like wikis. Key methods include hybrid editing frameworks—such as those leveraging tuple-based or lexicographic revision models—to resolve conflicts (e.g., deadlocks) while preserving factual accuracy, often using controlled markup languages (e.g., MathML, DML) for structured content. Research emphasizes error correction, belief consolidation, and large-scale knowledge integration via hybrid AI/editorial services, with applications in fact-checking, educational platforms (LMS), and technical documentation workflows. Integration of LLMs and ontology reasoning (OWL/Pellet) enables adaptive editing environments where human and machine contributions are dynamically balanced for efficiency and correctness."
250,Haplotype Imputation and AI-Driven Missing Data Recovery,"This topic focuses on advanced statistical and machine learning techniques—particularly autoencoders, likelihood-based methods, and optimization frameworks—to reconstruct complete genetic or phenotypic data from incomplete haplotype profiles. Key research emphasizes imputing missing values in high-dimensional datasets (e.g., genomic panels, time-series medical records) while preserving structural dependencies like multilevel relationships or nonresponse patterns. Applications span bioinformatics for disease diagnosis (e.g., dengue fever prediction via imputed health series), computational social science (CSDI datasets), and AI-driven catalogs of missing data recovery methods. Conservative, profile-based, and likelihood-maximization approaches ensure robustness across diverse incomplete data scenarios, bridging gaps between traditional regression models and deep learning paradigms."
251,Smart Contract Security Frameworks,"This topic explores the development of formal methods, verification tools, and security frameworks specifically designed to analyze and mitigate vulnerabilities in smart contracts deployed on blockchain platforms like Ethereum. Key research focuses on symbolic execution, assertion-based reasoning (e.g., DBC assertions), and aspect-oriented programming (AOP) extensions to detect flaws such as reentrancy attacks or liquidity mismatches while ensuring cryptographic integrity. Methodologies often integrate behavioral contract specifications with client-side validation, leveraging tools like MAAT or ConA for automated proof of untampered code and soundly reasoned logic. Applications span Defi protocols, where security breaches (e.g., Heartbleed-like exploits) risk financial instability, and broader efforts to concretize formal contracts into executable smart contract languages like Solidity. Research also examines adversarial aspects—such as ‘blame’ attribution in post-mortem analyses—to refine toolchains that balance transparency with dynamic updates."
252,Adversarial Graph Watermarking Systems,"This topic focuses on designing robust, adversarially resilient systems that embed and detect digital watermarks within graph-structured data—such as networks of nodes and collaborators—to protect sensitive information like topology or ownership claims. Key methods include persistent homology-based techniques for embedding watermarks in topological features, adversarial attack-resistant neural graph models (e.g., GNNs) to prevent leaks during learning, and hybrid approaches combining graph convolutional networks with backdoor defenses to deter malicious modifications. Applications span cybersecurity, intellectual property protection in collaborative networks, and secure distributed systems where integrity verification is critical against both internal attackers and external adversaries."
253,Deep Human Pose and Action Recognition,"This topic focuses on developing advanced deep learning methods to analyze and classify human motion, gestures, and actions from video or 3D skeletal data. Key research involves extracting robust joint-based features using neural networks, often leveraging RGB or multi-modal inputs like spatiotemporal descriptors, while incorporating graph convolutional networks (GCNs) for pose representation. Methods include temporal feature extraction via calculus-inspired techniques or statistical analysis of motion sequences, with applications in human-computer interaction, medical diagnostics, and real-time action recognition systems like those tested on datasets such as NTU-RGB+D. The field emphasizes improving accuracy through hybrid architectures that combine skeletal tracking with deep learning for dynamic pose estimation."
254,Multitemporal Remote Sensing Change Detection,"This topic focuses on detecting spatial and spectral changes in remote sensing data across multiple time points using unsupervised learning techniques, particularly in disaster-affected or dynamic environments. Key methods include rough set theory-inspired clustering (e.g., Pawlak’s concept of equivalence classes) to analyze temporal feature evolution at varying resolutions, often applied to aerial or satellite imagery for applications like disaster assessment, methane leak monitoring, or urban change tracking. Multitemporal data fusion—such as spectral and spatial feature extraction via CD (Change Detection) algorithms—is central, with advancements in techniques like SC-DMIS or VPR (Variational Principal Component Regression)—to identify subtle yet critical shifts without labeled supervision."
255,Consumer Nutrition and Brand-Driven Culinary Behavior,"This topic explores how cultural, demographic, and sensory factors—such as food brand associations, visual stimuli (e.g., restaurant images or recipe pictures), and dietary preferences—shape eating behaviors, nutritional intake, and health recommendations across diverse culinary traditions like Mexican, Thai, or Jordanian cuisine. Key methods include multivariate statistical analyses of datasets linking brand exposure to consumption patterns, image recognition studies in nutrition marketing, and longitudinal journaling-based research on food choices. Applications span public health interventions, targeted restaurant marketing strategies, and the development of culturally adaptive nutritional guidelines, emphasizing how visual and experiential cues influence both individual dietary habits and broader food system dynamics."
256,Markerless Human Motion Biometrics,"This topic focuses on the development of deep-learning-based systems that extract behavioral and biometric signatures from markerless human motion data, often captured via smartphones or optical sensors. Key methods include particle-based motion tracking, sound-based gait analysis, and multiview or pyramidal filtering techniques to reconstruct 3D body cuboids or silhouettes for person identification. The research emphasizes temporal feature extraction—such as gait signatures, shoeprints, or behavioral patterns—to enhance authentication, rehabilitation, and age/identity verification in real-time applications. Multimodal datasets (e.g., 80x60 pixel resolutions) and Fisher vector-based approaches are commonly used to compare learned representations across persons or individuals, bridging gaps between optical flow, sound analysis, and CNN-based feature extraction for robust biometric recognition."
257,Multiscale biofluidic resonance systems,"This topic explores the interplay between physical resonances—such as allpass and feedback networks—in engineered or biological enclosures, ranging from molecular-scale structures (e.g., DNA-functionalized nanotubes, ferromagnetic junctions) to macroscopic fluidic systems (e.g., plasmodium-infected cells, physarum polycephalum slime mold channels). Key methods include computational simulations (e.g., MC-based diffusive modeling, plasmonic resonance in nanoscale biosensors), experimental characterization of resonant currents and conductances in biomolecular or synthetic nanostructures, and theoretical analyses of pressure-driven transmission through conformal spacers. Applications span bioengineered olfactory receptors, spintronic devices with molecular feedback loops, and unconventional computing via diffusive signal diffusion in slime mold or bacterial colonies. The focus bridges quantum-scale electron transport (e.g., Kekulé-conjugated systems) to macroscopic biological communication (e.g., planktonic species signaling), often leveraging hybrid computational-physical approaches."
258,Spreadsheet-Based Financial Systems Analysis,"This topic explores the intersection of spreadsheet software—particularly Excel and its variants—in corporate finance, commerce, and data-driven decision-making. Key research focuses on algorithmic recomputation in nested formulas, error mitigation in fiscal reporting, and the design of maintainable ontologies for financial audits, with a particular emphasis on UK-based case studies (e.g., HM Revenue & Customs). Methods include parallel processing engines, hybrid Java/ML frameworks (like AngularJS), and ontology-driven schemas to model dependencies between spreadsheet elements. Applications span ERP integration, fraud detection via audit trails, and the scalability challenges of hypergrowth companies using legacy systems, often analyzed through empirical studies on '450k' data points or post-audit revelations in corporate financial workflows."
