subject,topic_id,window,win_start,win_end,top_words,n_words
math,0,2000–2005,2000,2005,"equation, nonlinear, solutions, equations, mathbb, wave, dinger, left, om, right, schr, codim, du, frac, elliptic, problem, rightarrow, sing, slash, supp",20
math,0,2005–2010,2005,2010,"dinger, equation, equations, frac, mathbb, nonlinear, schr, solutions, wave, solution, elliptic, nabla, partial, posedness, quad",15
math,0,2010–2015,2010,2015,"dinger, equation, equations, frac, mathbb, nonlinear, solutions, schr, nabla, partial, quad, solution, wave",13
math,0,2015–2020,2015,2020,"equation, equations, frac, mathbb, nabla, nonlinear, partial, quad, solutions, begin, dinger",11
math,0,2020–2025,2020,2025,"begin, equation, equations, frac, mathbb, nabla, nonlinear, partial, solutions, quad, dinger",11
math,1,2000–2005,2000,2005,"abelian, finite, gg, group, groups, subgroup, subgroups, free, mathbb, mathcal, automorphism, actions, approx0, aut, diagram, precsim",16
math,1,2005–2010,2005,2010,"abelian, finite, free, gg, group, groups, mathbb, subgroup, subgroups, finitely, mathcal",11
math,1,2010–2015,2010,2015,"abelian, finite, free, gg, group, groups, mathbb, subgroup, subgroups, finitely, mathcal",11
math,1,2015–2020,2015,2020,"abelian, finite, gg, group, groups, mathbb, subgroup, subgroups, mathcal, free, mathrm, aut, finitely",13
math,1,2020–2025,2020,2025,"abelian, finite, gg, group, groups, mathbb, mathcal, mathrm, subgroup, subgroups",10
math,2,2000–2005,2000,2005,"method, ador, anisotropic, combustion, diffusion, eddy, element, fd, interpolations, model, numerical, pdes, resolution, schema, shock, smagorinsky, subgrid, artificial, capturing, computational, debye, detection, discretization, edge, error, fluid, high, integrated, maxwell, mesh, methods, navier, numeric, pressure, scale, schemes, solution, stokes, td, turbulent, viscosity, walls",42
math,2,2005–2010,2005,2010,"numerical, element, equations, finite, method, galerkin, error, fd, meshes, methods, schemes, debye, mesh, stokes, td, cdg, combustion, interpolations, maxwell, pdes, schema, solution",22
math,2,2010–2015,2010,2015,"element, error, finite, galerkin, mesh, method, numerical, order, methods, equations, meshes, problems, stokes",13
math,2,2015–2020,2015,2020,"element, error, finite, galerkin, mesh, method, numerical, order, scheme, methods, equations, meshes",12
math,2,2020–2025,2020,2025,"element, error, finite, galerkin, mesh, method, numerical, order, scheme, equations, meshes",11
math,3,2000–2005,2000,2005,"entropy, ergodic, maps, measures, measure, diffeomorphisms, mixing, dynamical, fractals, mathbb, dimension, kicked, la, topological, alpha, invariant, kicks, nur, space, systems",20
math,3,2005–2010,2005,2010,"entropy, ergodic, maps, mathbb, measure, measures, systems, dimension, dynamical, invariant, la, hausdorff, set, topological",14
math,3,2010–2015,2010,2015,"entropy, ergodic, maps, mathbb, measure, measures, dynamical, set, systems, dimension, invariant, mathcal, topological",13
math,3,2015–2020,2015,2020,"dynamical, entropy, ergodic, maps, mathbb, measure, measures, systems, topological, mathcal, set",11
math,3,2020–2025,2020,2025,"dynamical, entropy, ergodic, maps, mathbb, measure, measures, systems, mathcal, set, dimension, topological",12
math,4,2000–2005,2000,2005,"algebra, algebras, lie, mathfrak, modules, sl, frak, quantum, superalgebras, gl, goth, representations, superalgebra, enveloping, superconformal",15
math,4,2005–2010,2005,2010,"algebra, algebras, gl, lie, mathfrak, modules, sl, superalgebras, mathbb, mathcal, nilpotent, frak, representations, superalgebra",14
math,4,2010–2015,2010,2015,"algebra, algebras, gl, lie, mathcal, mathfrak, modules, sl, superalgebras, mathbb, frak",11
math,4,2015–2020,2015,2020,"algebra, algebras, gl, lie, mathbb, mathcal, mathfrak, modules, sl, superalgebras",10
math,4,2020–2025,2020,2025,"algebra, algebras, gl, lie, mathbb, mathcal, mathfrak, modules, sl, superalgebras",10
math,5,2000–2005,2000,2005,"convex, polytope, polytopes, mathbb, packings, points, lattice, polygon, tilings, flipturn, flipturns, hexagonal, polyhedra, bier, cones, dimensional, dissection, dissections, ehrhart, facets, hales, kakeya, packing, polygons, set, tetrahedra, volumes",27
math,5,2005–2010,2005,2010,"convex, lattice, mathbb, points, polytope, polytopes, tilings, sets, varlambda, packings, polyhedra, dimensional, ehrhart, hexagonal, packing, plane, set, triangulations, vertices",19
math,5,2010–2015,2010,2015,"convex, mathbb, points, polytope, polytopes, set, sets, lattice, mathsf, polygons, tilings, vertices, euclidean, mathcal, packing, packings, plane, polyhedra",18
math,5,2015–2020,2015,2020,"convex, mathbb, mathcal, points, polytope, polytopes, set, tilings, lattice, polygons, sets, plane, mathsf",13
math,5,2020–2025,2020,2025,"convex, mathbb, mathcal, points, polytope, polytopes, set, tilings, sets, polygons, frac, plane, leq",13
math,6,2000–2005,2000,2005,"graph, graphs, vertices, gg, konig, number, tree, vertex, bipartite, condensations, consolidated, consolidations, haxell, pebbling, theorem, thickness, adjacencies, asdim, complexes, covered, cq, degree, hierarchy, kozlov, mu, pebbles, trees",27
math,6,2005–2010,2005,2010,"gg, graph, graphs, vertex, vertices, edge, number, edges, degree, tree, trees, geq, bidirected, complexes, kozlov, leq, pebbling",17
math,6,2010–2015,2010,2015,"edge, edges, gg, graph, graphs, number, vertex, vertices, bipartite, leq, tree, kk, mathcal, set, subgraph",15
math,6,2015–2020,2015,2020,"edge, edges, gg, graph, graphs, number, vertex, vertices, kk, mathcal, tree, bipartite, geq",13
math,6,2020–2025,2020,2025,"edge, edges, gg, graph, graphs, mathcal, number, vertex, vertices, kk, frac",11
math,7,2000–2005,2000,2005,"ideal, ideals, modules, ring, rings, rr, macaulay, module, cohen, gorenstein, graded, janet, mathcal, pommaret, qb",15
math,7,2005–2010,2005,2010,"ideal, ideals, macaulay, module, modules, ring, rings, rr, gorenstein, cohen, noetherian",11
math,7,2010–2015,2010,2015,"ideal, ideals, macaulay, modules, ring, rings, rr, cohen, module, mathfrak, gorenstein, noetherian, graded",13
math,7,2015–2020,2015,2020,"ideal, ideals, macaulay, mathfrak, modules, ring, rings, rr, module, gorenstein, noetherian, cohen",12
math,7,2020–2025,2020,2025,"ideal, ideals, macaulay, mathfrak, modules, noetherian, ring, rings, rr, gorenstein, graded, module",12
math,8,2000–2005,2000,2005,"algebra, algebras, mathcal, unital, group, banach, crossed, cuntz, von, aa, ideals, morita, neumann, ast, cal, cl, krieger, oa, ring, tracial",20
math,8,2005–2010,2005,2010,"algebra, algebras, banach, mathcal, unital, von, aa, cuntz, group, neumann, crossed, mathbb, tracial, af, cl",15
math,8,2010–2015,2010,2015,"algebra, algebras, banach, mathcal, unital, von, crossed, cuntz, group, mathbb, neumann, aa",12
math,8,2015–2020,2015,2020,"aa, algebra, algebras, banach, mathbb, mathcal, unital, von, group, mathfrak, crossed, neumann, cal, cuntz",14
math,8,2020–2025,2020,2025,"aa, algebra, algebras, group, mathbb, mathcal, mathfrak, unital, von, banach, tracial",11
math,9,2000–2005,2000,2005,"distribution, random, limit, variables, statistics, moment, quicksort, sums, cal, empirical, gaussian, probability, rosenthal, sum, tail, anlytic, convergence, exponential, inequalities, jackknife, mathbb, measures, poisson, processes, sequences, stein",26
math,9,2005–2010,2005,2010,"distribution, limit, processes, random, sum, variables, infty, probability, distributions, gaussian, mathbb, convergence, mathsf, measures, stein",15
math,9,2010–2015,2010,2015,"distribution, distributions, gaussian, limit, mathbb, processes, random, sum, variables, infty, probability, convergence",12
math,9,2015–2020,2015,2020,"distribution, distributions, gaussian, limit, mathbb, random, variables, infty, sum, convergence, probability, processes",12
math,9,2020–2025,2020,2025,"distribution, gaussian, limit, mathbb, random, variables, probability, sum, convergence, distributions, infty, mathcal, log",13
math,10,2000–2005,2000,2005,"mathbb, operators, bmo, operator, boundedness, ce, spaces, beta, bnat, condition, ell, infty, maximal, transform, 1h, buildrel, doubling, dunkl, estimates, ij, inequality, int, integral, kernel, kms, leq, nyman, periodizations, pl, ref, riesz, sec",32
math,10,2005–2010,2005,2010,"mathbb, operator, operators, spaces, hardy, infty, mathcal, bmo, estimates, frac, maximal, boundedness, dunkl, integral, kernel, leq, multipliers, orlicz, pmb, ri, transform, vec",22
math,10,2010–2015,2010,2015,"bmo, frac, hardy, infty, mathbb, mathcal, operator, operators, spaces, boundedness, estimates, varphi, vec",13
math,10,2015–2020,2015,2020,"bmo, frac, hardy, infty, mathbb, mathcal, operator, operators, spaces, boundedness, leq",11
math,10,2020–2025,2020,2025,"frac, hardy, infty, mathbb, mathcal, operator, operators, spaces, boundedness, leq, bmo, int",12
math,11,2000–2005,2000,2005,"homology, invariants, knot, knots, link, links, jones, khovanov, vassiliev, concordance, legendrian, alexander, invariant, knotted, linking, polynomial, skein, virtual",18
math,11,2005–2010,2005,2010,"alexander, homology, invariants, khovanov, knot, knots, link, links, floer, concordance, legendrian, polynomial, jones, tangles",14
math,11,2010–2015,2010,2015,"floer, homology, invariants, khovanov, knot, knots, link, links, legendrian, alexander, concordance, virtual, surgery",13
math,11,2015–2020,2015,2020,"floer, homology, invariants, khovanov, knot, knots, link, links, concordance, alexander, invariant, virtual, legendrian, mathbb, surgery",15
math,11,2020–2025,2020,2025,"floer, homology, invariants, khovanov, knot, knots, link, links, mathbb, legendrian, alexander, invariant",12
math,12,2000–2005,2000,2005,"multivector, concepts, shah, steiner, convex, gradient, minimality, minimax, mumford, nonconvex, procedures, thoery, backtracking, compositon, descent, distortion, field, functionals, functions, generalized, log, method, nonlinear, optimization, parameter, putnam, quasiconvex, recurrences, respecting, sbv, spaces, theory, worst",33
math,12,2005–2010,2005,2010,"optimization, convex, descent, method, convergence, extrema, maximizer, nonconvex, point, saddle, afem, algorithm, algorithms, byrnes, deciding, dimensionality, distortion, ell, false, gradient, hadamard, l1packv2, lasso, lindquist, log, mathematica, minimax, minimizer, multivector, nabla, penalized, procedures, proximal, respecting, unpenalized",35
math,12,2010–2015,2010,2015,"convergence, convex, method, nonconvex, optimization, proximal, algorithm, problems, gradient, afem, algorithms, point, bfgs, hadamard, saddle, stochastic",16
math,12,2015–2020,2015,2020,"algorithm, convergence, convex, gradient, method, optimization, problems, proximal, stochastic, algorithms, nonconvex, methods",12
math,12,2020–2025,2020,2025,"algorithm, convergence, convex, gradient, method, nonconvex, optimization, problems, stochastic, methods, proximal",11
math,13,2000–2005,2000,2005,"control, systems, nonlinear, output, controller, feedback, adaptation, adaptive, compensators, domination, laws, monotonic, parametrization, spr, stall, attitude, beam, cart, engine, input, inverted, lineal, lyapunov, matching, pendulum, prospective, regulation, state, surge, texpara",30
math,13,2005–2010,2005,2010,"control, nonlinear, systems, controller, feedback, time, optimal, attitude, adaptive, problem, stabilization, state, adaptation, compensators, constraints, design, domination, lyapunov, monotonic, output, parametrization, robust, spacecraft, stability",24
math,13,2010–2015,2010,2015,"control, controller, feedback, nonlinear, optimal, state, systems, time, controllers, design, output, stability, stabilization",13
math,13,2015–2020,2015,2020,"control, controller, feedback, nonlinear, optimal, state, systems, time, controllers, design, stability",11
math,13,2020–2025,2020,2025,"control, controller, feedback, nonlinear, optimal, state, systems, time, mpc, optimization, safety, controllers, design, stability",14
math,14,2000–2005,2000,2005,"curvature, hypersurfaces, mathbb, minimal, surfaces, space, surface, willmore, conformal, manifold, mean, riemannian, sphere, cmc, proj",15
math,14,2005–2010,2005,2010,"curvature, hypersurfaces, mathbb, mean, minimal, space, surface, surfaces, riemannian, constant, willmore, gauss, manifold, manifolds",14
math,14,2010–2015,2010,2015,"curvature, hypersurfaces, mathbb, mean, minimal, space, surface, surfaces, curves, riemannian, euclidean, manifolds, submanifolds, times",14
math,14,2015–2020,2015,2020,"curvature, hypersurfaces, mathbb, mean, minimal, space, surface, surfaces, riemannian, curves, euclidean",11
math,14,2020–2025,2020,2025,"curvature, hypersurfaces, mathbb, mean, minimal, riemannian, space, surface, surfaces, curves, boundary, hypersurface, times",13
math,15,2000–2005,2000,2005,"number, prime, primes, integers, log, integer, sum, diophantine, heuristic, leq, numbers, values, ab, bateman, conjecture, figures, frac, kelly1, kelly2, le, pdf, polynomial, ramanujan, th, triplets, twin, twins, vertics",28
math,15,2005–2010,2005,2010,"frac, integers, log, number, numbers, prime, primes, integer, le, conjecture, diophantine, sum, arithmetic, goldbach, leq, sieve",16
math,15,2010–2015,2010,2015,"frac, integers, log, number, numbers, prime, primes, diophantine, sum, integer, leq, arithmetic, conjecture, goldbach, mathbb",15
math,15,2015–2020,2015,2020,"frac, integers, leq, log, mathbb, number, numbers, prime, primes, sum",10
math,15,2020–2025,2020,2025,"frac, integers, leq, log, mathbb, numbers, prime, primes, sum, number, ell",11
math,16,2000–2005,2000,2005,"words, number, pattern, permutations, avoiding, patterns, permutation, trees, subsequence, 2j, continued, generating, longest, paths, bijection, catalan, emptyset, foata, friedman, increasing, length, return, tr, word",24
math,16,2005–2010,2005,2010,"number, pattern, patterns, permutation, permutations, words, avoiding, dyck, paths, length, sequences, word, bijection, combinatorial, numbers, trees",16
math,16,2010–2015,2010,2015,"dyck, number, pattern, permutation, permutations, word, words, length, sequences, patterns, paths, tableaux",12
math,16,2015–2020,2015,2020,"length, number, pattern, permutation, permutations, sequences, word, words, patterns, dyck, paths, avoiding, tableaux",13
math,16,2020–2025,2020,2025,"dyck, length, number, permutation, permutations, sequences, word, words, pattern, mathcal, patterns, parking, paths",13
math,17,2000–2005,2000,2005,"algebra, algebras, categories, category, modules, quiver, mathcal, corings, derived, dpic, functors, mod, noncommutative, cal, etale, grl, quillen, ring, subcategory, tilting",20
math,17,2005–2010,2005,2010,"algebra, algebras, categories, category, mathcal, modules, quiver, functors, module, tilting, abelian, corings, derived, functor, mod, triangulated",16
math,17,2010–2015,2010,2015,"algebra, algebras, categories, category, mathcal, modules, quiver, tilting, module, derived, functors, functor",12
math,17,2015–2020,2015,2020,"algebra, algebras, categories, category, mathcal, modules, tilting, auslander, quiver, functors, module, derived, mathbb, mathscr, mathsf",15
math,17,2020–2025,2020,2025,"algebra, algebras, categories, category, mathcal, modules, tilting, quiver, mathbb, subcategories, triangulated, auslander, mathsf",13
math,18,2000–2005,2000,2005,"complex, curvature, einstein, hler, kaehler, manifold, manifolds, metrics, kahler, metric, compact, hyperk",12
math,18,2005–2010,2005,2010,"complex, curvature, einstein, hler, kaehler, kahler, manifold, manifolds, metrics, metric, hermitian",11
math,18,2010–2015,2010,2015,"complex, curvature, einstein, hler, kahler, manifold, manifolds, metrics, metric, kaehler, holomorphic, hermitian",12
math,18,2015–2020,2015,2020,"complex, curvature, einstein, hler, holomorphic, manifold, manifolds, metrics, kahler, metric, hermitian, ricci",12
math,18,2020–2025,2020,2025,"complex, curvature, einstein, hermitian, hler, holomorphic, manifold, manifolds, metrics, compact, metric",11
math,19,2000–2005,2000,2005,"curvature, einstein, geometry, manifold, manifolds, metric, metrics, riemannian, bundle, lie, tensor, qkt, ricci, spinor, structures",15
math,19,2005–2010,2005,2010,"curvature, einstein, manifold, manifolds, metric, metrics, riemannian, conformal, geometry, lie, holonomy, connection, structures, tensor",14
math,19,2010–2015,2010,2015,"conformal, curvature, einstein, lie, manifold, manifolds, metric, metrics, riemannian, connection, lorentzian, nabla",12
math,19,2015–2020,2015,2020,"curvature, einstein, manifold, manifolds, metric, metrics, nabla, riemannian, conformal, lie, submanifolds",11
math,19,2020–2025,2020,2025,"curvature, einstein, lie, manifold, manifolds, metric, metrics, riemannian, conformal, nabla, lorentzian, connection, invariant, mathbb",14
math,20,2000–2005,2000,2005,"geodesic, hyperbolic, manifold, manifolds, boundary, geodesics, metric, surfaces, space, surface, dehn, bubble, descartes, dr, fibered, fillings, isospectral, length, thurston, volume",20
math,20,2005–2010,2005,2010,"geodesic, geodesics, hyperbolic, manifolds, space, surface, surfaces, manifold, boundary, teichm, thurston, ller, metric, teichmuller",14
math,20,2010–2015,2010,2015,"geodesic, geodesics, hyperbolic, manifolds, space, surface, surfaces, teichm, ller, metric, manifold, boundary",12
math,20,2015–2020,2015,2020,"geodesic, geodesics, hyperbolic, manifolds, metric, surface, surfaces, teichm, ller, space, mathbb, boundary, manifold",13
math,20,2020–2025,2020,2025,"geodesic, geodesics, hyperbolic, manifolds, mathbb, metric, surface, surfaces, boundary, space, manifold, closed, teichm",13
math,21,2000–2005,2000,2005,"equation, noise, stochastic, diffusion, forcing, ito, solutions, differential, equations, space, subthreshold, burgers, dalang, dx, frequencies, hoelder, initiale, invariant, loi, measure, moyal, mueller, nu, regularity, resonance, rough, semilinear, signal, solution, spde, uniqueness",31
math,21,2005–2010,2005,2010,"differential, diffusion, equation, equations, noise, solution, solutions, stochastic, processes, process, driven, ito, space, time",14
math,21,2010–2015,2010,2015,"differential, diffusion, equation, equations, noise, processes, solutions, stochastic, solution, driven, process, sdes, time",13
math,21,2015–2020,2015,2020,"differential, diffusion, equation, equations, noise, solution, solutions, stochastic, processes, time, driven, mathbb, spdes",13
math,21,2020–2025,2020,2025,"differential, equation, equations, noise, solution, solutions, stochastic, time, diffusion, mathbb, sdes, processes",12
math,22,2000–2005,2000,2005,"categories, category, homotopy, monoidal, functors, algebras, mathcal, model, segal, functor, operad, operads, simplicial, comma, dihomotopy, enriched, equivalences, generalisees, kan, liaison, stasheff, theory, topoi",23
math,22,2005–2010,2005,2010,"categories, category, functor, functors, monoidal, mathcal, categorical, homotopy, monads, theory, model, simplicial, topos, dg, orientals, segal",16
math,22,2010–2015,2010,2015,"categories, category, functor, functors, mathcal, monoidal, theory, categorical, homotopy, monads, monad, topos, infty, model",14
math,22,2015–2020,2015,2020,"categorical, categories, category, functor, functors, mathcal, monoidal, infty, theory, mathbf, bf, homotopy, mathsf, monad, topos",15
math,22,2020–2025,2020,2025,"categorical, categories, category, functor, functors, infty, mathcal, monoidal, mathbf, mathsf, theory, enriched",12
math,23,2000–2005,2000,2005,"bundle, bundles, moduli, projective, sheaves, smooth, vector, curves, curve, sheaf, higgs, hodge, line, otimes, semistable, stable, varieties",17
math,23,2005–2010,2005,2010,"bundle, bundles, moduli, projective, sheaves, smooth, vector, curves, varieties, curve, mathbb, mathcal, semistable, stable, chern, rank",16
math,23,2010–2015,2010,2015,"bundle, bundles, moduli, projective, sheaves, vector, semistable, stable, smooth, mathbb, higgs, rank, varieties, mathcal",14
math,23,2015–2020,2015,2020,"bundle, bundles, mathbb, mathcal, moduli, projective, sheaves, smooth, vector, varieties, curves, rank, semistable, stable",14
math,23,2020–2025,2020,2025,"bundle, bundles, mathbb, mathcal, moduli, projective, sheaves, varieties, rank, smooth, semistable, vector, curves, sheaf",14
math,24,2000–2005,2000,2005,"forms, functions, hecke, modular, cusp, eisenstein, series, weight, automorphic, maass, conjecture, selberg, adic, fourier, mahler, quadratic, ttt, unimodular",18
math,24,2005–2010,2005,2010,"eisenstein, forms, functions, hecke, modular, series, adic, weight, automorphic, gl, maass, cusp, siegel",13
math,24,2010–2015,2010,2015,"eisenstein, forms, hecke, modular, functions, gl, weight, adic, cusp, maass, automorphic, series, siegel, mathbb",14
math,24,2015–2020,2015,2020,"eisenstein, forms, hecke, mathbb, modular, functions, weight, gl, maass, adic, cusp, ll, series, siegel",14
math,24,2020–2025,2020,2025,"eisenstein, forms, functions, gl, hecke, ll, mathbb, modular, adic, weight, mathrm, series, automorphic",13
math,25,2000–2005,2000,2005,"gaussian, matrices, matrix, random, distribution, probability, ensembles, bt, eigenvalue, ensemble, eigenvalues, entries, enumeration, goe, hermite, leq2n, metastable, non, szego, times, wigner",21
math,25,2005–2010,2005,2010,"distribution, eigenvalue, ensembles, gaussian, matrices, matrix, random, probability, eigenvalues, ensemble, infty, mathbf, leq2n, mathbb, wigner",15
math,25,2010–2015,2010,2015,"distribution, eigenvalues, gaussian, matrices, matrix, random, ensembles, mathbf, wigner, eigenvalue, entries, ensemble, mathbb, ij, probability",15
math,25,2015–2020,2015,2020,"distribution, eigenvalues, gaussian, mathbb, matrices, matrix, random, mathbf, eigenvalue, ensembles, covariance, ensemble, frac",13
math,25,2020–2025,2020,2025,"distribution, eigenvalues, gaussian, mathbb, mathbf, matrices, matrix, random, entries, covariance, eigenvalue, ensemble, spectral",13
math,26,2000–2005,2000,2005,"adic, gl, group, groups, langlands, representations, mathbb, ell, representation, reductive, sp, characteristic, galois, gg, local, mathrm, pp",17
math,26,2005–2010,2005,2010,"adic, gl, group, groups, langlands, mathbb, representations, mathrm, reductive, representation, gg, irreducible, sl",13
math,26,2010–2015,2010,2015,"adic, gl, group, groups, langlands, mathbb, representation, representations, automorphic, irreducible, mathrm, reductive",12
math,26,2015–2020,2015,2020,"adic, gl, group, groups, langlands, mathbb, mathrm, representations, automorphic, gg, representation",11
math,26,2020–2025,2020,2025,"adic, gg, gl, group, groups, langlands, mathbb, mathrm, representations, automorphic, representation",11
math,27,2000–2005,2000,2005,"estimator, data, distribution, estimation, estimators, ifs, nonparametric, pricing, regression, accuracy, aggregation, asymptotic, consistent, infinitesimal, jack, jackknife, kernel, model, smooth, statistic, trimmed, variance",22
math,27,2005–2010,2005,2010,"estimation, estimator, estimators, model, regression, data, likelihood, models, lasso, nonparametric, bolds, selection, distribution, ifs, pricing, sample",16
math,27,2010–2015,2010,2015,"data, estimation, estimator, estimators, lasso, model, models, regression, selection, sample, likelihood",11
math,27,2015–2020,2015,2020,"data, estimation, estimator, estimators, lasso, model, models, regression, sample, likelihood, selection",11
math,27,2020–2025,2020,2025,"data, estimation, estimator, estimators, lasso, model, models, regression, sample, likelihood, covariance, high, selection",13
math,28,2000–2005,2000,2005,"diffusion, equation, solutions, time, equations, nonlinear, reaction, steady, ve, initial, isochronous, arnold, cdot, conservation, critical, energy, flow, holistic, laws, le, nabla, quenching, separatrices, shock, sivashinsky, systems, threshold, undercompressive, velocity, veu",30
math,28,2005–2010,2005,2010,"diffusion, equation, equations, solutions, time, reaction, nonlinear, parabolic, solution, initial, segel, differential, flow, homogenized, jmath, le, nabla, problem, robin, speed, systems, ve",22
math,28,2010–2015,2010,2015,"diffusion, equation, equations, reaction, segel, solutions, time, parabolic, keller, nonlinear, nonlocal, solution, boundary, initial",14
math,28,2015–2020,2015,2020,"diffusion, equation, equations, reaction, solutions, time, nabla, nonlocal, segel, solution, infty, nonlinear, boundary, initial, keller, quad",16
math,28,2020–2025,2020,2025,"diffusion, equation, equations, nabla, reaction, solutions, time, infty, nonlocal, initial, segel, solution, parabolic",13
math,29,2000–2005,2000,2005,"dinger, operator, operators, potentials, schr, spectral, eigenvalues, eigenfunctions, periodic, potential, spectrum, ell, hecke, dirac, quantum, scattering",16
math,29,2005–2010,2005,2010,"dinger, eigenvalues, operator, operators, potential, potentials, schr, spectral, spectrum, magnetic, scattering",11
math,29,2010–2015,2010,2015,"dinger, eigenvalues, operator, operators, potentials, schr, spectral, spectrum, potential, magnetic, mathbb, scattering",12
math,29,2015–2020,2015,2020,"dinger, eigenvalues, mathbb, operator, operators, potential, potentials, schr, spectral, spectrum",10
math,29,2020–2025,2020,2025,"dinger, eigenvalues, mathbb, operator, operators, potential, potentials, schr, spectral, spectrum",10
math,30,2000–2005,2000,2005,"navier, stokes, boundary, equations, solutions, incompressible, reynolds, viscous, fluid, nard, resolvent, velocity, compressible, couette, data, drag, dyadic, langley, layer, mikeli, nabla, norm, rayleigh, solution, stockholm, time, weak",27
math,30,2005–2010,2005,2010,"boundary, compressible, equations, fluid, incompressible, navier, solutions, stokes, initial, global, viscous, weak, regularity, time, viscosity",15
math,30,2010–2015,2010,2015,"compressible, equations, fluid, incompressible, navier, solutions, stokes, global, initial, boundary, velocity, viscous, solution",13
math,30,2015–2020,2015,2020,"compressible, equations, fluid, incompressible, initial, navier, solutions, stokes, boundary, velocity, infty, global",12
math,30,2020–2025,2020,2025,"boundary, compressible, equations, fluid, incompressible, navier, solutions, stokes, initial, velocity, infty, solution",12
math,31,2000–2005,2000,2005,"abelian, curve, curves, genus, points, rational, varieties, mathbb, degree, adic, arithmetically, cac, field, galois, hyperelliptic, jacobian, mathcal, mumford, newton",19
math,31,2005–2010,2005,2010,"abelian, curve, curves, genus, hyperelliptic, mathbb, points, rational, varieties, field, jacobian, cac",12
math,31,2010–2015,2010,2015,"abelian, curve, curves, genus, hyperelliptic, mathbb, points, rational, varieties, field, degree",11
math,31,2015–2020,2015,2020,"abelian, curve, curves, genus, hyperelliptic, mathbb, points, rational, varieties, mathcal, field",11
math,31,2020–2025,2020,2025,"abelian, curve, curves, genus, hyperelliptic, mathbb, points, rational, varieties, field, jacobian, mathcal",12
math,32,2000–2005,2000,2005,"action, hamiltonian, lagrangian, manifold, manifolds, symplectic, group, cohomology, floer, cotangent, hofer, om, submanifolds, complex, equivariant, invariants, lefschetz, mathcal, semidensities",19
math,32,2005–2010,2005,2010,"floer, hamiltonian, lagrangian, manifold, manifolds, symplectic, action, group, homology, mathbb, space, submanifolds, bundle, capacities, cohomology, cotangent, invariants",17
math,32,2010–2015,2010,2015,"cohomology, floer, hamiltonian, lagrangian, manifold, manifolds, mathbb, symplectic, group, homology, space, 2n, action, submanifolds",14
math,32,2015–2020,2015,2020,"cohomology, floer, hamiltonian, lagrangian, manifold, manifolds, mathbb, symplectic, action, group, space, 2n, homology",13
math,32,2020–2025,2020,2025,"cohomology, floer, hamiltonian, lagrangian, manifold, manifolds, mathbb, symplectic, mathcal, action, group, homology, toric, submanifolds",14
math,33,2000–2005,2000,2005,"sets, space, spaces, topological, set, metric, borel, continuous, coreflection, hereditarily, om, omega, baire, compact, continua, countable, fine, fk, gamma, hausdorff, hindman, holsztynski, indecomposable, kappa, locally, meager, paracompact, pp, preserves, topology",30
math,33,2005–2010,2005,2010,"sets, space, spaces, topological, compact, metric, set, mathcal, xx, borel, continuous, mathbb, metrizable, fff, hausdorff, metacompact, om, topology",18
math,33,2010–2015,2010,2015,"compact, mathcal, space, spaces, topological, xx, metric, sets, countable, mathbb, metrizable, set, topology, mathfrak",14
math,33,2015–2020,2015,2020,"compact, mathbb, mathcal, metric, space, spaces, topological, xx, countable, sets, topology, metrizable",12
math,33,2020–2025,2020,2025,"compact, mathbb, mathcal, space, spaces, topological, topology, xx, countable, metric, sets, baire, mathfrak, set",14
math,34,2000–2005,2000,2005,"graph, graphs, random, hamilton, time, trees, vertices, circuit, cover, circuits, distribution, ise, probability, tree, degree, diam, directed, dom, ehi, lam, ln, routing, spanning, visit",24
math,34,2005–2010,2005,2010,"degree, graph, graphs, probability, random, vertices, log, vertex, edge, edges, hat, networks, diam, distribution, ell, ln, model, trees",18
math,34,2010–2015,2010,2015,"graph, graphs, log, probability, random, vertex, vertices, degree, edge, edges, model",11
math,34,2015–2020,2015,2020,"graph, graphs, log, probability, random, vertex, vertices, degree, edge, model, edges, distribution, number",13
math,34,2020–2025,2020,2025,"edge, graph, graphs, log, probability, random, vertex, vertices, degree, edges, mathcal, model",12
math,35,2000–2005,2000,2005,"coloring, graph, graphs, colors, gg, vertices, chromatic, monochromatic, color, colourability, minimum, 3k, 4k, colouring, edges, endvertices, heterochromatic, kk, lawler, lengths, number, theta",22
math,35,2005–2010,2005,2010,"chromatic, coloring, gg, graph, graphs, colors, number, vertices, color, colorings, colouring, rainbow, edge, cchi, heterochromatic, vertex",16
math,35,2010–2015,2010,2015,"chromatic, coloring, gg, graph, graphs, rainbow, colors, edge, number, vertices, colorings, vertex",12
math,35,2015–2020,2015,2020,"chromatic, coloring, colors, edge, gg, graph, graphs, number, vertices, color, rainbow, vertex, colouring",13
math,35,2020–2025,2020,2025,"chromatic, coloring, colors, edge, gg, graph, graphs, number, color, colorings, vertex, vertices",12
math,36,2000–2005,2000,2005,"algebra, algebras, lie, manifolds, poisson, quantization, symplectic, structures, quantum, algebroids, algebroid, brackets, cohomology, deformation, differential, group",16
math,36,2005–2010,2005,2010,"algebra, algebras, lie, poisson, structures, symplectic, quantization, algebroid, group, manifolds, algebroids, bundle, differential, deformation, hamiltonian, jacobi, manifold",17
math,36,2010–2015,2010,2015,"algebra, algebroids, lie, poisson, structures, symplectic, algebroid, algebras, manifolds, quantization, bundle, courant, cohomology, group, groupoids, jacobi",16
math,36,2015–2020,2015,2020,"algebra, algebroid, algebroids, lie, poisson, structures, symplectic, algebras, manifolds, bundle, mathbb, mathcal, quantization, groupoids, structure",15
math,36,2020–2025,2020,2025,"algebra, algebras, algebroids, lie, poisson, structures, symplectic, algebroid, mathcal, bundle, manifolds, quantization, dcal",13
math,37,2000–2005,2000,2005,"op, approximated, averaged, chain, chains, markov, mcmc, measure, minorization, prediction, reversible, sampling, stochastic, unresolved, variance, algorithm, asset, burn, carlo, compensate, deconvolution, density, equations, estimator, euler, gibbs, instants, metropolis, monte, process, rejection, samplers, time, volatility",34
math,37,2005–2010,2005,2010,"carlo, markov, mcmc, monte, sampling, chain, estimation, metropolis, reversible, bayesian, distribution, stochastic, variance, chains, gaussian, harris, kn, langevin, minorization, model, pepa, pileup, wcud",23
math,37,2010–2015,2010,2015,"bayesian, carlo, markov, monte, sampling, stochastic, estimation, mcmc, random, algorithm, gaussian, posterior, process, chain, method, pepa, variance",17
math,37,2015–2020,2015,2020,"bayesian, carlo, markov, monte, sampling, stochastic, algorithm, posterior, langevin, method, estimation, gaussian, mcmc, distribution, process",15
math,37,2020–2025,2020,2025,"bayesian, carlo, langevin, markov, monte, posterior, sampling, stochastic, method, distribution, algorithm, diffusion, gaussian, mcmc",14
math,38,2000–2005,2000,2005,"hilbert, mathcal, operator, operators, space, adjoint, commuting, banach, spaces, tt, bispectral, bounded, dilation, dilations, fh, hermitian, hyperinvariant, i2, linear, rd, self, selfadjoint, spectral, spectrum, tuple, valued",26
math,38,2005–2010,2005,2010,"hilbert, mathcal, operator, operators, space, spectral, adjoint, fh, mathbb, commuting, infty, spaces, spectrum, bounded, di, selfadjoint, tr, tt",18
math,38,2010–2015,2010,2015,"adjoint, hilbert, mathbb, mathcal, operator, operators, space, spectral, banach, tt, unitary, infty, spaces",13
math,38,2015–2020,2015,2020,"hilbert, mathbb, mathcal, operator, operators, space, spectral, spaces, adjoint, banach, infty, aa, bounded, spectrum, tt",15
math,38,2020–2025,2020,2025,"hilbert, mathbb, mathcal, operator, operators, space, spaces, spectral, adjoint, tt, infty, aa, banach, mathbf",14
math,39,2000–2005,2000,2005,"brownian, motion, process, processes, stochastic, time, vy, infty, motions, levy, airy, arveson, bw, class, drift, exclusion, exponents, functionals, ge, markov, packs, particles, planar, transience, variances, wiener",26
math,39,2005–2010,2005,2010,"brownian, motion, process, processes, time, vy, infty, markov, mathbb, stochastic, distribution, indi, int, le, motions, random, stable, stationary, times",19
math,39,2010–2015,2010,2015,"brownian, infty, motion, process, processes, time, vy, levy, markov, mathbb, stochastic, distribution",12
math,39,2015–2020,2015,2020,"brownian, infty, markov, mathbb, motion, process, processes, time, vy, stochastic, levy, random",12
math,39,2020–2025,2020,2025,"brownian, markov, mathbb, motion, process, processes, stochastic, time, vy, infty, varepsilon",11
math,40,2000–2005,2000,2005,"banach, ell, space, spaces, infty, normed, xx, lip, isometric, kadec, operators, separable, amn, archimedean, bump, erstnev, lacunary, narrow, nearisometries, norm, pn, renorming, rolle, subsymmetric, ultrauniform",25
math,40,2005–2010,2005,2010,"banach, ell, separable, space, spaces, infty, compact, xx, convex, mathcal, cal, erstnev, hns, lipschitz, mathnormal, norm, normed, operators, peak, pn, reflexive, rn",22
math,40,2010–2015,2010,2015,"banach, ell, infty, space, spaces, xx, operators, separable, convex, lipschitz, mathcal, normed, compact, gurarii, metric, norm",16
math,40,2015–2020,2015,2020,"banach, ell, infty, mathcal, space, spaces, convex, lipschitz, mathbb, operators, xx, norm",12
math,40,2020–2025,2020,2025,"banach, ell, infty, mathbb, mathcal, space, spaces, convex, operators, xx, lipschitz, lip, vert",13
math,41,2000–2005,2000,2005,"random, time, walk, walks, probability, markov, walker, brownian, eps, lambda, chains, environment, limit, distribution, pitchfork, process, rudvalis, saw, slit, sqrt, trimestre",21
math,41,2005–2010,2005,2010,"environment, limit, markov, random, time, walk, walks, mathbb, distribution, process, probability, brownian, chains, lambda",14
math,41,2010–2015,2010,2015,"distribution, environment, limit, markov, mathbb, process, random, time, walk, walks",10
math,41,2015–2020,2015,2020,"markov, mathbb, process, random, time, walk, walks, distribution, environment, limit, probability",11
math,41,2020–2025,2020,2025,"limit, markov, mathbb, process, random, time, walk, walks, distribution, environment, probability, chain, infty, log",14
math,42,2000–2005,2000,2005,"field, fields, galois, group, mathbb, groups, number, extensions, mod, prime, quadratic, unramified, amitsur, arithmetic, class, division, eps, herstein",18
math,42,2005–2010,2005,2010,"field, fields, galois, group, groups, mathbb, number, extensions, kk, let, prime, class, eps, gal, quadratic",15
math,42,2010–2015,2010,2015,"field, fields, galois, group, kk, mathbb, number, groups, prime, extensions, pp, gal, let, mathcal",14
math,42,2015–2020,2015,2020,"field, fields, galois, group, kk, mathbb, number, pp, mathcal, quadratic, extensions, groups, mathfrak, prime",14
math,42,2020–2025,2020,2025,"field, fields, galois, group, kk, mathbb, number, pp, groups, mathfrak, quadratic, mathcal, prime",13
math,43,2000–2005,2000,2005,"complex, holomorphic, manifold, manifolds, mathbb, analytic, cr, maps, stein, hypersurface, real, surfaces, temperate, bc, cal, lagrangian, qs, singularities, subset",19
math,43,2005–2010,2005,2010,"analytic, complex, cr, holomorphic, manifold, manifolds, mathbb, maps, stein, real, cale, hypersurfaces, mappings, oka, ov, space, subset",17
math,43,2010–2015,2010,2015,"analytic, complex, cr, holomorphic, manifold, manifolds, mathbb, mappings, maps, real, singularities, map, space",13
math,43,2015–2020,2015,2020,"analytic, complex, cr, holomorphic, manifold, manifolds, maps, mathbb, real, singularities, mathcal, compact",12
math,43,2020–2025,2020,2025,"analytic, complex, holomorphic, manifold, manifolds, maps, mathbb, real, cr, mathcal, subset, overline, singularities",13
math,44,2000–2005,2000,2005,"birational, fano, log, projective, singularities, varieties, mathbb, terminal, threefolds, xx, canonical, conjecture, corti, divisor, folds, jet, kodaira, pukhlikov, smooth, variety",20
math,44,2005–2010,2005,2010,"fano, log, projective, singularities, varieties, variety, birational, mathbb, smooth, threefolds, canonical, conjecture, divisor",13
math,44,2010–2015,2010,2015,"fano, log, projective, singularities, varieties, variety, mathbb, birational, canonical, smooth, threefolds, xx, divisor",13
math,44,2015–2020,2015,2020,"fano, log, mathbb, projective, singularities, varieties, xx, variety, canonical, threefolds, birational, conjecture, smooth",13
math,44,2020–2025,2020,2025,"fano, log, mathbb, projective, singularities, threefolds, varieties, variety, xx, canonical, smooth, conjecture",12
math,45,2000–2005,2000,2005,"complexes, groups, homotopy, simplicial, topological, group, homology, spaces, category, betan, complex, space, cw, ed, filling, fundamental, homeomorphism, steprans",18
math,45,2005–2010,2005,2010,"complexes, group, groups, homology, homotopy, spaces, topological, simplicial, cw, space, category, complex, cp",13
math,45,2010–2015,2010,2015,"group, groups, homology, homotopy, simplicial, space, spaces, topological, complexes, category, mathbb, cp",12
math,45,2015–2020,2015,2020,"complexes, group, groups, homology, homotopy, mathbb, simplicial, space, spaces, topological",10
math,45,2020–2025,2020,2025,"complexes, group, groups, homology, homotopy, simplicial, space, spaces, topological, mathbb, category, tc",12
math,46,2000–2005,2000,2005,"inequalities, sobolev, inequality, functions, hardy, poincar, constants, interpolating, mathbb, multivariate, nabla, norms, pointwise, 2n, appearing, astrophysics, bbb, coarea, concentration, dx, hypercontractivity, inf, infty, logarithmic, mappings, monopole, om, ostrowski, potential, product, removability, replaced, sharp, symmetrizations",34
math,46,2005–2010,2005,2010,"hardy, inequalities, inequality, mathbb, sobolev, frac, functions, infty, spaces, int, moser, nabla, trudinger, 0pt, 2mm, bbb, br, estimates, leq, om, overset, sharp, space",23
math,46,2010–2015,2010,2015,"hardy, inequalities, inequality, infty, mathbb, sobolev, spaces, frac, functions, fractional, int, space, estimates",13
math,46,2015–2020,2015,2020,"frac, hardy, inequalities, inequality, int, mathbb, sobolev, spaces, infty, fractional, functions, mathcal",12
math,46,2020–2025,2020,2025,"frac, fractional, hardy, inequalities, inequality, infty, mathbb, sobolev, spaces, int, mathcal",11
math,47,2000–2005,2000,2005,"functions, polynomials, schur, symmetric, algebra, cal, pw, tableaux, askey, combinatorial, identities, jack, ribbon, wilson, coinvariants, dlt, formula, matrices, planar, scaled, sf, sl, szego, type, zrank",25
math,47,2005–2010,2005,2010,"functions, polynomials, schur, symmetric, tableaux, combinatorial, polynomial, algebra, macdonald, identities, mathcal, young, characters, fermionic, littlewood, mathscr, multiarrangement, planar, pw, zrank",20
math,47,2010–2015,2010,2015,"algebra, combinatorial, functions, macdonald, polynomial, polynomials, schur, symmetric, tableaux, quasisymmetric, young, jack, mathcal",13
math,47,2015–2020,2015,2020,"functions, polynomial, polynomials, schur, symmetric, tableaux, algebra, combinatorial, macdonald, young, mathcal, quasisymmetric, identities, skew",14
math,47,2020–2025,2020,2025,"functions, macdonald, polynomial, polynomials, schur, symmetric, tableaux, combinatorial, mathcal, mathbb, algebra, skew, left, right, young",15
math,48,2000–2005,2000,2005,"boundary, dirichlet, domains, eigenvalue, eigenvalues, laplacian, neumann, det, domain, eigenfunction, isophasal, operator, spectrum, 4m, bottle, ij, manifold, mathbb, problem, resonances, riemannian, scattering",22
math,48,2005–2010,2005,2010,"boundary, dirichlet, domains, eigenvalue, eigenvalues, laplacian, neumann, operator, eigenfunctions, domain, mathbb, operators, bottle, mit, problem, spectral, spectrum",17
math,48,2010–2015,2010,2015,"boundary, dirichlet, domains, eigenfunctions, eigenvalue, eigenvalues, laplacian, neumann, operator, domain, problem, steklov, mathbb",13
math,48,2015–2020,2015,2020,"boundary, dirichlet, domains, eigenfunctions, eigenvalue, eigenvalues, laplacian, neumann, mathbb, problem, steklov, domain, operator",13
math,48,2020–2025,2020,2025,"boundary, dirichlet, domains, eigenfunctions, eigenvalue, eigenvalues, laplacian, neumann, steklov, mathbb, problem, domain",12
math,49,2000–2005,2000,2005,"graphs, eigenvalue, graph, laplacian, digraph, eigenvalues, matrix, total, vertices, gg, kirchhoff, matrices, spectral, erased, ld, length, loop, nonnegative, planar, positivity, vu, walks, weights",23
math,49,2005–2010,2005,2010,"eigenvalues, graph, graphs, laplacian, matrix, eigenvalue, matrices, spectral, adjacency, vertices, digraph, gg, steinhaus, camion, lambda, leq",16
math,49,2010–2015,2010,2015,"eigenvalues, graph, graphs, laplacian, matrix, spectral, vertices, adjacency, gg, eigenvalue, signless, distance, steinhaus, vc",14
math,49,2015–2020,2015,2020,"adjacency, eigenvalues, gg, graph, graphs, laplacian, matrix, spectral, vertices, eigenvalue, mathcal, signless, vertex",13
math,49,2020–2025,2020,2025,"adjacency, eigenvalue, eigenvalues, gg, graph, graphs, laplacian, matrix, spectral, vertices, mathcal, frac",12
math,50,2000–2005,2000,2005,"learning, sigmoid, superpositions, adjustment, disturbances, dms, guaranteeing, jitter, managed, network, neural, numerical, procedure, pulse, randomization, specially, superposition",17
math,50,2005–2010,2005,2010,,0
math,50,2010–2015,2010,2015,"learning, algorithm, brain, dnf, neural, missing, propagation, training, asynchronous, bits, boolean, classifier, conceived, dynamical, equations, fuzzified, fuzzy, multiphysics, network, networks, newtons, numerical, steepest, ufl, uncertainty, xcsf",26
math,50,2015–2020,2015,2020,"equations, learning, networks, neural, model, data, network, deep, method, numerical, training, xcsf, classifier, fuzzy, asynchronous, dynamical, milling, pdes",18
math,50,2020–2025,2020,2025,"data, deep, learning, network, networks, neural, pdes, training, informed, pinns, equations, method, model",13
math,51,2000–2005,2000,2005,"branes, gauge, string, theories, theory, brane, simons, chern, mills, supersymmetric, topological, calabi, instantons, monopoles, orbifold, quantum, scva, sigma, su, twisted, yau",21
math,51,2005–2010,2005,2010,"branes, gauge, string, theories, theory, supersymmetric, brane, calabi, topological, yau, chern, moduli, quantum, sigma, simons, bundles, hep, mills",18
math,51,2010–2015,2010,2015,"branes, gauge, simons, string, theories, theory, chern, bps, mathcal, topological, calabi, mathbb, quantum, supersymmetric, moduli, yau",16
math,51,2015–2020,2015,2020,"branes, gauge, mathbb, mathcal, string, theories, theory, su, chern, simons, supersymmetric, topological, brane, calabi, mills, quantum",16
math,51,2020–2025,2020,2025,"branes, gauge, mathbb, mathcal, string, theories, theory, simons, supersymmetric, quantum, su, topological, chern, mathrm, mills",15
math,52,2000–2005,2000,2005,"curvature, flow, manifold, manifolds, ricci, einstein, riemannian, hler, kaehler, solitons, conformal, soliton, flat, ij, isospectral, normality, overset, pmatrix, sk",19
math,52,2005–2010,2005,2010,"curvature, flow, manifold, manifolds, ricci, soliton, solitons, hler, riemannian, einstein, gradient, ij, metric, metrics, overset, perelman",16
math,52,2010–2015,2010,2015,"curvature, flow, hler, manifold, manifolds, ricci, riemannian, soliton, solitons, einstein, gradient, perelman",12
math,52,2015–2020,2015,2020,"curvature, flow, manifold, manifolds, ricci, riemannian, soliton, solitons, einstein, gradient, yamabe, hler",12
math,52,2020–2025,2020,2025,"curvature, flow, manifold, manifolds, ricci, riemannian, soliton, solitons, einstein, gradient, yamabe, hler",12
math,53,2000–2005,2000,2005,"k3, projective, surface, surfaces, cubic, pezzo, del, elliptic, enriques, moduli, bbb, degree, kummer, ak, curves, danielewski, dominable, fieseler, group, kodaira, rational, supersingular",22
math,53,2005–2010,2005,2010,"cubic, k3, pezzo, projective, surface, surfaces, del, rational, k3k3, group, kummer, supersingular, birational, br, curves, elliptic, mukai, threefolds",18
math,53,2010–2015,2010,2015,"cubic, del, k3, pezzo, surface, surfaces, projective, group, mathbb, rational, symplectic, enriques, automorphisms, elliptic, k3k3, kummer, threefolds",17
math,53,2015–2020,2015,2020,"cubic, k3, mathbb, pezzo, surface, surfaces, del, enriques, projective, fourfolds, automorphisms, moduli, rational, symplectic",14
math,53,2020–2025,2020,2025,"k3, mathbb, projective, surface, surfaces, cubic, enriques, pezzo, rational, del, elliptic, mathcal, moduli",13
math,54,2000–2005,2000,2005,"logic, logics, propositional, goedel, intuitionistic, semantics, incompleteness, operational, quantum, computability, connotations, contradictions, cumulative, dsm, entscheidungsproblem, formal, fragment, hospital, logical, metaphysical, negation, omega, orient, petri, quantales, recount, sentential, strings, takeuti, titani, tutorial",31
math,54,2005–2010,2005,2010,"intuitionistic, logic, logics, propositional, semantics, calculus, nact, automata, epistemic, goedel, nfum, proof, axiom, computability, fragment, games, hospital, incompleteness, lindenbaum, logical, modal, nafl, pa, paf, sentence, viterbi",26
math,54,2010–2015,2010,2015,"intuitionistic, logic, logical, logics, propositional, semantics, modal, provability, glp, order, acq, algebras, axiomatic, boolean, calculus, dialectical, mathsf, nact, nafl, predicate, pushdown, quantifiers",22
math,54,2015–2020,2015,2020,"intuitionistic, logic, logics, mathsf, modal, propositional, semantics, logical, order, quantifiers, sequent, calculus, language, provability, sentences",15
math,54,2020–2025,2020,2025,"intuitionistic, logic, logical, logics, mathsf, modal, propositional, semantics, order, proof, theory, enspace, language, sequent, truth",15
math,55,2000–2005,2000,2005,"bifurcation, dot, systems, homoclinic, bf, cycles, periodic, hamiltonian, laskar, lienard, orbits, 2d, bursts, ddot, euler, jacobians, lax, mathcal, nontwist, partial, patchy, portrait, reconnection, singularized, sl, vector, yoccoz",27
math,55,2005–2010,2005,2010,"bifurcation, cycles, periodic, systems, dot, solutions, bifurcations, orbits, hamiltonian, bf, differential, homoclinic, mathcal, nontwist, dynamical, partial, reconnection, stability, vector",19
math,55,2010–2015,2010,2015,"bifurcation, bifurcations, cycles, hamiltonian, orbits, periodic, systems, homoclinic, dynamical, limit, mathbb, overrightarrow, canards, dot, solutions",15
math,55,2015–2020,2015,2020,"bifurcation, bifurcations, cycles, dynamical, orbits, periodic, systems, hamiltonian, dynamics, homoclinic, solutions, dot, canards, limit",14
math,55,2020–2025,2020,2025,"bifurcation, bifurcations, cycles, dynamical, orbits, periodic, systems, solutions, dot, homoclinic, hamiltonian, limit, dynamics, mathbb",14
math,56,2000–2005,2000,2005,"algorithm, block, hermetian, levinson, matrix, n1, n2, toeplitz, wiggins, wittle, accuracy, algorithms, discussed, emphasis, implementations, languages, placed, semirings, software, universal",20
math,56,2005–2010,2005,2010,"algorithm, matrix, matrices, algorithms, block, factorization, rank, levinson, svd, toeplitz, cholesky, method, n2, wittle, complexity, fast, hermetian, low, n1, norm, numerical, qr, sparsistency, wiggins",24
math,56,2010–2015,2010,2015,"algorithm, algorithms, low, matrices, matrix, method, rank, approximation, numerical, randomized, lanczos, bicg, complexity, dct, factorization, norm, problem, svd",18
math,56,2015–2020,2015,2020,"algorithm, algorithms, low, matrices, matrix, method, rank, approximation, eigenvalue, randomized, numerical, bf, dct, factorization, singular, svd",16
math,56,2020–2025,2020,2025,"algorithm, algorithms, approximation, low, matrices, matrix, method, numerical, rank, randomized, sparse, eigenvalue",12
math,57,2000–2005,2000,2005,"cohomology, flag, grassmannian, grassmannians, schubert, varieties, variety, equivariant, affine, gl, sedenions, assessors, cal, combinatorial, lam, pq, projective, quantum, quiver",19
math,57,2005–2010,2005,2010,"cohomology, equivariant, flag, grassmannian, grassmannians, schubert, varieties, variety, affine, group, quantum, cal, gr, hessenberg",14
math,57,2010–2015,2010,2015,"affine, cohomology, equivariant, flag, grassmannian, grassmannians, schubert, varieties, variety, mathrm, bold, grassmann, group, mg",14
math,57,2015–2020,2015,2020,"cohomology, flag, grassmannian, grassmannians, schubert, varieties, variety, mathbb, affine, equivariant, hessenberg, mathcal, polynomials, 6pt, hess, mathrm",16
math,57,2020–2025,2020,2025,"cohomology, flag, grassmannian, grassmannians, mathbb, schubert, varieties, variety, equivariant, hessenberg, mathcal, mathrm, gl, gr, polynomials",15
math,58,2000–2005,2000,2005,"curve, curves, genus, mathcal, moduli, space, spaces, compactification, bundles, surfaces, stable, bp, equisingular, prym, tautological, varieties",16
math,58,2005–2010,2005,2010,"curve, curves, genus, mathcal, moduli, space, spaces, bar, stable, compactification, hyperelliptic, projective, bp, bundles, comb, locus, pointed, varieties",18
math,58,2010–2015,2010,2015,"curve, curves, genus, mathcal, moduli, space, spaces, stable, surfaces, mathbb, bar, compactification, projective, prym",14
math,58,2015–2020,2015,2020,"curve, curves, genus, mathbb, mathcal, moduli, space, surfaces, spaces, overline, compactification, hod, prym",13
math,58,2020–2025,2020,2025,"curve, curves, genus, mathbb, mathcal, moduli, overline, space, surfaces, spaces, hod",11
math,59,2000–2005,2000,2005,"orthogonal, polynomials, jacobi, polynomial, determinants, laguerre, zeros, functions, meixner, bertrand, darboux, matrices, orthogonality, toeplitz, circle, equidistributions, gl, gustavson, hermite, matrix, normalization, pseudopositive, supset, unit",24
math,59,2005–2010,2005,2010,"functions, jacobi, orthogonal, polynomial, polynomials, zeros, hermite, laguerre, orthogonality, mathbb, matrix, circle, coefficients, pseudopositive, real, roots",16
math,59,2010–2015,2010,2015,"functions, hermite, jacobi, laguerre, orthogonal, polynomial, polynomials, zeros, orthogonality, askey, coefficients, exceptional, matrix, meixner, real, recurrence",16
math,59,2015–2020,2015,2020,"hermite, jacobi, orthogonal, polynomial, polynomials, zeros, functions, laguerre, mathbb, matrix, operators, orthogonality, infty, real",14
math,59,2020–2025,2020,2025,"hermite, jacobi, laguerre, mathbb, orthogonal, polynomial, polynomials, zeros, functions, orthogonality, recurrence, operators, matrix",13
math,60,2000–2005,2000,2005,"method, equations, numerical, 1odes, bkm, br, csp, integrators, kdv, kinetics, krasil, mkdv, partial, quad, rv, shchik, chemical, coupled, drm, ehrlich, givens, goussis, integrability, kersten, lax, methods, obreshkoff, prelle, prolongation, rbf, reynolds, rf, richtmyer, rl, roots, singularity, splitting, time, wrong",39
math,60,2005–2010,2005,2010,"equations, method, numerical, integrators, methods, order, kutta, time, runge, dealiasing, partial, schemes, br, error, fourier, high, lag, oscillators, quad, richtmyer, rv, wrong",22
math,60,2010–2015,2010,2015,"equations, integrators, kutta, method, methods, numerical, order, runge, schemes, time",10
math,60,2015–2020,2015,2020,"equations, integrators, kutta, method, methods, numerical, order, runge, schemes, time",10
math,60,2020–2025,2020,2025,"equations, integrators, kutta, method, methods, numerical, order, runge, time, implicit, schemes",11
math,61,2000–2005,2000,2005,"aleph, cardinal, cardinals, forcing, omega, kappa, zfc, absoluteness, countable, definable, lambda, mu, np, beth, galaxies, hypercomputation, lo, mad, maximality, models, ock, reaping, rm, turing, woodin",25
math,61,2005–2010,2005,2010,"aleph, cardinal, cardinals, forcing, kappa, omega, lambda, mu, set, zfc, boolean, definable, episturmian, galaxies, goodstein, morasses, ock, sets, sqsubseteq, supercompact, tardy, theories, ultrafilters",23
math,61,2010–2015,2010,2015,"aleph, cardinal, cardinals, forcing, ultrafilters, mathcal, theories, definable, mathfrak, models, countable, kappa, set, zfc, ded, guessing, lav, omega, ordinal, tardy",20
math,61,2015–2020,2015,2020,"aleph, cardinal, cardinals, forcing, mathcal, countable, mathrm, mathfrak, model, models, axiom, set, definable, ordinal, theories, zfc",16
math,61,2020–2025,2020,2025,"aleph, cardinal, cardinals, forcing, mathcal, model, mathfrak, mathsf, zfc, definable, mathrm, set, countable, mathbb",14
math,62,2000–2005,2000,2005,"programming, relaxations, algorithm, nfl, optimization, perspective, algebraic, expository, lunch, parsing, submodular, ary, benchmark, black, colourful, constraint, developments, grotschel, group, initialization, instances, integer, likely, lovasz, minimizing, packing, packlib, performance, polynomial, problems, propagation, runs, schrijver, selective, string, theorem, time, trees, underlying, xml",40
math,62,2005–2010,2005,2010,"optimization, algorithm, algorithms, problem, problems, programming, software, withdrawn, author, global, integer, multiobjective, packlib, paper, benchmark, colourful, dose, fuzzy, groebner, instances, methods, nfl, packing, preferences, submodular, xml",26
math,62,2010–2015,2010,2015,"algorithm, algorithms, optimization, problem, problems, programming, integer, objective, constraints, design, based, designs, multiobjective, restructuring, software, submodular, withdrawn",17
math,62,2015–2020,2015,2020,"algorithm, algorithms, constraints, integer, objective, optimization, problem, problems, programming, mixed, pareto, based, programs",13
math,62,2020–2025,2020,2025,"algorithm, algorithms, constraints, integer, objective, optimization, problem, problems, programming, mixed, optimal",11
math,63,2000–2005,2000,2005,"algebra, algebras, cohomology, hochschild, homology, lie, graded, operad, gr, kos, koszul, mathcal, mathtt, corings, cyclic, cycop, imb, mathbb, mathfrak, modop, operads, qgr",22
math,63,2005–2010,2005,2010,"algebra, algebras, cohomology, graded, hochschild, homology, mathcal, category, lie, koszul, dg, commutative, infty, mathbb, qgr",15
math,63,2010–2015,2010,2015,"algebra, algebras, cohomology, graded, hochschild, homology, infty, homotopy, mathcal, operad, category, dg, mathbb, koszul, lie",15
math,63,2015–2020,2015,2020,"algebra, algebras, cohomology, graded, hochschild, homology, mathbb, mathcal, homotopy, infty, koszul, lie, underline",13
math,63,2020–2025,2020,2025,"algebra, algebras, cohomology, graded, hochschild, homology, mathbb, mathcal, infty, lie, homotopy, category, koszul, mathsf, underline",15
math,64,2000–2005,2000,2005,"algebra, algebras, category, hopf, quantum, braided, categories, finite, galois, cal, group, modules, otimes, antipode, bialgebra, clifford, coalgebras, frak, mathcal, nichols, semisimple, unknot",22
math,64,2005–2010,2005,2010,"algebra, algebras, category, hopf, braided, categories, group, mathcal, bialgebra, modules, coalgebras, galois, bialgebras, frak, monoidal, otimes, quantum, rp, tmop",19
math,64,2010–2015,2010,2015,"algebra, algebras, braided, category, hopf, categories, group, coalgebra, modules, monoidal, bialgebra, mathcal, bialgebras, crossed, graded, lie, otimes, rp, yetter",19
math,64,2015–2020,2015,2020,"algebra, algebras, braided, categories, category, hopf, group, mathcal, monoidal, hom, modules, bialgebra, bialgebras, drinfeld, finite, galois, graded, otimes",18
math,64,2020–2025,2020,2025,"algebra, algebras, braided, categories, category, hopf, mathcal, monoidal, galois, group, hom, bialgebra, drinfeld, frakk, fusion, modules, quantum",17
math,65,2000–2005,2000,2005,"monoids, belousov, semigroup, semigroups, irreducible, monoid, neq, quasigroup, quasigroups, smarandache, displacement, dyck, functions, groups, homogeneous, kernel, kernels, algebras, associative, automatic, encodes, iv, linear, nn, semifield, semiring, semivector, solution",28
math,65,2005–2010,2005,2010,"monoid, monoids, semigroup, semigroups, fp, inverse, algebras, bielements, free, group, mathcal, nbi, ag, automata, bisemistructures, displacement, dyck, finite, finitely, fuzzy, groups, ideals, kernel, kernels, left, mathbb, right, semistructures, smarandache, vee",30
math,65,2010–2015,2010,2015,"monoid, monoids, semigroup, semigroups, left, mathcal, fuzzy, inverse, mathscr, finite, group, ideals, idempotent, mathbb, ag, cal, free, groupoids, groups, lex, right, ss, vee",23
math,65,2015–2020,2015,2020,"mathbb, mathcal, mathscr, monoid, monoids, semigroup, semigroups, inverse, circ, idempotent, ss, automaton, finite, left, leqslant",15
math,65,2020–2025,2020,2025,"mathbb, mathcal, mathscr, monoid, monoids, semigroup, semigroups, idempotent, inverse, ss, preceq, automaton, finite, group, mathbf",15
math,66,2000–2005,2000,2005,"calabi, genus, gromov, invariants, mirror, witten, yau, moduli, seiberg, cohomology, conjecture, folds, manifolds, smallbbb, tinybbb",15
math,66,2005–2010,2005,2010,"calabi, gromov, invariants, mirror, witten, yau, cohomology, genus, mathbb, moduli, conjecture, orbifold, seiberg, donaldson, folds, toric",16
math,66,2010–2015,2010,2015,"calabi, genus, gromov, invariants, mirror, witten, yau, mathbb, donaldson, toric, cohomology, moduli, orbifold, seiberg, thomas",15
math,66,2015–2020,2015,2020,"calabi, genus, gromov, invariants, mathbb, mirror, witten, yau, hodge, mathcal, moduli, toric, cohomology, orbifold",14
math,66,2020–2025,2020,2025,"calabi, cohomology, genus, gromov, invariants, mathbb, mirror, witten, yau, mathcal, hodge, moduli, vafa",13
math,67,2000–2005,2000,2005,"cohomology, hodge, motives, motivic, varieties, group, characteristic, field, zeta, category, adic, arakelov, chow, grothendieck, hom, isocrystals, kontsevich, lusztig, mathbb, motive, nonabelian, overconvergent, rig, torsors, uniformizability",25
math,67,2005–2010,2005,2010,"chow, cohomology, hodge, motives, motivic, varieties, group, motive, adic, category, schemes, field, grothendieck, groups, mathbb, ring, uniformizability, variety",18
math,67,2010–2015,2010,2015,"chow, cohomology, hodge, motives, motivic, varieties, category, group, mathbb, adic, motive, characteristic, tate",13
math,67,2015–2020,2015,2020,"chow, cohomology, group, hodge, mathbb, motives, motivic, varieties, category, adic, tate, ell, grothendieck, motive",14
math,67,2020–2025,2020,2025,"adic, chow, cohomology, hodge, mathbb, motives, motivic, varieties, mathrm, group, tate, category, sheaves",13
math,68,2000–2005,2000,2005,"financial, utility, yor, markets, options, portfolio, pricing, risk, asian, geman, laplace, market, numeraire, paris, price, regressions, valuation, chesnay, claims, contingent, deflators, jeanblanc, kramkov, optimal, picque, pliska, schachermayer, transaction, transform, variances, volatility",31
math,68,2005–2010,2005,2010,"market, price, pricing, risk, optimal, financial, portfolio, prices, asset, markets, utility, volatility, dividend, transaction, auction, investment, stopping",17
math,68,2010–2015,2010,2015,"market, optimal, portfolio, price, pricing, risk, asset, options, prices, arbitrage, dividend, utility, credit, hedging, investment, model, time, volatility",18
math,68,2015–2020,2015,2020,"asset, market, optimal, price, pricing, risk, model, portfolio, options, arbitrage, dividend, financial, hedging, stochastic, utility",15
math,68,2020–2025,2020,2025,"asset, market, model, optimal, portfolio, price, risk, stochastic, pricing, financial, dividend, utility, problem",13
math,69,2000–2005,2000,2005,"matrices, matrix, eigenvalues, unilateral, leonard, perturbative, tridiagonal, aa, abstractly, bezout, determinant, equation, representing, thematic, va, vv, bf, coefficients, conjugacy, diagonal, equations, gl, left, leq, positive, solutions, times, tr, unknown",29
math,69,2005–2010,2005,2010,"matrices, matrix, times, aa, hadamard, eigenvalues, leonard, mathbb, positive, tridiagonal, pmatrix, abeq1, algebra, chapter, circ, cj, deg, determinant, ij, inequality, leq, linear, nonnegative, rank, set, superbimatrices, symmetric, tk",28
math,69,2010–2015,2010,2015,"hadamard, matrices, matrix, positive, rank, times, mathbb, nonnegative, aa, ij, cal, abeq1, algebra, circulant, eigenvalue, frac, perm, vec",18
math,69,2015–2020,2015,2020,"mathbb, matrices, matrix, positive, times, hadamard, left, right, aa, mathcal, eigenvalues, ij, nonnegative, rank, bmatrix, det, perm",17
math,69,2020–2025,2020,2025,"mathbb, mathcal, matrices, matrix, positive, right, times, left, aa, ij, bmatrix, hadamard, det, eigenvalues, nonnegative",15
math,70,2000–2005,2000,2005,"curvature, flow, mean, diffeomorphism, manifolds, area, flows, hypersurfaces, retract, um, barycenter, codimension, constant, convex, currents, deform, deformation, die, eine, gilt, grade, gradient, harnack, kt, lagrangian, preserving, renormalisation, riemman, sdim, sh, shrinkers, surveys, tanaka, teilmenge, thom, time, webster",37
math,70,2005–2010,2005,2010,"convex, curvature, flow, flows, hypersurfaces, mean, time, manifolds, mathbb, shrinkers, area, constant, currents, curves, geodesic, hat, horospheres, hyperbolic, hypersurface, shortening, solutions, surface",22
math,70,2010–2015,2010,2015,"convex, curvature, flow, flows, mathbb, mean, shortening, time, boundary, hypersurfaces, riemannian, prove, solutions, hat, manifolds, surfaces",16
math,70,2015–2020,2015,2020,"convex, curvature, flow, flows, hypersurfaces, mathbb, mean, boundary, time, prove, shortening, solutions, riemannian, textbf",14
math,70,2020–2025,2020,2025,"boundary, convex, curvature, flow, flows, hypersurfaces, mathbb, mean, solutions, surfaces, time, prove",12
math,71,2000–2005,2000,2005,"code, codes, mds, binary, convolutional, cc, channel, coding, diversity, dual, noi, preparata, vep, arrays, atomic, az, constellation, decoding, diophantine, distance, fpas, frames, goethals, goppa, grassmannian, kerdock, linear, litsyn, self, source, sqrt, stabilizer, sv, sw, toric",35
math,71,2005–2010,2005,2010,"code, codes, distance, decoding, linear, binary, convolutional, designs, mathbb, mds, coding, arrays, bf, codewords, correcting, cyclic, diversity, fpas, hamming, kodags, length, mathcal, perfect, reed, supersaturated, ternary, toric, tra, weight",29
math,71,2010–2015,2010,2015,"binary, code, codes, decoding, distance, mathbb, weight, correcting, hamming, coding, designs, linear, codewords, dual, ldpc, length, perfect",17
math,71,2015–2020,2015,2020,"binary, code, codes, distance, mathbb, decoding, designs, weight, coding, dual, hamming, linear, cyclic, length, pg, reed, self",17
math,71,2020–2025,2020,2025,"code, codes, decoding, linear, mathbb, binary, designs, distance, weight, hamming, mathcal, reed, codewords, coding",14
math,72,2000–2005,2000,2005,"polynomials, polynomial, mathbb, degree, fields, permutation, places, rational, ring, algebraic, let, nest, adic, corput, enumerating, ep, extensions, fond, idp, invariants, kunz, mapping, polynomes, quantum, quiver, replacement, resultant, rijndael, sends, signature, splitting, unicite, unity",33
math,72,2005–2010,2005,2010,"mathbb, polynomial, polynomials, degree, rational, field, fields, finite, number, ring, invariants, irreducible, algebraic, apn, cb, f5, groebner, ld, partial, permutation, quantum, quiver, replacement",23
math,72,2010–2015,2010,2015,"degree, field, fields, finite, mathbb, polynomial, polynomials, irreducible, permutation, prime, 7mm, algorithm, apn, ell, leq, mathcal, number",17
math,72,2015–2020,2015,2020,"fields, finite, mathbb, polynomial, polynomials, degree, field, permutation, prime, mathcal, irreducible, ldots, 7mm, leq, number",15
math,72,2020–2025,2020,2025,"field, fields, finite, mathbb, permutation, polynomial, polynomials, prime, degree, mathcal, irreducible",11
math,73,2000–2005,2000,2005,,0
math,73,2005–2010,2005,2010,"charging, control, cyber, ems, energy, grid, power, renewable, scada, security",10
math,73,2010–2015,2010,2015,"control, energy, grid, power, renewable, load, storage, charging, cyber, demand, network, optimal, optimization, cost, electricity, ems, generation, market, opf, scada, security, supply",22
math,73,2015–2020,2015,2020,"control, electricity, energy, power, renewable, grid, market, voltage, load, charging, optimization, storage, cost, optimal",14
math,73,2020–2025,2020,2025,"control, electricity, energy, grid, market, optimization, power, renewable, voltage, storage, charging, load, wind",13
math,74,2000–2005,2000,2005,"networks, network, neural, proofreading, rbns, receptor, rhythms, systems, transduction, activity, chemical, loophole, mckeithan, patterns, attraction, basins, cascading, chaotic, feinberg, kinetic, nervous, presynaptic, spike, timing",24
math,74,2005–2010,2005,2010,"network, networks, dynamics, oscillators, systems, chaotic, model, synchronization, dynamical, neurons, presynaptic, reaction, time, burst, bursters, coupled, gali, gnrh, loophole, patterns, reset, rhythms, sali, signaling, spike, spiking, spot, synchrony, timing",29
math,74,2010–2015,2010,2015,"dynamics, model, network, networks, oscillators, reaction, synchronization, systems, coupled, dynamical, kuramoto, models, neurons, spiking, spot, synchrony",16
math,74,2015–2020,2015,2020,"dynamical, dynamics, model, network, networks, oscillators, reaction, synchronization, systems, stability, coupled, kuramoto, neural, phase",14
math,74,2020–2025,2020,2025,"dynamical, dynamics, model, network, networks, oscillators, reaction, synchronization, systems, neural, kuramoto",11
math,75,2000–2005,2000,2005,"ising, model, spin, temperature, gibbs, models, energy, potts, states, fluctuations, random, transition, 10j, aging, av, bbckk, field, ground, ln, phase, sherrington, sqrt, uparrow",23
math,75,2005–2010,2005,2010,"field, gibbs, ising, model, spin, temperature, models, random, critical, potts, sherrington, av, cutoff, energy, limit, magnetization, transition",17
math,75,2010–2015,2010,2015,"gibbs, ising, model, spin, temperature, energy, field, magnetization, phase, critical, random, dynamics, ferromagnetic, mixing, models",15
math,75,2015–2020,2015,2020,"gibbs, ising, model, spin, temperature, energy, random, models, phase, critical, ferromagnetic, field, mathbb",13
math,75,2020–2025,2020,2025,"energy, field, gibbs, ising, model, models, spin, temperature, phase, random, mathbb",11
math,76,2000–2005,2000,2005,"bergman, holomorphic, operators, spaces, operator, space, nspace, bar, functions, hardy, mathbb, mathcal, 0z, composition, cp, envelope, factorization, fractional, fredholm, paley, symbol, toeplitz, unit, weighted, wiener",25
math,76,2005–2010,2005,2010,"bergman, composition, functions, operators, space, spaces, hardy, holomorphic, mathbb, toeplitz, operator, symbol, fractional",13
math,76,2010–2015,2010,2015,"bergman, hardy, mathbb, operators, space, spaces, toeplitz, operator, functions, composition, mathcal, varphi, carleson, weighted",14
math,76,2015–2020,2015,2020,"bergman, hardy, mathbb, mathcal, operators, space, spaces, toeplitz, varphi, composition, weighted, functions, operator",13
math,76,2020–2025,2020,2025,"bergman, composition, hardy, mathbb, mathcal, operators, spaces, space, toeplitz, weighted, functions, varphi, holomorphic",13
math,77,2000–2005,2000,2005,,0
math,77,2005–2010,2005,2010,"neural, unemployed, labour, multilayer, perceptrons, unemployment, administrative, adversarial, bic, buculo, employment, loss, market, mixture, network, networks, occasional, penalized, perturbation, segmented, smoothed, usefully",22
math,77,2010–2015,2010,2015,"networks, neural, learning, codes, convergence, deep, ell, feedforward, lca, training, anns, artificial, autoencoders, contaminated, criterion, dnns, imagenet, layer, machines, outliers, recurrent, regression, regularization, squares, trimmed",25
math,77,2015–2020,2015,2020,"deep, learning, networks, neural, training, network, gradient, relu, convergence, optimization, descent, dnns, imagenet, activation, asynchrony, machines, momentum, recurrent",18
math,77,2020–2025,2020,2025,"deep, gradient, learning, network, networks, neural, relu, training, optimization, layer, activation, dnns",12
math,78,2000–2005,2000,2005,"curve, curves, elliptic, ell, mathbb, selmer, abelian, barth, brill, group, modular, nieto, prime, rank, torsion, zeta, e1, elevated, field, heegner, iwasawa, nekovar, noether, quintic, verrill",25
math,78,2005–2010,2005,2010,"curve, curves, elliptic, mathbb, rank, selmer, conjecture, adic, ee, group, pp, cm, elevated, ell, field, gal, iwasawa, mordell, number, prime, shafarevich, supersingular, tate, torsion",24
math,78,2010–2015,2010,2015,"curve, curves, elliptic, mathbb, selmer, conjecture, torsion, adic, ell, galois, group, number, pp, darmon, ee, fields, isogeny, quadratic, rank",19
math,78,2015–2020,2015,2020,"curve, curves, ee, elliptic, mathbb, selmer, pp, ell, prime, torsion, adic, conjecture, tate",13
math,78,2020–2025,2020,2025,"curve, curves, ee, elliptic, mathbb, pp, selmer, prime, conjecture, ell, isogeny, torsion, adic",13
math,79,2000–2005,2000,2005,"game, games, player, equilibria, nash, person, tognoli, reinforcement, totally, trapped, blackjack, cards, deviation, equilibrium, fate, mixed, playing, policies, set, sitting",20
math,79,2005–2010,2005,2010,"equilibria, equilibrium, game, games, nash, player, players, mean, subgame, agents, balls, bin, brownian, discount, indeterminacy, motion, myerson, payoff, person, reinforcement, reminescent, stochastic, strategy, tognoli, trapped, winning",26
math,79,2010–2015,2010,2015,"equilibria, equilibrium, game, games, mean, nash, player, players, agents, field, strategies, stochastic, strategy, winning",14
math,79,2015–2020,2015,2020,"agents, equilibria, equilibrium, game, games, mean, nash, player, players, field, agent",11
math,79,2020–2025,2020,2025,"agents, equilibria, equilibrium, field, game, games, mean, nash, player, players",10
math,80,2000–2005,2000,2005,"black, hole, einstein, spacetime, spacetimes, vacuum, gravity, holes, wave, dilaton, solutions, star, stars, 5d, ads, boson, canm, causal, dirac, energy, equations, fermion, gravitational, massive, penrose, schwarzschild, sitter",27
math,80,2005–2010,2005,2010,"black, einstein, hole, spacetime, spacetimes, schwarzschild, solutions, wave, equations, kerr, sitter, vacuum, cosmological, causal, holes, horizon, time",17
math,80,2010–2015,2010,2015,"black, einstein, kerr, spacetime, spacetimes, relativity, wave, equations, hole, solutions, cosmological, data, mass, vacuum, energy, gravitational, horizon, schwarzschild, sitter",19
math,80,2015–2020,2015,2020,"black, einstein, mass, spacetime, spacetimes, kerr, vacuum, equations, hole, schwarzschild, sitter, solutions, wave, cosmological, null",15
math,80,2020–2025,2020,2025,"black, einstein, spacetime, spacetimes, equations, mass, cosmological, kerr, sitter, vacuum, wave, hole, horizon, data, energy, initial, null, solutions",18
math,81,2000–2005,2000,2005,"polynomial, convex, optimization, problem, semidefinite, combinatorial, reaching, bound, components, copositive, dn, edge, functions, guaranteed, integer, l1, linear, matroid, max, min, piecewise, polynomials, procedure, programs, quadratic, representation, represented, richly, sampling, sdp, shown, solvable, squares, sum",34
math,81,2005–2010,2005,2010,"optimization, convex, sdp, problem, quadratic, semidefinite, problems, programming, copositive, l1, lagrange, linear, polynomial, polynoms, relaxation, vandermonde, bound, constrained, ell, hccp, integer, interpolation, matrix, minimization, posedness, representable",26
math,81,2010–2015,2010,2015,"convex, optimization, problem, programming, relaxation, sdp, semidefinite, problems, relaxations, linear, polynomial, algorithm, hccp, matrix, quadratic",15
math,81,2015–2020,2015,2020,"convex, optimization, problem, problems, programming, relaxation, relaxations, sdp, semidefinite, polynomial, programs",11
math,81,2020–2025,2020,2025,"convex, optimization, problem, problems, programming, relaxations, sdp, semidefinite, relaxation, polynomial, algorithm, constraints, programs, quadratic, sos",15
math,82,2000–2005,2000,2005,"elastic, brittle, energy, films, fracture, fractures, functionals, homogenization, oscillating, penalty, quasistatic, anelastic, antiplanar, area, bar, beam, crack, cracks, curvature, deformations, dispersionless, dressing, elastica, equilibria, es, hierarchies, inhomogeneous, integrable, materials, nonlinear, partial, plastic, postgraduates, quasiclassical, shear, stops, strain, vibroimpact",38
math,82,2005–2010,2005,2010,"elastic, energy, material, stress, model, crack, elasticity, fracture, materials, quasistatic, strain, aging, atomistic, beams, brittle, cracks, creep, dislocations, es, fractures, nonlinear, qcf, quasicontinuum, que, shape, sim, thickness",27
math,82,2010–2015,2010,2015,"elastic, elasticity, energy, model, strain, material, plate, stress, plates, atomistic, vec, crack, ep, fracture, materials, plastic, quasicontinuum, rm, sim, thickness",20
math,82,2015–2020,2015,2020,"elastic, elasticity, energy, materials, model, strain, stress, fracture, material, plate, crack, plastic, rm",13
math,82,2020–2025,2020,2025,"elastic, elasticity, energy, fracture, material, model, strain, stress, materials, crack, plate",11
math,83,2000–2005,2000,2005,"integers, sets, set, mathbb, aa, cdot, delone, diffraction, progressions, sum, 3x, ell, n0, n2, sequences, visible, arithmetic, geq, inradius, le, n1, references, sidon, speculation, subset",25
math,83,2005–2010,2005,2010,"integers, mathbb, set, sets, subset, sum, aa, arithmetic, progressions, subsets, additive, algb, bbb, cdot, ell, enskip, frac, ldots, mrp, pz, sumsets, times",22
math,83,2010–2015,2010,2015,"aa, integers, mathbb, set, sets, sum, subset, arithmetic, ldots, mathcal, leq, log, aleph, enskip, frac, progressions, subsets, sumset, times",19
math,83,2015–2020,2015,2020,"aa, frac, mathbb, mathcal, set, sets, sum, integers, subset, ldots, log, aleph, arithmetic, leq",14
math,83,2020–2025,2020,2025,"ldots, mathbb, mathcal, set, sets, subset, sum, aa, frac, integers, ell, leq, log",13
math,84,2000–2005,2000,2005,"function, functions, hypothesis, log, riemann, zeta, zeros, frac, balazard, bnat, saias, weierstrass, arakelov, continued, dirichlet, infty, nyman, vasyunin, zeroes",19
math,84,2005–2010,2005,2010,"frac, function, functions, hypothesis, log, riemann, zeros, zeta, dirichlet, 2k, euler, infty, int, ix, moments, prime, series, thinspace, vasyunin",19
math,84,2010–2015,2010,2015,"dirichlet, frac, function, functions, hypothesis, log, riemann, zeros, zeta, ll, series, selberg, thinspace",13
math,84,2015–2020,2015,2020,"dirichlet, frac, function, functions, hypothesis, log, riemann, zeros, zeta, sum, li, selberg, varepsilon",13
math,84,2020–2025,2020,2025,"dirichlet, frac, function, functions, hypothesis, log, riemann, zeros, zeta, li, sum, ll, mathop",13
math,85,2000–2005,2000,2005,"hypergeometric, series, summation, function, functions, formula, ramanujan, gamma, integral, integrals, askey, psi, sums, tilde, asian, bailey, bilateral, minton, poised, tricomplex, wilson",21
math,85,2005–2010,2005,2010,"functions, hypergeometric, integral, integrals, series, function, summation, ramanujan, elliptic, epsilon, formula, identities, sums, bilateral, gamma, gradshteyn, jacob, landen, sfrac12",19
math,85,2010–2015,2010,2015,"function, functions, hypergeometric, integral, integrals, series, ramanujan, identities, summation, elliptic, theta, formula, frac, gamma, gradshteyn, jacob, xq",17
math,85,2015–2020,2015,2020,"function, functions, hypergeometric, integral, integrals, ramanujan, series, summation, frac, identities, confluent, left",12
math,85,2020–2025,2020,2025,"frac, function, functions, hypergeometric, integral, integrals, ramanujan, series, formula, identities, summation, left, qq",13
math,86,2000–2005,2000,2005,"rational, julia, polynomial, polynomials, complex, maps, mathbb, functions, set, brjuno, clean, flexes, linearization, map, 2n, alexander, analytic, critical, flex, germ, germs, koiran, mahler, monodromy, ultradifferentiable",25
math,86,2005–2010,2005,2010,"julia, maps, mathbb, polynomials, rational, set, map, polynomial, functions, sets, siegel, wandering, basin, complex, points, rotation",16
math,86,2010–2015,2010,2015,"julia, maps, mathbb, polynomial, polynomials, rational, set, map, functions, escaping, mandelbrot, points, transcendental, ff, sets",15
math,86,2015–2020,2015,2020,"julia, maps, mathbb, polynomial, polynomials, rational, set, map, sets, escaping, fatou, mathcal, transcendental, functions",14
math,86,2020–2025,2020,2025,"julia, maps, mathbb, polynomial, polynomials, rational, set, sets, fatou, map, mathcal, escaping, points, wandering",14
math,87,2000–2005,2000,2005,"functions, mathbb, analytic, avalanche, log, mathcal, proximate, characteristics, function, growth, inequality, inversion, monic, nonlinearity, radon, rr, sung, balanced, bc, disk, ec, entire, geq, harmonic, lacunary, q4, rpf, son, zahariuta",29
math,87,2005–2010,2005,2010,"analytic, function, functions, mathbb, mathcal, infty, leq, disk, harmonic, univalent, entire, frac, log, bbs, eqnarray, lempert, nabla, unit, vec, zahariuta",20
math,87,2010–2015,2010,2015,"analytic, disk, function, functions, infty, mathbb, mathcal, univalent, harmonic, unit, leq, right, sm, subharmonic",14
math,87,2015–2020,2015,2020,"analytic, function, functions, infty, mathbb, mathcal, univalent, frac, leq, harmonic, subharmonic, disk, mathtt, sm, starlike",15
math,87,2020–2025,2020,2025,"analytic, function, functions, infty, mathbb, mathcal, univalent, frac, leq, harmonic, bohr, subharmonic",12
math,88,2000–2005,2000,2005,"inverse, restoration, algorithm, anfer, birkhoff, calibration, discontinuity, gustavson, iteration, iterative, penalties, regularized, regularizes, thresholding, uwano2000, bertrand, expansions, images, landweber, normalization, problems, radiographs, sparser",23
math,88,2005–2010,2005,2010,"image, reconstruction, algorithm, images, noise, regularization, eps, imaging, inverse, oped, skull, deconvolution, fast, implementation, linear, mandible, methods, microscopy, projections, qualification, reconstructions, registration, sparsity, texture, tikhonov, tvs",26
math,88,2010–2015,2010,2015,"image, images, imaging, reconstruction, regularization, method, methods, algorithm, inverse, problems, data, noise, qualification, segmentation, tomography, ill, tikhonov, tvs",18
math,88,2015–2020,2015,2020,"data, image, images, imaging, inverse, method, problems, reconstruction, regularization, tomography, algorithm",11
math,88,2020–2025,2020,2025,"data, image, images, imaging, inverse, method, problems, reconstruction, regularization, tomography",10
math,89,2000–2005,2000,2005,"algorithms, condor, grid, master, mw, opportunistic, platform, programming, stage, worker",10
math,89,2005–2010,2005,2010,"communication, decoding, distributed, encoding, feedback, noisy, optimal, strategies, agents, algorithms, averaging, csma, decentralized, memory, memoryless, multipath, network, optimization, receiver, sensor, time",21
math,89,2010–2015,2010,2015,"algorithms, communication, decentralized, distributed, network, optimization, algorithm, agents, sensor, convergence, gradient, multipath, averaging, csma, learning, networks, peer, stochastic",18
math,89,2015–2020,2015,2020,"algorithm, algorithms, communication, decentralized, distributed, network, optimization, convergence, agents, gradient, learning, stochastic",12
math,89,2020–2025,2020,2025,"agents, algorithm, communication, decentralized, distributed, gradient, optimization, learning, convergence, algorithms, federated, network",12
math,90,2000–2005,2000,2005,"genus, group, groups, mapping, surface, class, cohomology, surfaces, tuples, aut, automorphisms, bigl, bigr, ergodically, fuchsian, fundamental, hat, homology, maps, margulis, mathbb, mcg, monodromy, orientable, sheeted, times",26
math,90,2005–2010,2005,2010,"class, genus, group, groups, mapping, surface, surfaces, orientable, mod, fundamental, maps, bbz, imath, nielsen, subgroup, subgroups, torelli",17
math,90,2010–2015,2010,2015,"class, genus, group, groups, mapping, surface, surfaces, orientable, mathbb, automorphism, gg, 2g, aut, imath, mathcal, mathrm, mod, nielsen",18
math,90,2015–2020,2015,2020,"class, genus, group, groups, mapping, mathbb, mathcal, surface, surfaces, orientable, gg, mathrm, mod",13
math,90,2020–2025,2020,2025,"class, genus, group, groups, mapping, mathcal, surface, surfaces, mathbb, mathrm, mod, gg",12
math,91,2000–2005,2000,2005,"percolation, critical, process, processes, random, passage, point, poisson, thinned, cluster, homogeneous, probability, thinning, avoiding, bf, detection, ell, greg, hollander, independent, inductive, lace, model, models, oded, recursion, tb, vertices, walks, zd",30
math,91,2005–2010,2005,2010,"cluster, critical, model, passage, percolation, random, probability, process, bf, graph, bond, mathbb, ell, geq, tb, vacant, walk",17
math,91,2010–2015,2010,2015,"cluster, critical, model, passage, percolation, process, random, mathbb, bootstrap, graph, probability, lattice, models, processes, vacant, vertices",16
math,91,2015–2020,2015,2020,"critical, mathbb, model, passage, percolation, process, random, cluster, probability, graph, bootstrap, vertices",12
math,91,2020–2025,2020,2025,"cluster, critical, graph, mathbb, model, passage, percolation, probability, process, random",10
math,92,2000–2005,2000,2005,"combat, external, internal, janus, learning, lefebvre, mapping, policy, preference, subject",10
math,92,2005–2010,2005,2010,"decision, learning, agent, costs, policy, stay, tasks, advantages, blackwell, cognitive, entropic, hmms, machine, markov, observable, online, partially, problem, task, universe, worthwhile",21
math,92,2010–2015,2010,2015,"decision, learning, policy, reinforcement, algorithms, control, risk, agent, cost, optimal, tasks, variance, costs, covariance, criteria, dram, hessian, leader, lram, mathtt, mdp, online, policies, problem, productivity, reward, stay, task, trained, workers",30
math,92,2015–2020,2015,2020,"decision, learning, optimal, policy, reinforcement, control, reward, markov, optimization, algorithm, algorithms, dram, lram, mathtt, mdp, online, policies, stochastic",18
math,92,2020–2025,2020,2025,"control, decision, learning, optimal, optimization, policy, reinforcement, algorithm, rl, reward, markov, mdps, policies, regret, stochastic",15
math,93,2000–2005,2000,2005,,0
math,93,2005–2010,2005,2010,"problem, traffic, network, sgss, agent, cvpnd, government, relocation, routing, tour, vpnd, algorithm, annealing, assignment, asymmetric, capacity, convoy, delay, design, dominance, economic, economy, jeep, job, jonker, merged, phipps, priority, private, salesman, schedule, shop, wage",33
math,93,2010–2015,2010,2015,"network, problem, traffic, vehicle, model, routing, vehicles, demand, jeep, algorithm, optimization, service, time, transportation, convoy, delay, design, flow, government, networks, phipps, tempelmeier, travel",23
math,93,2015–2020,2015,2020,"model, network, problem, routing, traffic, vehicle, vehicles, demand, planning, optimization, time, transportation, congestion, road, travel",15
math,93,2020–2025,2020,2025,"demand, model, network, optimization, problem, routing, traffic, vehicle, vehicles, planning, transportation",11
math,94,2000–2005,2000,2005,"algebra, algebras, hecke, group, groups, lusztig, affine, iwahori, representations, associative, drinfel, modules, skein, ariki, character, characters, cohomology, el, labeling, plancherel, schaper, semi",22
math,94,2005–2010,2005,2010,"affine, algebra, algebras, group, groups, hecke, lusztig, kazhdan, representations, iwahori, modules, ariki, cyclotomic, goth",14
math,94,2010–2015,2010,2015,"affine, algebra, algebras, group, groups, hecke, lusztig, kazhdan, modules, representations, cyclotomic, weyl, characters, coxeter, mathcal, mathfrak, widetilde",17
math,94,2015–2020,2015,2020,"affine, algebra, algebras, group, groups, hecke, lusztig, modules, mathfrak, representations, mathcal, iwahori, mathbb, weyl",14
math,94,2020–2025,2020,2025,"affine, algebra, algebras, group, groups, hecke, lusztig, modules, mathcal, mathbb, mathfrak, gl, imath, schur, weyl",15
math,95,2000–2005,2000,2005,"branching, particle, process, processes, cascade, deposition, exclusion, measure, random, renewal, brownian, die, dies, extinction, finite, fluctuations, galton, gamma, lattice, observer, offspring, sandpile, time, tree, watson",25
math,95,2005–2010,2005,2010,"branching, galton, process, processes, random, particle, trees, watson, particles, brownian, time, offspring, tree, immigration",14
math,95,2010–2015,2010,2015,"branching, galton, particle, particles, process, processes, random, time, watson, brownian, offspring, trees",12
math,95,2015–2020,2015,2020,"branching, galton, process, processes, random, time, watson, particles, particle, brownian, tree, immigration, offspring",13
math,95,2020–2025,2020,2025,"branching, brownian, galton, particle, process, processes, random, time, watson, particles, immigration",11
math,96,2000–2005,2000,2005,"projective, toric, varieties, variety, cohomology, fans, torus, fan, algebraic, equivariant, tori, barc, ca, calabi, complexes, divisors, fano, hypersurfaces, ih, intersection, noncommutative, prevarieties, sextics, yau",24
math,96,2005–2010,2005,2010,"projective, toric, torus, varieties, variety, bundles, cohomology, bf, divisors, fan, fans, smooth, algebraic, barc, bsi, category, cox, equivariant, fano, gizatullin, gorenstein, mori, polytopes, ty",24
math,96,2010–2015,2010,2015,"bundles, projective, toric, torus, varieties, variety, fano, smooth, mori, polytopes, bc, brick, bsi, cohomology, cox, crit, dream, fan, polytope, symplectic, tori",21
math,96,2015–2020,2015,2020,"bundles, fano, projective, toric, torus, varieties, variety, mathbb, mori, smooth, tori, aut, cohomology, dream, mirror",15
math,96,2020–2025,2020,2025,"bundles, fano, mathbb, projective, smooth, toric, torus, varieties, variety, equivariant, cohomology, mathcal, mirror, rational",14
math,97,2000–2005,2000,2005,"quantum, state, godowski, information, equations, hilbert, orthoarguesian, states, systems, acs, algorithms, autonomic, breiman, classical, computing, correction, covariant, deformed, distinguishability, error, estimation, estimators, fisher, gradients, greechie, lattice, locality, mayet, mcmillan, measurement, monotone, nafl, noiseless, orthomodularity, poly, problem, quantizers, sec, stochastic, truly, unentangled",41
math,97,2005–2010,2005,2010,"quantum, state, algorithm, control, stochastic, nafl, acs, autonomic, lhv, measurements, systems, viterbi, aleh, algorithms, alignments, bhattacharya, channel, classical, codebook, computing, correction, entanglement, error, feedback, gla, homodyne, item, multipartite, noiseless, optimization, secondary, states, truly, var",34
math,97,2010–2015,2010,2015,"entanglement, quantum, qubit, state, control, states, systems, channel, classical, time, feedback, information, algorithm, codebook, gla, measurement, measurements, optimization, pcsft, povms, problem, protocols, secondary, viterbi, witnesses",25
math,97,2015–2020,2015,2020,"entanglement, quantum, qubit, state, states, classical, optimization, systems, frac, problem, algorithm, approx, cdot, channel, coherent, estimation, measurements, protocols, varepsilon",19
math,97,2020–2025,2020,2025,"classical, optimization, problem, quantum, qubit, state, algorithm, algorithms, states, entanglement, problems, systems, approx, control, frac, qubo",16
math,98,2000–2005,2000,2005,"convex, functions, inequalities, inequality, hyers, inner, reverses, approximately, best, constants, ge2b, triangle, type, ulam, 2rs, bessel, cang, extremal, ge1, ge1n, gruss, leq, metric, monotonicity, operator, ostrowski, pittenger, prekopa, product, spaces",30
math,98,2005–2010,2005,2010,"convex, functions, inequalities, inequality, frac, convexity, type, bs, leq, mean, ostrowski, reverses, 2rs, bigl, bigr, concave, function, hadamard, inner, jensen, ln, m1, m2, prekopa, triangle",25
math,98,2010–2015,2010,2015,"convex, functions, hadamard, inequalities, inequality, type, frac, convexity, hermite, ostrowski, concave, left, right, integral, ln, log, vert",17
math,98,2015–2020,2015,2020,"convex, frac, functions, inequalities, inequality, left, right, hadamard, hermite, type, convexity, leq, mean, rm",14
math,98,2020–2025,2020,2025,"convex, frac, functions, inequalities, inequality, log, minkowski, type, concave, mean, brunn, convexity, hadamard, left, right, leq, widehat",17
math,99,2000–2005,2000,2005,"equations, fractional, nonlinear, delta, equation, regularization, saxena, analogs, bogoliubov, colombeau, debye, dinger, hierarchy, integral, kinetic, leffler, mittag, parabolic, phase, schr",20
math,99,2005–2010,2005,2010,"equation, fractional, equations, order, caputo, derivative, derivatives, differential, solutions, bogoliubov, holonomic, noninteger, nonlinear, analogs, debye, differentially, ginzburg, hierarchy, increasing, modules, noether, phase, puiseux, saxena, series, solution, survival, time, uniqueness",29
math,99,2010–2015,2010,2015,"caputo, differential, equation, equations, fractional, order, solutions, derivative, derivatives, boundary, diffusion, problem, laplacian, time",14
math,99,2015–2020,2015,2020,"caputo, derivative, differential, equation, equations, fractional, problem, solutions, boundary, order, existence, derivatives, laplacian",13
math,99,2020–2025,2020,2025,"caputo, differential, equation, equations, fractional, problem, solutions, derivative, solution, time, nonlocal, order, boundary, existence, laplacian",15
math,100,2000–2005,2000,2005,"gmres, pieri, systems, algorithms, bljw, block, blocks, completion, deflation, groebner, homotopies, inverse, isolated, iterative, lagrange, lambda, matrix, method, multipliers, newton, noncommutative, parallel, phcpack, problems, seven, slae, steppers",27
math,100,2005–2010,2005,2010,"method, systems, preconditioner, preconditioning, solving, linear, iterative, feti, hypersecant, matrix, methods, microwave, slae, algorithms, cg, dsm, gmres, ill, jacobian, lagrange, lambda, multipliers, pentadiagonal, pieri, preconditioned, qmr, susceptibility",27
math,100,2010–2015,2010,2015,"linear, method, preconditioner, preconditioning, systems, preconditioned, preconditioners, matrix, algorithm, krylov, methods, multigrid, iterative, hypersecant, solving",15
math,100,2015–2020,2015,2020,"linear, matrix, method, methods, preconditioned, preconditioner, preconditioners, preconditioning, krylov, multigrid, algorithm, block, gmres, iterative, problems, systems",16
math,100,2020–2025,2020,2025,"matrix, method, methods, preconditioned, preconditioner, preconditioners, preconditioning, krylov, solvers, block, linear, gmres, iterative, multigrid",14
math,101,2000–2005,2000,2005,"dirac, index, manifold, manifolds, operator, operators, elliptic, eta, pseudodifferential, boundary, compact, equivariant, formula, frac, instanton, lblb, pseudomanifolds, pss, sb, singer, trace",21
math,101,2005–2010,2005,2010,"dirac, index, manifold, manifolds, operator, operators, compact, elliptic, singer, spin, equivariant, eta, theorem, atiyah, formula, lamin, tilde",17
math,101,2010–2015,2010,2015,"dirac, index, manifold, manifolds, operator, operators, singer, atiyah, eta, theorem, elliptic, mathit, compact, connes, equivariant, formula, group, mathcal, riemannian",19
math,101,2015–2020,2015,2020,"dirac, index, manifold, manifolds, operator, operators, compact, equivariant, formula, theorem, atiyah, differential, elliptic, group, hat, mathbb, mathcal, pseudodifferential, singer",19
math,101,2020–2025,2020,2025,"compact, dirac, index, manifolds, operator, operators, equivariant, manifold, singer, formula, atiyah, mathbb, eta, group, imath, spectral, theorem",17
math,102,2000–2005,2000,2005,"control, asserting, celestial, discrete, embedding, integrals, lagrangian, mechanics, modelled, motion, noether, optimal, ordinary, pontryagin, problems, solar, stochastic, systems, time",19
math,102,2005–2010,2005,2010,"control, stochastic, optimal, problems, equation, equations, problem, systems, horizon, modelled, celestial, differential, lagrangian, mechanics, time, bellman, cost, embedding, gale, ordinary, solar",21
math,102,2010–2015,2010,2015,"control, optimal, problem, problems, stochastic, backward, bellman, equations, differential, equation, time, cost, horizon, switching",14
math,102,2015–2020,2015,2020,"backward, control, equation, optimal, problem, problems, stochastic, time, equations, bellman, differential, horizon, state, switching",14
math,102,2020–2025,2020,2025,"control, equation, equations, optimal, problem, problems, stochastic, time, backward, horizon, state, bellman, differential, dynamic",14
math,103,2000–2005,2000,2005,"algebra, algebras, compact, group, groups, quantum, representations, sl, su, unitary, locally, bornological, clifford, gl, hat, hbar, ik, kinematical, mathbb, raq",20
math,103,2005–2010,2005,2010,"algebra, algebras, compact, group, groups, quantum, representations, su, unitary, bornological, noncommutative, disjointness, irreducible, mathcal, sl, tensor",16
math,103,2010–2015,2010,2015,"algebra, algebras, compact, group, groups, quantum, unitary, su, mathbb, representations, mathcal, noncommutative, mathfrak, states",14
math,103,2015–2020,2015,2020,"algebras, compact, group, groups, mathbb, quantum, unitary, su, algebra, mathcal, noncommutative, imath, mathfrak, mathtt",14
math,103,2020–2025,2020,2025,"algebras, compact, group, groups, mathbb, mathcal, quantum, unitary, algebra, representations, imath, mathfrak, mathrm, mathtt, sl, widehat",16
math,104,2000–2005,2000,2005,"algorithm, axiomatic, axiomatizations, complementarity, ell, entropy, fdr, log, matrix, maxent, maximum, ml, nonequispaced, observable, poly, ralsfa, shannon, signal, sparse, sparsity",20
math,104,2005–2010,2005,2010,"ell, signal, sparse, recovery, measurements, signals, sparsity, compressed, sensing, algorithm, cal, ff, pursuit, ralsfa, fdr, isa, lasso, log, noise, nonequispaced, objects, poly, reordered",23
math,104,2010–2015,2010,2015,"compressed, ell, recovery, sensing, signal, sparse, sparsity, measurements, signals, algorithm, lasso, noise",12
math,104,2015–2020,2015,2020,"ell, measurements, recovery, sensing, signal, signals, sparse, sparsity, algorithm, compressed, matrix",11
math,104,2020–2025,2020,2025,"algorithm, ell, recovery, sensing, signal, sparse, sparsity, measurements, compressed, matrix, noise, problem, signals, estimation",14
math,105,2000–2005,2000,2005,"automorphism, graph, graphs, transitive, group, cayley, groups, minimalizable, cal, hedrite, imbeddings, pg, unlabeled, amorphic, cap, crossing, diagram, distinguishing, hedrites, imbedding, ka, lambda, planarity, semisymmetric, transtively, vertex",26
math,105,2005–2010,2005,2010,"graph, graphs, group, transitive, vertex, cayley, automorphism, groups, intervening, neighbours, 6p6p, arc, aut, bicoloured, complementation, distinguishing, edge, gg, hamilton, oriented, semisymmetric, words",22
math,105,2010–2015,2010,2015,"arc, automorphism, cayley, graph, graphs, group, groups, transitive, vertex, gg, assur, ga, intervening",13
math,105,2015–2020,2015,2020,"arc, automorphism, cayley, graph, graphs, group, groups, transitive, vertex, gg, aut, cal",12
math,105,2020–2025,2020,2025,"arc, automorphism, cayley, graph, graphs, group, groups, transitive, vertex, gg, cal",11
math,106,2000–2005,2000,2005,"differential, equations, lie, solutions, symmetries, symmetry, equation, odes, abel, integrable, systems, groups, 0u, appell, bihamiltonian, classes, dispersionless, mts, nonlinear, routines",20
math,106,2005–2010,2005,2010,"differential, equation, equations, lie, solutions, symmetries, symmetry, systems, nonlinear, group, mts, bihamiltonian, order, semigroups, transformations, variational",16
math,106,2010–2015,2010,2015,"differential, equation, equations, lie, solutions, symmetries, symmetry, systems, group, nonlinear, order, mc",12
math,106,2015–2020,2015,2020,"differential, equation, equations, lie, solutions, symmetries, symmetry, systems, group, nonlinear, order",11
math,106,2020–2025,2020,2025,"differential, equation, equations, lie, solutions, symmetries, symmetry, systems, nonlinear, order, group, vert",12
math,107,2000–2005,2000,2005,"brownian, fractional, hurst, stochastic, wiener, fpt, motion, processes, driven, fractal, malliavin, transformations, anomalous, diffusion, distribution, fokker, motions, passage, planck, process, rotations, rough",22
math,107,2005–2010,2005,2010,"brownian, driven, fractional, hurst, motion, process, processes, stochastic, gaussian, diffusion, time, fbm, ifsm, rough, wiener",15
math,107,2010–2015,2010,2015,"brownian, fractional, hurst, motion, process, processes, stochastic, driven, gaussian, time, fbm, frac, noise",13
math,107,2015–2020,2015,2020,"brownian, driven, fractional, hurst, motion, process, processes, stochastic, time, gaussian, noise, frac, volatility",13
math,107,2020–2025,2020,2025,"brownian, driven, fractional, hurst, motion, process, processes, stochastic, time, fbm, gaussian, noise, rough",13
math,108,2000–2005,2000,2005,"bayes, bayesian, prior, inference, posterior, separation, information, likelihood, priors, probable, sejnowski, source, bic, decorrelated, frequentist, incorporate, loss, model, training",19
math,108,2005–2010,2005,2010,"bayes, bayesian, inference, posterior, prior, priors, model, distribution, frequentist, likelihood, models, data, fdr, bic, empirical, ntr",16
math,108,2010–2015,2010,2015,"bayes, bayesian, likelihood, model, posterior, prior, priors, models, frequentist, inference, estimation, confidence, data, distribution",14
math,108,2015–2020,2015,2020,"bayes, bayesian, inference, model, models, posterior, prior, priors, likelihood, data, distribution, estimation, frequentist, regression",14
math,108,2020–2025,2020,2025,"bayes, bayesian, inference, model, models, posterior, prior, priors, data, frequentist, likelihood, distribution, regression",13
math,109,2000–2005,2000,2005,"homology, ring, cohomology, spectra, group, spectral, 1z, bbb, cobar, equivariant, homotopy, iterated, loop, mathbb, spectrum, theory, whitehead, 2z, adams, aut, brasselet, groups, immersions, kolakoski, novikov, scriptstyle, seade, sergeraert",28
math,109,2005–2010,2005,2010,"cohomology, groups, homology, spectra, spectrum, theory, homotopy, ring, spectral, equivariant, mathbb, group, adams, assembly, hyperelementary, string, thh",17
math,109,2010–2015,2010,2015,"cohomology, equivariant, homology, homotopy, spectra, spectrum, groups, ring, spectral, mathbb, theory, mg, sequence, tmf",14
math,109,2015–2020,2015,2020,"cohomology, equivariant, homology, homotopy, mathbb, ring, spectra, spectrum, theory, tmf, spectral, mathrm",12
math,109,2020–2025,2020,2025,"cohomology, equivariant, homology, homotopy, mathbb, spectra, spectrum, theory, groups, mathrm, ring, ku, tmf",13
math,110,2000–2005,2000,2005,"equation, method, boundary, elastic, hypersingular, integral, numerical, propagation, scattering, shell, algorithmized, allied, basilar, cochlea, corner, corners, dinger, discretised, dsc, fluid, geometries, immersed, manakov, mesh, meshes, methods, porous, quadrature, sampling, schr, singularities, solution, theta, tlm, transmission, trigonal, wave, waveguide",38
math,110,2005–2010,2005,2010,"method, boundary, numerical, scattering, wave, dinger, equation, equations, fastening, helmholtz, schr, conditions, disc, manakov, waves, absorbing, algorithmized, allied, charges, domain, flexural, frequency, solution, theta, trigonal, unknown",26
math,110,2010–2015,2010,2015,"boundary, equation, equations, helmholtz, method, numerical, scattering, wave, domain, integral, problem, renger, solution, tilde, time",15
math,110,2015–2020,2015,2020,"boundary, equation, equations, helmholtz, integral, method, numerical, scattering, wave, domain, time",11
math,110,2020–2025,2020,2025,"boundary, domain, equation, helmholtz, integral, method, numerical, scattering, wave, time, acoustic, equations, problems",13
math,111,2000–2005,2000,2005,"method, exhaustion, formula, functions, aperture, diffracted, fit, integrate, polynomial, provided, quadrature, approximant, approximants, autocorrection, br, brz, capacitances, error, evans, exact, explains, nodes, over4, pad, poinwise, precision, shooting, theta, velocity, waves",30
math,111,2005–2010,2005,2010,"quadrature, error, numerical, interpolation, method, nodes, approximation, polynomials, algorithm, approximants, function, functions, pad, poinwise, semantic, approximand, approximations, basis, bernstein, br, brz, evans, pade, precision, services, shooting, web",27
math,111,2010–2015,2010,2015,"approximation, error, function, functions, interpolation, method, numerical, quadrature, accuracy, integration, log, pade, polynomial, sbp, semantic",15
math,111,2015–2020,2015,2020,"approximation, error, function, functions, interpolation, method, numerical, quadrature, integration, accuracy, algorithm, chebyshev, integral, polynomial, polynomials, rules",16
math,111,2020–2025,2020,2025,"approximation, error, function, functions, interpolation, method, numerical, quadrature, accuracy, polynomial, fourier, algorithm, integral, polynomials, rules",15
math,112,2000–2005,2000,2005,"optimal, diffusions, embedding, maximises, minimises, perkins, target, tb, transport, 1l, dy, earthmover, log, maximality, meilijson, peskir, ph, skorokhod, stopping, transportation",20
math,112,2005–2010,2005,2010,"optimal, transport, transportation, cost, kantorovich, problem, measures, monge, wasserstein, earthmover, nonholonomic, peskir, 1l, buffers, distance, ij, inequalities, log, maximality, meilijson, reactor, reflectors, stopping, subdifferentials",24
math,112,2010–2015,2010,2015,"cost, kantorovich, optimal, problem, transport, transportation, wasserstein, measures, monge, distance, problems, hs, mathbb, mathfrak, taker",15
math,112,2015–2020,2015,2020,"cost, kantorovich, measures, optimal, problem, transport, transportation, wasserstein, distance, mathbb, marginal, mathsf, metric, sinkhorn, taker",15
math,112,2020–2025,2020,2025,"cost, kantorovich, measures, optimal, problem, transport, wasserstein, sinkhorn, distance, ot, transportation, entropic",12
math,113,2000–2005,2000,2005,"identities, partition, partitions, cranks, generating, andrews, congruences, integer, ramanujan, ranks, equiv, modmod, rogers, brown, combinatorial, connecting, cumulants, fraenkel, fragmentation, function, involving, lou, new, number, parts, pm",26
math,113,2005–2010,2005,2010,"andrews, partition, partitions, congruences, generating, number, parts, ramanujan, combinatorial, core, identities, series, compositions, cranks, cylindric, equiv, fragmentation, function, functions, guidelines, leroux, lou, pmod, spt, theta",25
math,113,2010–2015,2010,2015,"andrews, number, partition, partitions, parts, 2k, congruences, core, function, overpartitions, pmod, ramanujan, generating, identities, bar, equiv, functions, hook, integer, integers, theta",21
math,113,2015–2020,2015,2020,"andrews, congruences, number, partition, partitions, parts, core, geq, overline, overpartitions, ramanujan, 2k, generating, function, hook, mex",16
math,113,2020–2025,2020,2025,"andrews, congruences, geq, number, partition, partitions, parts, ramanujan, mex, overline, overpartitions, function, nn",13
math,114,2000–2005,2000,2005,"game, games, player, creature, creatures, evolution, nim, peg, conway, graph, hanoi, pebbling, shortest, solitaire, technology, bimatrix, chess, configuration, configurations, duotaire, elementary, forcing, generation, hinz, notions, path, pebble, pebbles, positions, ravikumar, whichever",31
math,114,2005–2010,2005,2010,"game, games, pebbling, player, graph, pebbles, wins, napkin, pebble, players, nim, number, winning, bimatrix, chess, cops, graphs, puzzle, rubbling, warnsdorff",20
math,114,2010–2015,2010,2015,"game, games, graph, player, winning, wins, players, pebbling, board, cop, cops, number, breaker, chess, graphs, maker, mathcal, pegging, pegs, puzzle",20
math,114,2015–2020,2015,2020,"game, games, graph, player, players, winning, breaker, number, win, wins, cop, maker, mathcal, nim, board, chess, chocolate, pebble",18
math,114,2020–2025,2020,2025,"game, games, graph, player, players, winning, breaker, nim, wins, maker, strategy, graphs, mathcal, win",14
math,115,2000–2005,2000,2005,"colliding, processes, queues, connecting, matrices, queue, random, service, customers, non, queueing, survey, recent, results, server, servers, time",17
math,115,2005–2010,2005,2010,"queue, queueing, queues, server, service, customers, time, arrival, processes, servers, colliding, scheduling, buffer, customer, dbf, fishing, mpgps, network, networks, polling, traffic",21
math,115,2010–2015,2010,2015,"customers, queue, queueing, queues, server, service, time, traffic, customer, networks, servers, arrival, markov, dbf, network",15
math,115,2015–2020,2015,2020,"customers, queue, queueing, queues, server, servers, service, time, traffic, arrival, customer",11
math,115,2020–2025,2020,2025,"customers, queue, queueing, queues, server, servers, service, traffic, arrival, time, policy",11
math,116,2000–2005,2000,2005,"disease, dissimilar, epidemiological, governs, individuals, infective, infectives, model, proportions, sis",10
math,116,2005–2010,2005,2010,"disease, epidemic, infected, infection, population, vaccination, infections, sir, hiv, model, percolation, secondery, vaccinations, branching, immune, infectious, stochastic",17
math,116,2010–2015,2010,2015,"disease, epidemic, infected, infection, model, population, susceptible, network, sir, hiv, immune, models, vaccination, virus, control",15
math,116,2015–2020,2015,2020,"disease, epidemic, infected, infection, model, population, susceptible, sir, control, virus, covid, dengue, hiv, network, sis, spread",16
math,116,2020–2025,2020,2025,"covid, disease, epidemic, infected, infection, model, population, sir, susceptible, control, pandemic, individuals, vaccination",13
math,117,2000–2005,2000,2005,"identities, numbers, polynomials, stirling, binomial, bernoulli, formula, sum, burge, generating, over2, rogers, simplex, 15n, 2as, 3n, andrews, binom, borwein, euler, gordon, odot, ramanujan, series, ss, takeuchi",26
math,117,2005–2010,2005,2010,"bernoulli, identities, numbers, polynomials, stirling, binomial, euler, sum, binom, series, generating, genocchi, bell, coefficients, combinatorial, durfee, eulerian, formula",18
math,117,2010–2015,2010,2015,"bernoulli, generating, identities, numbers, polynomials, stirling, euler, eulerian, binomial, sum, genocchi, poly, binom, carlitz, coefficients, functions",16
math,117,2015–2020,2015,2020,"bernoulli, generating, identities, numbers, polynomials, stirling, binomial, eulerian, kind, bell, poly, series, carlitz, euler, sum",15
math,117,2020–2025,2020,2025,"bernoulli, binomial, identities, numbers, polynomials, stirling, bell, kind, euler, eulerian, generating, degenerate, lah",13
math,118,2000–2005,2000,2005,"controllability, control, approximate, controls, equation, lipschitzian, nonlinear, optimal, solution, vibrational, alpha, conditions, conservation, cost, deals, dimension, evolution, existence, galerkin, grants, heat, hyperbolic, limits, note, pontryagin, problems, rarefaction, regularity, semidiscrete, semilinear, sigular, space, straight, vibrations, xomega",35
math,118,2005–2010,2005,2010,"control, controllability, equation, controls, systems, cost, equations, heat, inertial, semilinear, approximate, optimal, space, boundary, controllable, deals, dimension, dinger, exact, exist, feedback, observability, problem, schr, state, transfer",26
math,118,2010–2015,2010,2015,"control, controllability, controls, equation, systems, optimal, boundary, equations, observability, multitime, problem, qquad, time, controllable, dinger, heat, schr, stabilization",18
math,118,2015–2020,2015,2020,"boundary, control, controllability, equation, equations, observability, optimal, systems, time, controls, feedback",11
math,118,2020–2025,2020,2025,"boundary, control, controllability, equation, equations, observability, optimal, systems, time, controls, null",11
math,119,2000–2005,2000,2005,"mathcal, binom, bounds, gn, hochberg, meshalkin, set, sidon, subset, antichain, antichains, blocker, hirsch, lym, magnitude, measure, posets, sat, sets, upper",20
math,119,2005–2010,2005,2010,"mathcal, set, bm, intersecting, ln, lcs, agreeable, alliance, defensive, frac, microdata, offensive, records, aleph, ell, families, latin, marginals, matchings, messing, poset, rizzi, sets, steiner",24
math,119,2010–2015,2010,2015,"intersecting, mathcal, set, sets, binom, subset, cap, leq, agreeable, families, fscr, ldots, mathbb, bm, cf, dd2, ell, matchings, messing, pm, poset, roommate, size, sperner, steiner",25
math,119,2015–2020,2015,2020,"binom, intersecting, leq, mathbb, mathcal, set, sets, cap, subset, subseteq, ldots, dots, families, frac, ryser",15
math,119,2020–2025,2020,2025,"binom, cap, intersecting, leq, mathbb, mathcal, set, sets, dots, ldots, subseteq, ell, subset",13
math,120,2000–2005,2000,2005,"boltzmann, equation, collision, configurational, paneitz, time, bbr, bbs, conformal, decay, diffusion, electron, emission, energy, exp, godunov, granular, inelastic, inequalities, kge, maxwellian, mechanics, moment, pde, phonon, povzner, solution, statistical, tails, velocity, weakly",31
math,120,2005–2010,2005,2010,"boltzmann, collision, equation, maxwellian, solutions, cutoff, hard, potentials, decay, time, uehling, angular, carbuncles, diffusion, entropy, gases, gluey, godunov, inelastic, kge, kinetic, limit, particle, solution, ue, varepsilon",26
math,120,2010–2015,2010,2015,"boltzmann, collision, equation, maxwellian, solutions, cutoff, gas, kinetic, limit, time, equations, equilibrium, entropy, hard, particle, potentials, unshocked",17
math,120,2015–2020,2015,2020,"boltzmann, collision, equation, gas, kinetic, maxwellian, solutions, cutoff, time, particle, equilibrium, velocity, entropy, limit, particles",15
math,120,2020–2025,2020,2025,"boltzmann, collision, cutoff, equation, gas, kinetic, maxwellian, solutions, time, equations, equilibrium, landau, particle, varepsilon",14
math,121,2000–2005,2000,2005,"water, wave, waves, atmosphere, frequencies, mound, ocean, quasigeostrophic, solitary, baroclinic, boundary, bubbles, capillary, coupled, drainage, flow, fluid, lubrication, retention, solutions, tension, tge, transition, unsteady, viscous",25
math,121,2005–2010,2005,2010,"solitary, solutions, water, wave, waves, boussinesq, equations, shallow, periodic, fluid, ocean, acoustic, atmosphere, equation, flow, frequencies, geostrophic, naghdi, surface, tge",20
math,121,2010–2015,2010,2015,"solitary, solutions, water, wave, waves, equations, shallow, boussinesq, equation, surface, tension, vorticity, dispersive, gravity, naghdi, periodic",16
math,121,2015–2020,2015,2020,"equation, shallow, solitary, solutions, surface, water, wave, waves, equations, tension, gravity, dispersive, vorticity",13
math,121,2020–2025,2020,2025,"equation, equations, shallow, solitary, solutions, water, wave, waves, boussinesq, surface, dispersive, gravity",12
math,122,2000–2005,2000,2005,"hypergraph, hypergraphs, graph, graphs, intersection, number, turan, vertices, 2k, bouwkamp, combin, edges, enlarging, erdos, ex, faber, hyperedges, kk, linear, lovasz, mubayi, rc, rr, sidorenko, tur, uniform",26
math,122,2005–2010,2005,2010,"hypergraph, hypergraphs, graph, graphs, vertices, ex, rr, turan, edges, friedland, monomer, mubayi, number, pseudofinite, uniform, combin, dimer, enlarging, hamilton, hdots, hypersimplex, matching, matchings, mediatic, random, tverberg",26
math,122,2010–2015,2010,2015,"edges, hypergraph, hypergraphs, uniform, vertices, mathcal, ell, graph, rr, tur, ex, hamilton, hh, number, graphs, indexers, leq, matching, random",19
math,122,2015–2020,2015,2020,"hypergraph, hypergraphs, mathcal, rr, uniform, vertices, hh, edges, binom, ell, ex, geq, kk, edge, graph, matching, tur",17
math,122,2020–2025,2020,2025,"ex, hypergraph, hypergraphs, mathcal, uniform, vertices, hh, rr, tur, edges, ell, graph, kk, binom, geq",15
math,123,2000–2005,2000,2005,"lattice, lattices, distributive, modular, semilattices, animals, blass, bond, directed, lat, leech, left, modularity, bullet, complemented, conc, delone, e8, factorization, greechie, ideals, lambda, mu, nite, oplus, otimes, phi, sagan",28
math,123,2005–2010,2005,2010,"lattice, lattices, distributive, join, semilattice, aleph, coincidences, conc, csls, lat, semilattices, sorting, supersolvable, algebras, animals, bfc, bond, bw, congruence, congruences, coordinatizable, directed, laminated, leech, leqslant, modular, nite, otimes, parafermionic, prequantales, simplices",31
math,123,2010–2015,2010,2015,"distributive, lattice, lattices, join, semilattice, semilattices, supersolvable, congruence, finite, mathcal, semimodular, semirings, semistar, aleph, algebras, atom, cambrian, cl, coordinatizable, coxeter, deeplll, fq, lll, max, poset, prequantales, simpleness, slim, sorting, wedge",30
math,123,2015–2020,2015,2020,"distributive, lattice, lattices, mathcal, finite, join, mathbb, poset, posets, residuated, congruence, semilattices, algebras, boldsymbol, cambrian, cl, coxeter, ll, lwe, relational, semimodular, set, supersolvable",23
math,123,2020–2025,2020,2025,"distributive, lattice, lattices, mathbb, mathcal, residuated, poset, join, posets, semimodular, finite, slim, algebras, elements, kleene, ll, lwe, mathsf, semidistributive",19
math,124,2000–2005,2000,2005,"bandwidth, bandwidths, boolean, classification, classifier, clinical, estimation, juntas, learning, machine, margin, nucleotide, polymorphism, preliminary, risk, rudimentary, signs, snp, support, svm",20
math,124,2005–2010,2005,2010,"learning, classification, classifiers, regression, risk, classifier, data, juntas, margin, bandwidth, bandwidths, bayes, boosting, estimation, learner, mistakes, svm, 2l, boolean, complexity, decision, emph, heredity, pac, selection, sequence, signs",27
math,124,2010–2015,2010,2015,"classifiers, data, learning, classification, classifier, training, margin, risk, aggregation, bayes, boosting, empirical, award, compression, decision, dr, learner, machine, mee, mistakes, pac, plug, prediction, ranking, rates, regression, selection, siirvs",28
math,124,2015–2020,2015,2020,"classification, classifier, data, learning, machine, training, classifiers, risk, algorithm, loss, prediction, regression, sample, aggregation, dplm, empirical, error, rcd, siirvs",19
math,124,2020–2025,2020,2025,"classification, data, learning, machine, prediction, regression, risk, training, classifiers, loss, classifier, performance",12
math,125,2000–2005,2000,2005,"continued, fractions, fraction, irrationality, badly, spacings, apery, approximable, diophantine, fr, frac14, frac14a, fractional, gill, number, numbers, parts, ref, bifurcating, compass, integer, irrational, rationals, roots, sequence, sequences, specializable, th1",28
math,125,2005–2010,2005,2010,"continued, fraction, fractions, irrationality, numbers, rational, frac, approximation, irrational, numerals, ref, 2g, diophantine, expansions, fr, frac14, frac14a, gill, mathbb, number, real, rosen, sqrt, sqrt5, sturmian, univoque, xi",27
math,125,2010–2015,2010,2015,"continued, fraction, fractions, number, numbers, rational, frac, irrational, irrationality, expansions, mathbb, diophantine, expansion, ln, real, sqrt, xi",17
math,125,2015–2020,2015,2020,"continued, frac, fraction, fractions, irrational, mathbb, numbers, number, rational, irrationality, cfrac, approximation, infty, sqrt",14
math,125,2020–2025,2020,2025,"continued, frac, fraction, fractions, irrational, mathbb, numbers, rational, irrationality, infty, number, sqrt, aleph, cfrac, expansions, left",16
math,126,2000–2005,2000,2005,"fractional, lfoodes, liouvillian, equations, multiparticle, prelle, solution, tackle, approximation, cohesion, contacts, controllers, convolution, differential, differintegration, evaluations, granular, integrating, interpolant, log, microprocessor, numerical, order, pic, procedure, quadrature, simulate, singer, tu",29
math,126,2005–2010,2005,2010,"fractional, numerical, convolution, equation, equations, interpolant, log, solution, adomian, algorithm, approximation, averaging, coefficient, conductivity, difference, differential, diffusion, discrete, evaluations, gibbs, index, intensities, lder, memory, method, oscillated, oscillations, permeability, problems, pulsar, quadrature, regularity, scheme, solutions, subdivision, tu",36
math,126,2010–2015,2010,2015,"diffusion, equation, equations, fractional, method, numerical, difference, order, differential, time, adomian, ladder, caputo, discrete",14
math,126,2015–2020,2015,2020,"diffusion, equation, equations, fractional, method, numerical, order, time, scheme, differential, solution, caputo",12
math,126,2020–2025,2020,2025,"diffusion, equation, equations, fractional, method, numerical, order, scheme, time, solution, differential",11
math,127,2000–2005,2000,2005,"mathematical, mathematics, education, history, idempotent, intellectual, international, logic, teaching, tolstoy, analysis, argumentation, china, construction, debates, dialogue, eudoxus, metaphysical, naive, numbers, peace, philosophical, pluralism, pluralist, raoul, restates, scholarly, soliloquy, theory, universe, views, waging, war",33
math,127,2005–2010,2005,2010,"mathematical, mathematics, university, pluralism, students, education, hypercomputational, philosophical, pluralist, professor, academy, archimedean, articles, awareness, carl, debates, desperately, epistemography, fellow, foundations, grenander, hagge, herz, mathematicians, mathematization, meaning, metaphysical, naive, proleptic, raoul, restates, sciences, society, soliloquy, speckman, taiwan, yoav, zeno",38
math,127,2010–2015,2010,2015,"mathematical, mathematics, students, teaching, education, university, courses, hagge, hypercomputational, raoul, science, speckman, teachers, archimedes, calculus, carl, chapter, department, freudenthal, herz, hiele, history, leonardo, pwds, student, woman, yoav",27
math,127,2015–2020,2015,2020,"education, mathematical, mathematics, students, teaching, mathematicians, century, university, courses, hiele, academic, classroom, educational, freudenthal, history, labor, plato, research, school, science, teachers, theaetetus",22
math,127,2020–2025,2020,2025,"education, mathematical, mathematicians, mathematics, students, teaching, school, student, research, teachers, century, academic, anxiety, ethical, gpt, learning, plato, reasoning, university",19
math,128,2000–2005,2000,2005,"matroid, matroids, polynomial, tutte, lagrangian, algebraic, closure, duplexes, formality, quadratic, axiomatisation, bar, binary, cal, closed, dimonoids, duplex, free, gg, half, independence, laman, lattice, line, maps, minor, mixed, oriented, peel, peeling, polymatroids, rayleigh, rigidity, rr, scarf, stratifications, symplectic",37
math,128,2005–2010,2005,2010,"matroid, matroids, tutte, polymatroids, polynomial, tope, gf, oriented, representable, algebraic, axioms, bases, basis, binet, bjorner, cells, coloopless, committee, committees, designs, diamond, graphical, groebner, independence, laman, networks, nonnegative, paving, rank, realizable, rigidity, rr, spikes, stanleydanilov, tilde, topes, transversal",37
math,128,2010–2015,2010,2015,"matroid, matroids, polynomial, tutte, bases, oriented, rank, binary, graphic, horn, polymatroids, tope, axioms, coloopless, dimaps, graphs, minor, mm, neighborly, paving, polytopes, rado, set, topes",24
math,128,2015–2020,2015,2020,"matroid, matroids, minor, oriented, polynomial, rank, tutte, mm, mathcal, delta, graphic, cl, graph, graphs, internally, neighborly, polytopes, spanoid",18
math,128,2020–2025,2020,2025,"mathcal, matroid, matroids, oriented, rank, tutte, minor, polymatroids, polynomial, graphic, polymatroid, delta, graphs, mm, polytopes, positroid, positroids",17
math,129,2000–2005,2000,2005,"measurements, inverse, wave, acoustic, determining, electrical, incident, problem, profiles, reconstruction, refracting, auditory, caustic, conductivity, dft, field, guess, half, impedance, inaccessible, inclusion, inversion, method, obstacles, odat, ol, om, ovals, reconstructed, refraction, scatterers, scattering, shape, tomography",34
math,129,2005–2010,2005,2010,"measurements, boundary, inverse, wave, reconstruction, tomography, electrical, imaging, impedance, refracting, thermoacoustic, odat, problem, profiles, auditory, backscattering, data, detectors, determining, dft, inversion, medium, obstacle, scattering",24
math,129,2010–2015,2010,2015,"imaging, inverse, problem, reconstruction, tomography, conductivity, data, measurements, impedance, thermoacoustic, gpts, wave, boundary, medium, photoacoustic, source",16
math,129,2015–2020,2015,2020,"data, imaging, inverse, measurements, problem, reconstruction, tomography, conductivity, wave, method, scattering, impedance, photoacoustic, source",14
math,129,2020–2025,2020,2025,"data, imaging, inverse, problem, reconstruction, tomography, wave, method, source, measurements, scattering, conductivity",12
math,130,2000–2005,2000,2005,"aerotaxis, bacteria, biochemical, cells, chemotactic, chemotaxis, collapse, colonies, endothelial, growth, guidance, mesenchymal, methylation, model, morphogenesis, morphological, oxygen, physiology, vitro",19
math,130,2005–2010,2005,2010,"aggregates, chemical, diffusion, prion, reaction, cell, cells, macroscale, model, prpsc, bifurcating, bifurcation, delay, equation, immune, justifying, kernel, kinetic, lake, master, mdm2, memory, p53, tumor, unstructured",25
math,130,2010–2015,2010,2015,"cell, cells, diffusion, model, reaction, tumor, models, transport, chemical, dynamics, membrane, tissue, aggregates, biological, chemotactic, chemotaxis, equations, invasion, kinetic, lake, lipids, particles, platelet, prion",24
math,130,2015–2020,2015,2020,"cell, cells, chemotaxis, diffusion, model, reaction, tumor, growth, models, dynamics, plasmids, tissue, bacteria, cancer, kinetic, numerical, tumour",17
math,130,2020–2025,2020,2025,"cell, cells, chemotaxis, diffusion, growth, model, reaction, tumor, cancer, dynamics, models, numerical, bacteria, membrane",14
math,131,2000–2005,2000,2005,"field, fields, valuation, ring, subanalytic, christol, definable, lang, mordell, valuations, adic, affine, affinoid, analytic, arithmetical, buildings, cebotarev, characteristic, chevalley, differential, drinfeld, extensions, finitenes, flattening, forking, henselian, higher, invitation, lcor, local, modules, residue, rosy, section, sk, theories",36
math,131,2005–2010,2005,2010,"definable, field, fields, valuation, galois, valuations, ring, henselian, rings, difference, differentiability, extensions, acfa, adic, analytic, archimedean, characteristic, extension, lang, mordell, shestakov, umirbaev",22
math,131,2010–2015,2010,2015,"definable, field, fields, rings, valuation, valuations, ring, henselian, algebraic, differential, extensions, mathbb, mathscr, valued, acfa, galois, varepsilon",17
math,131,2015–2020,2015,2020,"definable, field, fields, henselian, mathbb, valuation, valuations, rings, valued, ring, closed, algebraic, kk, mathcal, nip",15
math,131,2020–2025,2020,2025,"definable, field, fields, henselian, mathbb, valuation, rings, valuations, mathcal, valued, ring, intr, kk, ordered",14
math,132,2000–2005,2000,2005,"fourier, functions, series, convergence, differentiable, infinitely, periodic, tauberian, dirichlet, li, locally, mathbb, oscillation, value, yau, bbb, berezin, boxcar, estimate, forcing, lamdda, laplacian, refined, replicable, representation, version",26
math,132,2005–2010,2005,2010,"convergence, fourier, functions, mathbb, series, function, periodic, infty, sum, boxcar, proximinality, approximants, colombeau, differentiable, forcing, infinitely, lacunary, mathfrak, pad, ridge, sequence, spaces",22
math,132,2010–2015,2010,2015,"convergence, fourier, functions, infty, mathbb, series, sum, function, sums, bf, int, periodic, dt, frac, lacunary, leq, sequence, summability",18
math,132,2015–2020,2015,2020,"convergence, fourier, functions, infty, mathbb, series, function, sum, periodic, spaces, sums, ff, approximation, hardy, mathcal",15
math,132,2020–2025,2020,2025,"fourier, function, functions, infty, mathbb, series, sum, convergence, approximation, varphi, widehat, mathcal, spaces, summability, trigonometric",15
math,133,2000–2005,2000,2005,"probability, probabilistic, quantum, card, inference, kruskal, magician, maxent, trick, algorithmic, archimedean, assessments, count, int, jaynes, kolmogorovian, logic, mechanics, model, monotony, non, nonlocality, partiality, penguin, pmf, probabilities, quasilogics, reasoning, rules, semilogics, sqsubseteq, success, taking, theory, tp2, tweety, wallis",37
math,133,2005–2010,2005,2010,"probability, probabilities, theory, conditional, quantum, semilogics, statistical, algorithmic, information, kolmogorovian, measure, probabilistic, quasilogics, archimedean, belief, causal, entropy, examination, incompleteness, inference, mathrm, model, models, non, paradox, plenoptic, prequential, random, randomness, risk, sequential, surprise, taking",33
math,133,2010–2015,2010,2015,"information, probability, random, randomness, conditional, measure, quantum, measures, probabilistic, theory, incompleteness, belief, computable, contextuality, distributions, entropy, examination, indeterministic, las, leakage, logic, mathcal, paradox, probabilities, risk, surprise",26
math,133,2015–2020,2015,2020,"conditional, contextuality, probability, quantum, random, randomness, theory, probabilities, events, mathcal, probabilistic, variables, computable, information, las, logic, markov, measure, measures, uncertainty",20
math,133,2020–2025,2020,2025,"conditional, contextuality, probability, random, randomness, theory, information, quantum, distributions, logic, mathcal, measure, probabilistic, events, mhr, probabilities, reversiblizations",17
math,134,2000–2005,2000,2005,"empirical, estimable, gaussianity, gom, grade, random, test, testing, tests, b2, binary, boole, define, differentiability, distribution, distributions, functions, harmonics, introductory, membership, rxr",21
math,134,2005–2010,2005,2010,"distribution, test, testing, tests, statistic, statistics, goodness, random, sample, empirical, gom, hypothesis, mathit, power, alternatives, bootstrap, correlation, estimable, fdp, fwer, gaussianity, grade, null",23
math,134,2010–2015,2010,2015,"distribution, sample, statistic, statistics, test, testing, tests, hypothesis, null, data, goodness, alternatives, distributions, hypotheses, likelihood",15
math,134,2015–2020,2015,2020,"distribution, sample, statistic, statistics, test, testing, tests, hypothesis, data, distributions, alternatives, goodness, null",13
math,134,2020–2025,2020,2025,"distribution, hypothesis, sample, statistic, statistics, test, testing, tests, data, null, alternatives, distributions, goodness",13
math,135,2000–2005,2000,2005,"euler, vortex, equations, vortices, 3d, collapse, incompressible, doniach, flow, povide, solutions, tubes, vorticity, asymmetric, axisymmetric, boussinesq, carried, cascade, energy, isospectral, lawrence, nucleated, reactive, reynolds, rho, sheets, strain, straining, superconducting, tube",30
math,135,2005–2010,2005,2010,"equations, euler, solutions, vortex, vortices, incompressible, vorticity, axisymmetric, flow, fluid, equation, fluids, asymmetric, eps, reynolds, strain, straining",17
math,135,2010–2015,2010,2015,"equations, euler, incompressible, solutions, vortex, vortices, vorticity, equation, flows, flow, fluid, rotating, blowup, filaments, velocity",15
math,135,2015–2020,2015,2020,"equations, euler, flows, incompressible, solutions, vortex, vortices, vorticity, flow, fluid, rotating, steady, velocity",13
math,135,2020–2025,2020,2025,"equations, euler, flows, solutions, vortex, vortices, vorticity, flow, incompressible, equation, fluid, rotating, ve",13
math,136,2000–2005,2000,2005,"sphere, mapping, metric, harmonic, homeomorphic, invertibility, lipschitz, quasiregular, quasisymmetric, quasisymmetrically, mappings, vavasis, heinonen, homeomorphisms, hopf, keywords, loc, mathbb, nagata, quasiconformal, quasimeromorphic, semmes, spheres, sufficient",24
math,136,2005–2010,2005,2010,"mappings, quasiconformal, quasiregular, conformal, mathbb, metric, distortion, mapping, maps, quasisymmetric, 2dwd, astala, asymptotically, biharmonic, escaping, euclidean, hyperbolic, loc, overrightarrow, quasihyperbolic, quasimeromorphic, sphere, visual, warping",24
math,136,2010–2015,2010,2015,"conformal, distortion, mappings, maps, mathbb, quasiconformal, mapping, metric, domains, biharmonic, domain, quasiregular, 2dwd, boundary, registration, textless, warping",17
math,136,2015–2020,2015,2020,"conformal, distortion, mappings, maps, mathbb, metric, quasiconformal, boundary, domains, mapping, quasisymmetric, spaces, tissot, diff, lipschitz, textless",16
math,136,2020–2025,2020,2025,"conformal, distortion, mappings, maps, mathbb, metric, quasiconformal, domains, boundary, spaces, quasisymmetric, tissot, varepsilon, varphi",14
math,137,2000–2005,2000,2005,"artin, braid, group, groups, krammer, representation, braids, representations, braided, garside, monoid, bigelow, cal, conjugacy, formanek, goldman, lawrence, monodromy, nb, parker, przytycki, sl, virtual",23
math,137,2005–2010,2005,2010,"artin, braid, braids, group, groups, representations, garside, burau, ara, arb, representation, braided, butterflies, conjugacy, cryptosystems, goldman, jones, parker, pure, ref",20
math,137,2010–2015,2010,2015,"artin, braid, braids, group, groups, representations, garside, burau, strands, arb, braided, algebra, ara, bimonster, dehornoy, knot, mathbb, mathcal, reflection, representation",20
math,137,2015–2020,2015,2020,"artin, braid, braids, group, groups, mathbb, representations, burau, garside, mathcal, representation, krammer, braided, pure",14
math,137,2020–2025,2020,2025,"artin, braid, braids, group, groups, mathbb, representations, burau, representation, braided, virtual, aut, epple, garside, mathcal, mccool, pm1, pure",18
math,138,2000–2005,2000,2005,"descriptors, galaxies, galaxy, minkowski, morphology, patterns, rosenfeld, spatial, spiral, valuations",10
math,138,2005–2010,2005,2010,"homology, data, persistent, complexes, euc, latin, persistence, rips, sage, simplicial, trade, trades, analysis, chapter, complex, computations, euclidean, fsindex, gap, metric, package, protein, quasi, topological",24
math,138,2010–2015,2010,2015,"data, homology, persistence, persistent, complexes, simplicial, topological, latin, topology, analysis, digital, dimer, rna, trades, pachner, sage, space, trade, xspace",19
math,138,2015–2020,2015,2020,"data, homology, persistence, persistent, topological, analysis, complexes, simplicial, topology, digital, distance, mapper, pds, tda, networks, pore, rna, topsnut",18
math,138,2020–2025,2020,2025,"analysis, data, homology, persistence, persistent, tda, topological, barcodes, topology, learning, simplicial, betti, complexes, mapper, networks",15
math,139,2000–2005,2000,2005,"time, data, series, stock, bayesian, garch, lave, price, process, volatility, algorithm, astronomical, cucs, enviromental, estimate, estimating, estimation, explaining, financial, forecasting, hmm, hubert, hydrological, increments, interval, lags, levy, modelling, models, modifies, processes, roughness, sample, segmentation, zoo",35
math,139,2005–2010,2005,2010,"processes, time, change, series, estimator, garch, process, detection, estimation, models, volatility, autoregressive, data, lave, cucs, cusum, kkth, likelihood, rinar, stationarity, test, zoo",22
math,139,2010–2015,2010,2015,"change, detection, estimator, series, test, time, process, processes, data, autoregressive, estimation, estimators, bootstrap, cusum, stationarity, statistic, wbs",17
math,139,2015–2020,2015,2020,"change, data, detection, estimator, series, test, time, process, processes, estimation, autoregressive, cusum, model",13
math,139,2020–2025,2020,2025,"change, data, detection, estimator, processes, series, test, time, estimation, cusum, model, process, testing",13
math,140,2000–2005,2000,2005,"bodies, convex, dilates, discrepancy, lattice, mean, body, random, square, points, cell, estimates, holes, lass, poisson",15
math,140,2005–2010,2005,2010,"bodies, convex, random, points, probability, distributions, betti, discrepancy, distribution, linkages, mathbb, poisson, area, body, cell, dilates, hyperplane, lass, lattice, mean, moment, mxn, partitions, plane, polytopes, rbs, samplers, sets, spacings, volume",30
math,140,2010–2015,2010,2015,"bodies, convex, probability, random, distribution, mathbb, hull, points, area, measure, polytopes, sets, abstr, body, distributions, frac, gaussian, left, mathfrak, moment, poisson, polygons, right, vert, volume",25
math,140,2015–2020,2015,2020,"convex, distribution, mathbb, probability, random, frac, hull, ldots, polytopes, bodies, points, volume, bar, dots, left, perimeter, poisson, right, shape, vert",20
math,140,2020–2025,2020,2025,"convex, distribution, ldots, mathbb, probability, random, points, poisson, volume, frac, hull, mathbf, polytopes, bodies, gaussian",15
math,141,2000–2005,2000,2005,"animals, coexistence, competition, lotka, species, steady, predator, prey, state, volterra, attractor, averaging, estimate, explains, forcing, geostrophic, management, motions, oscillating, principle, quasi, rapidly, reaction, viability",24
math,141,2005–2010,2005,2010,"predator, prey, model, population, species, dynamics, biological, cooperation, diffusion, harvesting, animals, bifurcation, camouflage, coexistence, competition, cooperators, environmental, equations, equilibrium, lotka, management, mirabilis, models, proteus, steady, variability, viability",27
math,141,2010–2015,2010,2015,"dynamics, model, population, predator, prey, species, competition, coexistence, lotka, models, capita, bifurcation, budyko, diffusion, dispersal, equations, growth, permanence, populations, spreading",20
math,141,2015–2020,2015,2020,"competition, dynamics, model, population, predator, prey, species, lotka, spreading, diffusion, extinction, models, allee, dispersal, harvesting, populations",16
math,141,2020–2025,2020,2025,"competition, dynamics, model, population, predator, prey, species, bifurcation, extinction, models, diffusion, lotka, allee, dispersal, tipping",15
math,142,2000–2005,2000,2005,"algebra, baxter, bethe, gl, quantum, mathfrak, matrix, sl, spin, equation, yang, gaudin, model, quantization, xxz",15
math,142,2005–2010,2005,2010,"bethe, gaudin, gl, model, quantum, spin, algebra, baxter, mathfrak, sl, matrix, oper, opers",13
math,142,2010–2015,2010,2015,"baxter, bethe, gaudin, matrix, quantum, sl, spin, model, algebra, gl, equation, mathfrak, hh, matrices, tetrahedron, yangian",16
math,142,2015–2020,2015,2020,"algebra, baxter, bethe, mathfrak, quantum, spin, gl, sl, gaudin, model, mathtt, mathbf, matrix, supersymmetric, varphi, widehat",16
math,142,2020–2025,2020,2025,"algebra, baxter, bethe, gl, mathfrak, quantum, sl, spin, model, gaudin, matrix, mathbf, mathtt, yang",14
math,143,2000–2005,2000,2005,"contact, manifold, manifolds, fillings, structures, legendrian, tight, closed, cohomology, dehn, fillable, jn, novikov, subdistributions, symplectic, annular, books, connectivity, contactomorphism, controlled, corank, form, laminations, projective, reeb, weinstein",26
math,143,2005–2010,2005,2010,"contact, legendrian, manifold, manifolds, structures, books, homology, fillable, reeb, fillings, overtwisted, paracontact, surgery, symplectic, floer, lcl, open, projective, tight, weinstein",20
math,143,2010–2015,2010,2015,"contact, homology, legendrian, manifold, manifolds, reeb, structures, symplectic, fillings, contactomorphisms, fillable, isotopies, lefschetz, metric, paracontact, surgery, sutured",17
math,143,2015–2020,2015,2020,"contact, fillings, homology, legendrian, manifold, manifolds, reeb, structures, symplectic, structure, contactomorphisms, fillable, stein, weinstein",14
math,143,2020–2025,2020,2025,"contact, homology, legendrian, manifold, manifolds, reeb, structures, fillable, fillings, symplectic, cr, floer, pin",13
math,144,2000–2005,2000,2005,"clustering, mathematicallly, model, network, networks, platform, qualitative, stochastic, attachment, internet, models, traceroute",12
math,144,2005–2010,2005,2010,"network, model, networks, clustering, graph, models, connectivity, gabp, hierarchical, information, refractory, activation, backtrackless, biclique, bimodal, blockmodels, community, detection, epidemic, independencies, infection, internet, mathematicallly, membership, motifs, natural, parameterizations, platform, propagation, qualitative, robustness, seed, spreading, stochastic, traceroute",35
math,144,2010–2015,2010,2015,"community, graph, model, network, networks, clustering, communities, detection, models, nodes, social, activation, gabp, graphs, motifs, placement, rumor, spectral",18
math,144,2015–2020,2015,2020,"clustering, communities, community, detection, graph, model, network, networks, nodes, block, graphs, random",12
math,144,2020–2025,2020,2025,"clustering, communities, community, graph, model, network, networks, nodes, detection, graphs, block, stochastic",12
math,145,2000–2005,2000,2005,"stochastic, abs, equations, eta, sim, systems, xi, algorithm, alpha, backward, carlo, dealing, differential, dissipative, euler, explode, ito, linearity, linearization, monte, numerical, scheme",22
math,145,2005–2010,2005,2010,"differential, numerical, scheme, stochastic, euler, approximation, convergence, equations, carlo, dissipative, monte, sde, sdes, backward, coupon, driven, explode, method, metropolized, reverting, romberg, vy",22
math,145,2010–2015,2010,2015,"convergence, differential, equations, numerical, scheme, sdes, stochastic, approximation, euler, noise, maruyama, sde, diffusion",13
math,145,2015–2020,2015,2020,"convergence, differential, equations, euler, maruyama, numerical, scheme, sdes, stochastic, approximation, noise, drift, method",13
math,145,2020–2025,2020,2025,"convergence, differential, equations, euler, maruyama, numerical, scheme, sdes, stochastic, method, noise, time",12
math,146,2000–2005,2000,2005,"filter, filtering, algorithm, balance, blackman, correlated, coupled, model, noise, nonlinear, quasigeostrophic, unnormalized, approximations, asset, association, atmosphere, basis, bayesian, continuous, diffusion, field, geq0, inference, informative, kalman, knowledge, maximally, observations, ocean, oceanic, price, tick, time",33
math,146,2005–2010,2005,2010,"filter, filtering, kalman, model, state, assimilation, ensemble, estimation, attitude, error, filters, geq0, particle, quasigeostrophic, asset, balance, bias, coupled, economies, forgetting, hidden, markov, observability, observations, price, stability, tick, uncertainty",28
math,146,2010–2015,2010,2015,"assimilation, ensemble, filter, filtering, kalman, model, filters, estimation, state, data, particle, noise, time, observations",14
math,146,2015–2020,2015,2020,"assimilation, data, ensemble, filter, filtering, filters, kalman, state, estimation, model, time, ukf",12
math,146,2020–2025,2020,2025,"assimilation, data, ensemble, estimation, filter, filtering, kalman, model, state, filters, enkf, observations, time",13
math,147,2000–2005,2000,2005,"hamilton, jacobi, hamiltonian, solutions, equations, viscosity, arrivals, bolza, ds, lagrangian, semicontinuous, birkhoff, charge, control, inequalities, inf, jensen, mathcal, periodical, propagation, systems, thinkers, time, tm, transfer, value, variations",27
math,147,2005–2010,2005,2010,"equations, hamilton, hamiltonian, jacobi, solutions, viscosity, systems, time, equation, convex, variational, control, gradient, hamiltonians, integrators, periodical, phase",17
math,147,2010–2015,2010,2015,"equations, hamilton, hamiltonian, jacobi, solutions, viscosity, equation, hamiltonians, systems, variational, convex, homogenization, pinned, solution, time, tonelli",16
math,147,2015–2020,2015,2020,"equation, equations, hamilton, hamiltonian, jacobi, solutions, viscosity, hamiltonians, solution, time, variational, homogenization, problem, systems",14
math,147,2020–2025,2020,2025,"equation, equations, hamilton, hamiltonian, jacobi, solutions, time, viscosity, solution, systems, bellman, hamiltonians, problem, variational",14
math,148,2000–2005,2000,2005,"foliated, foliation, foliations, leaf, leaves, manifold, manifolds, riemannian, taut, compact, groupoid, groupoids, godbillon, isoparametric, laminations, mathcal, morse, pretzel, reebless, singular, tautness, universal",22
math,148,2005–2010,2005,2010,"foliated, foliation, foliations, leaf, leaves, manifold, riemannian, compact, manifolds, transverse, lie, mathcal, si, sing, tautness, wi",16
math,148,2010–2015,2010,2015,"foliated, foliation, foliations, leaf, leaves, manifold, manifolds, riemannian, mathbb, taut, transverse, anosov, codimension, compact, mathcal, si, wi",17
math,148,2015–2020,2015,2020,"foliated, foliation, foliations, leaf, leaves, manifold, manifolds, riemannian, codimension, mathcal, mathbb, compact, fa",13
math,148,2020–2025,2020,2025,"foliated, foliation, foliations, leaf, leaves, manifold, manifolds, mathcal, riemannian, mathbb, fa",11
math,149,2000–2005,2000,2005,"estimator, estimators, beta, censored, distribution, distributions, garch, grouping, guessed, likelihood, maximum, mixture, mmse, portfolios, risk, shrinkage, statistically, weibull",18
math,149,2005–2010,2005,2010,"distributions, estimator, estimators, distribution, data, estimation, heavy, tailed, commerce, quantile, symposium, tail, censored, chaubey, credit, electronic, extreme, macroeconomic, marshall, opportunities, survival, turnbull, warranty",23
math,149,2010–2015,2010,2015,"distribution, distributions, estimation, estimator, estimators, extreme, quantile, tail, likelihood, data, multivariate, pareto, quantiles, sample, warranty",15
math,149,2015–2020,2015,2020,"distribution, distributions, estimator, estimators, extreme, tail, estimation, likelihood, data, quantile, heavy, tailed, multivariate, risk",14
math,149,2020–2025,2020,2025,"data, distribution, distributions, estimation, estimator, estimators, extreme, likelihood, quantile, tail",10
math,150,2000–2005,2000,2005,"graph, graphs, ideals, algebras, cuntz, ideal, krieger, monomial, betti, numbers, pgl, archimedean, bruhat, cohen, complexes, facet, forests, higher, hom, kumjian, pask, rank, resolutions, simplicial, tits",25
math,150,2005–2010,2005,2010,"betti, graph, graphs, ideal, ideals, complexes, edge, macaulay, monomial, simplicial, cohen, gg, binomial, chordal, numbers, vertex",16
math,150,2010–2015,2010,2015,"edge, graph, graphs, ideal, ideals, monomial, betti, binomial, macaulay, cohen, gg, complexes, ring, reg, squarefree, vertex",16
math,150,2015–2020,2015,2020,"edge, graph, graphs, ideal, ideals, betti, reg, monomial, gg, ring, macaulay, toric, arithmetical, binomial, chordal, cohen, divisor, mathcal",18
math,150,2020–2025,2020,2025,"edge, graph, graphs, ideal, ideals, macaulay, reg, cohen, gg, mathcal, ring, monomial, betti, complexes, vertices",15
math,151,2000–2005,2000,2005,"algebra, algebras, mathfrak, modules, operator, vertex, voa, lattice, lie, mathcal, module, quantum, conformal, e6, fusion, modular, monster, parafermion",18
math,151,2005–2010,2005,2010,"algebra, algebras, modules, operator, vertex, mathcal, mathfrak, module, moonshine, sl, voa, boxtimes, ell, fusion, hat, im, irreducible, operators, quantum, virasoro",20
math,151,2010–2015,2010,2015,"algebra, algebras, modules, operator, vertex, voa, mathcal, virasoro, mathfrak, module, moonshine, toroidal, ell, fth, monster, operators, superalgebras, twisted",18
math,151,2015–2020,2015,2020,"algebra, algebras, modules, operator, vertex, mathcal, twisted, mathfrak, module, sl, toroidal, cri, frak, fth, mathbb, superalgebras, virasoro, vv",18
math,151,2020–2025,2020,2025,"algebra, algebras, mathcal, mathfrak, modules, operator, vertex, sl, vv, module, twisted, virasoro, voa, cal, ell, hbar",16
math,152,2000–2005,2000,2005,"causal, covariates, effect, treatment, air, analysis, anova, asthma, average, bradley, climatic, contingency, demonstrates, effects, estimated, estimator, mdma, meta, models, particulate, particulates, political, regression, terry, time, untreated",26
math,152,2005–2010,2005,2010,"causal, treatment, inference, effect, effects, covariates, designs, model, models, regression, anova, data, estimator, mple, breslow, cohort, contingency, covariate, decision, estimation, hiv, likelihood, mhle, population, saem, sampling",26
math,152,2010–2015,2010,2015,"causal, treatment, data, inference, covariates, effects, estimation, propensity, individualized, likelihood, mhle, moralized, adjustment, association, bias, confounder, dag, decision, estimators, fdp, hiv, infarction, models, mple, odds, outcome, patients, score",28
math,152,2015–2020,2015,2020,"causal, covariates, data, effects, inference, treatment, outcome, effect, estimator, covariate, exposure, propensity, confounder, designs, estimation, estimators, individualized, regression",18
math,152,2020–2025,2020,2025,"causal, data, effects, estimators, inference, treatment, covariate, covariates, effect, outcome, model, regression, estimator, randomization",14
math,153,2000–2005,2000,2005,"cluster, algebras, dunce, quivers, copy, diagram, dynkin, marked, toric, algebra, grassmanians, hat, poisson, thompson, category, cl, clusters, compatible, complex, contains, coxeter, divisors, enriques, group, leonard, mutation, quiver, rigidity, separating, tame, tridiagonal",31
math,153,2005–2010,2005,2010,"algebra, algebras, cluster, quiver, quivers, tilted, tilting, categories, category, mathcal, mutation, dynkin, divisors, myaa, toric",15
math,153,2010–2015,2010,2015,"algebra, algebras, cluster, mathcal, quiver, quivers, tilting, category, mutation, tilted, quantum, dynkin, myaa",13
math,153,2015–2020,2015,2020,"algebra, algebras, cluster, mathcal, mutation, quiver, quivers, tilting, quantum, category, categories, frieze, fd",13
math,153,2020–2025,2020,2025,"algebra, algebras, cluster, mathcal, mutation, quiver, quivers, tilting, category, categories, fd, frieze, mut, quantum, type",15
math,154,2000–2005,2000,2005,"control, coordination, distributed, agent, dynamical, nonsmooth, robots, systems, agents, communication, consensus, delays, laws, leaderless, moreau, network, networked, optimization, robotic",19
math,154,2005–2010,2005,2010,"agents, communication, consensus, control, distributed, agent, network, synchronization, systems, cluster, robotic, coordination, delays, enclosing, feedback, intra, laws, rendezvous, spanning, time, trees, unsteady",22
math,154,2010–2015,2010,2015,"agent, agents, communication, consensus, control, distributed, network, systems, synchronization, decentralized, time, cluster, coordination, formation, triggered",15
math,154,2015–2020,2015,2020,"agent, agents, communication, consensus, control, distributed, network, systems, leader, multi, event, synchronization, triggered",13
math,154,2020–2025,2020,2025,"agent, agents, communication, consensus, control, distributed, network, systems, multi, leader, controller, observer, time",13
math,155,2000–2005,2000,2005,"quantum, theory, topological, tqft, theories, fuzzy, tqfts, categories, category, field, hyperk, algebras, feynman, gauge, hler, infrared, lgt, lm, manifold, maths, modular, noncommutative, prospectrum, qr, spin, toda, turaev, wick, witten",29
math,155,2005–2010,2005,2010,"category, quantum, topological, tqft, tqfts, theory, turaev, field, categories, theories, viro, blink, functors, fuzzy, hopf, monoidal, operations, ribbon, string",19
math,155,2010–2015,2010,2015,"quantum, theory, topological, tqft, tqfts, categories, category, field, theories, turaev, gapped, viro, ef, invariants, tangle",15
math,155,2015–2020,2015,2020,"quantum, theories, theory, topological, tqft, tqfts, categories, category, field, gapped, mathbb, symmetry, cliff, defects, gauging, tangle, tfts, turaev",18
math,155,2020–2025,2020,2025,"categories, category, quantum, theories, theory, topological, tqft, tqfts, field, gapped, defects, invariants, phases, symmetry, turaev",15
math,156,2000–2005,2000,2005,"body, problem, orbits, homemorphisms, periodic, spheres, homeomorphisms, planar, pompeiu, bodies, collisionless, purpose, shape, ball, configuration, libration, mass, meromorphic, moons, motions, optimization, planet, points, saari, stability, sundman, ziglin",27
math,156,2005–2010,2005,2010,"bodies, body, orbits, problem, periodic, equilibria, libration, masses, orbit, rigid, gyrostat, hill, saari, 5x, configuration, dynamics, integrator, mass, planar, points, sphere, suslov",22
math,156,2010–2015,2010,2015,"body, orbit, orbits, periodic, problem, bodies, stability, equilibria, asteroid, hamiltonian, masses, rigid, solar, solutions, apsidal, hill, joz, lagrangian, planetary",19
math,156,2015–2020,2015,2020,"body, periodic, problem, masses, orbits, energy, orbital, orbit, solutions, bodies, motion, planar, stability, tidal, apsidal, collinear, elliptic, equilibria, kepler, om, pendulum, solar",22
math,156,2020–2025,2020,2025,"body, orbit, orbits, periodic, problem, motion, bodies, collision, masses, orbital, planar, equilibria, rotating, solutions, earth, energy, kepler, solar, upsilon",19
math,157,2000–2005,2000,2005,,0
math,157,2005–2010,2005,2010,"tensor, mathcal, rank, transform, boldsymbol, data, imf, sawtooth, transforms, array, compression, decompression, dimension, downdate, electroencephalography, emd, folding, guanglu, nmf, pk, predictor, predictors, primitive, r1d, reduced, tensors",26
math,157,2010–2015,2010,2015,"tensor, tensors, algorithm, rank, als, data, electroencephalography, low, matrix, array, completion, folding, multigrid, nonnegative, algorithms, bss, decomposition, dgn, dimension, guanglu, high, learning, mathcal, multiway, predictor, predictors, primitive",27
math,157,2015–2020,2015,2020,"algorithm, data, decomposition, low, rank, tensor, tensors, completion, train, tucker, matrix, method, mathcal, optimization, teh",15
math,157,2020–2025,2020,2025,"algorithm, data, decomposition, low, rank, tensor, tensors, train, completion, method, tucker, high, matrix",13
math,158,2000–2005,2000,2005,"magnetic, mhd, pressureless, burgers, gas, magneto, rotating, wedge, blokhin, devices, dinger, direction, electrokinetic, field, flux, hele, josephson, junction, junctions, length, nonglancing, operating, retain, schr, shaw, strichartz, submitted",27
math,158,2005–2010,2005,2010,"mhd, equations, magnetic, magnetohydrodynamics, dot, field, zumbrun, dinger, frac, hele, magneto, magnetohydrodynamic, metivier, schr, shaw, compressible, electrokinetic, incompressible, leq2n1, pressureless, ql, solutions, strichartz",23
math,158,2010–2015,2010,2015,"equations, incompressible, magnetic, magnetohydrodynamic, magnetohydrodynamics, mhd, compressible, field, solutions, landau, eqref, initial, dot, zumbrun",14
math,158,2015–2020,2015,2020,"compressible, equations, incompressible, magnetic, magnetohydrodynamic, magnetohydrodynamics, mhd, solutions, resistive, field, initial, global, helicity",13
math,158,2020–2025,2020,2025,"compressible, equations, incompressible, magnetic, magnetohydrodynamic, magnetohydrodynamics, mhd, solutions, field, resistive, initial, boundary, global",13
math,159,2000–2005,2000,2005,"population, allele, coalescent, darwinian, dynamics, evolutionary, genetic, locus, cushing, demography, fertility, linkage, matrix, mutation, net, perron, rate, reproductive, selected, trait, yicang",21
math,159,2005–2010,2005,2010,"coalescent, mutation, population, model, process, mutations, neutral, allele, birth, locus, speciation, time, darwinian, death, distribution, dynamics, evolutionary, fitness, fleming, genealogy, genetic, genetics, individuals, random, recombination, selection, trait, viot",28
math,159,2010–2015,2010,2015,"coalescent, individuals, model, mutation, population, selection, birth, mutations, populations, process, recombination, time, trait, coalescents, fitness, allele",16
math,159,2015–2020,2015,2020,"coalescent, fitness, model, mutation, population, process, selection, populations, individuals, mutations, time, trait, evolutionary, genetic, species",15
math,159,2020–2025,2020,2025,"individuals, model, mutation, population, process, selection, time, fitness, genetic, birth, coalescent, recombination, trait",13
math,160,2000–2005,2000,2005,"tropical, geometry, grassmannian, plucker, algebraic, billera, enumerative, grobner, holmes, ideal, macaulay, mathematics, trees, amoebas, chapter, curves, goemetry, hopeless, nombres, nous, oleg, phylogenetic, polynomial, qui, solutions, systems, tat, varieties, vogtmann, zelevinski",30
math,160,2005–2010,2005,2010,"curves, geometry, tropical, algebraic, hypersurfaces, tropicalization, varieties, amoebas, intersection, mathematics, roch, toric, tropically, amoeba, constellation, cramer, develin, grassmannian, hurwitz, matroids, nombres, nous, nullstellensatz, pappus, plucker, polytopes, primitive, qui, supertropical, tat, viro",31
math,160,2010–2015,2010,2015,"curves, geometry, tropical, tropicalization, varieties, toric, curve, supertropical, severi, algebraic, matroids, tropicalizations, alcoved, berkovich, develin, hurwitz, hypersurfaces, meromorphic, skeleton, tropically",20
math,160,2015–2020,2015,2020,"curves, geometry, tropical, tropicalization, varieties, algebraic, curve, toric, invariants, mathbb, severi, tropicalizations, analytification, berkovich, mathscr, moduli, skeleton, supertropical, trop",19
math,160,2020–2025,2020,2025,"curves, geometry, toric, tropical, tropicalization, varieties, mathbb, algebraic, curve, tropicalizations, invariants, tropically, fans, mirror, moduli, prym, real, widetilde",18
math,161,2000–2005,2000,2005,"tensor, tensors, bidifferential, multiplicativity, product, reduct, berenstein, bernstein, bivariate, commutation, expanders, expectation, identities, implicitization, kirchberg, kronecker, lance, massimiliano, matrices, matrix, mella, multiplicities, operators, otimes, permutation, projectively, reducible, selberg, signature, subweb, subwebs, symbol, symmetric, triangles, virtual, waring, wep, zelevinsky",38
math,161,2005–2010,2005,2010,"tensor, tensors, otimes, rank, sesquilinear, commutation, crystals, entanglement, forms, kronecker, matrices, matrix, mulmuley, subspace, uxv, xv, bernstein, bilinear, bivariate, border, gct1, hyperexponential, implicitization, linearizability, multiplicativity, ore, permutation, promotion, space, submodules, unconditionality, web, webs",33
math,161,2010–2015,2010,2015,"otimes, rank, tensor, tensors, border, mathbb, matrix, kronecker, matrices, product, hankel, symmetric, cdots, crystals, dim, ell, gct1, hypervector, mulmuley, multihomogeneous, pns, positive, unconditionality",23
math,161,2015–2020,2015,2020,"mathbb, otimes, rank, symmetric, tensor, tensors, border, matrix, product, times, bullet, hankel, identifiability, kronecker, multiplication, pns, positive",17
math,161,2020–2025,2020,2025,"mathbb, otimes, rank, symmetric, tensor, tensors, matrix, product, border, kronecker, subrank, times, bf, biquadratic, format, matrices",16
math,162,2000–2005,2000,2005,"groups, graph, group, indecomposable, rigidity, directly, idealizer, radical, represented, abs, finite, gg, gt, id, integrality, math, org, product, products, proposition, relator, rubik, schick, unique, withdrawn",25
math,162,2005–2010,2005,2010,"graph, group, groups, gg, cayley, finite, graphs, prime, bbz, rubik, uss, cdp, conjugacy, cyc, cyclic, garside, idealizer, indecomposable, kimmerle, m22, mathieu, radical, rigidity, sandpile, species",25
math,162,2010–2015,2010,2015,"cayley, finite, gg, graph, graphs, group, groups, gam, abelian, prime, bbz, cay, cofinite, cyclic, paley, sandpile, subgroups, vertices",18
math,162,2015–2020,2015,2020,"cayley, finite, gg, graph, graphs, group, groups, abelian, power, subgroups, bci, cay, cofinite, cubelike, cyclic, prime, vertex, vertices",18
math,162,2020–2025,2020,2025,"cayley, finite, gg, graph, graphs, group, groups, vertex, vertices, prime, mathbb, power, abelian, bci, mathbf",15
math,163,2000–2005,2000,2005,"wave, scattering, acoustic, emitted, impedance, media, medium, reversal, waveguide, waves, 2h, adiabatic, astray, coast, csws, curved, diffuse, disorder, electromagnetic, equation, facilitated, imaginary, impacts, lectures, matrix, metamaterials, perturbations, problem, pseudodifferential, rays, refocusing, shelf, slowly, stratified, surprises, time, unawareness",37
math,163,2005–2010,2005,2010,"scattering, medium, electromagnetic, wave, waves, mediums, problem, waveguide, adiabatic, band, buried, inhomogeneities, obstacles, propagations, 2h, eikonals, elastic, field, fisheye, imaginary, impacts, maxwell, metamaterials, optical, phononic, refraction, scatterer, slowly, sound, transmission",30
math,163,2010–2015,2010,2015,"scattering, transmission, wave, waves, cloaking, medium, electromagnetic, problem, maxwell, frequency, resonance, boundary, cloak, cloaked, conductivities, detonations, fisheye, media, mediums, periodic, photonic, plasmonic",22
math,163,2015–2020,2015,2020,"cloaking, scattering, transmission, wave, waves, acoustic, media, plasmonic, medium, resonance, waveguide, boundary, maxwell, electromagnetic, resonances, resonators, subwavelength, varepsilon",18
math,163,2020–2025,2020,2025,"acoustic, scattering, transmission, wave, waves, medium, resonance, resonators, cloaking, waveguide, elastic, frequency, resonances, subwavelength, varepsilon, boundary, resonant",17
math,164,2000–2005,2000,2005,"cover, dcp, diameter, dominating, domination, graphs, introducted, number, pebbling, subversion",10
math,164,2005–2010,2005,2010,"dominating, domination, graphs, gg, graph, alliance, dcp, pebbling, alliances, cover, introducted, number, offensive, paired, set, vertex, defensive, diameter, directed, dominations, mathcal, mpd, subversion",23
math,164,2010–2015,2010,2015,"dominating, domination, gg, graph, graphs, number, set, vertex, vertices, total, directed, paired, tuple",13
math,164,2015–2020,2015,2020,"dominating, domination, gg, graph, graphs, number, set, vertex, vertices, total, roman, tr",12
math,164,2020–2025,2020,2025,"dominating, domination, gg, graph, graphs, number, roman, set, vertex, vertices, tr",11
math,165,2000–2005,2000,2005,"domains, pseudoconvex, boundary, bergman, domain, hat, complex, holomorphy, hyperbolicity, nc, nh, semicontinuity, subset, balls, bar, bbb, complete, cz, f3, fefferman, mathbb, metric, pluripolar, qtext, semicontinuous, setminus, singularity, smooth, strictly, structure, submanifolds, times, varsubsetneq",33
math,165,2005–2010,2005,2010,"boundary, domain, domains, pseudoconvex, complex, mathbb, bergman, holomorphic, subset, cup, holomorphy, kobayashi, partial, ball, bar, bumping, cap, euclidien, hyperbolicity, metric, nta, plurisubharmonic, smooth",23
math,165,2010–2015,2010,2015,"bergman, boundary, domain, domains, mathbb, pseudoconvex, holomorphic, convex, bounded, complex, 2m, euclidien, functions, harmonic, kobayashi, metric, nta, partial, plurisubharmonic, smooth, vert",21
math,165,2015–2020,2015,2020,"bergman, boundary, domain, domains, mathbb, pseudoconvex, partial, kobayashi, plurisubharmonic, complex, convex, holomorphic, overline, vert, 2m, hartogs, regularity",17
math,165,2020–2025,2020,2025,"bergman, boundary, domain, domains, holomorphic, mathbb, partial, pseudoconvex, overline, subset, bounded, kobayashi, pseudoconvexity, regularity",14
math,166,2000–2005,2000,2005,"conformal, field, modular, theories, coset, cft, fusion, algebras, correlation, dskp, schwarzian, theory, virasoro, algebra, conformally, functions, gci, hat, houches, invaraints, menelaus, monodromy, nets, nim, osp, quantum, representations, scattering, sle, superconformal",30
math,166,2005–2010,2005,2010,"conformal, field, quantum, algebras, modular, theories, cft, algebra, conformally, osp, hat, theory, correlators, gjms, houches, infrared, monodromy, pg, qsl, scattering, superconformal, unitary",22
math,166,2010–2015,2010,2015,"algebras, cft, conformal, field, modular, theories, theory, algebra, fusion, nets, quantum, associator, chiral, covariantization, mathbb, partition, representations, tilde, unitary",19
math,166,2015–2020,2015,2020,"cft, conformal, mathbb, field, modular, algebras, mathcal, virasoro, algebra, bar, theories, theory, cfts, covariantization, infty, lqg, mathfrak, mathrm, nets, rc, sl, tilde, widehat",23
math,166,2020–2025,2020,2025,"cft, conformal, field, mathbb, mathcal, theories, algebras, algebra, theory, aff, mathfrak, modular, quantum, sle, cfts, fusion, lqg, mathsf, virasoro",19
math,167,2000–2005,2000,2005,"fibonacci, sequences, arabic, lucas, numbers, numerals, compass, pell, recurrence, ruler, sequence, symbols, arabes, chiffres, coefficients, convolved, counting, easter, equal, formal, manipulation, operations, origine, power, replacement, roots, series, summation, viswanath",29
math,167,2005–2010,2005,2010,"fibonacci, lucas, numbers, recurrence, sequence, sequences, combinatorially, lv, occupation, recursive, sf, strings, arabic, boxu, buzzati, caravan, consecutive, correlations, densities, numerals, positions, prs, recurrences, riordan, subresultants, summation, viswanath",27
math,167,2010–2015,2010,2015,"fibonacci, lucas, numbers, recurrence, sequence, sequences, identities, pell, integer, recurrences, sf, 2b, generalized, kakutani, linear, lv, polynomials, recursive, textrm",19
math,167,2015–2020,2015,2020,"fibonacci, lucas, numbers, pell, recurrence, sequence, sequences, identities, tribonacci, recurrences, generalized, golden, log, mathbb",14
math,167,2020–2025,2020,2025,"fibonacci, lucas, numbers, recurrence, sequence, sequences, tribonacci, identities, pell, cdots, golden, polynomials, frac12, vec",14
math,168,2000–2005,2000,2005,"shimura, varieties, oort, fontaine, hilb, local, manin, models, preabelian, rapoport, res, tate, abelian, adic, bost, ca, calculates, connes, curves, cx, divisible, ekedahl, flatness, marcolli, modular, mumford, parahoric, pel, ramified, serre, unramified",31
math,168,2005–2010,2005,2010,"modular, shimura, varieties, curves, siegel, hodge, adic, bost, calabi, mathcal, oort, rohde, threefolds, variety, vph, yau, baily, connes, dwork, fuchs, ihara, locus, marcolli, res, supersingular, xgal",26
math,168,2010–2015,2010,2015,"curves, modular, shimura, varieties, rapoport, cohomology, hodge, oort, pel, siegel, calabi, eichler, ekedahl, ihara, kudla, local, rohde, special, subvarieties, threefolds, type, unitary, variety, wa, yau",25
math,168,2015–2020,2015,2020,"hodge, modular, oort, shimura, varieties, rapoport, ekedahl, cohomology, mathbb, locus, variety, curves, eichler, kottwitz, mathcal, parahoric, pel, pp, siegel, strata, subvarieties, unitary",22
math,168,2020–2025,2020,2025,"hodge, modular, rapoport, shimura, varieties, variety, cohomology, mathbb, mathcal, pp, adic, mathrm, oort, tate, automorphic, conjecture, ell, langlands, siegel, unitary",20
math,169,2000–2005,2000,2005,"multiresolution, wavelet, wavelets, bessel, functions, mathbb, msf, analysis, curvelet, hilbert, hoelder, multiwavelet, packets, scale, transform, considerations, convolutions, curvelets, emerge, hankel, ltworn, operator, orthonormal, packet, radial, rbf, refinable, space, transforms, zygmund",30
math,169,2005–2010,2005,2010,"multiresolution, transform, wavelet, wavelets, functions, frames, refinable, radial, shearlet, space, adic, bandlet, br, cross, curvelet, data, estimation, estimator, fisz, frame, ginf, interpolation, mra, needlets, operator, pulsed, shearlets, svd, systems, variance",30
math,169,2010–2015,2010,2015,"frames, shearlet, transform, wavelet, wavelets, functions, shearlets, mathbb, analysis, multiresolution, spaces, bispectrum, coorbit, daubechies, filters, frame, frequency, signal, synchrosqueezed, systems, transforms",21
math,169,2015–2020,2015,2020,"frames, transform, wavelet, wavelets, analysis, fourier, functions, shearlet, signal, framelets, mathbb, multifractal, transforms, ecg, frequency, multiwavelets, shearlets",17
math,169,2020–2025,2020,2025,"mathbb, transform, wavelet, wavelets, fourier, analysis, signal, transforms, besov, framelets, frames, functions, shearlet, spaces, coorbit, frequency, marathon, mathcal, quarklets, runners, scattering, signals, stockwell, varphi",24
math,170,2000–2005,2000,2005,"flows, enstrophy, navier, noise, stokes, harris, ergodicity, forced, geophysical, noises, stochastic, tsirelson, white, forcing, geostrophic, kpp, modes, rms, rotating, scale, shear, speeds, stochastically, vorticity, wind",25
math,170,2005–2010,2005,2010,"navier, noise, stochastic, stokes, equations, 3d, dumbbell, flows, random, shear, solution, 2d, baroclinic, drift, eps, equation, flow, geostrophic, harris, incompressible, kpp, layer, markov, martingale, mildly, particles, rms, scheme, solutions, speeds, upwind",31
math,170,2010–2015,2010,2015,"equation, equations, navier, noise, solutions, stochastic, stokes, 2d, solution, 3d, fluid, random, driven, flows, time, turbulence",16
math,170,2015–2020,2015,2020,"equation, equations, navier, noise, solutions, stochastic, stokes, fluid, turbulence, 2d, random, transport, driven, ep, solution, time, uniqueness, vorticity",18
math,170,2020–2025,2020,2025,"equations, fluid, navier, noise, solutions, stochastic, stokes, transport, 2d, equation, turbulence, flow",12
math,171,2000–2005,2000,2005,"mathbb, solutions, entire, equation, equations, functions, difference, gevrey, meromorphic, oscillation, polynomial, quasianalyticity, shidlovsky, transcendance, annihilates, arithm, arrangements, aspect, celebratory, conv, differential, gesztesy, herman, imz, inftyz, monogenic, pseudoanalytic, quasianalytic, real, ries, rolle, sans, sturm, supp, teschl, tique, transcendence, trigonometric",38
math,171,2005–2010,2005,2010,"differential, equation, functions, meromorphic, solutions, entire, equations, rational, coefficients, difference, mathbb, vekua, zeros, chazy, differentiation, hyper, knizhnik, order, polynomial, pseudoanalytic, transplant",21
math,171,2010–2015,2010,2015,"differential, equation, equations, functions, mathbb, meromorphic, solutions, entire, mahler, solc, chazy, rational, order, vekua",14
math,171,2015–2020,2015,2020,"differential, entire, equation, equations, functions, mathbb, meromorphic, solutions, function, mahler, order, complex, theorem",13
math,171,2020–2025,2020,2025,"differential, entire, equation, equations, functions, mathbb, meromorphic, solutions, difference, transcendental, function, order",12
math,172,2000–2005,2000,2005,"kimura, phylogenetic, tree, xu, 3st, 4x4x4, acid, nucleic, trees, alpha, branching, evolution, fillup, lc, speciation, trie, tries",17
math,172,2005–2010,2005,2010,"phylogenetic, tree, trees, phylogenetics, alpha, gene, kimura, lc, neighbor, pedigrees, phylogeny, rna, tries, xu, aml, ancestral, automata, fillup, forest, genes, gsea, hook, ln, mcmorris, model, net, patterns, protein, schnyder, sequences, species, split, trie",33
math,172,2010–2015,2010,2015,"phylogenetic, species, tree, trees, rooted, gene, networks, taxa, bme, genome, labels, ln, phylogenetics, rna, clade, clades, distance, evolutionary, histories, hook, phylogeny, quartet, split, tanglegrams, trinets",25
math,172,2015–2020,2015,2020,"gene, phylogenetic, species, tree, trees, networks, rooted, network, taxa, leaves, phylogenetics, tanglegrams, ancestral, cophenetic, csd, fitch, histories, leaf, nbet, rna",20
math,172,2020–2025,2020,2025,"network, networks, phylogenetic, species, tree, trees, gene, rooted, leaf, leaves, evolutionary, ancestral, child, fitch, taxa",15
math,173,2000–2005,2000,2005,"books, equilateral, metric, quilateral, ramsey, 2n, book, coloring, dichotomic, dichotomies, far, geq, latin, monochromatic, size",15
math,173,2005–2010,2005,2010,"ramsey, coloring, graph, geq, graphs, monochromatic, number, numbers, rainbow, nn, rb, 2n, books, burr, chromatic, color, colorable, colors, colouring, edge, edges, equilateral, erdos, jahangir, latin, metric, quilateral, tough, vertices",29
math,173,2010–2015,2010,2015,"graph, graphs, number, ramsey, coloring, rainbow, monochromatic, vertices, copy, edges, mathrm, nn, numbers, cyclomatic, ell, geq, kn, log, rb, subcube, subcubes",21
math,173,2015–2020,2015,2020,"coloring, graph, graphs, monochromatic, number, ramsey, copy, geq, numbers, gallai, ge, le, 2n, cdot, edge, lg, mathrm, rainbow, vertices",19
math,173,2020–2025,2020,2025,"coloring, copy, geq, graph, graphs, monochromatic, number, ramsey, edge, ge, gg, cdot, gallai, le, leq, nn",16
math,174,2000–2005,2000,2005,"frame, frames, gabor, mathbb, operator, heisenberg, inmathbb, losses, mb, na, wh, amalgam, elements, erasures, expansions, gu, mathcal, operators, overcompleteness, positive, random, rank, sequence, source, usable, wavelet, weyl, withstands",28
math,174,2005–2010,2005,2010,"frame, frames, gabor, mathcal, hilbert, mathbb, operator, parseval, orthonormal, subspaces, elements, erasures, invertibility, losses, modules, noncommutative, operators, overcompleteness, spaces, tensor, tori",21
math,174,2010–2015,2010,2015,"frame, frames, gabor, mathbb, mathcal, parseval, tight, fusion, hilbert, operator, operators, spaces, bf, jj, krein, left, mathsf, multipliers, noncommutative, orthonormal, right, tetris, tori, weaving",24
math,174,2015–2020,2015,2020,"frame, frames, gabor, mathbb, mathcal, fusion, hilbert, bf, tight, weaving, left, operator, right, space, controlled, operators, parseval, spaces",18
math,174,2020–2025,2020,2025,"frame, frames, fusion, gabor, hilbert, mathbb, mathcal, operator, space, mathbf, parseval, spaces, biframes, dagger, frak, operators",16
math,175,2000–2005,2000,2005,"multiple, sums, values, zeta, functions, ohno, polylogarithms, relations, function, hep, relation, alternating, series, bernoulli, binomial, clausen, ph, qq, shuffle, tornheim",20
math,175,2005–2010,2005,2010,"multiple, values, zeta, sums, tornheim, euler, functions, adic, double, function, genocchi, polylogarithms, qq, series, shuffle, associator, barnes, berndt, bernoulli, formula, hurwitz, kz, polyzeta, pp, templates, wolstenholme",26
math,175,2010–2015,2010,2015,"functions, multiple, values, zeta, polylogarithms, shuffle, sums, double, function, genocchi, hurwitz, mzvs, relations, tornheim, barnes, mdfs, multizeta, polyzeta, templates",19
math,175,2015–2020,2015,2020,"functions, multiple, shuffle, sums, values, zeta, polylogarithms, double, function, kaneko, relations, sum, motivic, multizeta, mzvs, tornheim, tsumura",17
math,175,2020–2025,2020,2025,"function, functions, multiple, shuffle, sums, values, zeta, bf, series, kaneko, mathbb, euler, polylogarithms, relations, schur, sum, tornheim, tsumura, zagier",19
math,176,2000–2005,2000,2005,"algorithm, armed, bandit, best, choice, gilbert, mosteller, rate, suggestion, winning",10
math,176,2005–2010,2005,2010,"bandit, portfolios, armed, markowitz, policy, portfolio, positions, regret, algorithm, allocation, arm, arms, benchmark, best, channel, choice, fama, gilbert, mosteller, optimal, penalty, players, problem, rate, regularizes, reward, sharpe, suggestion, tough, winning",30
math,176,2010–2015,2010,2015,"bandit, policy, regret, reward, armed, arm, bandits, arms, optimal, problem, abse, prophet, restless, expected, fighter, gambler, item, players, portfolios, rewards, search",21
math,176,2015–2020,2015,2020,"armed, bandit, bandits, optimal, policy, regret, online, algorithm, problem, learning, reward, search, arm, expected, item, optimization, restless",17
math,176,2020–2025,2020,2025,"algorithm, armed, bandit, bandits, learning, online, optimal, regret, policy, decision, arm, optimization, reward, sqrt",14
math,177,2000–2005,2000,2005,"gamma, fixed, metric, delta, mappings, beckman, familiarity, lexicographic, nonempty, notes, phi, quarles, simeq, spaces, chain, dimensions, equations, functional, lipschitzian, measures, monotone, point, ra, reader, reviewed, space, urysohn",27
math,177,2005–2010,2005,2010,"fixed, mappings, metric, spaces, point, continuity, contraction, fuzzy, semigroups, contractions, differentiability, graphs, cal, ciric, continuous, feller, frechet, gamma, lipschitzian, maps, menger, metrically, monotone, phi, space, urysohn",26
math,177,2010–2015,2010,2015,"contraction, fixed, mappings, metric, point, spaces, theorem, cone, continuous, fuzzy, space, theorems, caristi, ciric, continuity, contractive, convex, multivalued, openness, semigroups, shahzad",21
math,177,2015–2020,2015,2020,"contraction, fixed, mappings, metric, point, spaces, theorem, contractions, contractive, theorems, convex, banach, caristi, fuzzy, lipschitz, mapping",16
math,177,2020–2025,2020,2025,"contraction, fixed, mappings, metric, point, spaces, theorem, contractions, banach, contractive, lipschitz, convex, fuzzy, mapping, results",15
math,178,2000–2005,2000,2005,"equation, equations, painlev, painleve, solutions, isomonodromy, okamoto, vi, pm, schlesinger, sixth, tilde, transformations, bt, calogero, frac, fuchs, heun, hypergeometric, prime, rh, riccati",22
math,178,2005–2010,2005,2010,"equation, equations, painlev, painleve, solutions, vi, sixth, bt, heun, okamoto, hamiltonian, hypergeometric, korteweg, kowalevski, mathbb, odinger, rh, symmetry, systems, vries, weyl",21
math,178,2010–2015,2010,2015,"equation, equations, painlev, painleve, solutions, differential, vi, heun, fi, hamiltonian, okamoto, sixth, systems, hbar, hypergeometric, isomonodromic, piii, prony, rm, solution",20
math,178,2015–2020,2015,2020,"differential, equation, equations, painlev, solutions, painleve, vi, heun, isomonodromic, qq, segur, ablowitz, bhe, biconfluent, frac, hypergeometric, isomonodromy, lax, leaf, rm, solution, tritronqu",22
math,178,2020–2025,2020,2025,"differential, equation, equations, painlev, painleve, solutions, frac, heun, isomonodromic, tusi, accessory, isomonodromy, kz, nagloo, toda",15
math,179,2000–2005,2000,2005,"alliance, alliances, prisoners, withstanding, agents, code, dilemma, east, executing, homogenous, increases, interactions, linguistic, minorities, north, opinion, provides, rival, rivals, rule, speech, suppress, taken, thickness, toom, voting",26
math,179,2005–2010,2005,2010,"opinion, agents, opinions, social, speech, wom, alliance, network, pagerank, propensity, web, agent, alliances, code, communication, confidence, engage, evolving, flocking, interactions, linguistic, model, mouth, nash, online, participants, payoff, prisoners, purchase, ranking, rankings, recipient, surfer, surfing, voter, voting, wasteful, withstanding",38
math,179,2010–2015,2010,2015,"agents, opinion, social, dynamics, model, network, opinions, individuals, voter, nash, rumour, communication, consensus, cultural, exclusive, influences, neighbors, payoff, recipient, voting, wasteful",21
math,179,2015–2020,2015,2020,"agents, consensus, dynamics, model, network, opinion, opinions, social, agent, voter, voting, individuals, networks, voters",14
math,179,2020–2025,2020,2025,"agents, dynamics, model, network, opinion, opinions, social, consensus, agent, networks, cooperation, voting, individuals",13
math,180,2000–2005,2000,2005,"anderson, localization, operators, random, dinger, i2, ids, mathcal, schr, spectral, spectrum, zeno, adjoint, appell, breaking, charge, charges, chemical, density, disorder, disordered, functions, integrated, models, pair, quantum, states, subset, systems, tile",30
math,180,2005–2010,2005,2010,"anderson, dinger, operators, random, schr, density, wegner, localization, integrated, states, alloy, bosons, disorder, fermi, ids, potential, rstenberg, spectrum, zeno",19
math,180,2010–2015,2010,2015,"anderson, dinger, localization, operators, random, schr, states, density, mathbb, spectrum, wegner, diffraction, fermi, integrated, spatially, thouless, unfolded",17
math,180,2015–2020,2015,2020,"anderson, dinger, localization, mathbb, operators, random, schr, model, potential, quantum, spectrum, states, density, frac12, spectral, vert, wegner",17
math,180,2020–2025,2020,2025,"anderson, dinger, localization, mathbb, model, operators, random, schr, potential, quantum, spectrum, states, eigenfunctions, frac12, mathfrak, varepsilon",16
math,181,2000–2005,2000,2005,"breakdown, cluster, clustering, clusters, bacterial, covariance, data, estimator, genomes, genomic, mixture, mixtures, outliers, pooled, populations, unites",16
math,181,2005–2010,2005,2010,"cluster, clustering, clusters, data, algorithm, ultrametricity, estimator, hierarchical, high, outliers, pooled, populations, breakdown, consistency, covariance, decomposability, eigenproblems, eigenvectors, empirical, hddc, kohonen, pseudocubes, pseudosquares, sample, som, spectral, tilde, ultrametric, unites",29
math,181,2010–2015,2010,2015,"algorithm, cluster, clustering, clusters, data, algorithms, based, mixture, hierarchical, learning, agglomerative, cwm, decomposability, distances, eigenproblems, eigenvectors, hartigan, histogram, paintbox, pseudocubes, pseudosquares, regression, subspaces, ultrametricity",24
math,181,2015–2020,2015,2020,"algorithm, cluster, clustering, clusters, data, learning, based, algorithms, mixture, knn, means, method, methods, ctfs, distance, hartigan, kk, pose, problem, time",20
math,181,2020–2025,2020,2025,"algorithm, algorithms, based, cluster, clustering, clusters, data, method, learning, means, mixture, ipca, methods, ohlc",14
math,182,2000–2005,2000,2005,"amp, ampere, monge, equation, solutions, derridj, equations, makhlouf, plurisubharmonic, squares, sums, 0lu, codazzi, entire, fields, hyperconvex, mainardi, masses, mills, multi, valued",21
math,182,2005–2010,2005,2010,"amp, ampere, equation, equations, monge, plurisubharmonic, solutions, complex, hyperconvex, mathcal, lder, manifolds, multi, om, parabolic, pluripotential, regularity, ric, valued",19
math,182,2010–2015,2010,2015,"amp, ampere, equation, equations, monge, solutions, complex, regularity, det, estimates, hessian, plurisubharmonic, convex, loc, mah, mathcal, om, pluricomplex, pluripotential",19
math,182,2015–2020,2015,2020,"amp, ampere, complex, equation, equations, hessian, monge, solutions, regularity, plurisubharmonic, det, estimates, manifolds, mathcal, quaternionic",15
math,182,2020–2025,2020,2025,"amp, ampere, complex, equation, equations, hessian, monge, solutions, plurisubharmonic, det, mathbb, hermitian, manifolds",13
math,183,2000–2005,2000,2005,"finsler, metric, constant, curvature, metrics, puncture, scalar, negatively, randers, asymmetry, asymptotic, berwald, compel, curved, finslerian, finsleroids, future, glue, indicatrix, past, perturb, violation",22
math,183,2005–2010,2005,2010,"berwald, curvature, finsler, finsleroid, metric, metrics, conformal, widetilde, geodesics, geometry, nabla, riemannian, cal, finslerian, flag, global, grifone, landsberg, minkowski, spray, tangents",21
math,183,2010–2015,2010,2015,"berwald, curvature, finsler, metric, metrics, riemannian, finslerian, flag, fap, geometry, manifold, manifolds, projectively, geodesics, isotropic, nullity, randers, spaces, tangents",19
math,183,2015–2020,2015,2020,"berwald, curvature, finsler, finslerian, metric, metrics, riemannian, spaces, geodesics, randers, flag, manifolds, conformal, hat, landsberg",15
math,183,2020–2025,2020,2025,"berwald, curvature, finsler, finslerian, manifolds, metric, metrics, riemannian, spray, spaces, funk, geodesic, geodesics, geometry, kropina, landsberg, randers",17
math,184,2000–2005,2000,2005,"heat, anharmonic, cahn, chain, conduction, filtration, flow, freidlin, hilliard, law, macro, micro, newtonian, oscillators, porous, reservoirs, temperatures, variational, wentzell",19
math,184,2005–2010,2005,2010,"cahn, hilliard, morphodynamics, phase, viscous, boundary, dunes, equation, fow01, fow02, allen, axisymmetric, capillary, concentrations, conservation, corroborating, dune, energy, films, hyperbolic, interface, media, microgeometies, mobility, model, nonlocal, solution, solutions, swimmer, variable, zumbrun",31
math,184,2010–2015,2010,2015,"cahn, energy, equation, hilliard, model, phase, interface, solutions, allen, diffuse, ebv, swimmer, axisymmetric, boundary, diffusion, mobility, px, varepsilon",18
math,184,2015–2020,2015,2020,"cahn, energy, equation, hilliard, interface, model, phase, boundary, solutions, diffusion, varepsilon, allen, flow, navier, nonlocal, porous",16
math,184,2020–2025,2020,2025,"boundary, cahn, energy, equation, hilliard, interface, model, phase, solutions, diffusion, nonlocal, mobility, porous",13
math,185,2000–2005,2000,2005,"inverse, boundary, spectral, problem, problems, au, ds, forall, knows, le, liouville, mkdv, operator, sturm, adjoint, bf, borg, conductivity, data, dsh, energy, equation, functions, infty, integro, nabla, potentials, scattering, selfadjoint, t0, terms, uniqueness",32
math,185,2005–2010,2005,2010,"boundary, inverse, liouville, problem, spectral, sturm, operator, problems, borg, adjoint, marchenko, scattering, conductivity, eigenvalues, equation, iy, om, operators, weyl",19
math,185,2010–2015,2010,2015,"boundary, inverse, problem, spectral, sturm, liouville, operator, problems, pmatrix, scattering, operators, differential, borg, marchenko",14
math,185,2015–2020,2015,2020,"boundary, inverse, liouville, operator, problem, problems, spectral, sturm, operators, differential, scattering, equation, left, pmatrix, right, star",16
math,185,2020–2025,2020,2025,"boundary, inverse, liouville, problem, problems, spectral, sturm, operators, operator, differential, equation, scattering",12
math,186,2000–2005,2000,2005,"bessel, functions, polar, asymptotic, complex, expansions, angles, cosexponential, 4dt, 4x, 6j, airy, azimuthal, coefficients, cylinder, cylinders, dimensions, editors, elliptic, freedom, gauss, int, integrals, jacobi, linairely, linearization, numbers, providence, student, talbot, wt",31
math,186,2005–2010,2005,2010,"bessel, functions, expansions, zeros, asymptotic, function, integrals, coefficients, editors, jacobi, polynomials, providence, student, barlet, derivatives, elliptic, freedom, hagan, legendre, linearization, nu, plana, ratios, squares, struve, transform",26
math,186,2010–2015,2010,2015,"asymptotic, bessel, function, functions, expansions, zeros, integrals, series, expansion, integral, modified, transform, 2m, barlet, corneal, cosh, gjms, heun, infty, method, order, struve",22
math,186,2015–2020,2015,2020,"asymptotic, bessel, function, functions, expansions, integral, expansion, integrals, left, lommel, mathrm, modified, right, 2m, cosh, infty, series, sonine, struve",19
math,186,2020–2025,2020,2025,"asymptotic, bessel, expansions, function, functions, integrals, integral, frac, zeros, lommel, series, asymptotics, cosh, expansion, infty, laplace, mathit, mathrm, method, right, rightarrow, varepsilon",22
math,187,2000–2005,2000,2005,"backward, bsde, bsdes, degenerate, discontinuous, fsde, integrand, options, terminal, volatility",10
math,187,2005–2010,2005,2010,"backward, bsde, bsdes, reflected, stochastic, differential, equations, fsde, discontinuous, doubly, floor, forward, solutions, bsvies, contour, degenerate, fbsde, int, integrand, martingale, options, terminal, volatility, wedge",24
math,187,2010–2015,2010,2015,"backward, bsde, bsdes, differential, equations, reflected, solutions, stochastic, solution, doubly, uniqueness, bsvies, eps, fbsdes, forward, terminal",16
math,187,2015–2020,2015,2020,"backward, bsde, bsdes, differential, equations, reflected, stochastic, forward, solution, solutions, uniqueness, eps, terminal, equation, fbsdes",15
math,187,2020–2025,2020,2025,"backward, bsde, bsdes, differential, equations, forward, reflected, solution, stochastic, fbsdes, solutions, equation",12
math,188,2000–2005,2000,2005,"algebra, algebras, baxter, rota, bialgebras, lie, yang, dynamical, associative, gervais, bialgebra, dorfman, felder, jordanian, neveu, noncommutative, quadri, quantum, sl, twist, yangians",21
math,188,2005–2010,2005,2010,"algebra, algebras, baxter, rota, yang, dendriform, associative, cayley, dickson, lie, noncommutative, operators, zeta, bialgebras, calculus, hom, laplace, nw, operator, originals, oscillator, pre",22
math,188,2010–2015,2010,2015,"algebra, algebras, baxter, lie, rota, yang, hom, dendriform, associative, operators, quadri, bialgebras, superalgebras, awb, lr",15
math,188,2015–2020,2015,2020,"algebra, algebras, baxter, lie, rota, yang, operators, associative, dendriform, hom, superalgebras, mathfrak, bialgebras, color, leibniz, nilalgebras, triangular",17
math,188,2020–2025,2020,2025,"algebra, algebras, baxter, hom, lie, operators, rota, yang, bialgebras, bihom, dendriform, associative, leibniz, mathfrak",14
math,189,2000–2005,2000,2005,"ortholattice, spline, splines, interpolation, polynomial, spr, subortholattice, complete, dqis, interpolants, interpolated, interval, iterating, ortholattices, polynomials, synthesis, abbr, approximation, asociated, bivariate, cardinality, discrete, experimental, hermite, implicitization, leq12k, orthogonal, represents, segments, systems, univariate",31
math,189,2005–2010,2005,2010,"interpolation, spline, splines, dqis, bivariate, interlace, interpolants, polynomial, 2n, 4l, approximation, asociated, conditionally, conforming, cp, curve, dilation, error, fuzzy, hermite, implicitization, inflection, kernels, kts, lending, leq12k, method, multivariate, nai, nevanlinna, padua, pick, power, qis, raghupathi, smoothness, spectroscopic, staistical, subdivision",39
math,189,2010–2015,2010,2015,"approximation, interpolation, spline, splines, isogeometric, algorithm, curve, hermite, knots, nurbs, points, subdivision, bivariate, conditionally, conforming, curves, filters, fundamentality, kernels, lending, lines, mesh, plotting, polynomial, power, rules, smoothness, space, supersmoothness, turning, zier",31
math,189,2015–2020,2015,2020,"interpolation, isogeometric, spline, splines, curves, subdivision, filters, patch, space, approximation, knots, meshes, algorithm, bar, basis, curve, lissajous, mesh, midsagittal, parameterization, points, polynomial, psiac, rules",24
math,189,2020–2025,2020,2025,"interpolation, isogeometric, patch, spline, splines, curves, mesh, basis, meshes, polynomial, subdivision, bar, catmull, method, multi, points, polycube, space, trigonometric",19
math,190,2000–2005,2000,2005,"poisson, vlasov, relativistic, casimir, energy, glassey, maxwell, solutions, steady, strauss, vacuum, arch, charge, dinger, dirac, electrons, equation, evolution, external, fermi, fock, functional, functionals, gordon, klein, mech, plasma, stability, states, stays",30
math,190,2005–2010,2005,2010,"poisson, relativistic, solutions, vlasov, maxwell, plasma, field, charge, dirac, equation, laser, magnetic, stability, collisionless, electron, electrons, evolution, fireballs, fock, global, hartree, landau, vacuum, weizsaecker",24
math,190,2010–2015,2010,2015,"maxwell, plasma, poisson, relativistic, solutions, vlasov, equation, equations, charge, euler, magnetic, time, averaged, boltzmann, collisionless, cutoff, field, finishing, landau, stability",20
math,190,2015–2020,2015,2020,"equation, maxwell, plasma, poisson, relativistic, solutions, vlasov, equations, field, magnetic, quasineutral, boltzmann, euler, mathbb, stability, time, vacuum, zakharov",18
math,190,2020–2025,2020,2025,"equation, maxwell, plasma, poisson, relativistic, vlasov, landau, solutions, field, magnetic, ions, electron, equations, kinetic, magnetized, mathbb, time",17
math,191,2000–2005,2000,2005,"binom, pmod, equiv, catalan, factorials, mod, modulo, numbers, polylogarithms, squarefree, sum, adic, basic, cathelineau, choose, congruence, congruences, deal, eigenvectors, elbaz, exceptions, jordan, li, max, msbm, notes, notions, pairsums, pascal, prime, residues, smith",32
math,191,2005–2010,2005,2010,"binom, equiv, pmod, frac, mod, sum, adic, notes, numbers, 2k, congruences, fleck, basic, cases1, deal, factorials, ke, lcm, modulo, notions",20
math,191,2010–2015,2010,2015,"2k, binom, congruences, equiv, frac, mod, pmod, sum, modulo, congruence, choose, ke, prime, sun",14
math,191,2015–2020,2015,2020,"2k, binom, congruences, equiv, frac, pmod, sum, mod, modulo, choose, align, bigg, brack, equiv0, left, pp, prime",17
math,191,2020–2025,2020,2025,"2k, binom, congruences, equiv, frac, pmod, sum, mod, bigg, left, mathbb, 4q, congruence, ell, pp, right",16
math,192,2000–2005,2000,2005,"quaternionic, functions, clifford, holomorphic, quaternion, ah, algebra, biquaternionic, hypercomplex, octonion, quaternions, slice, 2m, analysis, bicomplex, cayley, circles, cliffordian, dickson, dirac, equation, fle, fundations, introductory, module, potential, pseudoscalar, quaternary, schroedinger, tensor",30
math,192,2005–2010,2005,2010,"functions, quaternionic, slice, quaternion, complex, quaternions, 2m, clifford, cliffordian, holomorphic, nilpotents, octonionic, spaces, analytic, biquaternion, category, cullen, fle, fundations, gelfand, hyperanalytic, idempotents, mathbb, monogenic, octonion, octonions, real, shilov, signal",29
math,192,2010–2015,2010,2015,"functions, quaternion, quaternionic, quaternions, slice, complex, mathbb, signal, fueter, hyperanalytic, contragenic, octonionic, regular, analytic, circledast, hypercomplex, hyperholomorphic, monogenic",18
math,192,2015–2020,2015,2020,"functions, mathbb, quaternion, quaternionic, quaternions, regular, slice, monogenic, mathscr, fueter, bargmann, circledast, function, hypercomplex, hyperholomorphic, octonionic",16
math,192,2020–2025,2020,2025,"fueter, functions, mathbb, quaternion, quaternionic, quaternions, slice, monogenic, regular, octonionic, augmented, mathscr, qlct, transform, transformation",15
math,193,2000–2005,2000,2005,"carleman, continuous, eigenequation, iterated, iteration, iterations, keywords, linearization, maps, referring",10
math,193,2005–2010,2005,2010,"banach, convergence, mappings, nonexpansive, convex, iterative, mapping, theorem, asynchronous, resolvents, bauschke, fixed, halpern, hemivariational, point, projections, proximal, ruelle",18
math,193,2010–2015,2010,2015,"convergence, convex, fixed, mappings, nonexpansive, point, banach, iterative, variational, method, spaces, acceleration, anderson, iteration, projections, proximal, resolvents",17
math,193,2015–2020,2015,2020,"convergence, convex, fixed, mappings, nonexpansive, point, iterative, variational, iteration, method, banach, algorithm, bam, circumcentered, monotone, operators, proximal, spaces",18
math,193,2020–2025,2020,2025,"convergence, convex, fixed, mappings, nonexpansive, point, iteration, variational, bregman, iterative, mann, method, monotone, algorithm, bam, banach, circumcentered, operators, spaces",19
math,194,2000–2005,2000,2005,"motivic, equivariant, fausk, formal, homotopy, isomorphism, theory, wirthmuller, adjoints, batyrev, categories, chow, cited, cohomology, constructible, edidin, exemplified, inconvenient, integrals, integration, kr, mckay, morava, sequence, sheaves, spectral, stable, underlies, weakened",29
math,194,2005–2010,2005,2010,"motivic, cohomology, homotopy, theory, cobordism, tale, landweber, mathbb, base, chow, constructible, edidin, equivariant, grothendieck, hat, infty, integrals, lawson, projective, schemic, sequence, sheaves, slice, spectra, spectral, spectrum, theories, thom, topos, varieties, voevodsky",31
math,194,2010–2015,2010,2015,"cohomology, homotopy, mathbb, motivic, equivariant, theory, algebraic, groups, schemic, sheaves, adams, bivariant, ck, cobordism, functor, grothendieck, hat, infty, loop, omega, ring, stable, stacks, topos",24
math,194,2015–2020,2015,2020,"cohomology, equivariant, homotopy, mathbb, motivic, theory, stable, cobordism, sh, category, groups, spectra, witt, algebraic, bo, grothendieck, ko, ring, text",19
math,194,2020–2025,2020,2025,"cohomology, equivariant, homotopy, mathbb, motivic, spectra, theory, category, stable, sh, algebraic, mathrm, cobordism, eff",14
math,195,2000–2005,2000,2005,"dasgupta, disorder, disordered, environment, polymer, random, brownian, dissertation, models, polymers, renormalization, rg, spin, transition",14
math,195,2005–2010,2005,2010,"disorder, polymer, polymers, random, disordered, model, pinning, environment, phase, transition, annealed, dasgupta, directed, energy, interface, models, quenched, rg, sim, solvents, temperature, walk",22
math,195,2010–2015,2010,2015,"disorder, model, pinning, polymer, random, polymers, annealed, phase, directed, agaaaaga, amyloid, critical, energy, environment, gb, multifractal, prion, que, quenched, tcal, temperature, transition, walk",23
math,195,2015–2020,2015,2020,"directed, disorder, model, polymer, polymers, random, energy, pinning, phase, environment, kpz, transition, critical, fluctuations, gb, mathbbm, polyatomic, temperature, walk",19
math,195,2020–2025,2020,2025,"directed, disorder, model, phase, polymer, polymers, random, energy, pinning, walk, vec, cdrp, critical, ell, kpz, shf, transition, vert",18
math,196,2000–2005,2000,2005,"billiard, billiards, elliptical, islands, stadium, annulus, area, chaotic, container, containers, delimited, disc, dispersing, dynamics, elliptic, flat, infty, instability, intial, mushroom, orbits, particle, particles, polygonal, prescribed, qualitative, rotation, semiaxis, surpass, trajectory, xb",31
math,196,2005–2010,2005,2010,"billiard, billiards, polygonal, particle, ttt, barriers, body, container, containers, dynamics, mushroom, periodic, poncelet, rough, aerodynamical, chaotic, circles, components, contact, correlations, dispersing, interactions, mupos, orbits, particles, pinwheel, retroreflectors, scattering, shaped, systems, tables, toda",32
math,196,2010–2015,2010,2015,"billiard, billiards, periodic, orbits, polygonal, trajectories, dynamics, polygons, circles, rset, slap, table, boundary, caustic, caustics, confocal, ellipse, ellipses, fractal, mupos, mushroom, pinwheel, poncelet, quadrics, reflectors, retroreflectors, roughness",27
math,196,2015–2020,2015,2020,"billiard, billiards, periodic, orbits, table, bicycle, boundary, integrable, polygonal, tables, trajectories, balls, birkhoff, caustics, cm, convex, dynamical, dynamics, ellipse, ellipses, ends, eulerian, magnetic, poncelet, rear, spr, strokes, swimmer, systems, textbf, tiling",31
math,196,2020–2025,2020,2025,"billiard, billiards, periodic, poncelet, trajectories, orbits, systems, dynamical, table, ellipse, mathcal, boundary, elliptic, integrable, loci, mathbb, polygons, reeb, tables",19
math,197,2000–2005,2000,2005,"graph, cos, cosine, ds, face, gg, given, graphs, index, link, links, method, pairing, pi, positions, pseudo, search, searching, triangulation",19
math,197,2005–2010,2005,2010,"graphs, graph, index, positions, searching, connected, links, search, ambiguities, bartholdi, link, method, sigh, vertices, bond, characteristic, clusters, components, connectivity, eccentric, gauss, generalized, given, planar, root, rootings, sums, unavoidably, wiener, zeta",30
math,197,2010–2015,2010,2015,"graph, graphs, index, vertices, wiener, indices, trees, connectivity, eccentric, gg, uv, ambiguities, connected, deg, hosoya, indexers, kirchhoff, laman, sigh, szeged, tricyclic, vertex, zagreb",23
math,197,2015–2020,2015,2020,"graph, graphs, index, indices, wiener, zagreb, vertex, vertices, edge, gg, connectivity, trees, eccentricity, sum, unicyclic, uv",16
math,197,2020–2025,2020,2025,"gg, graph, graphs, index, indices, vertices, wiener, zagreb, sombor, uv, eccentricity, sum, vertex",13
math,198,2000–2005,2000,2005,"copula, copulas, cumulants, exchangeability, linearize, noncommutative, random, roughly, says, speaking",10
math,198,2005–2010,2005,2010,"copula, copulas, multivariate, distribution, arithmetic, bivariate, covariance, covariances, dependence, dutch, permissibility, quasi, random, book, cfg, conditional, distributions, estimator, gruss, independence, marginal, means, prediction, predictive, preference, quantile, spatial, upcrossings",28
math,198,2010–2015,2010,2015,"copula, copulas, dependence, distributions, multivariate, bivariate, random, correlation, distribution, conditional, estimators, gruss, association, collapsible, directionally, marginal, mutual, semiparametric, submeasures, upcrossings, vine",21
math,198,2015–2020,2015,2020,"copula, copulas, dependence, distributions, multivariate, conditional, marginal, bivariate, distribution, kendall, random, correlation, dependencies, imprecise, independence, measures, mtp2, mutual, semiparametric, vine",20
math,198,2020–2025,2020,2025,"bivariate, copula, copulas, dependence, multivariate, conditional, distributions, correlation, variables, distribution, kendall, measures, marginal, asset",14
math,199,2000–2005,2000,2005,"heegaard, manifold, manifolds, genus, orientable, splittings, dominates, closed, finitely, floer, homology, geometric, automorphisms, branched, isotopy, knot, paper, proved, reducible, splitting, triangulation",21
math,199,2005–2010,2005,2010,"floer, genus, heegaard, homology, manifold, manifolds, splittings, splitting, surgery, automorphisms, orientable, boundary, contact, hf, isotopy, knot, knots, reducible",18
math,199,2010–2015,2010,2015,"floer, genus, heegaard, homology, manifold, manifolds, splitting, splittings, knot, goeritz, orientable, anosov, lens, seiberg, trisection, vol",16
math,199,2015–2020,2015,2020,"floer, genus, heegaard, homology, manifold, manifolds, splittings, splitting, trisections, goeritz, trisection, book, bridge, knots, lens, orientable, plumbed, seifert, sutured",19
math,199,2020–2025,2020,2025,"floer, genus, heegaard, homology, manifold, manifolds, splittings, splitting, diagrams, strata, stratas, sutured, goeritz, haken, knot, knots, orientable, reidemeister, sphere, trisections",20
math,200,2000–2005,2000,2005,,0
math,200,2005–2010,2005,2010,"privacy, administering, data, database, differential, dwork, interviewee, interviewees, mindful, pca, polychotomous, proportions, publish, records, rrts, statistical, surrendered, surveys, transformation",19
math,200,2010–2015,2010,2015,"differentially, privacy, private, algorithm, information, bhq, coins, coordination, data, fdr, filtering, generator, guarantees, h2, mrng, optimization, participants, random, signals, strings, user, utility",22
math,200,2015–2020,2015,2020,"data, differentially, information, privacy, private, dp, mechanism, attacks, differential, estimation, optimization, agents, algorithm, bhq, chaotic, coins, fdr, informations, log, malleable, mmse, selective, testing, utility",24
math,200,2020–2025,2020,2025,"data, differentially, dp, estimation, optimization, privacy, private, differential, mechanism, varepsilon, information",11
math,201,2000–2005,2000,2005,"algebra, algebras, directed, graph, leavitt, path, cuntz, graphs, ideal, krieger, association, bratteli, category, dirings, ee, fglm, flgee, liminal, nest, primitive, schemes",21
math,201,2005–2010,2005,2010,"algebra, algebras, graph, graphs, leavitt, path, directed, brauer, fa, flgee, socle, traces, cuntz, ee, finite, graded, kh, nest, quiver, quivers, rings, sink, tangles",23
math,201,2010–2015,2010,2015,"algebra, algebras, graph, graphs, leavitt, path, ee, graded, cohn, cuntz, ideal, morita, tangles, fa, kirillov, krieger, pask, quivers, rings, row, unital",21
math,201,2015–2020,2015,2020,"algebra, algebras, graded, graph, graphs, leavitt, path, ideals, ultragraph, cuntz, cohn, directed, ee, finite, ideal, rings",16
math,201,2020–2025,2020,2025,"algebra, algebras, graded, graph, leavitt, path, ideals, graphs, ann, ideal, ultragraph, operatorname, baer, biserial, kp, rings",16
math,202,2000–2005,2000,2005,"crystals, liquid, nematic, attractors, crystal, ericksen, leslie, navier, stokes, amplification, averaged, dissipative, hunter, modeling, saxton, semigroup, solutions, transportation",18
math,202,2005–2010,2005,2010,"liquid, nematic, crystal, crystals, gennes, timestepper, unstable, bifurcation, bottle, densely, dissipative, energy, extrusion, fraction, freezer, hunter, landau, modeling, muskat, nonmonotonic, oseen, packing, phase, quasicrystal, saxton, semigroup, slip, snow, solutions, squirt, tetrahedra, transportation",32
math,202,2010–2015,2010,2015,"crystal, crystals, gennes, liquid, nematic, energy, ericksen, leslie, compressible, landau, quasicrystal, tetrahedra, anchoring, densely, director, fraction, global, incompressible, packing, solutions, uloc, uniaxial",22
math,202,2015–2020,2015,2020,"crystal, crystals, energy, ericksen, gennes, landau, liquid, nematic, leslie, model, anchoring, nabla, varepsilon",13
math,202,2020–2025,2020,2025,"crystal, crystals, energy, ericksen, gennes, landau, leslie, liquid, nematic, model, varepsilon",11
math,203,2000–2005,2000,2005,,0
math,203,2005–2010,2005,2010,"eckstein, monotone, splitting, svaiter, convergence, douglas, generate, inclusion, maximal, method, operators, optim, rachford, removal, siam, sum",16
math,203,2010–2015,2010,2015,"convergence, douglas, monotone, rachford, splitting, algorithm, method, operators, svaiter, algorithms, backward, eckstein, forward, bregman, fejer, generate, inclusion, inclusions, maximally, paramonotonicity, problems, rectangularity",22
math,203,2015–2020,2015,2020,"algorithm, backward, convergence, forward, monotone, problems, rachford, splitting, douglas, convex, operators, algorithms, composite, inertial, split",15
math,203,2020–2025,2020,2025,"algorithm, backward, convergence, forward, monotone, rachford, splitting, convex, douglas, operators, problems, inertial, operator, algorithms",14
math,204,2000–2005,2000,2005,"barriers, classically, collapse, constructing, dinger, equation, forbidden, hydrodynamic, impenetrable, nonlinear, packets, paradoxes, poeschl, proceeding, pt, schr, solutions, susy, symmetrically, teller",20
math,204,2005–2010,2005,2010,"camassa, equation, holm, solutions, waves, solitary, wave, orbital, peakons, soliton, blow, degasperis, equations, floquet, initial, multipeakons, periodic, profile, schroedinger, solitons, stability, travelling, vries",23
math,204,2010–2015,2010,2015,"camassa, equation, holm, solutions, wave, waves, solitary, blow, equations, 2ch, peakon, periodic, degasperis, dullin, gottwald, ostrovsky, peakons, txx",18
math,204,2015–2020,2015,2020,"camassa, equation, holm, solutions, waves, equations, wave, peakon, peakons, blow, solitary, solitons, abck, boussinesq, degasperis, procesi, soliton, stability, torsional",19
math,204,2020–2025,2020,2025,"camassa, equation, holm, solutions, wave, waves, equations, peakons, solitary, peakon, soliton, solitons, stability",13
math,205,2000–2005,2000,2005,,0
math,205,2005–2010,2005,2010,"beams, ep, frequency, gaussian, high, phase, retrieval, wave, beam, digital, pulse, superposition",12
math,205,2010–2015,2010,2015,"phase, retrieval, signal, frequency, measurements, resolution, super, algorithm, digital, high, problem, pulse, recovery, sources, wave, amplitudes, beams, diffraction, ep, gaussian, noise, phaseless, reconstruction, samples, unwrapping",25
math,205,2015–2020,2015,2020,"algorithm, measurements, phase, recovery, retrieval, signal, problem, mathbb, optimization, phaseless, compressive, craf, fourier, frequency, fsst, imaging, method, noise, phasepack, reconstruction, resolution, rgps, sso, super",24
math,205,2020–2025,2020,2025,"algorithm, measurements, phase, problem, retrieval, signal, mathbb, recovery, mathbf, mbox, method, bf, fracture, frequency, npss, optimization, photoemission, retrievable, sso, wavefront",20
math,206,2000–2005,2000,2005,"tournament, tournaments, 4k, 5k, alternating, bijection, bressoud, class, digraph, geq, ice, kn, ktt, look, matrix, oriented, orthogonal, pattern, quadrangular, quadrangularity, replaces, settle, sign, transitive, tt, vertices",26
math,206,2005–2010,2005,2010,"digraph, tournament, tournaments, digraphs, cap, emptysetn, neq, quadrangular, transfinite, 5n, arrow, cup, ge, graph, hereditary, nonstandard, ordinal, oriented, quasi, rank, ranks, semidegree, speed, transitive",24
math,206,2010–2015,2010,2015,"graph, tournament, tournaments, vertex, vertices, digraphs, oriented, rightarrow, digraph, feedback, gnp, hajnal, transfinite, transitive, 5n, binom, competition, conjecture, doubly, events, frac, hypomorphic, lfloor, log, rfloorm, round, semidegree",27
math,206,2015–2020,2015,2020,"graph, tournament, tournaments, vertex, vertices, digraph, digraphs, graphs, cycles, oriented, absences, bipartite, competition, conjecture, dd, disjoint, frac, hajnal, le, multipartite, niche, number, ol, orientation, overrightarrow, rightarrow, round, varepsilon",28
math,206,2020–2025,2020,2025,"digraphs, graph, tournament, tournaments, vertex, tt, digraph, oriented, graphs, mathbb, vertices, inv, overrightarrow, catch, committee, orientation, transitive",17
math,207,2000–2005,2000,2005,"loop, loops, bol, moufang, systolic, withdrawn, abelian, covers, diassociative, qq, associative, associators, author, biased, cdot, conjugacy, cyclohedra, diassociativity, free, group, inequalities, left, length, mathbb, mathbf, mid, multary, odot, quasigroup, translations",30
math,207,2005–2010,2005,2010,"loop, loops, moufang, bol, group, smarandache, subloop, associahedron, autotopisms, biased, cipl, commutant, latin, mathbf, quasigroup, cipq, commutative, cycle, iii, isotopes, multary, permutahedron, rm, subloops, systolic, unbreakable, withdrawn",27
math,207,2010–2015,2010,2015,"bol, loop, loops, moufang, groups, automorphic, group, aag, kep, mathbf, osborn, twisted, anshel, associahedron, autotopisms, cdot, chein, cipl, equational, gyrogroup, holomorph, latin, magmas, nonassociative, pkc, quasigroups, unbreakable, xoy",28
math,207,2015–2020,2015,2020,"cdot, loop, loops, moufang, overline, automorphic, dih, group, groups, osborn, bol, mathbb, cap, holomorph, hysteresis, preisach, subloops, tanimoto, varrho",19
math,207,2020–2025,2020,2025,"cdot, group, loop, loops, moufang, bol, groups, subloop, ham, abelian, automorphic, big, commutative, conditions, congruence, graphs, hysteresis, maltsev, mathrm, nilpotence, oligomorphic, overline, power, preisach, satisfaction, triod",26
math,208,2000–2005,2000,2005,"semigroups, authors, gap, genus, numerical, semigroup, weierstrass, withdrawn, az, bases, cap, cones, experience, extreme, integer, main, proof, property, rays, subseteq, theorem",21
math,208,2005–2010,2005,2010,"semigroup, semigroups, mealy, numerical, alphabet, frobenius, growth, holes, log, machine, authors, behaves, formulaes, gap, generated, genus, idempotent, integer, irrational, mathematics, property, saturation, sectorial, semifield, semirings, symbol, symmetric, transportation, weierstrass, withdrawn",30
math,208,2010–2015,2010,2015,"numerical, semigroup, semigroups, semirings, frobenius, cdot, chapter, genus, idempotent, rank, ultimate, 1a, 1b, 2a, 3dn, cdots, compound, denumerant, factorizations, growth, hd0l, holes, interval, kunz, mathematics, mealy, rees, semi, semiring, sequences, set, subsemigroup, symmetric, tropical",34
math,208,2015–2020,2015,2020,"numerical, semigroup, semigroups, set, frobenius, chomp, wilf, 2a, cdots, eliahou, mathbb, player, ry, 1a, 1b, 3x3, ap, arf, compound, denumerants, gapsets, genus, multiplicity, number, regularisation, subsemigroups, tropical, wins",28
math,208,2020–2025,2020,2025,"frobenius, mathbb, numerical, semigroup, semigroups, kunz, wilf, genus, ldots, mathcal, catenary, ell, chomp, covariety, gen, mathscr, number, ry, set",19
