subject,topic_id,window_from,window_to,transition,rbo_sim,drift,words_from,words_to
cs,0,2000–2005,2005–2010,2000–2005 → 2005–2010,0.217901,0.782099,"language, logic, order, program, set, theory, channel, class, complexity, constraint, property, random, rule, tool, word, access, communication, computation, domain, dynamic, efficient, function, length, non, optimal, parallel, polynomial, programming, protocol, representation, resource, scheme, semantic, sequence, service, theorem, tree","channel, non, representation, random, order, error, polynomial, probability, property, robust, access, class, complexity, constraint, delay, energy, factor, length, local, object, optimal, particular, policy, protocol, quantum, query, real, receiver, scheme, sensor, sequence, setting, source, theory"
cs,0,2005–2010,2010–2015,2005–2010 → 2010–2015,0.37687,0.62313,"channel, non, representation, random, order, error, polynomial, probability, property, robust, access, class, complexity, constraint, delay, energy, factor, length, local, object, optimal, particular, policy, protocol, quantum, query, real, receiver, scheme, sensor, sequence, setting, source, theory","non, policy, representation, robust, setting, deep, modeling, neural_network, approximation, channel, energy, probability, random, computation, particular, region, tree, variable, way, wireless"
cs,0,2010–2015,2015–2020,2010–2015 → 2015–2020,0.476444,0.523556,"non, policy, representation, robust, setting, deep, modeling, neural_network, approximation, channel, energy, probability, random, computation, particular, region, tree, variable, way, wireless","approximation, deep, modeling, neural_network, non, policy, representation, robust, setting, processing, cnn, random, wireless"
cs,0,2015–2020,2020–2025,2015–2020 → 2020–2025,0.964428,0.035572,"approximation, deep, modeling, neural_network, non, policy, representation, robust, setting, processing, cnn, random, wireless","approximation, deep, modeling, neural_network, non, policy, representation, robust, setting, convergence, processing"
cs,1,2000–2005,2005–2010,2000–2005 → 2005–2010,0.322339,0.677661,"logic, code, function, language, order, program, space, distribution, knowledge, non, query, service, structure, theory, bit, channel, class, complexity, computer, constraint, efficient, field, grid, group, input, mechanism, property, quantum, resource, scale, scheme, search, semantic, set, type, version","channel, code, space, scale, human, order, effective, polynomial, protocol, theory, bit, capacity, complexity, control, distribution, error, field, input, linear, matrix, node, non, particular, point, power, program, property, quantum, rate, requirement, scheme, transmission"
cs,1,2005–2010,2010–2015,2005–2010 → 2010–2015,0.514391,0.485609,"channel, code, space, scale, human, order, effective, polynomial, protocol, theory, bit, capacity, complexity, control, distribution, error, field, input, linear, matrix, node, non, particular, point, power, program, property, quantum, rate, requirement, scheme, transmission","code, effective, human, scale, space, loss, program, channel, matrix, particular, polynomial, tree, capacity, certain, energy, observation, possible, power, probability, programming, protocol, social, sum, theory"
cs,1,2010–2015,2015–2020,2010–2015 → 2015–2020,0.793837,0.206163,"code, effective, human, scale, space, loss, program, channel, matrix, particular, polynomial, tree, capacity, certain, energy, observation, possible, power, probability, programming, protocol, social, sum, theory","code, effective, human, loss, scale, space, cross, program, core, able, addition, capacity, cnn, possible, power, probability, requirement, sum, tree, word"
cs,1,2015–2020,2020–2025,2015–2020 → 2020–2025,0.755267,0.244733,"code, effective, human, loss, scale, space, cross, program, core, able, addition, capacity, cnn, possible, power, probability, requirement, sum, tree, word","code, core, cross, effective, human, loss, scale, space, program, requirement, able, shape"
cs,2,2000–2005,2005–2010,2000–2005 → 2005–2010,0.402817,0.597183,"logic, structure, complexity, language, program, semantic, communication, knowledge, order, quantum, service, set, channel, class, competition, function, grid, group, linear, minimum, node, observation, operation, optimal, parallel, polynomial, programming, protocol, query, random, rule, search, size, source, theory, version","channel, structure, complexity, order, class, linear, logic, matrix, protocol, random, signal, capacity, constraint, error, generation, knowledge, memory, node, optimal, polynomial, possible, probability, property, quantum, region, rule, scheme, sensor, service, set, single, source, special, spreadsheet, term, transmission, tree, vector, version"
cs,2,2005–2010,2010–2015,2005–2010 → 2010–2015,0.308238,0.691762,"channel, structure, complexity, order, class, linear, logic, matrix, protocol, random, signal, capacity, constraint, error, generation, knowledge, memory, node, optimal, polynomial, possible, probability, property, quantum, region, rule, scheme, sensor, service, set, single, source, special, spreadsheet, term, transmission, tree, vector, version","generation, structure, content, service, game, theory, channel, interference, matrix, measure, protocol, random, approximation, bound, capacity, computation, diffusion, finite, logic, possible, power, probabilistic, probability, program, receiver, region, signal, theoretical, tree, variable, way, web, wireless, word"
cs,2,2010–2015,2015–2020,2010–2015 → 2015–2020,0.428245,0.571755,"generation, structure, content, service, game, theory, channel, interference, matrix, measure, protocol, random, approximation, bound, capacity, computation, diffusion, finite, logic, possible, power, probabilistic, probability, program, receiver, region, signal, theoretical, tree, variable, way, web, wireless, word","content, diffusion, generation, structure, cnn, tree, requirement, service, channel, role, similarity, word, able, datum, interference, measure, possible, processing, program, random, receiver, relation, similar, theory, variable, wireless"
cs,2,2015–2020,2020–2025,2015–2020 → 2020–2025,0.71225,0.28775,"content, diffusion, generation, structure, cnn, tree, requirement, service, channel, role, similarity, word, able, datum, interference, measure, possible, processing, program, random, receiver, relation, similar, theory, variable, wireless","content, datum, diffusion, generation, requirement, role, similarity, structure, cnn, detail, realistic, channel, service, style, tree"
cs,3,2000–2005,2005–2010,2000–2005 → 2005–2010,0.350091,0.649909,"language, program, structure, theory, logic, constraint, domain, programming, property, quantum, rule, set, channel, community, complexity, environment, event, grid, internet, knowledge, level, linear, matching, optimal, order, particular, query, rate, relation, scheme, search, security, semantic, tree, type, variable, word","language, channel, communication, rate, scheme, complexity, constraint, dataset, linear, machine, particular, power, random, approximation, available, capacity, computational, control, error, inference, matching, non, optimal, possible, program, programming, protocol, quantum, sequence, set, space, structure, theory, tool, transmission, way"
cs,3,2005–2010,2010–2015,2005–2010 → 2010–2015,0.357032,0.642968,"language, channel, communication, rate, scheme, complexity, constraint, dataset, linear, machine, particular, power, random, approximation, available, capacity, computational, control, error, inference, matching, non, optimal, possible, program, programming, protocol, quantum, sequence, set, space, structure, theory, tool, transmission, way","communication, dataset, inference, language, machine, particular, event, view, approximation, recognition, way, channel, energy, possible, power, random, scheme, service, transmission, tree, word"
cs,3,2010–2015,2015–2020,2010–2015 → 2015–2020,0.848455,0.151545,"communication, dataset, inference, language, machine, particular, event, view, approximation, recognition, way, channel, energy, possible, power, random, scheme, service, transmission, tree, word","communication, dataset, event, inference, language, machine, particular, recognition, view, common, community, energy"
cs,3,2015–2020,2020–2025,2015–2020 → 2020–2025,0.721141,0.278859,"communication, dataset, event, inference, language, machine, particular, recognition, view, common, community, energy","common, communication, dataset, event, inference, machine, view, particular, recognition, language, empirical, annotation, community"
cs,4,2000–2005,2005–2010,2000–2005 → 2005–2010,0.214246,0.785754,"set, class, logic, channel, development, function, language, non, program, quantum, search, software, theory, agent, code, competitive, complexity, constraint, context, efficient, graph, internet, level, linear, local, mechanism, object, order, particular, probability, property, protocol, rate, semantic, service, space, strategy, structure, term, type","type, channel, property, linear, class, condition, game, logic, random, rate, sequence, size, binary, capacity, constraint, feedback, finite, input, matrix, non, order, particular, polynomial, power, probability, program, protocol, quantum, query, region, scheme, set, statistical, structure, theory, variable, way, wireless"
cs,4,2005–2010,2010–2015,2005–2010 → 2010–2015,0.377848,0.622152,"type, channel, property, linear, class, condition, game, logic, random, rate, sequence, size, binary, capacity, constraint, feedback, finite, input, matrix, non, order, particular, polynomial, power, probability, program, protocol, quantum, query, region, scheme, set, statistical, structure, theory, variable, way, wireless","type, power, random, retrieval, channel, tree, possible, probability, social, theory, way, wireless, access, approximation, clustering, community, computation, construction, energy, factor, game, group, interference, logic, matrix, measure, particular, polynomial, program, programming, protocol, region, sequence, sparse, statistical, version"
cs,4,2010–2015,2015–2020,2010–2015 → 2015–2020,0.447019,0.552981,"type, power, random, retrieval, channel, tree, possible, probability, social, theory, way, wireless, access, approximation, clustering, community, computation, construction, energy, factor, game, group, interference, logic, matrix, measure, particular, polynomial, program, programming, protocol, region, sequence, sparse, statistical, version","retrieval, type, network, possible, power, second, classifier, random, service, transfer, tree, access, capacity, cnn, community, error, family, fast, game, great, group, hand, kernel, logic, measure, pair, polynomial, requirement, sparse, speed, theory, unsupervised, version, word"
cs,4,2015–2020,2020–2025,2015–2020 → 2020–2025,0.450741,0.549259,"retrieval, type, network, possible, power, second, classifier, random, service, transfer, tree, access, capacity, cnn, community, error, family, fast, game, great, group, hand, kernel, logic, measure, pair, polynomial, requirement, sparse, speed, theory, unsupervised, version, word","error, network, retrieval, second, transfer, type, channel, possible, datum, goal, instance, power, unsupervised, heterogeneous, noisy, requirement, service"
cs,5,2000–2005,2005–2010,2000–2005 → 2005–2010,0.158007,0.841993,"logic, theory, complexity, constraint, function, language, point, program, set, order, query, structure, capacity, channel, class, control, database, design, grid, level, linear, optimization, particular, policy, programming, property, protocol, quantum, reasoning, resolution, scheme, semantic, service, size, software, space, way","channel, order, scheme, class, complexity, condition, linear, node, protocol, approximation, capacity, constraint, development, element, energy, error, game, gaussian, interference, length, link, local, matrix, measure, message, optimal, particular, polynomial, possible, power, proof, property, random, rate, real, receiver, set, signal, size, structure, theoretical, theory, type, wireless"
cs,5,2005–2010,2010–2015,2005–2010 → 2010–2015,0.191916,0.808084,"channel, order, scheme, class, complexity, condition, linear, node, protocol, approximation, capacity, constraint, development, element, energy, error, game, gaussian, interference, length, link, local, matrix, measure, message, optimal, particular, polynomial, possible, power, proof, property, random, rate, real, receiver, set, signal, size, structure, theoretical, theory, type, wireless","condition, development, random, game, baseline, channel, energy, interference, matrix, message, power, probability, protocol, technology, theory, wireless, access, capacity, certain, interest, link, local, logic, measure, particular, polynomial, program, relay, service, software, tree, variable"
cs,5,2010–2015,2015–2020,2010–2015 → 2015–2020,0.484995,0.515005,"condition, development, random, game, baseline, channel, energy, interference, matrix, message, power, probability, protocol, technology, theory, wireless, access, capacity, certain, interest, link, local, logic, measure, particular, polynomial, program, relay, service, software, tree, variable","baseline, condition, development, technology, network, practice, channel, power, random, cnn, form, capacity, convolutional_neural_network, group, interference, measure, message, observation, probability, processing, program, requirement, social, theory, vehicle"
cs,5,2015–2020,2020–2025,2015–2020 → 2020–2025,0.80154,0.19846,"baseline, condition, development, technology, network, practice, channel, power, random, cnn, form, capacity, convolutional_neural_network, group, interference, measure, message, observation, probability, processing, program, requirement, social, theory, vehicle","baseline, condition, development, network, practice, technology, vehicle, consistent, numerical, channel, able, cnn, datum, form"
cs,6,2000–2005,2005–2010,2000–2005 → 2005–2010,0.104236,0.895764,"logic, program, set, complexity, function, language, optimal, order, property, space, structure, theory, approximation, capacity, channel, class, code, communication, constraint, control, decision, dynamic, error, grid, intuition, knowledge, level, linear, log, non, protocol, quantum, rule, scale, semantic, size, software, standard, strategy, test, tree, world","strategy, channel, random, error, finite, linear, point, property, scheme, capacity, communication, complexity, condition, constraint, dynamic, estimation, gaussian, length, logic, management, measure, node, non, object, optimal, particular, probability, protocol, rate, receiver, representation, scale, search, sensor, sequence, signal, single, size, standard, term, tool, transmission, way"
cs,6,2005–2010,2010–2015,2005–2010 → 2010–2015,0.316259,0.683741,"strategy, channel, random, error, finite, linear, point, property, scheme, capacity, communication, complexity, condition, constraint, dynamic, estimation, gaussian, length, logic, management, measure, node, non, object, optimal, particular, probability, protocol, rate, receiver, representation, scale, search, sensor, sequence, signal, single, size, standard, term, tool, transmission, way","estimation, strategy, random, map, practical, particular, probability, reasoning, energy, game, protocol, theory, way, access, binary, bound, capacity, channel, computation, condition, constraint, matrix, measure, node, power, relay, service, tree, variable"
cs,6,2010–2015,2015–2020,2010–2015 → 2015–2020,0.48545,0.51455,"estimation, strategy, random, map, practical, particular, probability, reasoning, energy, game, protocol, theory, way, access, binary, bound, capacity, channel, computation, condition, constraint, matrix, measure, node, power, relay, service, tree, variable","energy, estimation, map, practical, reasoning, strategy, able, consistency, perception, game, power, variable, convolutional_neural_network, datum, direction, random, requirement, theory, word"
cs,6,2015–2020,2020–2025,2015–2020 → 2020–2025,0.558996,0.441004,"energy, estimation, map, practical, reasoning, strategy, able, consistency, perception, game, power, variable, convolutional_neural_network, datum, direction, random, requirement, theory, word","consistency, datum, energy, estimation, map, perception, practical, reasoning, strategy, relation, able, direction"
cs,7,2000–2005,2005–2010,2000–2005 → 2005–2010,0.122515,0.877485,"language, program, complexity, logic, particular, quantum, channel, constraint, property, set, space, type, architecture, certain, code, communication, definition, distribution, domain, efficient, environment, function, group, linear, node, optimal, order, parallel, physics, polynomial, programming, protocol, random, rate, resource, rule, scheme, search, software, structure","channel, probability, rate, scheme, constraint, matrix, power, protocol, strategy, theory, complexity, cost, degree, design, development, distribution, dynamic, edge, error, finite, fractal, instance, linear, list, node, numerical, operation, optimal, order, parallel, path, pattern, polynomial, programming, property, quantum, random, software, space, speed, structure, vector, way, weight"
cs,7,2005–2010,2010–2015,2005–2010 → 2010–2015,0.251375,0.748625,"channel, probability, rate, scheme, constraint, matrix, power, protocol, strategy, theory, complexity, cost, degree, design, development, distribution, dynamic, edge, error, finite, fractal, instance, linear, list, node, numerical, operation, optimal, order, parallel, path, pattern, polynomial, programming, property, quantum, random, software, space, speed, structure, vector, way, weight","software, way, matrix, group, probability, protocol, channel, power, second, tree, wireless, approximation, block, bound, capacity, constant, distance, edge, energy, fast, form, game, instance, internet, list, measure, numerical, operation, particular, pattern, rank, selection, service, speed, theory, vector, weight, word"
cs,7,2010–2015,2015–2020,2010–2015 → 2015–2020,0.469758,0.530242,"software, way, matrix, group, probability, protocol, channel, power, second, tree, wireless, approximation, block, bound, capacity, constant, distance, edge, energy, fast, form, game, instance, internet, list, measure, numerical, operation, particular, pattern, rank, selection, service, speed, theory, vector, weight, word","software, way, crucial, reinforcement_learning, relevant, code_available, observation, possible, preference, change, numerical, theory, block, cnn, constant, distance, fast, mapping, matrix, mobile, parallel, power, prompt, second, similar, vertex, web, wireless"
cs,7,2015–2020,2020–2025,2015–2020 → 2020–2025,0.534921,0.465079,"software, way, crucial, reinforcement_learning, relevant, code_available, observation, possible, preference, change, numerical, theory, block, cnn, constant, distance, fast, mapping, matrix, mobile, parallel, power, prompt, second, similar, vertex, web, wireless","code_available, crucial, observation, possible, preference, prompt, reinforcement_learning, relevant, software, way"
cs,8,2000–2005,2005–2010,2000–2005 → 2005–2010,0.270884,0.729116,"set, logic, program, function, language, representation, class, code, complexity, property, quantum, space, channel, computational, distribution, energy, environment, error, graph, grid, knowledge, matrix, minimal, operator, order, point, policy, probability, proof, rate, requirement, sequence, standard, structure, term, theory","complexity, set, channel, property, error, matrix, probability, scheme, space, access, communication, condition, constraint, dimensional, discrete, distance, distribution, factor, finite, independent, linear, logic, memory, particular, power, program, protocol, random, rate, region, relay, sequence, signal, spreadsheet, transmission, type, vector, way, wireless"
cs,8,2005–2010,2010–2015,2005–2010 → 2010–2015,0.473539,0.526461,"complexity, set, channel, property, error, matrix, probability, scheme, space, access, communication, condition, constraint, dimensional, discrete, distance, distribution, factor, finite, independent, linear, logic, memory, particular, power, program, protocol, random, rate, region, relay, sequence, signal, spreadsheet, transmission, type, vector, way, wireless","complexity, set, random, polynomial, power, theory, vector, protocol, service, social, way, access, area, channel, computation, degree, discrete, energy, game, independent, matrix, measure, parallel, particular, programming, proof, scheme, software, sparse, transmission, tree, variable, vertex"
cs,8,2010–2015,2015–2020,2010–2015 → 2015–2020,0.584176,0.415824,"complexity, set, random, polynomial, power, theory, vector, protocol, service, social, way, access, area, channel, computation, degree, discrete, energy, game, independent, matrix, measure, parallel, particular, programming, proof, scheme, software, sparse, transmission, tree, variable, vertex","complexity, set, social, vector, polynomial, human, latent, measurement, original, random, recognition, able, category, challenging, convolutional_neural_network, estimation, flow, gaussian, logic, pair, parallel, processing, proof, role, service, stochastic, theory, tree, variable, version, vertex, wireless"
cs,8,2015–2020,2020–2025,2015–2020 → 2020–2025,0.609905,0.390095,"complexity, set, social, vector, polynomial, human, latent, measurement, original, random, recognition, able, category, challenging, convolutional_neural_network, estimation, flow, gaussian, logic, pair, parallel, processing, proof, role, service, stochastic, theory, tree, variable, version, vertex, wireless","complexity, estimation, human, latent, original, recognition, set, social, vector, direction, role"
cs,9,2000–2005,2005–2010,2000–2005 → 2005–2010,0.214988,0.785012,"set, complexity, logic, program, quantum, capacity, class, code, function, non, order, query, semantic, service, agent, bound, channel, cluster, computer, constraint, decision, domain, interface, language, optimal, policy, proof, resource, rule, scheme, size, strategy, structure, way, word","channel, property, constraint, semantic, available, complexity, logic, non, order, probability, protocol, quantum, rate, theory, bound, capacity, cluster, communication, description, distribution, error, fact, field, game, measure, polynomial, power, scheme, search, set, signal, single, size, transmission, variable"
cs,9,2005–2010,2010–2015,2005–2010 → 2010–2015,0.476781,0.523219,"channel, property, constraint, semantic, available, complexity, logic, non, order, probability, protocol, quantum, rate, theory, bound, capacity, cluster, communication, description, distribution, error, fact, field, game, measure, polynomial, power, scheme, search, set, signal, single, size, transmission, variable","available, constraint, property, semantic, benchmark, game, channel, energy, group, probability, social, access, capacity, condition, logic, matrix, particular, possible, power, program, protocol, quantum, random, sensor, service, software, transmission, variable, wireless"
cs,9,2010–2015,2015–2020,2010–2015 → 2015–2020,0.682397,0.317603,"available, constraint, property, semantic, benchmark, game, channel, energy, group, probability, social, access, capacity, condition, logic, matrix, particular, possible, power, program, protocol, quantum, random, sensor, service, software, transmission, variable, wireless","available, benchmark, constraint, property, semantic, access, cnn, game, program, protocol, social, addition, camera, compression, convolutional_neural_network, difference, distance, group, length, pair, processing, random, relation, second, word"
cs,9,2015–2020,2020–2025,2015–2020 → 2020–2025,0.590929,0.409071,"available, benchmark, constraint, property, semantic, access, cnn, game, program, protocol, social, addition, camera, compression, convolutional_neural_network, difference, distance, group, length, pair, processing, random, relation, second, word","access, available, benchmark, compression, constraint, property, semantic, pair, geometric, protocol, augmentation, cnn, original, datum, difference"
cs,10,2000–2005,2005–2010,2000–2005 → 2005–2010,0.136002,0.863998,"program, logic, property, set, structure, bit, class, code, linear, scheme, theory, able, channel, communication, computer, concept, distance, dynamic, function, group, internet, management, non, operator, order, parallel, pattern, protocol, quantum, random, reasoning, representation, resource, semantic, sense, service, site, size, software, type, view, way","linear, channel, term, matrix, scheme, node, order, polynomial, program, protocol, query, rate, sample, service, size, able, bit, communication, condition, error, experimental, gain, group, limit, particular, probability, property, random, region, search, sequence, theory, type, wireless"
cs,10,2005–2010,2010–2015,2005–2010 → 2010–2015,0.36002,0.63998,"linear, channel, term, matrix, scheme, node, order, polynomial, program, protocol, query, rate, sample, service, size, able, bit, communication, condition, error, experimental, gain, group, limit, particular, probability, property, random, region, search, sequence, theory, type, wireless","experimental, linear, query, sample, term, computational, matrix, power, random, probability, theory, capacity, channel, game, logic, program, protocol, service, sparse, way, web, wireless"
cs,10,2010–2015,2015–2020,2010–2015 → 2015–2020,0.602178,0.397822,"experimental, linear, query, sample, term, computational, matrix, power, random, probability, theory, capacity, channel, game, logic, program, protocol, service, sparse, way, web, wireless","computational, experimental, linear, matrix, query, sample, term, classifier, assessment, random, structured, access, interest, matching, power, probability, program, stochastic"
cs,10,2015–2020,2020–2025,2015–2020 → 2020–2025,0.744062,0.255938,"computational, experimental, linear, matrix, query, sample, term, classifier, assessment, random, structured, access, interest, matching, power, probability, program, stochastic","assessment, computational, experimental, linear, matrix, query, sample, structured, term, classifier, interest"
cs,11,2000–2005,2005–2010,2000–2005 → 2005–2010,0.139337,0.860663,"logic, quantum, set, code, constraint, design, dynamic, knowledge, node, program, property, query, rule, semantic, available, capacity, channel, classical, common, database, distribution, efficient, factor, finite, function, generation, language, linear, order, particular, point, programming, proof, rate, resource, scheme, service, software, space, speech, technology, useful, word","channel, design, knowledge, capacity, rate, power, way, bound, class, classical, communication, complexity, constraint, distance, efficient, game, gaussian, independent, machine, management, matrix, measure, non, order, packet, particular, point, probability, program, quantum, question, random, scheme, security, set, signal, source, strategy, tree"
cs,11,2005–2010,2010–2015,2005–2010 → 2010–2015,0.331057,0.668943,"channel, design, knowledge, capacity, rate, power, way, bound, class, classical, communication, complexity, constraint, distance, efficient, game, gaussian, independent, machine, management, matrix, measure, non, order, packet, particular, point, probability, program, quantum, question, random, scheme, security, set, signal, source, strategy, tree","design, knowledge, question, program, game, group, length, management, packet, random, second, service, way, alignment, approximation, channel, community, computational, energy, independent, logic, machine, measure, particular, path, polynomial, possible, power, probability, protocol, software, tree, web, wireless"
cs,11,2010–2015,2015–2020,2010–2015 → 2015–2020,0.404104,0.595896,"design, knowledge, question, program, game, group, length, management, packet, random, second, service, way, alignment, approximation, channel, community, computational, energy, independent, logic, machine, measure, particular, path, polynomial, possible, power, probability, protocol, software, tree, web, wireless","alignment, design, knowledge, question, modality, community, planning, cnn, public, challenging, entity, capacity, choice, interest, length, maximum, parallel, path, polynomial, possible, power, program, random, requirement"
cs,11,2015–2020,2020–2025,2015–2020 → 2020–2025,0.772811,0.227189,"alignment, design, knowledge, question, modality, community, planning, cnn, public, challenging, entity, capacity, choice, interest, length, maximum, parallel, path, polynomial, possible, power, program, random, requirement","alignment, challenging, design, knowledge, modality, planning, public, question, requirement, downstream, entity"
cs,12,2000–2005,2005–2010,2000–2005 → 2005–2010,0.470697,0.529303,"level, program, class, constraint, language, logic, quantum, complexity, distribution, optimal, polynomial, programming, set, type, word, basis, channel, dynamic, environment, function, internet, linear, order, particular, point, public, real, representation, resource, rule, scheme, semantic, size, structure, theory, tree","level, channel, node, logic, power, scheme, class, quantum, random, wireless, word, communication, complexity, constraint, distribution, dynamic, factor, free, linear, matrix, optimal, order, processing, program, property, rank, region, resource, search, service, set, signal, size, software, source, tree, well"
cs,12,2005–2010,2010–2015,2005–2010 → 2010–2015,0.465683,0.534317,"level, channel, node, logic, power, scheme, class, quantum, random, wireless, word, communication, complexity, constraint, distribution, dynamic, factor, free, linear, matrix, optimal, order, processing, program, property, rank, region, resource, search, service, set, signal, size, software, source, tree, well","level, node, probability, game, matrix, motion, power, group, random, sensor, service, software, approximation, bit, capacity, channel, computation, energy, estimation, form, free, individual, pattern, protocol, region, social, sparse, technology, theory, tree, vector, well, wireless, word"
cs,12,2010–2015,2015–2020,2010–2015 → 2015–2020,0.540168,0.459832,"level, node, probability, game, matrix, motion, power, group, random, sensor, service, software, approximation, bit, capacity, channel, computation, energy, estimation, form, free, individual, pattern, protocol, region, social, sparse, technology, theory, tree, vector, well, wireless, word","game, level, motion, node, power, probability, fine_tuning, random, tree, cnn, protocol, able, activity, approximation, bit, database, measure, possible, precision, processing, second, theory"
cs,12,2015–2020,2020–2025,2015–2020 → 2020–2025,0.658738,0.341262,"game, level, motion, node, power, probability, fine_tuning, random, tree, cnn, protocol, able, activity, approximation, bit, database, measure, possible, precision, processing, second, theory","fine_tuning, game, level, motion, node, power, probability, tree, matching, able, advantage, contribution, datum, protocol, rule"
cs,13,2000–2005,2005–2010,2000–2005 → 2005–2010,0.402246,0.597754,"datum, network, complexity, logic, program, constraint, function, resource, service, set, structure, theory, type, channel, class, code, context, control, cost, database, description, environment, group, internet, language, natural_language, node, protocol, query, relation, rule, scale, scheme, search, tool, web","channel, datum, network, scheme, node, theory, constraint, order, property, access, class, complexity, control, cost, description, error, finite, game, linear, logic, matrix, power, probability, program, protocol, query, random, rate, service, signal, single, strategy, term, transmission, type"
cs,13,2005–2010,2010–2015,2005–2010 → 2010–2015,0.382469,0.617531,"channel, datum, network, scheme, node, theory, constraint, order, property, access, class, complexity, control, cost, description, error, finite, game, linear, logic, matrix, power, probability, program, protocol, query, random, rate, service, signal, single, strategy, term, transmission, type","datum, network, dimensional, extensive, global, wireless, channel, operation, well, access, node, random, social, theoretical, bound, cluster, community, energy, game, matrix, power, service, theory, tree"
cs,13,2010–2015,2015–2020,2010–2015 → 2015–2020,0.755947,0.244053,"datum, network, dimensional, extensive, global, wireless, channel, operation, well, access, node, random, social, theoretical, bound, cluster, community, energy, game, matrix, power, service, theory, tree","datum, dimensional, extensive, global, network, operation, theoretical, well, physical, paradigm, social, tree, wireless"
cs,13,2015–2020,2020–2025,2015–2020 → 2020–2025,0.913414,0.086586,"datum, dimensional, extensive, global, network, operation, theoretical, well, physical, paradigm, social, tree, wireless","datum, dimensional, extensive, global, operation, paradigm, physical, theoretical, well, network, student"
cs,14,2000–2005,2005–2010,2000–2005 → 2005–2010,0.282978,0.717022,"program, set, distribution, quantum, complexity, function, grid, logic, programming, scheme, structure, channel, class, code, constraint, database, design, error, execution, grammar, input, knowledge, language, non, notion, order, policy, polytope, probability, proof, property, protocol, rate, rule, semantic, service, software, term, theory, tool, type, variable, way","channel, distribution, rate, complexity, polynomial, protocol, quantum, random, scheme, search, theory, access, algebra, approximation, binary, capacity, class, distance, error, finite, game, length, linear, message, node, order, particular, possible, power, probability, requirement, semantic, single, structure, transmission, wireless"
cs,14,2005–2010,2010–2015,2005–2010 → 2010–2015,0.422442,0.577558,"channel, distribution, rate, complexity, polynomial, protocol, quantum, random, scheme, search, theory, access, algebra, approximation, binary, capacity, class, distance, error, finite, game, length, linear, message, node, order, particular, possible, power, probability, requirement, semantic, single, structure, transmission, wireless","distribution, rate, power, probability, theory, access, approximation, channel, energy, matrix, polynomial, possible, protocol, random, collection, construction, decoder, finite, game, measure, node, particular, rank, relation, relay, social, sparse, statistical, vertex, way, wireless"
cs,14,2010–2015,2015–2020,2010–2015 → 2015–2020,0.6002,0.3998,"distribution, rate, power, probability, theory, access, approximation, channel, energy, matrix, polynomial, possible, protocol, random, collection, construction, decoder, finite, game, measure, node, particular, rank, relation, relay, social, sparse, statistical, vertex, way, wireless","distribution, rate, sparse, joint, protocol, probability, similarity, theory, access, cnn, random, shift, variable, capacity, community, construction, energy, fundamental, pair, phase, polynomial, possible, power, ratio, relation, social, statistical, wireless"
cs,14,2015–2020,2020–2025,2015–2020 → 2020–2025,0.673032,0.326968,"distribution, rate, sparse, joint, protocol, probability, similarity, theory, access, cnn, random, shift, variable, capacity, community, construction, energy, fundamental, pair, phase, polynomial, possible, power, ratio, relation, social, statistical, wireless","distribution, joint, protocol, rate, shift, similarity, sparse, probability, computing, pair, datum, unsupervised, automatic, fundamental, literature, relation"
cs,15,2000–2005,2005–2010,2000–2005 → 2005–2010,0.216083,0.783917,"quantum, complexity, constraint, function, logic, order, program, property, set, cluster, code, language, programming, scheme, theory, tool, type, channel, class, control, dynamic, environment, error, extension, level, matrix, multi, optimization, representation, rule, sequence, service, space","channel, control, scheme, program, complexity, error, matrix, property, protocol, quantum, step, approximation, attention, capacity, class, communication, complete, computation, delay, dynamic, game, logic, mechanism, noise, notion, output, pattern, polynomial, power, random, rate, relay, representation, sequence, signal, tool, tree, vertex, way, word"
cs,15,2005–2010,2010–2015,2005–2010 → 2010–2015,0.297353,0.702647,"channel, control, scheme, program, complexity, error, matrix, property, protocol, quantum, step, approximation, attention, capacity, class, communication, complete, computation, delay, dynamic, game, logic, mechanism, noise, notion, output, pattern, polynomial, power, random, rate, relay, representation, sequence, signal, tool, tree, vertex, way, word","attention, control, output, step, channel, finding, probability, game, polynomial, theory, tree, vector, approximation, concept, edge, energy, measure, mechanism, noise, operation, power, program, random, service, social, web, well, wireless, word"
cs,15,2010–2015,2015–2020,2010–2015 → 2015–2020,0.702858,0.297142,"attention, control, output, step, channel, finding, probability, game, polynomial, theory, tree, vector, approximation, concept, edge, energy, measure, mechanism, noise, operation, power, program, random, service, social, web, well, wireless, word","attention, control, finding, output, step, service, robotic, social, superior, tree, polynomial, theory, cnn, community, group, power, program, protocol, reliable, similarity, unsupervised, vector"
cs,15,2015–2020,2020–2025,2015–2020 → 2020–2025,0.788976,0.211024,"attention, control, finding, output, step, service, robotic, social, superior, tree, polynomial, theory, cnn, community, group, power, program, protocol, reliable, similarity, unsupervised, vector","attention, control, finding, output, reliable, robotic, step, superior, similarity, group, length, block, classifier, precise, service, speed"
cs,16,2000–2005,2005–2010,2000–2005 → 2005–2010,0.132863,0.867137,"logic, program, function, language, finite, order, quantum, scheme, semantic, set, structure, available, capacity, channel, common, communication, complexity, computation, constraint, control, decision, form, knowledge, level, minimum, non, particular, policy, possible, power, programming, property, random, rule, search, size, software, source, space, term, theory, variable","channel, efficiency, cost, error, order, sequence, source, theory, property, quantum, random, rate, scheme, approximation, cell, complexity, control, development, logic, matrix, node, non, notion, optimal, pattern, power, probability, program, protocol, quality, signal, single, space, term, traffic"
cs,16,2005–2010,2010–2015,2005–2010 → 2010–2015,0.360146,0.639854,"channel, efficiency, cost, error, order, sequence, source, theory, property, quantum, random, rate, scheme, approximation, cell, complexity, control, development, logic, matrix, node, non, notion, optimal, pattern, power, probability, program, protocol, quality, signal, single, space, term, traffic","cost, efficiency, capability, self, generalization, capacity, theory, distance, game, response, variable, wireless, cell, channel, comprehensive, computation, development, document, logic, matrix, notion, pattern, possible, probability, program, random, sequence, similar, tree, web"
cs,16,2010–2015,2015–2020,2010–2015 → 2015–2020,0.534053,0.465947,"cost, efficiency, capability, self, generalization, capacity, theory, distance, game, response, variable, wireless, cell, channel, comprehensive, computation, development, document, logic, matrix, notion, pattern, possible, probability, program, random, sequence, similar, tree, web","capability, comprehensive, cost, distance, efficiency, generalization, response, self, datum, recommendation, capacity, game, message, social"
cs,16,2015–2020,2020–2025,2015–2020 → 2020–2025,0.866882,0.133118,"capability, comprehensive, cost, distance, efficiency, generalization, response, self, datum, recommendation, capacity, game, message, social","capability, comprehensive, cost, datum, efficiency, generalization, response, self, recommendation, distance, gpt, integration, unified"
cs,17,2000–2005,2005–2010,2000–2005 → 2005–2010,0.181669,0.818331,"program, language, logic, function, structure, complexity, constraint, dimension, quantum, scheme, service, software, theory, way, channel, class, code, error, graph, grid, knowledge, level, node, notion, order, polynomial, possible, probability, programming, random, resource, rule, semantic, set, source, strategy, tree","channel, source, order, probability, scheme, complexity, logic, polynomial, program, property, protocol, rate, tree, block, broad, distance, family, finite, interference, length, level, node, non, random, real, relay, resource, sequence, service, size, standard, structure, term, theory, traditional, way, word"
cs,17,2005–2010,2010–2015,2005–2010 → 2010–2015,0.278556,0.721444,"channel, source, order, probability, scheme, complexity, logic, polynomial, program, property, protocol, rate, tree, block, broad, distance, family, finite, interference, length, level, node, non, random, real, relay, resource, sequence, service, size, standard, structure, term, theory, traditional, way, word","source, traditional, theory, tree, gap, protocol, channel, matrix, power, probability, way, word, capacity, construction, dimensional, energy, free, independent, logic, measure, numerical, particular, polynomial, program, random, rule, service, social, software, technology, trajectory, vector, wireless"
cs,17,2010–2015,2015–2020,2010–2015 → 2015–2020,0.424529,0.575471,"source, traditional, theory, tree, gap, protocol, channel, matrix, power, probability, way, word, capacity, construction, dimensional, energy, free, independent, logic, measure, numerical, particular, polynomial, program, random, rule, service, social, software, technology, trajectory, vector, wireless","gap, source, traditional, trajectory, pair, change, cnn, theory, variable, phase, probability, requirement, able, bit, capacity, classical, embedding, polynomial, power, processing, random, service, social, vector, vertex, word"
cs,17,2015–2020,2020–2025,2015–2020 → 2020–2025,0.6101,0.3899,"gap, source, traditional, trajectory, pair, change, cnn, theory, variable, phase, probability, requirement, able, bit, capacity, classical, embedding, polynomial, power, processing, random, service, social, vector, vertex, word","change, gap, pair, phase, source, traditional, trajectory, variable, relationship, classical, cnn, able, requirement, shape"
cs,18,2000–2005,2005–2010,2000–2005 → 2005–2010,0.138681,0.861319,"logic, set, language, program, theory, channel, complexity, constraint, grid, level, order, polynomial, property, query, arbitrary, class, description, distribution, domain, environment, form, function, linear, machine, optimal, point, principle, probability, programming, proof, quantum, rule, scheme, sequence, service, source, strategy, tree, web","channel, scheme, random, source, order, query, rate, sequence, theory, adaptive, binary, capacity, complete, construction, decomposition, factor, finite, grid, group, input, interference, linear, link, local, logic, node, parallel, point, polynomial, probability, program, proof, protocol, quantum, sensor, service, sparse, tool, tree, variable, vector, way, weight"
cs,18,2005–2010,2010–2015,2005–2010 → 2010–2015,0.109085,0.890915,"channel, scheme, random, source, order, query, rate, sequence, theory, adaptive, binary, capacity, complete, construction, decomposition, factor, finite, grid, group, input, interference, linear, link, local, logic, node, parallel, point, polynomial, probability, program, proof, protocol, quantum, sensor, service, sparse, tool, tree, variable, vector, way, weight","adaptive, protocol, theory, computation, power, wireless, approximation, capacity, finite, interference, operation, software, tree, access, active, binary, bound, channel, community, constant, degree, energy, game, global, matrix, path, polynomial, probability, random, scheme, sequence, service, social, version, way, web"
cs,18,2010–2015,2015–2020,2010–2015 → 2015–2020,0.445482,0.554518,"adaptive, protocol, theory, computation, power, wireless, approximation, capacity, finite, interference, operation, software, tree, access, active, binary, bound, channel, community, constant, degree, energy, game, global, matrix, path, polynomial, probability, random, scheme, sequence, service, social, version, way, web","adaptive, theory, estimation, form, access, cnn, community, power, regression, relation, able, advantage, bit, category, change, classical, cloud, computation, constant, convolutional, datum, direction, energy, finite, flow, game, interest, literature, management, measure, path, popular, possible, protocol, random, respect, sensor, social, version, vertex, wireless, word"
cs,18,2015–2020,2020–2025,2015–2020 → 2020–2025,0.44003,0.55997,"adaptive, theory, estimation, form, access, cnn, community, power, regression, relation, able, advantage, bit, category, change, classical, cloud, computation, constant, convolutional, datum, direction, energy, finite, flow, game, interest, literature, management, measure, path, popular, possible, protocol, random, respect, sensor, social, version, vertex, wireless, word","adaptive, datum, direction, estimation, regression, training, computation, objective, algorithm, requirement, automatic, category, classical, cnn, convolutional, hard, instance, network, numerical, proof, relation, similarity, stochastic, theory"
cs,19,2000–2005,2005–2010,2000–2005 → 2005–2010,0.102604,0.897396,"quantum, theory, semantic, set, structure, class, complexity, constraint, distribution, logic, order, space, way, access, article, design, dimensional, function, grid, internet, language, level, machine, measure, pattern, point, policy, power, probability, program, programming, proof, property, rate, relation, resource, rule, single, term, tree","point, channel, order, power, complexity, finite, node, probability, property, protocol, rate, scheme, variable, way, capacity, class, communication, concept, condition, constant, constraint, control, development, factor, joint, length, logic, management, path, polynomial, quantum, region, semantic, set, spreadsheet, structure, transmitter"
cs,19,2005–2010,2010–2015,2005–2010 → 2010–2015,0.395599,0.604401,"point, channel, order, power, complexity, finite, node, probability, property, protocol, rate, scheme, variable, way, capacity, class, communication, concept, condition, constant, constraint, control, development, factor, joint, length, logic, management, path, polynomial, quantum, region, semantic, set, spreadsheet, structure, transmitter","point, action, effectiveness, capacity, channel, limited, matrix, particular, wireless, finite, polynomial, protocol, region, theory, certain, computation, constant, diverse, game, link, measure, node, power, probability, program, random, sensor, social, uncertainty, way"
cs,19,2010–2015,2015–2020,2010–2015 → 2015–2020,0.475864,0.524136,"point, action, effectiveness, capacity, channel, limited, matrix, particular, wireless, finite, polynomial, protocol, region, theory, certain, computation, constant, diverse, game, link, measure, node, power, probability, program, random, sensor, social, uncertainty, way","action, diverse, effectiveness, limited, point, uncertainty, cnn, matrix, automatic, certain, characteristic, computation, connection, convolutional_neural_network, correlation, entity, estimation, frame, polynomial, popular, probability, protocol, sensor, social, theory, unsupervised, wireless"
cs,19,2015–2020,2020–2025,2015–2020 → 2020–2025,0.84934,0.15066,"action, diverse, effectiveness, limited, point, uncertainty, cnn, matrix, automatic, certain, characteristic, computation, connection, convolutional_neural_network, correlation, entity, estimation, frame, polynomial, popular, probability, protocol, sensor, social, theory, unsupervised, wireless","action, diverse, effectiveness, limited, point, uncertainty, estimation, characteristic, cnn, document, lack, popular, entity, hand, matrix, protocol"
cs,20,2000–2005,2005–2010,2000–2005 → 2005–2010,0.100594,0.899406,"logic, constraint, language, property, set, theory, class, function, knowledge, quantum, semantic, space, adaptive, basis, channel, code, complexity, computational, computer, context, control, degree, design, dimensional, domain, error, grid, key, mechanism, node, non, object, program, programming, relation, rule, scale, scheme, web","channel, architecture, scheme, matrix, random, signal, complexity, constraint, error, size, theory, access, antenna, binary, capacity, class, dimensional, form, independent, key, log, logic, node, non, order, particular, point, polynomial, probability, programming, protocol, real, relation, set, space, term, variant, wireless"
cs,20,2005–2010,2010–2015,2005–2010 → 2010–2015,0.435064,0.564936,"channel, architecture, scheme, matrix, random, signal, complexity, constraint, error, size, theory, access, antenna, binary, capacity, class, dimensional, form, independent, key, log, logic, node, non, order, particular, point, polynomial, probability, programming, protocol, real, relation, set, space, term, variant, wireless","architecture, matrix, channel, energy, impact, power, random, computation, probability, protocol, social, tree, variable, access, capacity, dimensional, distance, factor, game, generative, group, measure, minimum, notion, packet, particular, path, real, scheme, search, signal, stochastic, transmission, variant, wireless, word"
cs,20,2010–2015,2015–2020,2010–2015 → 2015–2020,0.423977,0.576023,"architecture, matrix, channel, energy, impact, power, random, computation, probability, protocol, social, tree, variable, access, capacity, dimensional, distance, factor, game, generative, group, measure, minimum, notion, packet, particular, path, real, scheme, search, signal, stochastic, transmission, variant, wireless, word","architecture, generative, impact, pipeline, service, social, cnn, power, characteristic, cloud, cluster, community, continuous, conventional, dimensional, distance, energy, factor, flow, game, hierarchical, independent, link, logic, network, pair, parallel, phase, possible, probability, product, random, shape, wireless, word"
cs,20,2015–2020,2020–2025,2015–2020 → 2020–2025,0.575816,0.424184,"architecture, generative, impact, pipeline, service, social, cnn, power, characteristic, cloud, cluster, community, continuous, conventional, dimensional, distance, energy, factor, flow, game, hierarchical, independent, link, logic, network, pair, parallel, phase, possible, probability, product, random, shape, wireless, word","architecture, dimensional, generative, impact, pipeline, shape, pair, way, datum, network, hierarchical, independent, possible, role, service, transfer"
cs,21,2000–2005,2005–2010,2000–2005 → 2005–2010,0.085676,0.914324,"language, program, function, logic, structure, order, programming, quantum, representation, scheme, access, class, complexity, computational, constraint, dependency, distribution, domain, dynamic, environment, error, extension, form, grid, group, input, internet, kind, knowledge, level, object, operator, optimization, processing, proof, property, rate, rule, scale, semantic, set, theory, way","channel, accuracy, scheme, text, complexity, rate, signal, layer, node, access, action, communication, concept, dynamic, error, finite, form, free, game, group, interference, level, logic, minimum, optimal, order, polynomial, power, processing, protocol, random, scale, sequence, spreadsheet, structure, transmission, tree, way, wireless"
cs,21,2005–2010,2010–2015,2005–2010 → 2010–2015,0.38063,0.61937,"channel, accuracy, scheme, text, complexity, rate, signal, layer, node, access, action, communication, concept, dynamic, error, finite, form, free, game, group, interference, level, logic, minimum, optimal, order, polynomial, power, processing, protocol, random, scale, sequence, spreadsheet, structure, transmission, tree, way, wireless","accuracy, layer, signal, text, game, stage, approximation, channel, particular, random, service, theory, tree, area, degree, dimensional, distance, energy, fine, form, frequency, group, logic, minimum, possible, power, probability, region, sparse"
cs,21,2010–2015,2015–2020,2010–2015 → 2015–2020,0.620605,0.379395,"accuracy, layer, signal, text, game, stage, approximation, channel, particular, random, service, theory, tree, area, degree, dimensional, distance, energy, fine, form, frequency, group, logic, minimum, possible, power, probability, region, sparse","accuracy, fine, layer, signal, stage, text, safety, possible, variable, able, service, addition, cnn, common, frequency, minimum, open, random, theory, word"
cs,21,2015–2020,2020–2025,2015–2020 → 2020–2025,0.894842,0.105158,"accuracy, fine, layer, signal, stage, text, safety, possible, variable, able, service, addition, cnn, common, frequency, minimum, open, random, theory, word","accuracy, fine, layer, safety, signal, stage, text, variable, open, lightweight, able, possible, service"
cs,22,2000–2005,2005–2010,2000–2005 → 2005–2010,0.124832,0.875168,"set, class, language, logic, program, theory, agent, architecture, constraint, function, quantum, scheme, semantic, structure, type, accuracy, channel, complexity, construction, design, environment, file, grid, internet, knowledge, linear, natural, neural_network, object, order, programming, property, representation, search, service, software, universal","channel, scheme, probability, capacity, matrix, program, protocol, sequence, sum, agent, communication, complexity, computation, dimensional, effective, environment, error, form, game, group, language, linear, machine, management, message, node, non, order, particular, point, power, quantum, random, rate, region, semantic, set, software, source, spreadsheet, total, tree, type, wireless"
cs,22,2005–2010,2010–2015,2005–2010 → 2010–2015,0.243466,0.756534,"channel, scheme, probability, capacity, matrix, program, protocol, sequence, sum, agent, communication, complexity, computation, dimensional, effective, environment, error, form, game, group, language, linear, machine, management, message, node, non, order, particular, point, power, quantum, random, rate, region, semantic, set, software, source, spreadsheet, total, tree, type, wireless","temporal, label, random, channel, probability, protocol, robustness, wireless, energy, matrix, polynomial, software, understanding, bound, capacity, community, complete, degree, finite, game, natural, parallel, particular, player, power, processing, program, quantum, region, sequence, stochastic, theory, total, tree, word"
cs,22,2010–2015,2015–2020,2010–2015 → 2015–2020,0.429038,0.570962,"temporal, label, random, channel, probability, protocol, robustness, wireless, energy, matrix, polynomial, software, understanding, bound, capacity, community, complete, degree, finite, game, natural, parallel, particular, player, power, processing, program, quantum, region, sequence, stochastic, theory, total, tree, word","label, robustness, temporal, understanding, processing, transformer, access, random, able, channel, cnn, goal, measure, service, advantage, capacity, complete, distance, energy, pair, polynomial, power, protocol, theory"
cs,22,2015–2020,2020–2025,2015–2020 → 2020–2025,0.629413,0.370587,"label, robustness, temporal, understanding, processing, transformer, access, random, able, channel, cnn, goal, measure, service, advantage, capacity, complete, distance, energy, pair, polynomial, power, protocol, theory","channel, label, robustness, temporal, transformer, understanding, processing, software, cnn, access, dual, integration, able, direction, goal, image, observation, service"
cs,23,2000–2005,2005–2010,2000–2005 → 2005–2010,0.35577,0.64423,"graph, set, language, multi, program, theory, error, function, logic, capacity, channel, class, classical, communication, complexity, computer, constraint, control, design, distribution, domain, key, knowledge, particular, previous, probability, property, quantum, query, representation, rule, search, semantic, service, software, space, structure, term, tree, xml","error, graph, multi, channel, local, approximation, capacity, interaction, order, protocol, rate, scheme, tree, complexity, constraint, edge, group, linear, matrix, optimal, polynomial, probabilistic, property, quantum, receiver, region, set, source, theory, tool, wireless"
cs,23,2005–2010,2010–2015,2005–2010 → 2010–2015,0.515528,0.484472,"error, graph, multi, channel, local, approximation, capacity, interaction, order, protocol, rate, scheme, tree, complexity, constraint, edge, group, linear, matrix, optimal, polynomial, probabilistic, property, quantum, receiver, region, set, source, theory, tool, wireless","edge, error, graph, interaction, local, multi, end, selection, capacity, channel, power, random, distance, group, instance, particular, social, tree, vertex, wireless"
cs,23,2010–2015,2015–2020,2010–2015 → 2015–2020,0.774,0.226,"edge, error, graph, interaction, local, multi, end, selection, capacity, channel, power, random, distance, group, instance, particular, social, tree, vertex, wireless","edge, end, error, graph, instance, interaction, local, multi, selection, random, relationship"
cs,23,2015–2020,2020–2025,2015–2020 → 2020–2025,0.927894,0.072106,"edge, end, error, graph, instance, interaction, local, multi, selection, random, relationship","edge, end, error, graph, interaction, local, multi, selection, instance, relationship, network, structural, traffic"
cs,24,2000–2005,2005–2010,2000–2005 → 2005–2010,0.157305,0.842695,"logic, program, quantum, code, complexity, language, object, random, set, space, access, agent, channel, class, classical, computer, distribution, domain, economic, event, finite, form, function, fuzzy, infrastructure, internet, knowledge, linear, non, optimization, order, particular, point, possible, programming, property, query, representation, robot, rule, service, software, standard, strategy, type, version","channel, optimization, object, resource, key, property, protocol, quantum, random, scheme, theory, communication, complexity, control, decision, error, finite, form, linear, matrix, node, order, particular, point, polynomial, possible, probability, program, rate, region, sequence, set, software, space, spreadsheet"
cs,24,2005–2010,2010–2015,2005–2010 → 2010–2015,0.424314,0.575686,"channel, optimization, object, resource, key, property, protocol, quantum, random, scheme, theory, communication, complexity, control, decision, error, finite, form, linear, matrix, node, order, particular, point, polynomial, possible, probability, program, rate, region, sequence, set, software, space, spreadsheet","decision, key, object, optimization, quantum, resource, robot, matrix, probability, theory, word, channel, computational, distance, fast, feedback, possible, power, protocol, software, way, wireless"
cs,24,2010–2015,2015–2020,2010–2015 → 2015–2020,0.861056,0.138944,"decision, key, object, optimization, quantum, resource, robot, matrix, probability, theory, word, channel, computational, distance, fast, feedback, possible, power, protocol, software, way, wireless","decision, key, object, optimization, quantum, resource, robot, word, medical, additional, multimodal, fast, wireless"
cs,24,2015–2020,2020–2025,2015–2020 → 2020–2025,0.863518,0.136482,"decision, key, object, optimization, quantum, resource, robot, word, medical, additional, multimodal, fast, wireless","decision, key, medical, object, optimization, quantum, resource, robot, additional, multimodal, word, fusion, deployment"
cs,25,2000–2005,2005–2010,2000–2005 → 2005–2010,0.107586,0.892414,"function, language, logic, program, quantum, service, set, distribution, efficient, order, particular, property, resource, scheme, structure, theory, agent, channel, class, code, complexity, constraint, experimental, internet, knowledge, management, node, notion, polynomial, programming, protocol, query, rule, semantic, software, strong, way","channel, efficient, input, probability, protocol, capacity, constraint, node, property, scheme, variable, agent, communication, complexity, computation, discrete, distribution, experimental, field, group, length, logic, memory, order, point, polynomial, rate, region, relay, search, semantic, sequence, strong, tree, version, way"
cs,25,2005–2010,2010–2015,2005–2010 → 2010–2015,0.396746,0.603254,"channel, efficient, input, probability, protocol, capacity, constraint, node, property, scheme, variable, agent, communication, complexity, computation, discrete, distribution, experimental, field, group, length, logic, memory, order, point, polynomial, rate, region, relay, search, semantic, sequence, strong, tree, version, way","efficient, input, noise, region, computation, probability, approximation, power, protocol, random, social, theory, tree, variable, access, bayesian, bound, channel, fast, finite, group, length, logic, matrix, message, operation, query, theoretical, way"
cs,25,2010–2015,2015–2020,2010–2015 → 2015–2020,0.50733,0.49267,"efficient, input, noise, region, computation, probability, approximation, power, protocol, random, social, theory, tree, variable, access, bayesian, bound, channel, fast, finite, group, length, logic, matrix, message, operation, query, theoretical, way","computation, efficient, fast, input, noise, region, datum, able, second, language, theory, access, activity, bound, matching, probability, program, social, tree, wireless"
cs,25,2015–2020,2020–2025,2015–2020 → 2020–2025,0.777996,0.222004,"computation, efficient, fast, input, noise, region, datum, able, second, language, theory, access, activity, bound, matching, probability, program, social, tree, wireless","computation, datum, efficient, fast, input, language, noise, region, able, automatic, causal, second, world"
cs,26,2000–2005,2005–2010,2000–2005 → 2005–2010,0.176534,0.823466,"function, logic, computation, language, property, theory, code, complexity, distribution, environment, order, semantic, size, structure, bound, channel, dimensional, grid, independent, linear, non, optimal, particular, probability, program, quantum, regulatory, rule, scheme, search, service, set, software, space, telecommunications_act, tree, way, word","channel, order, power, logic, protocol, random, specific, linear, polynomial, scheme, training, block, bound, complexity, constraint, dimensional, distribution, environment, error, game, length, local, measure, non, optimal, parallel, potential, rate, size, spreadsheet, structure, transmission, transmitter, tree, way"
cs,26,2005–2010,2010–2015,2005–2010 → 2010–2015,0.321506,0.678494,"channel, order, power, logic, protocol, random, specific, linear, polynomial, scheme, training, block, bound, complexity, constraint, dimensional, distribution, environment, error, game, length, local, measure, non, optimal, parallel, potential, rate, size, spreadsheet, structure, transmission, transmitter, tree, way","order, potential, specific, training, approximation, group, matrix, score, channel, power, random, theory, energy, game, logic, particular, possible, previous, probability, protocol, security, service, software, transmission, variable, way, web, wireless"
cs,26,2010–2015,2015–2020,2010–2015 → 2015–2020,0.535775,0.464225,"order, potential, specific, training, approximation, group, matrix, score, channel, power, random, theory, energy, game, logic, particular, possible, previous, probability, protocol, security, service, software, transmission, variable, way, web, wireless","group, order, potential, score, specific, training, reward, dimension, information, addition, category, joint, matrix, possible, power, probability, social, software, unsupervised"
cs,26,2015–2020,2020–2025,2015–2020 → 2020–2025,0.64384,0.35616,"group, order, potential, score, specific, training, reward, dimension, information, addition, category, joint, matrix, possible, power, probability, social, software, unsupervised","information, order, potential, reward, score, specific, training, category, dimension, group, adaptation, alternative, sampling"
cs,27,2000–2005,2005–2010,2000–2005 → 2005–2010,0.405893,0.594107,"algorithm, logic, program, complexity, quantum, set, constraint, distribution, level, non, pattern, property, semantic, structure, binary, channel, class, code, complete, decision, grid, language, mechanism, order, possible, programming, proof, rule, scheme, service, source, technology, theory, type","algorithm, channel, environment, complexity, order, prediction, random, scheme, probability, binary, condition, constraint, construction, decision, energy, error, group, length, logic, node, operation, path, pattern, polynomial, possible, power, probabilistic, proof, property, quantum, rate, region, sequence, service, test, theory"
cs,27,2005–2010,2010–2015,2005–2010 → 2010–2015,0.525912,0.474088,"algorithm, channel, environment, complexity, order, prediction, random, scheme, probability, binary, condition, constraint, construction, decision, energy, error, group, length, logic, node, operation, path, pattern, polynomial, possible, power, probabilistic, proof, property, quantum, rate, region, sequence, service, test, theory","algorithm, environment, prediction, test, online, approximation, energy, game, random, tree, channel, logic, binary, capacity, group, machine_learning, message, polynomial, power, probabilistic, region, service, web, word"
cs,27,2010–2015,2015–2020,2010–2015 → 2015–2020,0.728699,0.271301,"algorithm, environment, prediction, test, online, approximation, energy, game, random, tree, channel, logic, binary, capacity, group, machine_learning, message, polynomial, power, probabilistic, region, service, web, word","algorithm, environment, machine_learning, online, prediction, test, sensor, audio, classifier, tree, challenging, energy, game, capacity, random, word"
cs,27,2015–2020,2020–2025,2015–2020 → 2020–2025,0.733332,0.266668,"algorithm, environment, machine_learning, online, prediction, test, sensor, audio, classifier, tree, challenging, energy, game, capacity, random, word","algorithm, audio, challenging, environment, machine_learning, online, prediction, sensor, test, classifier, interest, reliability"
cs,28,2000–2005,2005–2010,2000–2005 → 2005–2010,0.238582,0.761418,"program, theory, language, set, order, quantum, code, complexity, function, logic, agent, approximation, channel, class, computer, computing, constraint, database, description, distribution, domain, file, fuzzy, grid, internet, parallel, programming, random, representation, rule, scheme, search, semantic, sequence, structure, tree, type, word","channel, scheme, theory, order, power, random, capacity, finite, node, particular, polynomial, program, search, sequence, standard, block, class, complexity, computation, distribution, error, linear, possible, property, protocol, quantum, relay, security, single, structure, tree, type, way, weight"
cs,28,2005–2010,2010–2015,2005–2010 → 2010–2015,0.160342,0.839658,"channel, scheme, theory, order, power, random, capacity, finite, node, particular, polynomial, program, search, sequence, standard, block, class, complexity, computation, distribution, error, linear, possible, property, protocol, quantum, relay, security, single, structure, tree, type, way, weight","standard, particular, random, energy, software, tree, construction, game, matrix, possible, power, probability, program, binary, capacity, cell, channel, computation, degree, distance, factor, fast, logic, mobile, polynomial, property, region, relay, shot, sparse, statistical, subset, sum, synthetic, technology, theory"
cs,28,2010–2015,2015–2020,2010–2015 → 2015–2020,0.290204,0.709796,"standard, particular, random, energy, software, tree, construction, game, matrix, possible, power, probability, program, binary, capacity, cell, channel, computation, degree, distance, factor, fast, logic, mobile, polynomial, property, region, relay, shot, sparse, statistical, subset, sum, synthetic, technology, theory","shot, standard, synthetic, goal, possible, program, cnn, game, random, able, advantage, bound, cell, certain, challenging, change, classifier, community, convolutional_neural_network, distance, embedding, energy, fast, group, length, matrix, measure, polynomial, programming, second, service, social, software, statistical"
cs,28,2015–2020,2020–2025,2015–2020 → 2020–2025,0.558785,0.441215,"shot, standard, synthetic, goal, possible, program, cnn, game, random, able, advantage, bound, cell, certain, challenging, change, classifier, community, convolutional_neural_network, distance, embedding, energy, fast, group, length, matrix, measure, polynomial, programming, second, service, social, software, statistical","goal, shot, standard, synthetic, datum, possible, document, mapping, shape, hand, program, similarity, able, certain, change, characteristic, dynamic, embedding, pair, phase, rule, statistical, stochastic"
cs,29,2000–2005,2005–2010,2000–2005 → 2005–2010,0.124227,0.875773,"logic, order, constraint, language, program, quantum, communication, distribution, function, level, property, access, architecture, capacity, change, channel, class, code, control, database, domain, dynamic, efficient, finite, input, interface, knowledge, node, parallel, programming, query, scheme, semantic, set, software, space, standard, structure, theory, tool","channel, context, protocol, scheme, communication, complexity, error, length, linear, logic, matrix, node, order, probability, proof, property, sequence, theory, approximation, available, capacity, change, database, efficient, finite, memory, polynomial, program, quantum, random, rate, size, source, spreadsheet, tree, vector, wireless"
cs,29,2005–2010,2010–2015,2005–2010 → 2010–2015,0.293484,0.706516,"channel, context, protocol, scheme, communication, complexity, error, length, linear, logic, matrix, node, order, probability, proof, property, sequence, theory, approximation, available, capacity, change, database, efficient, finite, memory, polynomial, program, quantum, random, rate, size, source, spreadsheet, tree, vector, wireless","context, game, limitation, matrix, power, protocol, random, theory, bound, channel, probability, tree, wireless, approximation, binary, change, cluster, community, effect, goal, independent, observation, operation, polynomial, possible, program, proof, rank, search, sequence, social, specification, sum, technology, vector, way"
cs,29,2010–2015,2015–2020,2010–2015 → 2015–2020,0.47116,0.52884,"context, game, limitation, matrix, power, protocol, random, theory, bound, channel, probability, tree, wireless, approximation, binary, change, cluster, community, effect, goal, independent, observation, operation, polynomial, possible, program, proof, rank, search, sequence, social, specification, sum, technology, vector, way","context, limitation, possible, random, service, statistical, classifier, common, community, scalable, theory, advantage, block, change, contribution, convolutional_neural_network, embedding, game, goal, group, hard, independent, parallel, phase, power, rank, requirement, second, similarity, sparse, spectral, sum, unit"
cs,29,2015–2020,2020–2025,2015–2020 → 2020–2025,0.604769,0.395231,"context, limitation, possible, random, service, statistical, classifier, common, community, scalable, theory, advantage, block, change, contribution, convolutional_neural_network, embedding, game, goal, group, hard, independent, parallel, phase, power, rank, requirement, second, similarity, sparse, spectral, sum, unit","context, limitation, scalable, dataset, random, way, group, possible, algorithm, datum, advantage, change, common, downstream, explicit, hard, interpretable, measurement, original, output, protocol, second, service, shape"
cs,30,2000–2005,2005–2010,2000–2005 → 2005–2010,0.212257,0.787743,"logic, class, image, language, communication, function, quantum, set, theory, way, area, capacity, code, complete, constraint, construction, control, degree, development, dimension, distribution, error, event, finite, grammar, grid, knowledge, linear, node, operation, optimal, particular, possible, program, proof, property, protocol, resource, rule, source, space, special, specific, word","image, channel, behavior, order, capacity, constraint, group, logic, node, protocol, random, rate, scheme, theory, class, classical, complexity, distance, error, finite, game, linear, matrix, metric, mobile, point, power, property, quantum, search, set, size, source, space, sum, test, tree, vector"
cs,30,2005–2010,2010–2015,2005–2010 → 2010–2015,0.410139,0.589861,"image, channel, behavior, order, capacity, constraint, group, logic, node, protocol, random, rate, scheme, theory, class, classical, complexity, distance, error, finite, game, linear, matrix, metric, mobile, point, power, property, quantum, search, set, size, source, space, sum, test, tree, vector","behavior, image, random, power, theory, protocol, group, possible, probability, tree, access, bound, capacity, cell, certain, channel, classical, energy, independent, interference, matrix, measure, minimum, mobile, particular, pattern, processing, search, sensor, social, software, sparse, wireless"
cs,30,2010–2015,2015–2020,2010–2015 → 2015–2020,0.616019,0.383981,"behavior, image, random, power, theory, protocol, group, possible, probability, tree, access, bound, capacity, cell, certain, channel, classical, energy, independent, interference, matrix, measure, minimum, mobile, particular, pattern, processing, search, sensor, social, software, sparse, wireless","behavior, image, cnn, random, second, convolutional_neural_network, goal, theory, encoder, joint, possible, power, able, access, bit, bound, camera, cell, certain, classifier, element, independent, latent, polynomial, processing, protocol, synthesis, vertex, wireless"
cs,30,2015–2020,2020–2025,2015–2020 → 2020–2025,0.600746,0.399254,"behavior, image, cnn, random, second, convolutional_neural_network, goal, theory, encoder, joint, possible, power, able, access, bit, bound, camera, cell, certain, classifier, element, independent, latent, polynomial, processing, protocol, synthesis, vertex, wireless","behavior, encoder, image, second, synthesis, document, goal, predictive, explanation, cnn, geometry, random, dual, joint, latent"
cs,31,2000–2005,2005–2010,2000–2005 → 2005–2010,0.136565,0.863435,"set, class, logic, program, semantic, complexity, computer, function, language, management, order, property, quantum, service, type, channel, communication, distribution, form, grid, monitoring, partial, point, polynomial, power, programming, protocol, rule, search, sequence, space, strategy, structure, theory, view","channel, size, power, real, complexity, game, polynomial, probability, program, protocol, quantum, rate, theory, bit, bound, capacity, constraint, distribution, error, gaussian, logic, management, non, object, particular, possible, random, scheme, sequence, service, set, space, structure, term, tree, type, way, wireless"
cs,31,2005–2010,2010–2015,2005–2010 → 2010–2015,0.490491,0.509509,"channel, size, power, real, complexity, game, polynomial, probability, program, protocol, quantum, rate, theory, bit, bound, capacity, constraint, distribution, error, gaussian, logic, management, non, object, particular, possible, random, scheme, sequence, service, set, space, structure, term, tree, type, way, wireless","real, size, power, probability, game, group, computation, energy, factor, gradient, protocol, tree, way, capacity, channel, common, concept, constant, distance, expression, form, gaussian, link, matrix, programming, random, selection, service, social, sparse, theory, web, wireless"
cs,31,2010–2015,2015–2020,2010–2015 → 2015–2020,0.339471,0.660529,"real, size, power, probability, game, group, computation, energy, factor, gradient, protocol, tree, way, capacity, channel, common, concept, constant, distance, expression, form, gaussian, link, matrix, programming, random, selection, service, social, sparse, theory, web, wireless","gradient, real, size, speech, goal, possible, algorithm, convergence, polynomial, program, theory, capacity, classical, classifier, cnn, common, constant, convolutional_neural_network, group, hand, kernel, parallel, power, processing, random, reduction, relation, service, social, sparse, variable"
cs,31,2015–2020,2020–2025,2015–2020 → 2020–2025,0.539513,0.460487,"gradient, real, size, speech, goal, possible, algorithm, convergence, polynomial, program, theory, capacity, classical, classifier, cnn, common, constant, convolutional_neural_network, group, hand, kernel, parallel, power, processing, random, reduction, relation, service, social, sparse, variable","algorithm, goal, gradient, real, size, speech, classical, convergence, word, parallel, possible, relationship, classifier, datum, function, hand, selection, variable"
cs,32,2000–2005,2005–2010,2000–2005 → 2005–2010,0.239115,0.760885,"function, logic, constraint, language, program, class, quantum, scheme, service, set, theory, type, bound, channel, cost, distribution, domain, grid, interface, knowledge, level, machine, node, non, object, order, point, possible, programming, property, protocol, question, resource, selection, size, software, source, structure, tree","channel, function, polynomial, size, complexity, computation, node, order, protocol, random, rate, scheme, search, approximation, bound, class, constraint, distribution, error, linear, parallel, particular, power, program, programming, property, quantum, real, signal, software, source, text, theory, tree, variable, wireless"
cs,32,2005–2010,2010–2015,2005–2010 → 2010–2015,0.29224,0.70776,"channel, function, polynomial, size, complexity, computation, node, order, protocol, random, rate, scheme, search, approximation, bound, class, constraint, distribution, error, linear, parallel, particular, power, program, programming, property, quantum, real, signal, software, source, text, theory, tree, variable, wireless","function, aware, power, ability, channel, random, tree, energy, social, vertex, access, approximation, binary, bound, change, constant, database, factor, game, matrix, polynomial, pre, probability, program, property, protocol, quantum, search, sensor, software, way, weight, wireless, word"
cs,32,2010–2015,2015–2020,2010–2015 → 2015–2020,0.494301,0.505699,"function, aware, power, ability, channel, random, tree, energy, social, vertex, access, approximation, binary, bound, change, constant, database, factor, game, matrix, polynomial, pre, probability, program, property, protocol, quantum, search, sensor, software, way, weight, wireless, word","ability, aware, channel, function, pre, extraction, power, protocol, token, wireless, possible, random, addition, cnn, energy, polynomial, program, rank, social, theory, transfer, vehicle, vertex"
cs,32,2015–2020,2020–2025,2015–2020 → 2020–2025,0.792319,0.207681,"ability, aware, channel, function, pre, extraction, power, protocol, token, wireless, possible, random, addition, cnn, energy, polynomial, program, rank, social, theory, transfer, vehicle, vertex","ability, aware, extraction, function, pre, protocol, token, well, advancement, channel, energy, possible, transfer, vehicle"
cs,33,2000–2005,2005–2010,2000–2005 → 2005–2010,0.160314,0.839686,"program, language, logic, set, code, complexity, degree, non, property, scheme, theory, capacity, channel, class, cluster, computer, constraint, database, disjunctive, efficient, environment, error, fast, function, game, graph, learning, local, market, operation, order, particular, point, probability, quantum, rate, representation, rule, search, software, structure, tree, word","channel, probability, rate, scheme, theory, matrix, property, random, approximation, bound, capacity, class, complexity, computation, degree, error, factor, game, global, knowledge, management, natural, node, non, object, order, particular, pattern, point, program, programming, proof, protocol, quantum, relay, resource, service, set, signal, size, tool, tree, type"
cs,33,2005–2010,2010–2015,2005–2010 → 2010–2015,0.158297,0.841703,"channel, probability, rate, scheme, theory, matrix, property, random, approximation, bound, capacity, class, complexity, computation, degree, error, factor, game, global, knowledge, management, natural, node, non, object, order, particular, pattern, point, program, programming, proof, protocol, quantum, relay, resource, service, set, signal, size, tool, tree, type","pattern, random, social, sparse, area, game, particular, probability, protocol, theory, transmission, activity, approximation, aspect, channel, computation, concept, condition, degree, dimensional, energy, factor, global, insight, length, link, logic, matrix, minimum, path, power, program, programming, ratio, relay, sensor, way, web, word"
cs,33,2010–2015,2015–2020,2010–2015 → 2015–2020,0.404706,0.595294,"pattern, random, social, sparse, area, game, particular, probability, protocol, theory, transmission, activity, approximation, aspect, channel, computation, concept, condition, degree, dimensional, energy, factor, global, insight, length, link, logic, matrix, minimum, path, power, program, programming, ratio, relay, sensor, way, web, word","insight, pattern, social, random, community, parallel, service, unsupervised, able, activity, area, binary, block, camera, capacity, classifier, combination, computer, conventional, convergence, convolutional, degree, detector, energy, face, finite, length, link, numerical, program, role, shape, sparse, stochastic, transmission, tree, unit, variable, vertex"
cs,33,2015–2020,2020–2025,2015–2020 → 2020–2025,0.588667,0.411333,"insight, pattern, social, random, community, parallel, service, unsupervised, able, activity, area, binary, block, camera, capacity, classifier, combination, computer, conventional, convergence, convolutional, degree, detector, energy, face, finite, length, link, numerical, program, role, shape, sparse, stochastic, transmission, tree, unit, variable, vertex","insight, pattern, social, frequency, label, management, popular, combination, difference, entity, independent, network, parallel, service, unsupervised, able, active, dataset, finite, measure, numerical, phase, possible, role, stochastic"
cs,34,2000–2005,2005–2010,2000–2005 → 2005–2010,0.124453,0.875547,"logic, program, quantum, semantic, service, class, constraint, distribution, non, order, programming, property, tool, way, agent, channel, complexity, computing, condition, dynamic, function, key, knowledge, language, linear, node, object, open, possible, probability, query, question, random, scheme, set, source, structure, theorem, theory, type","channel, scheme, communication, error, finite, logic, particular, probability, property, protocol, rate, capacity, class, classification, complexity, computation, condition, control, discrete, distribution, free, layer, link, matrix, minimum, node, open, optimal, order, pair, program, quantum, query, respect, security, semantic, sensor, sequence, space, type, vector, wireless, word"
cs,34,2005–2010,2010–2015,2005–2010 → 2010–2015,0.210814,0.789186,"channel, scheme, communication, error, finite, logic, particular, probability, property, protocol, rate, capacity, class, classification, complexity, computation, condition, control, discrete, distribution, free, layer, link, matrix, minimum, node, open, optimal, order, pair, program, quantum, query, respect, security, semantic, sensor, sequence, space, type, vector, wireless, word","security, effect, channel, energy, need, probability, social, theory, weight, approximation, capacity, group, particular, protocol, wireless, construction, finite, game, logic, measurement, mobile, power, presence, program, quantum, random, sensor, sequence, vector, well, word"
cs,34,2010–2015,2015–2020,2010–2015 → 2015–2020,0.483202,0.516798,"security, effect, channel, energy, need, probability, social, theory, weight, approximation, capacity, group, particular, protocol, wireless, construction, finite, game, logic, measurement, mobile, power, presence, program, quantum, random, sensor, sequence, vector, well, word","effect, need, security, weight, program, channel, measurement, cnn, finite, protocol, random, able, bound, capacity, certain, convolutional_neural_network, embedding, energy, game, group, matching, measure, observation, procedure, processing, reduction, second, social, theory"
cs,34,2015–2020,2020–2025,2015–2020 → 2020–2025,0.587852,0.412148,"effect, need, security, weight, program, channel, measurement, cnn, finite, protocol, random, able, bound, capacity, certain, convolutional_neural_network, embedding, energy, game, group, matching, measure, observation, procedure, processing, reduction, second, social, theory","channel, effect, need, security, weight, pair, datum, program, measurement, localization, processing, able, aspect, difficult, embedding, entity, length, measure, observation, protocol, role"
cs,35,2000–2005,2005–2010,2000–2005 → 2005–2010,0.132366,0.867634,"logic, quantum, set, constraint, class, function, language, multi, property, resource, rule, scheme, block, bound, channel, communication, complexity, computational, configuration, control, development, distribution, group, input, knowledge, minimum, non, notion, program, programming, rate, reasoning, representation, robot, semantic, service, size, theory, tool, tree, way","channel, protocol, random, scheme, theory, property, security, sequence, access, approximation, block, bound, capacity, class, complexity, constraint, control, development, document, error, length, linear, logic, order, particular, polynomial, possible, power, probability, quantum, rate, real, rule, semantic, single, size, source, space, test, text, tree, vector, wireless, word"
cs,35,2005–2010,2010–2015,2005–2010 → 2010–2015,0.23372,0.76628,"channel, protocol, random, scheme, theory, property, security, sequence, access, approximation, block, bound, capacity, class, complexity, constraint, control, development, document, error, length, linear, logic, order, particular, polynomial, possible, power, probability, quantum, rate, real, rule, semantic, single, size, source, space, test, text, tree, vector, wireless, word","random, game, probability, protocol, scene, degree, energy, particular, possible, service, sparse, theory, variable, wireless, antenna, channel, computation, computer, condition, delay, estimation, fast, finite, form, group, interference, length, mean, measure, notion, polynomial, power, program, relay, security, sensor, sequence, statistical, tree, vector"
cs,35,2010–2015,2015–2020,2010–2015 → 2015–2020,0.270697,0.729303,"random, game, probability, protocol, scene, degree, energy, particular, possible, service, sparse, theory, variable, wireless, antenna, channel, computation, computer, condition, delay, estimation, fast, finite, form, group, interference, length, mean, measure, notion, polynomial, power, program, relay, security, sensor, sequence, statistical, tree, vector","scene, second, cnn, random, reasoning, form, possible, protocol, sparse, able, access, antenna, automatic, common, continuous, fast, finite, game, gaussian, interference, joint, logic, mean, mobile, numerical, position, power, probability, procedure, processing, programming, proof, regression, sensor, server, stochastic, theory, traffic, variable, vehicle, well, wireless"
cs,35,2015–2020,2020–2025,2015–2020 → 2020–2025,0.444031,0.555969,"scene, second, cnn, random, reasoning, form, possible, protocol, sparse, able, access, antenna, automatic, common, continuous, fast, finite, game, gaussian, interference, joint, logic, mean, mobile, numerical, position, power, probability, procedure, processing, programming, proof, regression, sensor, server, stochastic, theory, traffic, variable, vehicle, well, wireless","reasoning, scene, second, autonomous, sparse, well, world, continuous, lack, able, challenging, cnn, form, hand, individual, interpretability, joint, network, numerical, outcome, point_cloud, program, protocol, regression, relation, service, unsupervised, variable, vlm"
cs,36,2000–2005,2005–2010,2000–2005 → 2005–2010,0.20959,0.79041,"logic, set, program, complexity, dynamic, programming, language, optimal, quantum, structure, architecture, channel, class, computation, concept, constraint, defeasible, distribution, efficient, execution, function, grid, knowledge, length, non, parallel, particular, point, policy, property, rate, reasoning, rule, semantic, service, speech, technology, web","dynamic, optimal, channel, rate, sequence, theory, capacity, program, random, scheme, behavior, binary, complexity, concept, constraint, distribution, environment, error, finite, game, logic, order, point, probability, programming, property, protocol, quantum, relay, search, set, source, term, tree, wireless, word"
cs,36,2005–2010,2010–2015,2005–2010 → 2010–2015,0.626461,0.373539,"dynamic, optimal, channel, rate, sequence, theory, capacity, program, random, scheme, behavior, binary, complexity, concept, constraint, distribution, environment, error, finite, game, logic, order, point, probability, programming, property, protocol, quantum, relay, search, set, source, term, tree, wireless, word","dynamic, optimal, sequence, factor, accurate, area, power, theory, channel, program, protocol, random, tree, capacity, computation, concept, form, game, group, logic, matching, message, possible, probability, region, search, social, software, wireless"
cs,36,2010–2015,2015–2020,2010–2015 → 2015–2020,0.517398,0.482602,"dynamic, optimal, sequence, factor, accurate, area, power, theory, channel, program, protocol, random, tree, capacity, computation, concept, form, game, group, logic, matching, message, possible, probability, region, search, social, software, wireless","accurate, area, dynamic, factor, optimal, sequence, depth, frame, challenging, power, social, able, group, matching, measure, program, protocol, random, second, theory"
cs,36,2015–2020,2020–2025,2015–2020 → 2020–2025,0.808305,0.191695,"accurate, area, dynamic, factor, optimal, sequence, depth, frame, challenging, power, social, able, group, matching, measure, program, protocol, random, second, theory","accurate, area, depth, dynamic, factor, frame, optimal, sequence, second, phase, challenging, precision, management"
cs,37,2000–2005,2005–2010,2000–2005 → 2005–2010,0.152352,0.847648,"complexity, logic, class, quantum, structure, theory, code, computation, design, program, set, channel, communication, concept, consequence, control, efficient, field, function, grid, language, linear, matrix, modeling, non, order, particular, policy, property, random, rate, resource, rule, search, semantic, sequence, space, word","channel, rate, scenario, complexity, matrix, protocol, random, sequence, error, polynomial, scheme, source, theory, antenna, class, construction, field, finite, game, hard, linear, load, node, order, partial, pattern, power, probability, program, property, quantum, security, set, way"
cs,37,2005–2010,2010–2015,2005–2010 → 2010–2015,0.452326,0.547674,"channel, rate, scenario, complexity, matrix, protocol, random, sequence, error, polynomial, scheme, source, theory, antenna, class, construction, field, finite, game, hard, linear, load, node, order, partial, pattern, power, probability, program, property, quantum, security, set, way","channel, scenario, prior, theory, program, service, bias, logic, matrix, power, probability, random, software, approximation, bound, capacity, edge, energy, fast, finite, game, group, instance, polynomial, possible, processing, protocol, security, sequence, social, tree, wireless"
cs,37,2010–2015,2015–2020,2010–2015 → 2015–2020,0.472285,0.527715,"channel, scenario, prior, theory, program, service, bias, logic, matrix, power, probability, random, software, approximation, bound, capacity, edge, energy, fast, finite, game, group, instance, polynomial, possible, processing, protocol, security, sequence, social, tree, wireless","bias, channel, prior, scenario, service, addition, datum, fast, processing, social, able, access, algorithm, classifier, cnn, common, continuous, convolutional_neural_network, correlation, energy, entity, game, independent, localization, polynomial, popular, probability, proof, sensor, theory, transfer, version, vertex"
cs,37,2015–2020,2020–2025,2015–2020 → 2020–2025,0.469357,0.530643,"bias, channel, prior, scenario, service, addition, datum, fast, processing, social, able, access, algorithm, classifier, cnn, common, continuous, convolutional_neural_network, correlation, energy, entity, game, independent, localization, polynomial, popular, probability, proof, sensor, theory, transfer, version, vertex","addition, algorithm, bias, channel, continuous, datum, prior, scenario, service, vision_language, direction, entity, numerical, relation"
cs,38,2000–2005,2005–2010,2000–2005 → 2005–2010,0.169779,0.830221,"language, logic, program, rule, set, type, class, complexity, design, function, linear, quantum, semantic, service, channel, community, constraint, control, finite, grid, interesting, internet, node, non, open, operation, point, proof, property, query, rate, relation, resource, scheme, sequence, space, structure, theory, version, vertex","channel, game, node, linear, logic, matrix, program, protocol, rate, scheme, space, access, arbitrary, capacity, class, complete, computing, concept, condition, constraint, degree, edge, finite, matching, message, path, power, probability, programming, property, quantum, resource, self, set, size, source, strong, term, theory, tool, type, variable, visual, wireless"
cs,38,2005–2010,2010–2015,2005–2010 → 2010–2015,0.136702,0.863298,"channel, game, node, linear, logic, matrix, program, protocol, rate, scheme, space, access, arbitrary, capacity, class, complete, computing, concept, condition, constraint, degree, edge, finite, matching, message, path, power, probability, programming, property, quantum, resource, self, set, size, source, strong, term, theory, tool, type, variable, visual, wireless","visual, matrix, probability, random, theory, wireless, approximation, concept, game, link, measure, power, protocol, access, addition, edge, finite, form, independent, joint, length, logic, module, parallel, particular, polynomial, program, programming, region, scheme, sensor, service, social, sparse, transmission, tree, variable, web, word"
cs,38,2010–2015,2015–2020,2010–2015 → 2015–2020,0.242788,0.757212,"visual, matrix, probability, random, theory, wireless, approximation, concept, game, link, measure, power, protocol, access, addition, edge, finite, form, independent, joint, length, logic, module, parallel, particular, polynomial, program, programming, region, scheme, sensor, service, social, sparse, transmission, tree, variable, web, word","module, visual, cnn, possible, program, able, access, measurement, numerical, polynomial, power, protocol, random, social, vision, bound, camera, causal, face, independent, measure, message, probability, second, similarity, sparse, stochastic, theory, transmission, tree, vehicle"
cs,38,2015–2020,2020–2025,2015–2020 → 2020–2025,0.457652,0.542348,"module, visual, cnn, possible, program, able, access, measurement, numerical, polynomial, power, protocol, random, social, vision, bound, camera, causal, face, independent, measure, message, probability, second, similarity, sparse, stochastic, theory, transmission, tree, vehicle","causal, cnn, module, numerical, vision, visual, possible, training, classical, protocol, able, camera, entity, polynomial, speed, stochastic"
cs,39,2000–2005,2005–2010,2000–2005 → 2005–2010,0.239443,0.760557,"logic, language, set, program, theory, class, distribution, function, order, scheme, semantic, size, structure, capacity, channel, classical, complete, conditional, constraint, control, database, document, domain, efficient, graph, internet, linear, market, programming, public, quantum, resource, rule, service, strategy, tree, web","channel, class, metric, approximation, capacity, complexity, logic, order, scheme, set, theory, video, automatic, bound, constraint, construction, distribution, finite, gaussian, linear, link, machine, minimum, probability, program, proof, property, protocol, quantum, random, semantic, sequence, source, standard, structure, transmission, tree, wireless"
cs,39,2005–2010,2010–2015,2005–2010 → 2010–2015,0.411087,0.588913,"channel, class, metric, approximation, capacity, complexity, logic, order, scheme, set, theory, video, automatic, bound, constraint, construction, distribution, finite, gaussian, linear, link, machine, minimum, probability, program, proof, property, protocol, quantum, random, semantic, sequence, source, standard, structure, transmission, tree, wireless","class, metric, video, strong, theory, energy, approximation, channel, matrix, power, probability, random, sparse, tree, capacity, decision, dimension, game, independent, link, particular, possible, property, protocol, subset, wireless, word"
cs,39,2010–2015,2015–2020,2010–2015 → 2015–2020,0.675881,0.324119,"class, metric, video, strong, theory, energy, approximation, channel, matrix, power, probability, random, sparse, tree, capacity, decision, dimension, game, independent, link, particular, possible, property, protocol, subset, wireless, word","class, metric, strong, video, expert, addition, random, scheme, cnn, possible, power, probability, processing, theory, distance, energy, frame, measure, mobile, polynomial, protocol, stochastic, tree, unsupervised"
cs,39,2015–2020,2020–2025,2015–2020 → 2020–2025,0.577751,0.422249,"class, metric, strong, video, expert, addition, random, scheme, cnn, possible, power, probability, processing, theory, distance, energy, frame, measure, mobile, polynomial, protocol, stochastic, tree, unsupervised","addition, class, expert, metric, scheme, strong, video, energy, processing, well, interest, measure, original, possible, unsupervised"
cs,40,2000–2005,2005–2010,2000–2005 → 2005–2010,0.377882,0.622118,"language, logic, complexity, order, quantum, channel, class, constraint, domain, program, property, query, sequence, abstract, alternative, communication, condition, cost, database, distribution, grid, input, linear, non, point, programming, protocol, regulatory, representation, resource, scheme, search, semantic, standard, strategy, structure, term, theory, type, way","channel, scheme, logic, quality, complexity, order, type, attack, class, communication, condition, constraint, distribution, domain, error, grid, limit, linear, machine, matrix, node, optimal, packet, particular, point, possible, power, previous, probabilistic, probability, property, rate, search, signal, software, source, space, strategy, technology, theory, vector, vertex, wireless"
cs,40,2005–2010,2010–2015,2005–2010 → 2010–2015,0.234027,0.765973,"channel, scheme, logic, quality, complexity, order, type, attack, class, communication, condition, constraint, distribution, domain, error, grid, limit, linear, machine, matrix, node, optimal, packet, particular, point, possible, power, previous, probabilistic, probability, property, rate, search, signal, software, source, space, strategy, technology, theory, vector, vertex, wireless","attack, previous, quality, scheme, objective, device, approximation, polynomial, power, service, software, theory, bound, channel, finite, packet, particular, possible, probability, protocol, random, security, sensor, statistical, technology, transmission, vertex, way"
cs,40,2010–2015,2015–2020,2010–2015 → 2015–2020,0.664499,0.335501,"attack, previous, quality, scheme, objective, device, approximation, polynomial, power, service, software, theory, bound, channel, finite, packet, particular, possible, probability, protocol, random, security, sensor, statistical, technology, transmission, vertex, way","attack, device, objective, previous, quality, scheme, camera, convolutional_neural_network, classifier, polynomial, power, sensor, service, continuous, instruction, matching, processing, relation, statistical, theory"
cs,40,2015–2020,2020–2025,2015–2020 → 2020–2025,0.718782,0.281218,"attack, device, objective, previous, quality, scheme, camera, convolutional_neural_network, classifier, polynomial, power, sensor, service, continuous, instruction, matching, processing, relation, statistical, theory","attack, camera, device, instruction, objective, previous, quality, scheme, llm, continuous, vulnerability, classifier, convolutional_neural_network, downstream"
cs,41,2000–2005,2005–2010,2000–2005 → 2005–2010,0.122913,0.877087,"quantum, set, language, logic, program, semantic, way, function, optimal, property, structure, theory, channel, code, complexity, computing, constraint, context, control, cost, dynamic, efficient, environment, error, grid, improvement, inference, linear, market, notion, price, random, resource, rule, scheme, service, technology, tool, type","channel, detection, single, tool, error, protocol, scheme, communication, logic, power, quantum, rate, theory, approximation, complexity, constraint, cost, development, dynamic, free, linear, non, optimal, order, particular, polynomial, probability, property, random, service, set, space, spreadsheet, term, way"
cs,41,2005–2010,2010–2015,2005–2010 → 2010–2015,0.48202,0.51798,"channel, detection, single, tool, error, protocol, scheme, communication, logic, power, quantum, rate, theory, approximation, complexity, constraint, cost, development, dynamic, free, linear, non, optimal, order, particular, polynomial, probability, property, random, service, set, space, spreadsheet, term, way","detection, single, tool, individual, power, approximation, protocol, channel, game, matrix, possible, random, service, basis, capacity, decision, energy, measure, particular, path, polynomial, probability, quantum, region, relay, sparse, tree, version, word"
cs,41,2010–2015,2015–2020,2010–2015 → 2015–2020,0.637755,0.362245,"detection, single, tool, individual, power, approximation, protocol, channel, game, matrix, possible, random, service, basis, capacity, decision, energy, measure, particular, path, polynomial, probability, quantum, region, relay, sparse, tree, version, word","detection, individual, single, tool, game, possible, program, cnn, foundation, power, automatic, capacity, computing, convolutional_neural_network, great, hard, joint, parallel, path, sparse, sum, theory, version, word"
cs,41,2015–2020,2020–2025,2015–2020 → 2020–2025,0.665375,0.334625,"detection, individual, single, tool, game, possible, program, cnn, foundation, power, automatic, capacity, computing, convolutional_neural_network, great, hard, joint, parallel, path, sparse, sum, theory, version, word","detection, foundation, individual, program, single, tool, datum, document, possible, instance, great, identification, aspect, cnn, game"
cs,42,2000–2005,2005–2010,2000–2005 → 2005–2010,0.115607,0.884393,"logic, code, complexity, language, order, program, function, property, semantic, theory, agent, capacity, computer, computing, constraint, design, distribution, field, finite, group, level, linear, logical, management, non, optimal, proof, quantum, rate, representation, scheme, sequence, set, software, source, space, strategy, structure, text, way, web, word","channel, field, scheme, access, capacity, order, probability, quantum, rate, sensor, set, block, class, common, complexity, constraint, construction, error, game, length, linear, link, logic, matrix, neural_network, node, non, packet, proof, property, random, region, search, selection, source, spreadsheet, theory, tree, type, verification, way, web, wireless"
cs,42,2005–2010,2010–2015,2005–2010 → 2010–2015,0.328111,0.671889,"channel, field, scheme, access, capacity, order, probability, quantum, rate, sensor, set, block, class, common, complexity, constraint, construction, error, game, length, linear, link, logic, matrix, neural_network, node, non, packet, proof, property, random, region, search, selection, source, spreadsheet, theory, tree, type, verification, way, web, wireless","field, power, tree, variable, access, probability, random, vector, channel, community, deep_learning, energy, game, protocol, theory, wireless, area, bit, block, capacity, length, matrix, packet, region, security, sensor, social, vertex, way, word"
cs,42,2010–2015,2015–2020,2010–2015 → 2015–2020,0.330755,0.669245,"field, power, tree, variable, access, probability, random, vector, channel, community, deep_learning, energy, game, protocol, theory, wireless, area, bit, block, capacity, length, matrix, packet, region, security, sensor, social, vertex, way, word","deep_learning, field, change, gaussian, theory, power, protocol, algorithm, rule, variable, able, access, cnn, community, datum, energy, frame, game, group, joint, kernel, measure, natural, possible, program, proof, relation, scheme, shape, social, vector, vertex, wireless, word"
cs,42,2015–2020,2020–2025,2015–2020 → 2020–2025,0.485651,0.514349,"deep_learning, field, change, gaussian, theory, power, protocol, algorithm, rule, variable, able, access, cnn, community, datum, energy, frame, game, group, joint, kernel, measure, natural, possible, program, proof, relation, scheme, shape, social, vector, vertex, wireless, word","change, datum, deep_learning, field, gaussian, rule, algorithm, augmentation, relation, word, natural, advantage, channel, kernel, measure, scheme, shape"
cs,43,2000–2005,2005–2010,2000–2005 → 2005–2010,0.158994,0.841006,"program, logic, set, theory, class, function, language, linear, programming, quantum, search, space, accuracy, channel, communication, concept, constraint, control, dynamic, error, grid, group, inference, internet, level, local, memory, order, point, policy, procedure, property, protocol, resource, scheme, semantic, size, software, structure, tree, type","channel, protocol, scheme, rate, search, theory, dimensional, linear, order, property, random, approximation, class, complexity, concept, efficiency, length, local, matrix, minimum, node, non, point, polynomial, power, program, proof, quantum, receiver, security, service, size, space, special, spreadsheet, structure, useful, wireless"
cs,43,2005–2010,2010–2015,2005–2010 → 2010–2015,0.191311,0.808689,"channel, protocol, scheme, rate, search, theory, dimensional, linear, order, property, random, approximation, class, complexity, concept, efficiency, length, local, matrix, minimum, node, non, point, polynomial, power, program, proof, quantum, receiver, security, service, size, space, special, spreadsheet, structure, useful, wireless","search, program, game, matrix, random, channel, possible, power, probability, protocol, region, sensor, service, tree, wireless, access, approximation, bound, capacity, community, degree, distance, energy, estimation, formal, group, minimum, node, polynomial, probabilistic, property, social, software, theory, variable, word"
cs,43,2010–2015,2015–2020,2010–2015 → 2015–2020,0.548311,0.451689,"search, program, game, matrix, random, channel, possible, power, probability, protocol, region, sensor, service, tree, wireless, access, approximation, bound, capacity, community, degree, distance, energy, estimation, formal, group, minimum, node, polynomial, probabilistic, property, social, software, theory, variable, word","game, program, search, adversarial, estimation, random, cnn, possible, power, probability, capacity, challenging, classical, community, convolutional_neural_network, degree, dimension, distance, gaussian, instance, interest, length, original, pair, scheme, stochastic, theory, tree, variable"
cs,43,2015–2020,2020–2025,2015–2020 → 2020–2025,0.460009,0.539991,"game, program, search, adversarial, estimation, random, cnn, possible, power, probability, capacity, challenging, classical, community, convolutional_neural_network, degree, dimension, distance, gaussian, instance, interest, length, original, pair, scheme, stochastic, theory, tree, variable","adversarial, estimation, game, instance, original, program, search, group, region, random, scheme, classical"
cs,44,2000–2005,2005–2010,2000–2005 → 2005–2010,0.182577,0.817423,"language, logic, complexity, function, program, set, communication, database, quantum, rule, security, architecture, channel, context, domain, graph, individual, key, knowledge, management, monitoring, object, optimal, order, point, probability, programming, proof, protocol, query, real, resource, scheme, semantic, software, space, structure, theory, type, view, word","channel, scheme, complexity, error, order, polynomial, property, rate, security, theory, abstract, block, capacity, classical, communication, finite, key, logic, machine, matrix, maximum, mechanism, mobile, operator, optimal, path, possible, power, probability, program, random, real, sensor, sequence, software, source, spreadsheet, strategy, structure, term, test, type, way, web"
cs,44,2005–2010,2010–2015,2005–2010 → 2010–2015,0.109534,0.890466,"channel, scheme, complexity, error, order, polynomial, property, rate, security, theory, abstract, block, capacity, classical, communication, finite, key, logic, machine, matrix, maximum, mechanism, mobile, operator, optimal, path, possible, power, probability, program, random, real, sensor, sequence, software, source, spreadsheet, strategy, structure, term, test, type, way, web","theory, wireless, finite, game, neural, sensor, channel, energy, logic, matrix, mobile, power, random, service, software, way, access, approximation, average, dimension, interference, maximum, measure, mechanism, particular, path, program, relation, security, social, sparse, variable, vertex, web, word"
cs,44,2010–2015,2015–2020,2010–2015 → 2015–2020,0.300029,0.699971,"theory, wireless, finite, game, neural, sensor, channel, energy, logic, matrix, mobile, power, random, service, software, way, access, approximation, average, dimension, interference, maximum, measure, mechanism, particular, path, program, relation, security, social, sparse, variable, vertex, web, word","neural, theory, able, power, capacity, change, characteristic, convolutional_neural_network, fast, game, service, word, advantage, aspect, certain, cloud, degree, dimension, energy, finite, pair, popular, practice, probability, processing, programming, protocol, random, relation, science, sensor, sentence, social, transfer, translation, useful, variable, wireless"
cs,44,2015–2020,2020–2025,2015–2020 → 2020–2025,0.411116,0.588884,"neural, theory, able, power, capacity, change, characteristic, convolutional_neural_network, fast, game, service, word, advantage, aspect, certain, cloud, degree, dimension, energy, finite, pair, popular, practice, probability, processing, programming, protocol, random, relation, science, sensor, sentence, social, transfer, translation, useful, variable, wireless","characteristic, neural, theory, augmentation, transfer, well, able, geometry, pair, service, datum, joint, llm, popular, advantage, classical, cnn, convolutional_neural_network, protocol, science, stochastic, surface, vehicle"
cs,45,2000–2005,2005–2010,2000–2005 → 2005–2010,0.275696,0.724304,"information, logic, program, order, structure, complexity, quantum, set, code, constraint, language, node, space, channel, class, distribution, function, graph, internet, linear, programming, property, reasoning, rule, semantic, service, theory, way","channel, information, classification, learning, scheme, logic, mechanism, bound, class, memory, automata, capacity, communication, complexity, degree, edge, linear, matrix, measure, order, program, programming, quantum, random, rate, real_world, region, service, space, theory, type, variable, vertex, way"
cs,45,2005–2010,2010–2015,2005–2010 → 2010–2015,0.473663,0.526337,"channel, information, classification, learning, scheme, logic, mechanism, bound, class, memory, automata, capacity, communication, complexity, degree, edge, linear, matrix, measure, order, program, programming, quantum, random, rate, real_world, region, service, space, theory, type, variable, vertex, way","classification, information, learning, mechanism, memory, real_world, concept, segmentation, risk, channel, reconstruction, theory, approximation, degree, message, probability, protocol, service, variable"
cs,45,2010–2015,2015–2020,2010–2015 → 2015–2020,0.836603,0.163397,"classification, information, learning, mechanism, memory, real_world, concept, segmentation, risk, channel, reconstruction, theory, approximation, degree, message, probability, protocol, service, variable","classification, concept, information, learning, mechanism, memory, real_world, reconstruction, segmentation, resolution, risk"
cs,45,2015–2020,2020–2025,2015–2020 → 2020–2025,0.909584,0.090416,"classification, concept, information, learning, mechanism, memory, real_world, reconstruction, segmentation, resolution, risk","classification, concept, learning, mechanism, memory, real_world, reconstruction, segmentation, resolution, risk, information, perspective"
cs,46,2000–2005,2005–2010,2000–2005 → 2005–2010,0.119593,0.880407,"program, code, language, logic, quantum, structure, complexity, domain, probability, rule, service, agent, capacity, channel, class, classical, cluster, constraint, control, distribution, function, grid, independent, key, knowledge, length, linear, market, operation, optimal, order, query, random, relation, scheme, semantic, set, space, termination, theory, tool, way","channel, domain, agent, property, scheme, theory, capacity, particular, binary, complexity, computation, error, finite, length, linear, matrix, minimum, node, non, operation, order, pattern, polynomial, possible, power, probability, protocol, quantum, random, real, rule, semantic, sensor, source, space, spreadsheet, type, wireless"
cs,46,2005–2010,2010–2015,2005–2010 → 2010–2015,0.390448,0.609552,"channel, domain, agent, property, scheme, theory, capacity, particular, binary, complexity, computation, error, finite, length, linear, matrix, minimum, node, non, operation, order, pattern, polynomial, possible, power, probability, protocol, quantum, random, real, rule, semantic, sensor, source, space, spreadsheet, type, wireless","agent, domain, critical, social, channel, link, matrix, path, program, protocol, software, theory, wireless, action, bound, capacity, community, distance, factor, family, finite, layer, maximum, minimum, pattern, polynomial, power, probability, property, random, requirement, service, tree, uncertainty, vertex"
cs,46,2010–2015,2015–2020,2010–2015 → 2015–2020,0.63258,0.36742,"agent, domain, critical, social, channel, link, matrix, path, program, protocol, software, theory, wireless, action, bound, capacity, community, distance, factor, family, finite, layer, maximum, minimum, pattern, polynomial, power, probability, property, random, requirement, service, tree, uncertainty, vertex","agent, critical, domain, path, social, open, cnn, property, power, transfer, access, bound, common, group, independent, link, matrix, possible, processing, program, protocol, random, service, tree, wireless"
cs,46,2015–2020,2020–2025,2015–2020 → 2020–2025,0.806096,0.193904,"agent, critical, domain, path, social, open, cnn, property, power, transfer, access, bound, common, group, independent, link, matrix, possible, processing, program, protocol, random, service, tree, wireless","agent, critical, domain, open, path, property, social, transfer, clinical, survey, augmentation, cnn, patient, possible, protocol, role"
cs,47,2000–2005,2005–2010,2000–2005 → 2005–2010,0.218995,0.781005,"quantum, set, class, linear, programming, theory, channel, code, computer, constraint, logic, resource, rule, scheme, semantic, complexity, control, database, distribution, error, function, grid, language, market, non, optimal, order, particular, point, policy, program, query, rate, reasoning, software, structure, technology","channel, linear, rate, distribution, improvement, logic, node, program, scheme, way, bound, class, complexity, constraint, dimensional, distance, gaussian, matrix, maximum, memory, optimal, order, packet, particular, pattern, point, polynomial, probability, proof, protocol, quantum, query, random, relay, sensor, set, software, source, structure, theory, tool, transmission, type, word"
cs,47,2005–2010,2010–2015,2005–2010 → 2010–2015,0.176559,0.823441,"channel, linear, rate, distribution, improvement, logic, node, program, scheme, way, bound, class, complexity, constraint, dimensional, distance, gaussian, matrix, maximum, memory, optimal, order, packet, particular, pattern, point, polynomial, probability, proof, protocol, quantum, query, random, relay, sensor, set, software, source, structure, theory, tool, transmission, type, word","improvement, average, program, power, random, approximation, channel, energy, game, group, probability, software, theory, wireless, activity, assumption, bound, capacity, classical, condition, dimensional, index, logic, matrix, packet, particular, polynomial, protocol, rule, security, sensor, transmission, tree, variable, way, word"
cs,47,2010–2015,2015–2020,2010–2015 → 2015–2020,0.451344,0.548656,"improvement, average, program, power, random, approximation, channel, energy, game, group, probability, software, theory, wireless, activity, assumption, bound, capacity, classical, condition, dimensional, index, logic, matrix, packet, particular, polynomial, protocol, rule, security, sensor, transmission, tree, variable, way, word","average, improvement, essential, random, capacity, cnn, dataset, energy, entity, link, program, vehicle, word, addition, automatic, classifier, cloud, community, convolutional_neural_network, dimension, gaussian, group, index, item, matching, measurement, numerical, patient, phase, possible, power, reduction, topic, tree, variable"
cs,47,2015–2020,2020–2025,2015–2020 → 2020–2025,0.581282,0.418718,"average, improvement, essential, random, capacity, cnn, dataset, energy, entity, link, program, vehicle, word, addition, automatic, classifier, cloud, community, convolutional_neural_network, dimension, gaussian, group, index, item, matching, measurement, numerical, patient, phase, possible, power, reduction, topic, tree, variable","average, dataset, essential, improvement, diversity, patient, label, real, automatic, entity, cloud, cnn, continuous, datum, matching, numerical, phase, random, realistic, regression, service, transfer, vehicle"
cs,48,2000–2005,2005–2010,2000–2005 → 2005–2010,0.104211,0.895789,"program, language, logic, semantic, type, code, complexity, constraint, dynamic, function, linear, query, theory, way, agent, binary, capacity, channel, communication, complete, grid, hardware, level, market, memory, message, order, parallel, polynomial, programming, property, quantum, scheme, search, set, software, structure","channel, capacity, communication, finite, order, polynomial, power, program, random, scheme, term, theory, word, binary, computation, constraint, distance, error, gaussian, input, linear, logic, matrix, minimum, node, pattern, point, probability, property, protocol, relay, resource, sensor, sequence, set, size, source, spreadsheet, target, tool, tree, type, variable"
cs,48,2005–2010,2010–2015,2005–2010 → 2010–2015,0.185692,0.814308,"channel, capacity, communication, finite, order, polynomial, power, program, random, scheme, term, theory, word, binary, computation, constraint, distance, error, gaussian, input, linear, logic, matrix, minimum, node, pattern, point, probability, property, protocol, relay, resource, sensor, sequence, set, size, source, spreadsheet, target, tool, tree, type, variable","free, target, random, channel, privacy, theory, wireless, game, group, probability, social, word, capacity, cluster, construction, effect, energy, finite, length, matrix, maximum, node, particular, polynomial, power, processing, program, protocol, recognition, relay, service, software, sum, tree, version, way"
cs,48,2010–2015,2015–2020,2010–2015 → 2015–2020,0.501915,0.498085,"free, target, random, channel, privacy, theory, wireless, game, group, probability, social, word, capacity, cluster, construction, effect, energy, finite, length, matrix, maximum, node, particular, polynomial, power, processing, program, protocol, recognition, relay, service, software, sum, tree, version, way","free, group, privacy, target, algorithm, service, social, word, access, change, combination, common, convolutional, convolutional_neural_network, face, form, game, goal, length, literature, measurement, patient, polynomial, possible, power, practice, processing, random, recognition, sum, transfer, variable, wireless"
cs,48,2015–2020,2020–2025,2015–2020 → 2020–2025,0.539479,0.460521,"free, group, privacy, target, algorithm, service, social, word, access, change, combination, common, convolutional, convolutional_neural_network, face, form, game, goal, length, literature, measurement, patient, polynomial, possible, power, practice, processing, random, recognition, sum, transfer, variable, wireless","algorithm, free, group, privacy, target, transfer, datum, measurement, phase, precision, service, shape, survey, automatic, benefit, bound, common, downstream, literature, patient, possible, set"
cs,49,2000–2005,2005–2010,2000–2005 → 2005–2010,0.132418,0.867582,"logic, program, language, linear, set, theory, constraint, function, internet, order, quantum, agent, answer, belief, capacity, channel, class, classical, computer, development, distribution, efficient, key, knowledge, measure, minimal, multi, operator, point, property, query, random, rate, relation, scheme, semantic, standard, strategy, structure, test, useful","channel, random, property, source, bound, complexity, linear, logic, rate, scheme, access, capacity, class, classical, computer, constant, construction, control, form, game, language, length, matrix, node, non, order, path, polynomial, power, program, protocol, quantum, relay, rule, set, signal, spatial, term, theory, tree, vector, wireless"
cs,49,2005–2010,2010–2015,2005–2010 → 2010–2015,0.289057,0.710943,"channel, random, property, source, bound, complexity, linear, logic, rate, scheme, access, capacity, class, classical, computer, constant, construction, control, form, game, language, length, matrix, node, non, order, path, polynomial, power, program, protocol, quantum, relay, rule, set, signal, spatial, term, theory, tree, vector, wireless","spatial, matrix, random, tree, bound, channel, energy, game, power, protocol, theory, approximation, capacity, certain, constant, construction, finite, form, group, independent, interest, interference, link, logic, measure, particular, polynomial, probability, program, property, relation, relay, scheme, second, sensor, series, service, signal, social, sparse, vector, vertex, way, word"
cs,49,2010–2015,2015–2020,2010–2015 → 2015–2020,0.257541,0.742459,"spatial, matrix, random, tree, bound, channel, energy, game, power, protocol, theory, approximation, capacity, certain, constant, construction, finite, form, group, independent, interest, interference, link, logic, measure, particular, polynomial, probability, program, property, relation, relay, scheme, second, sensor, series, service, signal, social, sparse, vector, vertex, way, word","series, spatial, theory, processing, service, similarity, able, access, classifier, game, power, relation, sparse, tree, cnn, execution, fast, filter, independent, kernel, matrix, measure, possible, program, protocol, random, second, speed, transfer, variable, variety, vehicle"
cs,49,2015–2020,2020–2025,2015–2020 → 2020–2025,0.631986,0.368014,"series, spatial, theory, processing, service, similarity, able, access, classifier, game, power, relation, sparse, tree, cnn, execution, fast, filter, independent, kernel, matrix, measure, possible, program, protocol, random, second, speed, transfer, variable, variety, vehicle","series, similarity, spatial, theory, measure, dataset, processing, unsupervised, variable, classifier, service, training, able, automatic, bound, datum, entity, frequency, heterogeneous, kernel, pair, relation, speed"
