subject,year_from,year_to,topic_id,category,best_match_topic,best_match_sim,words
math,2000,2001,0,stable,0,0.7,"function, polynomial, psi_summation, tricomplex, integral, identity, series, polar, formula, askey_wilson"
math,2000,2001,1,stable,1,0.5,"local, avalanche, hale, isochronous, function, euler, hyperk_hler, melnikov, homoclinic, bertrand"
math,2000,2001,2,stable,2,0.7,"measurement, quantum, coppersmith, maxent, tetali, pachner_move, fisher_information, distinguishability, winkler, greedy"
math,2000,2001,3,stable,3,0.5,"splitter, maximality, aleph, diffraction, boldface, phi, math, theory, axiom, free"
math,2000,2001,4,stable,4,0.7,"curve, variety, surface, projective, group, field, kodaira, algebraic, arakelov, point"
math,2000,2001,5,stable,5,0.6,"word, return, infinite, interval_exchange, coding, complexity, rotation, interval, transformation, article"
math,2000,2001,6,stable,6,0.8,"category, cohomology, homotopy, operad, algebra, fan, theory, simplicial, mathtt, ring"
math,2000,2001,7,stable,7,0.7,"group, action, subgroup, finite, automorphism, braid, diagram, algebra, amitsur, galois"
math,2000,2001,8,stable,8,0.7,"algebra, module, algebras, goth_goth, lie_algebra, ring, clifford, associative, morita_equivalence, ideal"
math,2000,2001,11,disappear,-1,0.1,"combat, output_feedback, policy, janus, stall, assignment, nonlinear, game, engine, utility"
math,2000,2001,12,stable,12,0.7,"manifold, metric, kaehler, foliation, surface, space, geometry, compact, flat, scalar_curvature"
math,2000,2001,14,stable,14,0.5,"operator, dirac, nspace, index, space, pss, bidifferential, invariant, fredholm, bounded"
math,2000,2001,15,stable,15,0.5,"quantum, groupoid, hopf_algebra, algebra, foliation, group, calculi, cal, poly, ladder"
math,2000,2001,16,disappear,-1,0.1,"odot, calogero, goedel, logic, mbox_div, pressure, painlev, propositional, entropy, left"
math,2000,2001,17,disappear,-1,0.3,"survey, kakeya, petri_net, macaulay, theory, thinking, surgery, gel_fand_dorfman_bialgebra, groebner_basis, bass"
math,2000,2001,18,stable,18,0.7,"janet, pommaret, ideal, pommaret_basis, whitehead, basis, wiegand, zharkov, projective, module"
math,2000,2001,19,stable,19,0.6,"noi, beta, channel, measure, bihamiltonian, class, normality, theorem, condition, source"
math,2000,2001,20,disappear,-1,0.4,"representation, coset, group, algebra, hecke, krammer, shapiro, chern_character, tildea, boson"
math,2000,2001,21,disappear,-1,0.3,"inference, stock_price, bayesian, regression, knowledge, informative, unresolved, information, field, probability"
math,2000,2001,22,stable,22,0.6,"sequence, catalan, length, filling, divisibility, lambda, integer, prime, irregular, friedman"
math,2000,2001,24,stable,24,0.8,"manifold, theory, structure, symplectic, bundle, space, quantization, cohomology, algebra, group"
math,2000,2001,26,stable,26,0.5,"imbedding, goursat, unlabeled, webs, labeled_unlabeled, graph, free, spectra, sum, haagerup"
math,2000,2001,28,disappear,-1,0.3,"preference, metastable, eps, lefebvre, pitchfork_bifurcation, paris, favourite, infective, eigenfunction, ionization"
math,2000,2001,29,disappear,-1,0.2,"bkm, holistic, reynold, measurement, incident, boundary, pvi, difference, householder, field"
math,2000,2001,32,stable,32,0.5,"hyer_ulam, pompeiu, bolza, function, hamilton_jacobi, penalty, lagrangian, vibroimpact, shape, semicontinuous"
math,2000,2001,33,stable,33,0.7,"matrix, random, eigenvalue, distribution, probability, gaussian, fluctuation, determinant, walker, uparrow"
math,2000,2001,35,stable,35,0.6,"quasi_geostrophic, codim, supp, phase_portrait, motion, invariant, dot_dot, stochastic, measure, convergence"
math,2000,2001,36,stable,36,0.7,"knot, invariant, vassiliev, unknot, homology, link, manifold, legendrian_knot, homflypt_skein, dehn_filling"
math,2000,2001,38,stable,38,0.6,"graph, hamilton, chromatic, circuit, cardinal_kappa, theta, zeta_function, foata, cover, tree"
math,2000,2001,39,disappear,-1,0.3,"tba, diffuse, qtm, star, boson_fermion, osp, bethe_ansatz, dilatonic, unawareness, canm"
math,2000,2001,40,stable,40,0.5,"energy, steady, temperate, velocity, josephson_junction, boundary, lawrence_doniach, periodic, flow, drag"
math,2000,2001,41,stable,41,0.5,"cardinal, space, aleph, idgba, set, banach, ultrauniform, amn, continuum, bump"
math,2000,2001,42,disappear,-1,0.3,"precsim, approx0, diffeomorphism, growth, spectral_gap, diff, polynomial, periodic, grigorchuk, subset"
math,2000,2001,43,disappear,-1,0.1,"jonsson, hexagon, sign, matrix, symmetry, specie, hilbert_space, lusztig, group, kashiwara"
math,2000,2001,44,stable,44,0.7,"peg, peg_solitaire, prelle_singer, player, duotaire, maplev, elfs, ravikumar, game, package"
math,2000,2001,45,stable,45,0.7,"flipturn, polytope, polygon, dissection, arrangement, fan, toric_variety, mende, slit, triangulation"
math,2000,2001,47,disappear,-1,0.4,"module, algebra, yangian, ggs, root, belavin, kirillov_reshetikhin, vasiliev, crystal, superconformal"
math,2000,2001,49,stable,49,0.5,"domain, boundary, isophasal, singularity, inequality, corner, integral, dirichlet, qtext, bergman_kernel"
math,2001,2002,0,stable,0,0.8,"function, polynomial, formula, integral, askey_wilson, series, identity, form, representation, coefficient"
math,2001,2002,1,stable,1,0.5,"potential, local, function, periodic, dimensional, wave, melnikov, global, avalanche, hale"
math,2001,2002,2,disappear,-1,0.1,"measurement, invertability, fisher_information, radiograph, quantum, coppersmith, subthreshold, maxent, pachner_move, tetali"
math,2001,2002,3,disappear,-1,0.4,"gromov, splitter, maximality, theory, aleph, diffraction, principle, smale, theorem, coarse"
math,2001,2002,4,stable,4,0.9,"curve, variety, surface, projective, group, field, genus, algebraic, rational, smooth"
math,2001,2002,5,disappear,-1,0.3,"word, return, infinite, complexity, frak, interval_exchange, circ, coding, palindrome, multipermutation"
math,2001,2002,6,stable,6,0.9,"category, cohomology, homotopy, algebra, group, operad, theory, ring, simplicial, sheaf"
math,2001,2002,7,stable,7,0.9,"group, action, subgroup, finite, automorphism, abelian, class, braid, algebra, representation"
math,2001,2002,8,stable,8,0.8,"algebra, algebras, module, lie_algebra, noncommutative, ideal, ring, group, lie, clifford"
math,2001,2002,11,stable,11,0.6,"ary, output, input, variable, root, tree, lam_lam, channel, nonlinear, information"
math,2001,2002,12,stable,12,0.8,"manifold, metric, surface, space, kaehler, geodesic, foliation, kahler, geometry, curvature"
math,2001,2002,14,stable,14,0.6,"operator, frame, dirac, rbf, index, space, pseudodifferential, nspace, matrix, self_adjoint"
math,2001,2002,15,stable,15,0.6,"quantum, hopf_algebra, groupoid, group, algebra, theory, yang_baxter, finite, quasi, algebras"
math,2001,2002,17,stable,17,0.5,"survey, theory, wavelet, mathematical, national_university, cma, logic, kakeya, kruskal, magician"
math,2001,2002,18,stable,18,0.8,"ideal, janet, pommaret, pommaret_basis, divisorial, whitehead, ring, basis, module, findre"
math,2001,2002,19,stable,19,0.7,"measure, thematic_factorization, theorem, noi, invariant, fkg, condition, beta, class, fractal"
math,2001,2002,20,stable,20,0.5,"representation, group, character, schubert, ultrahyperbolic, algebra, coset, unitary, building, fusion"
math,2001,2002,21,disappear,-1,0.1,"inference, quantile, mdma, asthma, bayesian, jack, variance, jackknife, stock_price, conditional"
math,2001,2002,22,stable,22,0.6,"sequence, catalan, mod, pattern, permutation, length, mn3, prime, integer, filling"
math,2001,2002,24,stable,24,0.7,"manifold, theory, structure, brane, bundle, symplectic, space, quantization, group, action"
math,2001,2002,26,disappear,-1,0.4,"imbedding, free, goursat, unlabeled, webs, tensor, omega, subproduct, tracial, fisher_information"
math,2001,2002,28,disappear,-1,0.4,"geman_yor, preference, stationary, metastable, laplace_transform, asian_option, nur, eps, random_walk, lyopem"
math,2001,2002,29,disappear,-1,0.1,"autocorrection, mesh, accuracy, error, approximant, bkm, rational, approximation, pade, difference"
math,2001,2002,30,disappear,-1,0.1,"subset, bbb, hat_hat, setminus, hat, bigcup, putx, pfl, jar, holomorphic"
math,2001,2002,32,disappear,-1,0.1,"function, barrier, hyer_ulam, dilute, cone, self, pompeiu, bolza, liouvillian, hamilton_jacobi"
math,2001,2002,33,stable,33,0.5,"matrix, random, distribution, probability, gaussian, walker, fluctuation, non, quicksort, tail"
math,2001,2002,35,stable,35,0.5,"quasi_geostrophic, codim, differential, supp, stochastic, phase_portrait, motion, nonlinear, calculus_superplane, unique"
math,2001,2002,36,stable,36,0.8,"knot, invariant, link, homology, vassiliev, manifold, sphere, group, quandle, unknot"
math,2001,2002,37,disappear,-1,0.1,"infty, subfactor, mathbb, radulescu, irreducible, cup, index, cos, geq, factor"
math,2001,2002,38,stable,38,0.7,"graph, dom, vertex, hamilton, chromatic, circuit, domatic, set, cardinal_kappa, theta"
math,2001,2002,39,disappear,-1,0.3,"temperature, gibbs, gibbs_measure, gibb, tba, diffuse, non, qtm, gibbsianness, spin"
math,2001,2002,40,stable,40,0.6,"energy, flow, steady, wave, nonlinear, velocity, dimensional, euler, shock, periodic"
math,2001,2002,41,stable,41,0.8,"space, cardinal, aleph, set, metric, dimensional, property, omega, map, idgba"
math,2001,2002,42,stable,42,0.6,"precsim, point, approx0, set, growth, eigenfunction, hecke, function, exponential, hilbert"
math,2001,2002,43,disappear,-1,0.4,"idempotent, schubert_variety, monomial, basis, flag_variety, symmetric, jonsson, hall_littlewood, mathematic, standard"
math,2001,2002,44,disappear,-1,0.2,"greechie, peg, peg_solitaire, prelle_singer, player, algorithm, worker, maplev, elfs, duotaire"
math,2001,2002,45,stable,45,0.7,"flipturn, polytope, dissection, polygon, lattice, slit, arrangement, plane, fan, family"
math,2001,2002,47,stable,47,0.8,"module, yangian, mathfrak, algebra, tilde, lie_algebra, affine, crystal, operator, vertex"
math,2001,2002,49,stable,49,0.7,"boundary, domain, function, inequality, type, shilov, isophasal, operator, sobolev, singularity"
math,2002,2003,0,stable,0,0.8,"polynomial, function, formula, integral, representation, series, coefficient, sum, identity, term"
math,2002,2003,1,stable,1,0.6,"potential, soliton, dimensional, alphaf, global, nonlinear, initial_datum, wave, periodic, coulomb"
math,2002,2003,2,disappear,-1,0.1,"information, vicious_walker, source, bayesian, separation, probable, quantum, signal, walker, friendly"
math,2002,2003,3,stable,3,0.5,"hypercomputation, bnat, theorem, logic, gromov, theory, proof, splitter, cumulative, negation"
math,2002,2003,4,stable,4,0.8,"curve, projective, variety, surface, point, field, group, genus, algebraic, rational"
math,2002,2003,5,stable,5,0.7,"word, subword, sigma, evdokimov, occurrence, pattern, return, sequence, infinite, subsequence"
math,2002,2003,6,stable,6,0.8,"category, cohomology, homotopy, operad, algebra, theory, equivariant, group, ring, simplicial"
math,2002,2003,7,stable,7,0.8,"group, subgroup, finite, action, automorphism, class, abelian, braid, algebra, order"
math,2002,2003,8,stable,8,0.8,"algebra, algebras, module, lie_algebra, lie, ring, structure, group, theory, noncommutative"
math,2002,2003,9,disappear,-1,0.0,"algebre, sundman, croise, multiplicatif, moyennable, une, unitaire, rationnelle, associee, trois"
math,2002,2003,11,disappear,-1,0.2,"quantizer, control, lineal, channel, ary, output, input, tag, variable, root"
math,2002,2003,12,stable,12,0.8,"manifold, metric, surface, space, curvature, compact, hyperbolic, foliation, kaehler, geodesic"
math,2002,2003,13,stable,13,0.774597,"bar, integration_part, algebro_geometric, partial, partial_partial, consequence"
math,2002,2003,14,stable,14,0.8,"operator, space, wavelet, spectral, frame, algebra, pseudodifferential, dirac, trace, index"
math,2002,2003,15,stable,15,0.8,"quantum, algebra, hopf_algebra, group, groupoid, algebras, space, coinvariant, product, coaction"
math,2002,2003,16,stable,16,0.7,"propositional, intuitionistic_logic, delone, information, entropy, quantified, decidability, experimenthal, set, wien"
math,2002,2003,17,stable,17,0.6,"rbns, lecture, theory, survey, mathematical, mathematic, geometry, wavelet, physics, national_university"
math,2002,2003,18,disappear,-1,0.4,"ideal, janet, ring, module, divisorial, pommaret, pommaret_basis, gin, cap_cap, whitehead"
math,2002,2003,19,stable,19,0.6,"measure, spr, thematic_factorization, function, theorem, fractal, class, condition, weak, invariant"
math,2002,2003,20,stable,20,0.9,"representation, group, torsor, algebra, character, unitary, mod, irreducible, adic, galois"
math,2002,2003,21,disappear,-1,0.4,"segmentation, estimator, enviromental, hubert, hydrological, shrinkage, mmse, volatility, inference, series"
math,2002,2003,22,stable,22,0.5,"permutation, code, sequence, pattern, catalan, kerdock_preparata, lambda, mod, length, conjecture"
math,2002,2003,24,stable,24,0.8,"theory, manifold, structure, symplectic, space, bundle, brane, deformation, geometry, hamiltonian"
math,2002,2003,26,disappear,-1,0.1,"free, imbedding, ystad, schreyer, algebra, popa, goursat, neufang, gel_fand_gel_fand, unlabeled"
math,2002,2003,27,disappear,-1,0.2,"mathcal, mathcal_mathcal, cup, cap, group, subseteq, class, word, infinite, equality"
math,2002,2003,28,disappear,-1,0.3,"nur, investor, drift, stationary, geman_yor, measure, insurance, preference, population, repellence"
math,2002,2003,29,disappear,-1,0.4,"nearisometrie, irrep, approximation, nearsurjective, shell, fortran, nonsurjective, piecewise, map, neutron"
math,2002,2003,32,disappear,-1,0.1,"invertibility, vavasis, matroid, mapping, lyapunov, gradient, lipschitz, function, family, convex"
math,2002,2003,33,stable,33,0.7,"random, matrix, distribution, probability, gaussian, ise, limit, asymptotic, point, maxent"
math,2002,2003,35,stable,35,0.5,"quasi_geostrophic, stochastic, nonlinear, differential, condition, codim, initiale, rfde, ito, markovian"
math,2002,2003,36,stable,36,0.9,"knot, invariant, vassiliev, link, manifold, homology, polynomial, sphere, group, ropelength"
math,2002,2003,38,stable,38,0.9,"graph, vertex, digraph, set, dom, tree, hamilton, chromatic, circuit, edge"
math,2002,2003,39,stable,39,0.6,"peierl, temperature, spin, hlich_spencer, contours, gibbs, ferromagnetic, dyson, contour, ising"
math,2002,2003,40,stable,40,0.5,"shock, wave, particle, nonlinear, black_hole, energy, flow, thermal, periodic, function"
math,2002,2003,41,stable,41,0.8,"space, set, cardinal, metric, property, aleph, map, subset, point, dimensional"
math,2002,2003,42,disappear,-1,0.2,"function, point, correlator, set, precsim, multiplicity, orr_sommerfeld, approx0, shattering, eigenfunction"
math,2002,2003,43,stable,43,0.6,"antilinear, monomial, basis, standard, matrix, symmetric, factorization, transpose, canonical, dual"
math,2002,2003,44,stable,44,0.6,"creature, scale, schrodinger, newtionian, nottale, game, calculus, greechie, peg, quantization"
math,2002,2003,45,stable,45,0.5,"lattice, polytope, set, flipturn, polygon, matroid, arrangement, sedenion, plane, dissection"
math,2002,2003,47,stable,47,0.6,"module, algebra, voa, affine, crystal, lie_algebra, yangian, operator, mathfrak, quantum"
math,2002,2003,49,stable,49,0.8,"boundary, function, domain, space, operator, type, inequality, multivector, dirichlet, sobolev"
math,2003,2004,0,stable,0,0.8,"function, polynomial, formula, sum, series, coefficient, integral, form, identity, jacobi"
math,2003,2004,1,stable,1,0.6,"laskar, potential, nonlinear, wave, existence, global, hamiltonian, periodic, energy, soliton"
math,2003,2004,2,stable,2,0.7,"woodin_cardinal, turbo, iterable, channel, interleaver, quantization, integrand, quadrature, reliability, noise"
math,2003,2004,3,disappear,-1,0.4,"proof, goedel, logic, theorem, entscheidungsproblem, sheva, argumentation, hypercomputation, formal, bnat"
math,2003,2004,4,stable,4,0.8,"curve, surface, projective, variety, field, point, singularity, rational, group, divisor"
math,2003,2004,5,disappear,-1,0.1,"word, subword, sigma, pattern, evdokimov, seebold, combing, letter, occurrence, return"
math,2003,2004,6,stable,6,0.9,"category, cohomology, operad, module, algebra, ring, homotopy, theory, equivariant, homology"
math,2003,2004,7,stable,7,0.9,"group, subgroup, automorphism, class, finite, action, abelian, free, braid, element"
math,2003,2004,8,stable,8,0.7,"algebra, algebras, module, lie_algebra, noncommutative, hopf_algebra, associative, ring, lie, structure"
math,2003,2004,11,disappear,-1,0.3,"blackman, pendulum_cart, control, pell, output_regulation, nonlinear, association, quantizer, coordination, dynamical"
math,2003,2004,12,stable,12,0.7,"manifold, metric, surface, hyperbolic, space, curvature, compact, boundary, kaehler, hler"
math,2003,2004,13,stable,13,0.5,"bar, integration_part, algebro_geometric, partial, partial_partial, frac, consequence, 2ab, prime, end_array"
math,2003,2004,14,stable,14,0.7,"operator, frame, space, spectral, dirac, wavelet, pseudodifferential, matrix, trace, leonard_pair"
math,2003,2004,15,stable,15,0.7,"quantum, hopf_algebra, algebra, groupoid, group, algebras, rosy, theory, space, coinvariant"
math,2003,2004,16,stable,16,0.5,"propositional, intuitionistic_logic, delone, dynamical, champ, information, entropy, quantified, decidability, chaos"
math,2003,2004,17,stable,17,0.8,"arabic_numeral, rhythm, theory, lecture, mathematic, rbns, mathematical, survey, nervous, algebraic"
math,2003,2004,18,stable,18,0.5,"ideal, ring, janet, buchsbaum, multr, closure, module, local, prime, distraction"
math,2003,2004,19,stable,19,0.5,"measure, theorem, function, monotone, fractal, meshalkin, inequality, class, spr, nfl"
math,2003,2004,20,stable,20,0.8,"representation, group, mod, irreducible, character, algebra, galois, hecke, adic, torsor"
math,2003,2004,21,stable,21,0.7,"estimator, inference, segmentation, estimation, jackknife, datum, distribution, enviromental, sec, variance"
math,2003,2004,22,stable,22,0.7,"lambda, permutation, prime, sequence, sum, integer, equi, code, pdf, pattern"
math,2003,2004,24,stable,24,0.8,"manifold, theory, symplectic, structure, space, bundle, holomorphic, poisson, hamiltonian, geometry"
math,2003,2004,26,disappear,-1,0.4,"factoriality, feynman_diagram, von_neumann_algebras, bozejko, product, speicher, commutation_relation, track, von_neumann_algebra, free"
math,2003,2004,28,disappear,-1,0.2,"brownian_web, nur, measure, exit, deposition, refractoriness, path, drift, numeraire, particle"
math,2003,2004,29,disappear,-1,0.4,"nearisometrie, discrete, biflat, irrep, approximation, piecewise, indicator, capacitance, approximate, resolution"
math,2003,2004,32,stable,32,0.6,"optimization, penalty, expansion, algorithm, sparser, convex, iteration, landweber, combinatorial, iterative"
math,2003,2004,33,stable,33,0.9,"random, matrix, probability, distribution, point, percolation, gaussian, eigenvalue, limit, measure"
math,2003,2004,35,stable,35,0.5,"nonlinear, noise, stochastic, condition, differential, loc, viscosity, quasi_geostrophic, parabolic, averaging"
math,2003,2004,36,stable,36,0.8,"knot, invariant, link, manifold, vassiliev, homology, polynomial, group, braid, sphere"
math,2003,2004,38,stable,38,0.6,"graph, vertex, digraph, tree, circuit, set, edge, path, hamilton, dom"
math,2003,2004,39,stable,39,0.5,"spin, peierl, temperature, queue, service, dyson, service_discipline, hlich_spencer, contours, phase_transition"
math,2003,2004,40,stable,40,0.5,"wave, nonlinear, shock, flow, energy, charge, boundary, term, field, velocity"
math,2003,2004,41,stable,41,0.8,"space, set, map, subset, metric, property, point, compact, group, dimensional"
math,2003,2004,42,disappear,-1,0.3,"point, omegaomega, xomega, discontinuity, issai, function, estimate, asymptotic, growth, consecutive"
math,2003,2004,43,stable,43,0.7,"monomial, basis, antilinear, hopf_algebra, canonical, ribbon, symmetric, dehn_sommerville, standard, function"
math,2003,2004,44,disappear,-1,0.4,"nash_equilibrium, creature, game, scale, schrodinger, nottale, newtionian, algorithm, differentiable, toolbox"
math,2003,2004,45,stable,45,0.8,"lattice, polytope, matroid, set, parallelotope, point, poset, duplex, ehrhart, arrangement"
math,2003,2004,47,stable,47,0.9,"module, algebra, crystal, affine, osp, lie_algebra, basis, weight, realization, quantum"
math,2003,2004,48,disappear,-1,0.1,"fht, supp, terence_tao, supp_supp, uncertainty, inequality, let, abelian, leq, geq"
math,2003,2004,49,stable,49,0.7,"boundary, domain, space, function, inequality, type, operator, integral, dirichlet, harmonic"
math,2004,2005,0,stable,0,0.8,"function, polynomial, formula, series, sum, integral, identity, coefficient, hypergeometric, theory"
math,2004,2005,1,stable,1,0.5,"potential, wave, energy, laskar, dimensional, hamiltonian, existence, quasiperiodic, estimate, schr_dinger_operator"
math,2004,2005,2,disappear,-1,0.4,"woodin_cardinal, turbo, iterable, channel, secretary, datum, information, noise, interleaver, quantization"
math,2004,2005,3,disappear,-1,0.4,"proof, theorem, logic, theory, goedel, maximality, transfinite, nonstandard, nonlocality, principle"
math,2004,2005,4,stable,4,0.8,"curve, surface, projective, field, variety, point, rational, group, algebraic, smooth"
math,2004,2005,6,stable,6,1.0,"category, cohomology, theory, module, ring, algebra, operad, homotopy, group, equivariant"
math,2004,2005,7,stable,7,0.9,"group, subgroup, finite, automorphism, braid, action, class, free, abelian, artin"
math,2004,2005,8,stable,8,0.6,"algebra, algebras, module, lie_algebra, noncommutative, lie_rinehart, hopf_algebra, extension, structure, bialgebra"
math,2004,2005,9,stable,9,0.7,"geodesique, pointee, sont, totalement, holmes_thompson, leur, sous, des, mordell_weil, pour"
math,2004,2005,10,disappear,-1,0.1,"eremenko_lyubich, colon, half, ovl, mapsto, baker, hyperbolic, affirmative, exponential, colon_colon"
math,2004,2005,11,stable,11,0.6,"alliance, queueing, pieri, control, policy, network, nonlinear, stability, fluid, blackman"
math,2004,2005,12,stable,12,0.8,"manifold, surface, metric, curvature, hyperbolic, compact, space, submanifold, flow, foliation"
math,2004,2005,13,stable,13,0.8,"bolle, subcritical, growth, partial, bar, integration_part, algebro_geometric, exponential, partial_partial, multiplicity"
math,2004,2005,14,stable,14,0.7,"operator, spectrum, spectral, space, self_adjoint, leonard_pair, matrix, dirac, formula, frame"
math,2004,2005,15,stable,15,0.7,"quantum, hopf_algebra, algebra, groupoid, group, theory, galois, property, algebras, extension"
math,2004,2005,16,stable,16,0.7,"dynamical, entropy, subshift, map, propositional, meromorphic, intuitionistic_logic, delone, topological, shift"
math,2004,2005,17,disappear,-1,0.4,"theory, lecture, mathematical, mathematic, arabic_numeral, geometry, rhythm, easter, algebraic, rbns"
math,2004,2005,18,stable,18,0.6,"ideal, ring, cohen_macaulay, module, gorenstein, buchsbaum, local, multiplicity, injective, ree"
math,2004,2005,19,stable,19,0.6,"measure, theorem, function, class, space, inequality, functional, type, condition, ergodic"
math,2004,2005,20,stable,20,0.7,"representation, group, irreducible, ind, hecke, character, galois, mod, algebra, flag"
math,2004,2005,21,stable,21,0.6,"estimator, estimation, inference, segmentation, distribution, loss, datum, function, jackknife, mixture"
math,2004,2005,22,stable,22,0.8,"permutation, prime, sequence, pattern, conjecture, set, sum, integer, lambda, statistic"
math,2004,2005,24,stable,24,0.8,"symplectic, manifold, structure, theory, space, bundle, geometry, hamiltonian, field, action"
math,2004,2005,25,disappear,-1,0.1,"systolic, cat, sys, lusternik_schnirelmann_category, category, inequality, sensitive, massey_product, loewner, equality"
math,2004,2005,26,disappear,-1,0.2,"cumulant, free, random_variable, factoriality, noncommutative, exchangeability, feynman_diagram, additiveness, raikov, von_neumann_algebras"
math,2004,2005,28,stable,28,0.5,"chain, market, fragmentation, probability, brownian_web, random_walk, type, random, volatility, path"
math,2004,2005,29,stable,29,0.5,"dqi, nearisometrie, approximation, error, discrete, numerical, jitter, element, tlm, biflat"
math,2004,2005,31,disappear,-1,0.119523,"sumset, arithmetic_progression, term, elementary, element, subset, proof"
math,2004,2005,32,stable,32,0.7,"polyominoe, stepper, convex, iteration, optimization, linear, penalty, nonconvex, expansion, algorithm"
math,2004,2005,33,stable,33,0.9,"random, matrix, distribution, probability, ensemble, point, limit, gaussian, percolation, eigenvalue"
math,2004,2005,35,stable,35,0.7,"noise, stochastic, nonlinear, differential, condition, fractional, diffusion, space, dimensional, type"
math,2004,2005,36,stable,36,0.7,"knot, invariant, link, homology, manifold, group, polynomial, tangle, jones, vassiliev"
math,2004,2005,38,stable,38,0.5,"graph, vertex, pebble, tree, edge, cycle, digraph, cover, ell, set"
math,2004,2005,39,stable,39,0.5,"peierl, server, spin, ising, service, temperature, dilute, queue, heavy_traffic, customer"
math,2004,2005,40,stable,40,0.6,"wave, curvelet, shock, atmosphere_ocean, profile, flow, nonlinear, boundary, stability, scale"
math,2004,2005,41,stable,41,0.8,"space, map, set, metric, subset, topology, group, function, compact, property"
math,2004,2005,42,stable,42,0.6,"eigenvalue, ricci_curvature, chr, point, estimate, bound, sharp, sqrt_log, function, supp"
math,2004,2005,43,disappear,-1,0.4,"temperley_lieb, basis, hopf_algebra, ribbon, symmetric, monomial, antilinear, diagonal, canonical, matrix"
math,2004,2005,44,stable,44,0.6,"ddh, nim, heap, game, nash_equilibrium, hellman, creature, profit, algorithm, school"
math,2004,2005,45,stable,45,0.6,"matroid, polytope, lattice, poset, set, point, packing, parallelotope, plane, arrangement"
math,2004,2005,46,disappear,-1,0.158114,"codim, underset, longrightarrow, mid, semigroup, asymptotical, subspace, infty, operator, condition"
math,2004,2005,47,stable,47,0.7,"algebra, module, crystal, basis, operator, affine, lie_algebra, quantum, realization, osp"
math,2004,2005,49,stable,49,0.7,"domain, boundary, inequality, function, space, star_star, operator, revers, type, semistar"
math,2005,2006,0,stable,0,0.9,"function, polynomial, formula, series, coefficient, integral, sum, identity, form, variable"
math,2005,2006,1,stable,1,0.7,"potential, wave, periodic, energy, flgee, existence, dimensional, local, operator, space"
math,2005,2006,2,disappear,-1,0.4,"algorithm, woodin_cardinal, datum, rate, signal, procedure, ralsfa, turbo, iterable, function"
math,2005,2006,3,disappear,-1,0.4,"proof, theorem, computability, hospital, theory, logic, church_thesis, ellentuck, condensation, instantiational"
math,2005,2006,4,stable,4,0.8,"curve, surface, projective, variety, algebraic, field, group, point, genus, conjecture"
math,2005,2006,5,stable,5,0.5,"subword, palindromic, palindrome, word, primitive, binary, function, complexity, assign, alphabet"
math,2005,2006,6,stable,6,0.8,"category, ring, cohomology, theory, module, homotopy, group, operad, equivariant, algebra"
math,2005,2006,7,stable,7,0.9,"group, subgroup, finite, automorphism, action, braid, free, class, abelian, coxeter"
math,2005,2006,8,stable,8,0.8,"algebra, module, algebras, lie_algebra, noncommutative, bialgebra, ring, group, finite, field"
math,2005,2006,9,disappear,-1,0.3,"des, qui, pointee, geodesique, sont, totalement, holmes_thompson, gal, leur, nombre"
math,2005,2006,11,stable,11,0.5,"alliance, network, control, policy, queueing, pieri, design, traceroute, bus, stochastic"
math,2005,2006,12,stable,12,0.8,"manifold, surface, metric, curvature, hyperbolic, compact, space, kahler, submanifold, geodesic"
math,2005,2006,13,stable,13,0.6,"bolle, partial_partial, partial, subcritical, frac, growth, bar, integration_part, algebro_geometric, bard"
math,2005,2006,14,stable,14,0.7,"operator, spectrum, frame, spectral, space, self_adjoint, dirac, theorem, theory, symbol"
math,2005,2006,15,stable,15,0.8,"quantum, algebra, groupoid, hopf_algebra, group, algebras, theory, bornological, coaction, category"
math,2005,2006,16,stable,16,0.5,"propositional, dynamical, intuitionistic_logic, shift, quasisturmian, subshift, entropy, excited_random_walk, recurrent, map"
math,2005,2006,17,stable,17,0.6,"theory, speech, lecture, mathematical, galaxy, geometry, survey, chapter, theorem, introduction"
math,2005,2006,18,stable,18,0.8,"ideal, ring, qfqf, gorenstein, cohen_macaulay, module, syzygy, ncm, ess, injective"
math,2005,2006,19,stable,19,0.7,"measure, theorem, inequality, class, monotone, divergence, condition, function, convergence, martingale"
math,2005,2006,20,stable,20,0.8,"representation, group, character, reductive, algebra, hecke, flag, irreducible, split, lusztig"
math,2005,2006,21,stable,21,0.7,"estimator, estimation, regression, distribution, inference, posterior, function, nonparametric, datum, scatter"
math,2005,2006,22,stable,22,0.7,"permutation, prime, pattern, zrank, sequence, conjecture, lambda, integer, sum, length"
math,2005,2006,24,stable,24,0.8,"structure, symplectic, manifold, theory, space, geometry, bundle, contact, deformation, action"
math,2005,2006,26,stable,26,0.7,"free, cumulant, rod, graph, algebra, orientational, fugacity, product, semicircular, block"
math,2005,2006,28,stable,28,0.5,"particle, fragmentation, population, market, chain, probability, brownian, random, branching, rate"
math,2005,2006,29,disappear,-1,0.4,"numerical, approximation, quadrature, mgf, dqi, nearisometrie, error, raring, lax, richtmyer"
math,2005,2006,32,stable,32,0.7,"viterbi, optimization, convex, algorithm, polyominoe, linear, stepper, convergence, iteration, function"
math,2005,2006,33,stable,33,0.9,"random, matrix, distribution, probability, ensemble, percolation, point, limit, asymptotic, eigenvalue"
math,2005,2006,34,stable,34,0.6,"liminf, log_log, bigr, big, bigl, frac12, sup, brownian_motion, lip, iterated_logarithm"
math,2005,2006,35,stable,35,0.6,"stochastic, differential, noise, space, nonlinear, diffusion, condition, fbw, form, shear"
math,2005,2006,36,stable,36,0.8,"knot, link, invariant, tangle, vassiliev, homology, surgery, manifold, alexander, surface"
math,2005,2006,37,disappear,-1,0.0,"navi_stoke, regularity, sufficient_condition, infty"
math,2005,2006,38,stable,38,0.6,"graph, vertex, pebble, tree, heterochromatic, planar, edge, degree, adjacent, path"
math,2005,2006,39,stable,39,0.5,"server, customer, service, queue, queueing, station, heavy_traffic, discipline, scheduling, foreground_background"
math,2005,2006,40,stable,40,0.7,"flow, wave, stability, profile, nonlinear, disorder, boundary, particle, body, point"
math,2005,2006,41,stable,41,0.8,"space, set, metric, map, subset, function, compact, property, continuous, finite"
math,2005,2006,42,stable,42,0.6,"eigenvalue, function, bound, point, polynomial, estimate, qtr, constant, julia, ricci_curvature"
math,2005,2006,43,disappear,-1,0.3,"basis, octahedron_recurrence, tableaux, schur, function, bijection, combinatorial, canonical, symmetric, temperley_lieb"
math,2005,2006,44,stable,44,0.5,"game, ddh, algorithm, nim, presynaptic, nash_equilibrium, bimatrix, heap, spike_timing, player"
math,2005,2006,45,stable,45,0.7,"lattice, polytope, poset, nite, set, matroid, conc, hyperquasigroup, cong_conc, point"
math,2005,2006,47,stable,47,0.7,"module, algebra, weight, quantum, crystal, root, virasoro, affine, lie_algebra, osp"
math,2005,2006,48,stable,48,0.5,"bialostocki, binom, lefmann, pmb, diam, erdo, sum, ginzburg_ziv, monochromatic, 18f"
math,2005,2006,49,stable,49,0.9,"domain, boundary, function, inequality, space, type, operator, estimate, elliptic, harmonic"
math,2006,2007,0,stable,0,0.9,"function, polynomial, formula, series, integral, coefficient, sum, identity, form, expansion"
math,2006,2007,1,stable,1,0.7,"wave, potential, energy, periodic, estimate, nonlinear, existence, operator, space, dimension"
math,2006,2007,2,stable,2,0.7,"algorithm, fdp, rate, test, procedure, optimal, mathit, sparse, fwer_fwer, signal"
math,2006,2007,3,stable,3,0.5,"proof, theorem, logic, elgot, theory, warnsdorff, axiom, goedel, zenonian, lemma"
math,2006,2007,4,stable,4,0.8,"curve, surface, variety, projective, field, group, rational, singularity, conjecture, algebraic"
math,2006,2007,5,stable,5,0.5,"rota_baxter, word, subword, palindromic, palindrome, primitive, random_walk, recurrent, enumeration, basis"
math,2006,2007,6,stable,6,0.9,"category, cohomology, module, homotopy, theory, functor, ring, group, operad, space"
math,2006,2007,7,stable,7,0.9,"group, subgroup, finite, automorphism, braid, action, garside, abelian, class, free"
math,2006,2007,8,stable,8,0.9,"algebra, module, algebras, lie_algebra, noncommutative, structure, finite, group, dimensional, ring"
math,2006,2007,9,stable,9,0.7,"des, nous, systeme, qui, aux, une, sur, regulier, entiers, geodesique"
math,2006,2007,11,disappear,-1,0.4,"network, control, alliance, design, mpgps, policy, supersaturated_design, law, motion_camouflage, trajectory"
math,2006,2007,12,stable,12,0.9,"manifold, surface, metric, space, curvature, hyperbolic, compact, flow, submanifold, mean_curvature"
math,2006,2007,13,stable,13,0.6,"int, frac, bolle, partial, nabla, partial_partial, lfloor_frac_rfloor, subcritical, growth, ndx"
math,2006,2007,14,stable,14,0.7,"operator, spectral, wavelet, space, spectrum, symbol, dirac, semigroup, norm, frame"
math,2006,2007,15,stable,15,0.7,"quantum, algebra, groupoid, group, algebras, cluster, hopf_algebra, category, theory, finite"
math,2006,2007,16,disappear,-1,0.4,"dynamical, shift, subshift, entropy, propositional, lambda, chaplygin, recurrence, cuntz_krieger, dynamic"
math,2006,2007,17,stable,17,0.6,"napkin, auction, theory, geometry, mathematical, carbuncle, survey, taiwan, speech, lecture"
math,2006,2007,18,stable,18,0.7,"ideal, ring, module, qfqf, gorenstein, multiplicity, cohen_macaulay, syzygy, injective, buchsbaum_rim"
math,2006,2007,19,stable,19,0.7,"measure, theorem, inequality, condition, ergodic, function, invariant, property, class, convergence"
math,2006,2007,20,stable,20,0.8,"representation, group, character, irreducible, hecke, adic, algebra, flag, reductive, formula"
math,2006,2007,21,stable,21,0.7,"estimator, estimation, datum, regression, distribution, function, inference, sample, mixture, attitude"
math,2006,2007,22,stable,22,0.8,"permutation, prime, pattern, code, patience, sequence, conjecture, length, dumont_permutation, integer"
math,2006,2007,24,stable,24,0.9,"structure, symplectic, manifold, theory, space, bundle, geometry, action, connection, group"
math,2006,2007,26,disappear,-1,0.3,"free, transform, cumulant, householder, graph, algebra, rod, convolution, product, orientational"
math,2006,2007,27,disappear,-1,0.2,"subseteq, mathcal_mathcal, mathcal, subseteq_mathbb, hilbert, module, algebra, invariant, unitary, modules"
math,2006,2007,28,stable,28,0.6,"particle, market, population, fragmentation, price, environment, random, random_walk, volatility, pricing"
math,2006,2007,29,stable,29,0.6,"approximation, numerical, error, scheme, spline, order, cayley_bacharach, microwave, interpolation, quadrature"
math,2006,2007,31,disappear,-1,0.2,"beatty, burgess, character, sum, interval, irrational, sequence, multiplicative, nontrivial, homogeneous"
math,2006,2007,32,stable,32,0.6,"viterbi, optimization, function, convex, algorithm, immediate_basin, convergence, quad_quad, linear, point"
math,2006,2007,33,stable,33,0.9,"random, distribution, matrix, probability, asymptotic, function, point, limit, ensemble, percolation"
math,2006,2007,34,disappear,-1,0.3,"bbt, big, bbd, liminf, log_log, bigr, bigl, frac12, big_big, bbt_bbt"
math,2006,2007,35,stable,35,0.7,"stochastic, differential, diffusion, noise, parabolic, class, nonlinear, space, operator, existence"
math,2006,2007,36,stable,36,0.9,"knot, link, invariant, homology, surgery, tangle, surface, manifold, polynomial, braid"
math,2006,2007,38,stable,38,0.9,"graph, vertex, edge, tree, pebble, degree, digraph, chromatic, cycle, subgraph"
math,2006,2007,39,disappear,-1,0.3,"server, customer, service, retrial, queueing, queue, temperature, commerce, symposium, oil"
math,2006,2007,40,stable,40,0.8,"wave, flow, stability, fluid, energy, profile, particle, boundary, nonlinear, elastic"
math,2006,2007,41,stable,41,0.9,"space, metric, set, compact, dimension, subset, group, map, function, property"
math,2006,2007,42,stable,42,0.6,"confidence_band, eigenvalue, bound, hbox, bbbb, constant, polynomial, julia, dimension, point"
math,2006,2007,43,stable,43,0.6,"sjostrand, nesting, correspondence, schur, tableaux, basis, fomin, imbalance, operator, poset"
math,2006,2007,44,disappear,-1,0.3,"algorithm, game, subresultant, fast, ddh, search, item, nim, scale, presynaptic"
math,2006,2007,45,stable,45,0.7,"lattice, polytope, triangulation, poset, set, point, matroid, vertex, facet, nite"
math,2006,2007,47,stable,47,0.6,"module, algebra, affine, weight, crystal, vir_vir, quantum, representation, lie_algebra, kirillov_reshetikhin"
math,2006,2007,48,disappear,-1,0.3,"fleck, mod, binom, sum, bialostocki, lefmann, integer, pmb, mod_mod, sw2"
math,2006,2007,49,stable,49,0.7,"domain, boundary, function, inequality, operator, space, estimate, dirichlet, type, elliptic"
math,2007,2008,0,stable,0,0.9,"function, polynomial, formula, series, integral, coefficient, sum, form, identity, euler"
math,2007,2008,1,stable,1,0.9,"wave, periodic, potential, nonlinear, energy, space, estimate, schrodinger, global, local"
math,2007,2008,2,stable,2,0.7,"test, signal, algorithm, procedure, rate, sample, sparse, optimal, svd, statistic"
math,2007,2008,3,disappear,-1,0.4,"proof, theorem, logic, theory, lemma, quantum, order, soft, hierarchy, structure"
math,2007,2008,4,stable,4,1.0,"curve, variety, surface, projective, field, group, algebraic, genus, point, rational"
math,2007,2008,5,stable,5,0.7,"smarandache, word, rota_baxter, principal_isotope, smarandache_principal_isotope, subword, bol_moufang, palindromic, palindrome, loop"
math,2007,2008,6,stable,6,0.9,"category, cohomology, module, functor, homotopy, theory, group, ring, operad, algebra"
math,2007,2008,7,stable,7,0.9,"group, subgroup, finite, automorphism, action, abelian, free, class, braid, element"
math,2007,2008,8,stable,8,0.9,"algebra, module, algebras, lie_algebra, ring, noncommutative, structure, group, field, finite"
math,2007,2008,9,disappear,-1,0.0,"des, que, nous, une, sur, aux, qui, systeme, nous_montron, forma"
math,2007,2008,10,disappear,-1,0.2,"longrightarrow, mathbb_mathbb, mathbb, polynomial, function, operation, bounded, length, open, extension"
math,2007,2008,11,stable,11,0.7,"network, control, policy, optimal, pagerank, agent, epistemic, alliance, dynamic, feedback"
math,2007,2008,12,stable,12,0.8,"manifold, surface, metric, space, curvature, hyperbolic, compact, geodesic, flow, mean_curvature"
math,2007,2008,13,stable,13,0.5,"int, frac, indi, nabla, partial_partial, loc, bolle, text, wedge, partial"
math,2007,2008,14,stable,14,0.7,"operator, spectral, space, frame, semigroup, matrix, symbol, self_adjoint, function, dirac"
math,2007,2008,15,stable,15,0.8,"quantum, algebra, groupoid, group, quiver, cluster, category, algebras, tmop, clb"
math,2007,2008,16,stable,16,0.6,"entropy, shift, dynamical, quantifier, flow, topological, subshift, pattern, chaotic, map"
math,2007,2008,17,stable,17,0.6,"numeral, theory, geometry, university, napkin, lecture, blink, mathematical, auction, testimony"
math,2007,2008,18,stable,18,0.6,"ideal, ring, module, local, cohen_macaulay, gorenstein, licci, multiplicity, injective, artinian"
math,2007,2008,19,stable,19,0.8,"measure, inequality, theorem, function, condition, martingale, property, convergence, space, theory"
math,2007,2008,20,stable,20,0.8,"representation, group, character, irreducible, adic, hecke, algebra, grassmannian, ind, reductive"
math,2007,2008,21,stable,21,0.7,"estimator, estimation, regression, datum, function, distribution, nonparametric, sample, density, rate"
math,2007,2008,22,stable,22,0.9,"prime, permutation, pattern, sequence, sum, code, conjecture, partition, length, integer"
math,2007,2008,24,stable,24,0.9,"symplectic, manifold, structure, theory, space, bundle, geometry, group, field, action"
math,2007,2008,26,stable,26,0.5,"immanant, free, webs, web, transform, decomposition, convolution, monomial_ideal, noetherian_ring, algebras"
math,2007,2008,28,stable,28,0.7,"particle, market, price, portfolio, population, distribution, rate, site, pricing, random"
math,2007,2008,29,stable,29,0.9,"numerical, error, scheme, approximation, finite_element, spline, vepsi, order, discretization, algorithm"
math,2007,2008,30,stable,30,0.5,"cup, big, setminus, hat, fiberwise, envelope_holomorphy, varnothing, measurable, cross, partial_partial"
math,2007,2008,32,stable,32,0.5,"convex, function, algorithm, optimization, cost, convergence, spacecraft, sdls, viterbi, reconfiguration"
math,2007,2008,33,stable,33,0.8,"random, matrix, distribution, probability, percolation, asymptotic, function, limit, gaussian, point"
math,2007,2008,34,disappear,-1,0.4,"exp, big, int, bbt, brownian_motion, integral, asian_option, bbd, expectation, probability"
math,2007,2008,35,stable,35,0.6,"stochastic, differential, diffusion, parabolic, existence, nonlinear, space, pde, convergence, integrator"
math,2007,2008,36,stable,36,0.8,"knot, link, invariant, homology, braid, manifold, genus, surgery, surface, polynomial"
math,2007,2008,37,disappear,-1,0.2,"selfadjoint, cup, von_neumann_algebra, nonmicrostate, entropy, infty, free, microstate, element, tracial"
math,2007,2008,38,stable,38,0.8,"graph, vertex, edge, tree, chromatic, pebble, degree, subgraph, cycle, path"
math,2007,2008,39,stable,39,0.5,"temperature, server, field, painlev, spin, customer, phase, xxz, correlation, magnetization"
math,2007,2008,40,stable,40,0.7,"flow, wave, fluid, stability, energy, boundary, limit, nonlinear, elastic, velocity"
math,2007,2008,41,stable,41,0.7,"space, set, metric, subset, compact, point, map, function, dimension, group"
math,2007,2008,42,stable,42,0.8,"dimension, julia, bound, point, erdo_falconer, estimate, eigenvalue, constant, set, interval"
math,2007,2008,43,disappear,-1,0.3,"basis, schur, tableaux, sjostrand, nesting, correspondence, fock, partition, bidiagonal, standard"
math,2007,2008,44,stable,44,0.6,"algorithm, game, player, sequential, factorization, ultrametricity, army, trs, precision, fast"
math,2007,2008,45,stable,45,0.8,"lattice, polytope, set, triangulation, point, poset, vertex, quandle, plane, tiling"
math,2007,2008,47,stable,47,0.7,"module, algebra, affine, crystal, weight, vertex, type, operator, representation, irreducible"
math,2007,2008,48,stable,48,0.5,"romanov, sumset, cup, prime, fleck, density, mod, positive, binom, theorem"
math,2007,2008,49,stable,49,1.0,"boundary, function, inequality, domain, space, operator, estimate, hardy, sobolev, integral"
math,2008,2009,0,stable,0,1.0,"function, polynomial, formula, series, integral, coefficient, sum, identity, term, form"
math,2008,2009,1,stable,1,0.9,"wave, potential, energy, estimate, schroedinger, nonlinear, space, global, schrodinger, periodic"
math,2008,2009,2,stable,2,0.7,"test, algorithm, statistic, signal, procedure, distribution, sparse, rate, sequential, testing"
math,2008,2009,3,stable,3,0.7,"nact, proof, nfum, theorem, theory, logic, axiom, zfc4, ermakov, musquash"
math,2008,2009,4,stable,4,0.9,"curve, variety, field, surface, projective, algebraic, group, genus, point, rational"
math,2008,2009,5,disappear,-1,0.3,"word, smarandache, episturmian_word, smarandache_principal_isotope, palindromic, rota_baxter, principal_isotope, sturmian_word, sturmian, subword"
math,2008,2009,6,stable,6,0.9,"category, cohomology, module, functor, theory, homotopy, ring, group, algebra, structure"
math,2008,2009,7,stable,7,0.9,"group, subgroup, finite, automorphism, free, abelian, class, action, element, algebra"
math,2008,2009,8,stable,8,0.9,"algebra, algebras, module, lie_algebra, ring, lie, group, structure, finite, field"
math,2008,2009,9,stable,9,0.7,"bbb, int, mathcal, navi_stoke, bbb_bbb, liouville, equipartition, magnetohydrodynamic, euler, times"
math,2008,2009,11,stable,11,0.7,"control, network, policy, feedback, dynamic, optimal, information, agent, economic, stochastic"
math,2008,2009,12,stable,12,0.9,"manifold, surface, metric, space, curvature, compact, geodesic, hyperbolic, submanifold, foliation"
math,2008,2009,13,disappear,-1,0.2,"frac, int, indi, partial, mathbf, nabla, hbox, vert, dxdt, dot"
math,2008,2009,14,stable,14,0.7,"operator, spectral, space, semigroup, self_adjoint, function, symbol, resolvent, class, spectrum"
math,2008,2009,15,stable,15,0.9,"quantum, algebra, groupoid, group, cluster, hopf_algebra, algebras, quiver, category, unital"
math,2008,2009,16,stable,16,0.5,"entropy, subshift, dynamical, shift, recurrent, topological, periodic, orbit, canard, chaotic"
math,2008,2009,17,disappear,-1,0.4,"theory, chapter, mathematical, geometry, lecture, numeral, survey, university, space, area"
math,2008,2009,18,stable,18,0.6,"ideal, ring, lexsegment, gorenstein, module, local, multiplicity, divisorial, sum, regular"
math,2008,2009,19,stable,19,0.7,"measure, inequality, theorem, condition, function, property, cale_cale, space, martingale, operator"
math,2008,2009,20,stable,20,0.8,"representation, group, character, irreducible, hecke, adic, unitary, algebra, reductive, field"
math,2008,2009,21,stable,21,0.8,"estimator, estimation, regression, datum, distribution, function, selection, nonparametric, posterior, procedure"
math,2008,2009,22,stable,22,0.9,"permutation, prime, pattern, code, integer, length, sequence, sum, conjecture, descent"
math,2008,2009,24,stable,24,0.9,"structure, manifold, symplectic, space, theory, bundle, hamiltonian, action, geometry, group"
math,2008,2009,26,disappear,-1,0.3,"free, convolution, webs, immanant, fock, microstate, space, bide, web, multiplicative"
math,2008,2009,27,disappear,-1,0.2,"mathcal, ell, subset, betti, leq, mathcal_mathcal, semi, cup, set, poincar"
math,2008,2009,28,stable,28,0.8,"particle, population, price, portfolio, market, distribution, measure, rate, diffusion, stochastic"
math,2008,2009,29,stable,29,0.7,"numerical, scheme, approximation, error, discretization, order, spline, feti, finite_element, algorithm"
math,2008,2009,30,stable,30,0.5,"defensive_offensive_alliance, alliance, setminus, cup, big, offensive, defensive, emph, hat, fiberwise"
math,2008,2009,31,stable,31,0.5,"sum, bohr, rightarrow, quad_quad, limsup, vasi, vera, inequality, quad, subgroup"
math,2008,2009,32,stable,32,0.6,"function, convex, algorithm, optimization, convergence, constraint, agent, bds, regularization, minimizer"
math,2008,2009,33,stable,33,0.9,"random, matrix, distribution, probability, limit, law, gaussian, eigenvalue, asymptotic, function"
math,2008,2009,34,disappear,-1,0.4,"exp, big, vert, martingale, int, function, vert_vert, bbt, dis, limsup"
math,2008,2009,35,stable,35,0.8,"stochastic, diffusion, differential, parabolic, nonlinear, linear, space, class, operator, coefficient"
math,2008,2009,36,stable,36,0.9,"knot, link, invariant, manifold, surgery, genus, surface, heegaard_splitting, homology, group"
math,2008,2009,38,stable,38,0.8,"graph, vertex, edge, tree, degree, subgraph, random, coloring, chromatic, pebble"
math,2008,2009,39,disappear,-1,0.3,"temperature, field, ising, spin, gibbs, critical, dislocation, gibbsianness, correlation, phase"
math,2008,2009,40,stable,40,0.8,"wave, flow, boundary, stability, limit, fluid, nonlinear, field, phase, particle"
math,2008,2009,41,stable,41,0.9,"space, set, subset, metric, function, banach_space, property, compact, map, continuous"
math,2008,2009,42,stable,42,0.8,"eigenvalue, point, constant, estimate, bound, upper, julia, dimension, set, rotation"
math,2008,2009,43,stable,43,0.5,"involution, basis, recognizable, mod, textit, schur, chi, undecidable, partition, shape"
math,2008,2009,44,stable,44,0.6,"algorithm, game, buffer, player, sequential, nash_equilibrium, factorization, monomial_ideal, scalapack, fast"
math,2008,2009,45,stable,45,0.7,"lattice, set, polytope, point, poset, triangulation, plane, vertex, partition, graph"
math,2008,2009,46,stable,46,0.67082,"forall, rightarrow, real, conjecture, multiplication, cdot, rational, addition"
math,2008,2009,47,stable,47,0.7,"module, mathfrak, affine, algebra, weight, tilde, root, irreducible, type, representation"
math,2008,2009,48,disappear,-1,0.4,"romanov, lcm_lcm, lcm, sumset, prime, cup, frac, hong, period, positive"
math,2008,2009,49,stable,49,0.9,"function, inequality, space, domain, boundary, operator, estimate, hardy, sobolev, integral"
math,2009,2010,0,stable,0,1.0,"function, polynomial, formula, sum, series, coefficient, integral, form, identity, term"
math,2009,2010,1,stable,1,0.9,"potential, wave, energy, global, schrodinger, estimate, nonlinear, schroedinger, critical, space"
math,2009,2010,2,stable,2,0.8,"test, signal, algorithm, sparse, error, sparsity, statistic, rate, optimal, distribution"
math,2009,2010,3,stable,3,0.5,"proof, nact, theorem, theory, logic, nfum, goodstein, lemma, axiom, extension"
math,2009,2010,4,stable,4,0.9,"curve, variety, field, surface, group, projective, point, rational, algebraic, singularity"
math,2009,2010,5,disappear,-1,0.2,"word, smarandache, morphism, episturmian_word, overlap, letter, tribonacci, hindman, alphabet, infinite"
math,2009,2010,6,stable,6,1.0,"category, functor, cohomology, module, theory, homotopy, group, ring, structure, operad"
math,2009,2010,7,stable,7,0.9,"group, subgroup, finite, automorphism, abelian, free, element, class, action, coxeter"
math,2009,2010,8,stable,8,0.9,"algebra, algebras, module, ring, lie_algebra, associative, lie, finite, structure, field"
math,2009,2010,9,stable,9,0.6,"bbb, mathcal, int, bbb_bbb, des, alexandrov, navi_stoke, kms, liouville, times"
math,2009,2010,11,stable,11,1.0,"control, network, feedback, channel, design, agent, delay, policy, dynamic, optimal"
math,2009,2010,12,stable,12,0.9,"manifold, surface, metric, space, curvature, geodesic, compact, hyperbolic, foliation, hypersurface"
math,2009,2010,13,stable,13,0.8,"frac, int, bigl_lvert, bigr, itc, itb, 2dt, displaymath, ita, lvert"
math,2009,2010,14,stable,14,0.8,"operator, space, spectral, semigroup, frame, function, class, toeplitz, spectrum, compact"
math,2009,2010,15,stable,15,0.9,"quantum, algebra, cluster, group, quiver, algebras, category, hopf_algebra, groupoid, representation"
math,2009,2010,16,stable,16,0.5,"lce, entropy, dynamical, chaos, shift, chaotic, subshift, ordering, ruelle, periodic_orbit"
math,2009,2010,17,stable,17,0.5,"theory, kowalevski, lecture, mathematical, superbimatrice, ancient_china, proof, geometry, physics, group"
math,2009,2010,18,disappear,-1,0.4,"ideal, ring, gorenstein, module, local, sdepth, monomial, stanley, beg, sum"
math,2009,2010,19,stable,19,0.7,"measure, theorem, inequality, condition, property, function, stability, weak, space, continuous"
math,2009,2010,20,stable,20,0.8,"representation, group, irreducible, character, hecke, adic, field, algebra, correspondence, formula"
math,2009,2010,21,stable,21,0.7,"estimator, estimation, regression, selection, distribution, adaptive, function, datum, procedure, asymptotic"
math,2009,2010,22,stable,22,0.9,"prime, code, permutation, sequence, pattern, sum, integer, conjecture, limit_tra_tra, length"
math,2009,2010,24,stable,24,0.9,"structure, manifold, symplectic, space, theory, group, contact, hamiltonian, bundle, geometry"
math,2009,2010,26,disappear,-1,0.3,"free, webs, samuelson, product, rank, txy, group, conjugacy_class, convolution, elliptic_curve"
math,2009,2010,28,stable,28,0.7,"particle, population, rate, stochastic, environment, distribution, price, random_walk, portfolio, diffusion"
math,2009,2010,29,stable,29,0.8,"numerical, scheme, approximation, error, finite_element, order, integrator, algorithm, convergence, linear"
math,2009,2010,30,disappear,-1,0.0,"setminus, cup, hat, defensive_offensive_alliance, bius, coxeter, armstrong, alliance, partition, affirmative_answer"
math,2009,2010,31,disappear,-1,0.4,"sum, frac, leq, bohr, woodroofe, rightarrow, prod, infty, quad_quad, limsup"
math,2009,2010,32,stable,32,0.7,"function, algorithm, convex, constraint, linear, optimization, inverse, convergence, formulation, concave"
math,2009,2010,33,stable,33,0.8,"random, distribution, matrix, probability, limit, gaussian, function, asymptotic, law, tail"
math,2009,2010,34,disappear,-1,0.1,"big, exp, biggr, varepsilon, martingale, mathrbb, sum, vert, bda, hat"
math,2009,2010,35,stable,35,0.8,"stochastic, differential, diffusion, parabolic, linear, bkr, nonlinear, coefficient, class, existence"
math,2009,2010,36,stable,36,0.8,"knot, link, genus, manifold, invariant, homology, surface, khovanov_homology, heegaard_splitting, surgery"
math,2009,2010,37,disappear,-1,0.4,"infty, oplus, mathfrak, ell_ell, greedy, infty1_infty, ahlfor, wreath_product, besov, basis"
math,2009,2010,38,stable,38,0.8,"graph, vertex, edge, tree, chromatic, random, subgraph, degree, digraph, cycle"
math,2009,2010,39,disappear,-1,0.3,"server, charge, ising, field, station, crossover, polling, temperature, recombination, retrial_queue"
math,2009,2010,40,stable,40,0.7,"wave, flow, fluid, stability, boundary, energy, phase, dimensional, field, limit"
math,2009,2010,41,stable,41,0.9,"space, map, set, compact, metric, banach_space, function, subset, property, topological"
math,2009,2010,42,stable,42,0.7,"eigenvalue, bound, estimate, polynomial, point, constant, dimension, set, disc, upper"
math,2009,2010,43,disappear,-1,0.4,"schur, textit, tableaux, basis, bijection, function, involution, ribbon, mod, symmetric"
math,2009,2010,44,disappear,-1,0.3,"algorithm, game, polygraphic, player, sequential, pod, semantic, nash_equilibrium, buffer, scriptstyle_scriptstyle"
math,2009,2010,45,stable,45,0.7,"polytope, lattice, set, point, poset, plane, face, kodag, convex, vertex"
math,2009,2010,46,disappear,-1,0.1,"forall, rightarrow, real, hyperrigid, lim, conjecture, choquet, multiplication, cdot, hyperrigidity"
math,2009,2010,47,stable,47,0.7,"module, mathfrak, affine, type, algebra, weight, root, cauchon_diagram, operator, lie_algebra"
math,2009,2010,48,disappear,-1,0.0,"lcm, romanov, lcm_lcm, esssup, monochromatic, cancellative, sumset, forall, geq, tripartite"
math,2009,2010,49,stable,49,0.9,"inequality, function, domain, space, operator, boundary, estimate, hardy, type, integral"
math,2010,2011,0,stable,0,1.0,"function, polynomial, formula, sum, series, integral, coefficient, identity, form, term"
math,2010,2011,1,stable,1,0.8,"potential, wave, energy, global, periodic, space, nonlinear, schrodinger, estimate, critical"
math,2010,2011,2,stable,2,0.8,"signal, test, detection, algorithm, sparse, error, noise, rate, distribution, optimal"
math,2010,2011,3,stable,3,0.7,"proof, theorem, logic, jeep, theory, nact, nafl, convoy, computable, set"
math,2010,2011,4,stable,4,0.9,"curve, variety, field, projective, surface, group, point, algebraic, rational, genus"
math,2010,2011,5,stable,5,0.6,"richness, word, color, ball, palindrome, palindromic, episturmian_word, polya, antimorphism, polya_urn"
math,2010,2011,6,stable,6,0.9,"category, functor, module, theory, cohomology, ring, group, operad, structure, homotopy"
math,2010,2011,7,stable,7,1.0,"group, subgroup, finite, automorphism, abelian, action, free, class, element, order"
math,2010,2011,8,stable,8,0.8,"algebra, module, algebras, lie_algebra, lie, ring, associative, group, structure, finite"
math,2010,2011,9,disappear,-1,0.2,"bbb, des, mathcal, bmq, int, bbb_bbb, times, dans, les, nous"
math,2010,2011,10,stable,10,0.8,"fatou, supp, mathbb_setminus, endomorphism, homology, mathbb_mathbb, 0lk, julia, neq, closed_loop"
math,2010,2011,11,stable,11,0.8,"network, control, policy, channel, feedback, delay, design, optimal, agent, dynamic"
math,2010,2011,12,stable,12,0.8,"manifold, surface, metric, space, curvature, hyperbolic, compact, geodesic, foliation, mean_curvature"
math,2010,2011,13,disappear,-1,0.3,"int, frac, bigl_lvert, bigr, nabla, itc, itb, mem, displaymath, 2dt"
math,2010,2011,14,stable,14,0.9,"operator, space, spectral, function, semigroup, self_adjoint, spectrum, matrix, class, toeplitz"
math,2010,2011,15,stable,15,0.8,"quantum, algebra, algebras, quiver, cluster, group, category, groupoid, representation, unital"
math,2010,2011,16,stable,16,0.7,"chaotic, dynamical, attractor, entropy, lce, homoclinic, lyapunov, map, ito_sadahiro, chaos"
math,2010,2011,17,stable,17,0.6,"theory, arithmetic, shearlet, mathematical, lecture, algebra, geometry, space, mathematic, physics"
math,2010,2011,18,stable,18,0.5,"ideal, ring, intuitionistic_fuzzy, fuzzy, groupoid, stanley, vee_vee, intra, module, depth"
math,2010,2011,19,stable,19,0.7,"measure, theorem, condition, inequality, function, property, martingale, convergence, approximation, continuous"
math,2010,2011,20,stable,20,0.7,"representation, group, character, irreducible, hecke, field, algebra, adic, finite, theory"
math,2010,2011,21,stable,21,0.8,"estimator, estimation, regression, distribution, selection, datum, risk, likelihood, nonparametric, adaptive"
math,2010,2011,22,stable,22,0.8,"prime, code, sequence, permutation, integer, sum, length, conjecture, digit, pattern"
math,2010,2011,23,stable,23,0.5,"secant_variety, segre_veronese, times_mathbb, mathbb_times, defective, mathbb_mathbb, sheaf, dimension, denote, mathcal_mathcal"
math,2010,2011,24,stable,24,0.9,"manifold, structure, theory, space, symplectic, deformation, hamiltonian, group, geometry, bundle"
math,2010,2011,26,stable,26,0.6,"free, zariski_chamber, product, bessel_struve, quasipotency, amalgamation, webs, harnad, potency, decomposition"
math,2010,2011,28,stable,28,0.7,"particle, population, rate, random_walk, environment, mutation, stochastic, distribution, dividend, random"
math,2010,2011,29,stable,29,0.8,"numerical, scheme, error, approximation, finite_element, order, discrete, convergence, finite, linear"
math,2010,2011,31,stable,31,0.6,"sum, frac, edmund, karatsuba, doctoral_dissertation, english_translation, divisor, infty, landau, leq"
math,2010,2011,32,stable,32,0.7,"function, algorithm, convex, optimization, convergence, submodular, programming, linear, constraint, optimal"
math,2010,2011,33,stable,33,0.9,"random, distribution, matrix, probability, limit, gaussian, asymptotic, function, moment, random_walk"
math,2010,2011,34,stable,34,0.5,"backsim, sup, frac1, mainkac, downarrow0x, big, leq, infty, thm, limsup"
math,2010,2011,35,stable,35,0.8,"stochastic, differential, diffusion, nonlinear, linear, class, parabolic, coefficient, sde, partial_differential"
math,2010,2011,36,stable,36,0.7,"knot, link, invariant, manifold, surface, genus, heegaard_splitting, tangle, polynomial, homology"
math,2010,2011,37,disappear,-1,0.3,"infty, norm, oplus, abs_abs, burkholder, leq, mathfrak, cake, quad_forall, ell_ell"
math,2010,2011,38,stable,38,0.8,"graph, vertex, edge, tree, chromatic, digraph, random, degree, set, regular"
math,2010,2011,39,stable,39,0.5,"station, server, service, hub, magnetic, polling, satellite, queueing, conductance, iwatsuka"
math,2010,2011,40,stable,40,0.7,"wave, fluid, flow, boundary, velocity, energy, stability, particle, field, nonlinear"
math,2010,2011,41,stable,41,0.9,"space, set, map, compact, property, subset, function, metric, group, topological"
math,2010,2011,42,stable,42,0.7,"eigenvalue, bound, set, interval, function, dimension, polynomial, constant, point, gap"
math,2010,2011,43,disappear,-1,0.4,"schur, webs, tableaux, lossless, basis, bijection, young_tableaux, syt, promotion, atlas"
math,2010,2011,44,stable,44,0.6,"algorithm, game, player, computation, puzzle, complexity, optimization, strategy, stock_loan, magnetic_tower_hanoi"
math,2010,2011,45,stable,45,0.8,"polytope, lattice, set, packing, point, poset, face, tile, plane, matroid"
math,2010,2011,47,stable,47,0.8,"module, mathfrak, crystal, affine, mathfrak_mathfrak, algebra, type, representation, lie_algebra, weight"
math,2010,2011,49,stable,49,0.9,"inequality, function, space, domain, boundary, operator, estimate, type, hardy, sobolev"
math,2011,2012,0,stable,0,1.0,"function, polynomial, formula, series, sum, integral, coefficient, identity, term, form"
math,2011,2012,1,stable,1,1.0,"potential, energy, wave, critical, periodic, space, global, initial_datum, nonlinear, existence"
math,2011,2012,2,stable,2,0.9,"test, signal, sparse, algorithm, detection, recovery, error, matrix, noise, rate"
math,2011,2012,3,stable,3,0.7,"theorem, logic, proof, rado_horn, theory, dialectical, axiomatic, computable, set, jeep"
math,2011,2012,4,stable,4,0.9,"curve, field, variety, surface, projective, group, point, genus, degree, algebraic"
math,2011,2012,5,disappear,-1,0.3,"word, trapezoidal, richness, thue_morse_word, sturmian_word, palindrome, palindromic, sturmian, color, ball"
math,2011,2012,6,stable,6,1.0,"category, functor, module, cohomology, theory, ring, group, homotopy, operad, space"
math,2011,2012,7,stable,7,1.0,"group, subgroup, finite, abelian, automorphism, action, class, free, order, element"
math,2011,2012,8,stable,8,0.8,"algebra, algebras, module, lie_algebra, lie, group, ring, subalgebra, dimensional, structure"
math,2011,2012,9,stable,9,0.5,"bbb, des, dynamique, par_cha, currence, que, cette, une, transversalement, harmonique"
math,2011,2012,10,stable,10,0.6,"fatou, supp, mathbb_setminus, homology, endomorphism, julia, mathbb_mathbb, 0lk, rightarrow, mathbb"
math,2011,2012,11,stable,11,0.9,"network, control, dynamic, optimal, policy, channel, agent, delay, controller, algorithm"
math,2011,2012,12,stable,12,0.8,"manifold, surface, metric, space, curvature, foliation, geodesic, hyperbolic, hler, submanifold"
math,2011,2012,13,stable,13,0.7,"frac, int, nabla, partial, array, partial_partial, quad, end, mathbb, qquad_qquad"
math,2011,2012,14,stable,14,0.7,"operator, space, semigroup, toeplitz, spectral, symbol, function, spectrum, matrix, class"
math,2011,2012,15,stable,15,0.9,"quantum, quiver, algebra, cluster, group, algebras, type, representation, category, theory"
math,2011,2012,16,stable,16,0.6,"entropy, chaotic, sentence, dynamical, homoclinic, map, lyapunov, smale, attractor, stable"
math,2011,2012,17,stable,17,0.5,"theory, mathematical, chapter, shearlet, mathematic, relativity, proof, algebra, university, geometry"
math,2011,2012,18,stable,18,0.8,"ideal, ring, module, mathscr, depth, gorenstein, prime, semistar, stanley, monomial"
math,2011,2012,19,stable,19,0.9,"measure, theorem, condition, inequality, function, property, weak, ergodic, approximation, class"
math,2011,2012,20,stable,20,0.9,"representation, group, irreducible, character, adic, hecke, unitary, field, automorphic, local"
math,2011,2012,21,stable,21,0.9,"estimator, estimation, regression, distribution, datum, selection, nonparametric, lasso, adaptive, sample"
math,2011,2012,22,stable,22,0.8,"prime, code, sequence, sum, permutation, integer, conjecture, length, sopfr, log"
math,2011,2012,23,disappear,-1,0.2,"secant_variety, com, segre_veronese, over2, times_mathbb, mathbb_times, defective, tilde_tilde, subseteqcom, over2_over2"
math,2011,2012,24,stable,24,0.9,"structure, manifold, symplectic, space, theory, geometry, bundle, group, hamiltonian, contact"
math,2011,2012,26,stable,26,0.5,"free, product, decomposition, zariski_chamber, matricial, transform, webs, bessel_struve, von_neumann_algebras, convolution"
math,2011,2012,28,stable,28,0.7,"particle, population, stochastic, rate, distribution, coalescent, random_walk, diffusion, individual, environment"
math,2011,2012,29,stable,29,0.9,"numerical, scheme, approximation, error, finite_element, order, convergence, accuracy, discrete, mesh"
math,2011,2012,30,disappear,-1,0.4,"abelian, setminus, span, subseteq, cardinality, extremal, ell, group, finite, prime"
math,2011,2012,31,stable,31,0.6,"sum, vec, leq, frac, orgraph, vep, vec_vec, edmund, karatsuba, doctoral_dissertation"
math,2011,2012,32,stable,32,0.7,"function, algorithm, optimization, convex, convergence, constraint, linear, objective, point, bicg"
math,2011,2012,33,stable,33,0.9,"random, distribution, matrix, probability, moment, limit, gaussian, function, asymptotic, density"
math,2011,2012,34,disappear,-1,0.3,"backsim, vert, sup, big, operatorname, leq, liminf, frac, infty, int"
math,2011,2012,35,stable,35,0.8,"stochastic, differential, diffusion, linear, nonlinear, bsde, existence, partial_differential, class, coefficient"
math,2011,2012,36,stable,36,0.8,"knot, link, invariant, homology, surface, manifold, surgery, genus, group, crossing"
math,2011,2012,37,disappear,-1,0.4,"infty, mathbf, boldsymbol, dagger, frak, mathcal, blm, upsilon, norm, oplus"
math,2011,2012,38,stable,38,0.9,"graph, vertex, edge, tree, chromatic, set, degree, minimum, random, color"
math,2011,2012,39,stable,39,0.5,"station, server, service, queue, customer, queueing, cpm, animal, magnetic, sector"
math,2011,2012,40,stable,40,0.8,"wave, flow, fluid, energy, boundary, stability, velocity, phase, limit, dimensional"
math,2011,2012,41,stable,41,1.0,"space, set, map, metric, property, function, compact, subset, point, group"
math,2011,2012,42,stable,42,0.7,"set, eigenvalue, bound, point, estimate, interval, shirshov_height, distance, dimension, gap"
math,2011,2012,43,stable,43,0.5,"ladder, domino, symmetric, tableaux, schur, pfaffian, bijection, nadeau, group, basis"
math,2011,2012,44,stable,44,0.7,"algorithm, game, acq, computation, player, strategy, matrix, parallel, dfa, complexity"
math,2011,2012,45,stable,45,0.9,"polytope, set, lattice, point, matroid, poset, plane, family, face, vertex"
math,2011,2012,46,disappear,-1,0.1,"2ij, 2da, mdeg_tame, mdeg, nmid, arithmetic_progression, notin, jie, mathbb, mid"
math,2011,2012,47,stable,47,0.9,"module, mathfrak, algebra, affine, crystal, type, weight, vertex, mathfrak_mathfrak, operator"
math,2011,2012,48,stable,48,0.7,"colourable, digraph, girth, wiener_sausage, cup, hypercyclic, hadjiloucas, tuple, leq, manoussos"
math,2011,2012,49,stable,49,0.9,"function, inequality, operator, boundary, space, domain, estimate, type, integral, hardy"
math,2012,2013,0,stable,0,1.0,"function, polynomial, formula, series, sum, coefficient, integral, identity, form, term"
math,2012,2013,1,stable,1,0.8,"potential, wave, energy, critical, existence, periodic, initial_datum, global, space, nonlinear"
math,2012,2013,2,stable,2,0.8,"signal, test, sparse, algorithm, matrix, recovery, sparsity, error, detection, noise"
math,2012,2013,3,stable,3,0.7,"logic, proof, theorem, theory, set, rado_horn, semantic, computable, version, coop"
math,2012,2013,4,stable,4,0.9,"curve, field, variety, surface, projective, point, group, genus, rational, degree"
math,2012,2013,5,stable,5,0.5,"word, refinable, unbordered, bot, palindrome, palindromic, mra, vilenkin, pal, factor"
math,2012,2013,6,stable,6,0.9,"category, functor, theory, module, cohomology, group, ring, homotopy, operad, space"
math,2012,2013,7,stable,7,1.0,"group, subgroup, finite, abelian, action, free, automorphism, class, order, element"
math,2012,2013,8,stable,8,0.8,"algebra, algebras, module, ring, lie_algebra, group, lie, derivation, subalgebra, finite"
math,2012,2013,9,disappear,-1,0.2,"que, bbb, ann, des, cette, une, copolymer, pour, les, celle"
math,2012,2013,10,disappear,-1,0.1,"efq, colon, fatou, supp, rightarrow, mathbb_setminus, toeplitz, average, mathbb_mathbb, homology"
math,2012,2013,11,stable,11,0.8,"network, control, dynamic, agent, channel, optimal, design, delay, algorithm, controller"
math,2012,2013,12,stable,12,0.9,"manifold, metric, surface, space, curvature, hyperbolic, geodesic, flow, compact, foliation"
math,2012,2013,13,stable,13,0.7,"frac, quad, int, nabla, partial, frac_frac, mathbb, dot, array, sinh"
math,2012,2013,14,stable,14,0.9,"operator, space, spectral, semigroup, frame, function, wavelet, spectrum, self_adjoint, class"
math,2012,2013,15,stable,15,0.9,"quantum, algebra, quiver, cluster, algebras, group, category, theory, type, groupoid"
math,2012,2013,16,stable,16,0.7,"entropy, sentence, dynamical, attractor, shift, quantifier, logic, map, chaotic, declaration"
math,2012,2013,17,stable,17,0.8,"theory, mathematical, chapter, mathematic, world, geometry, survey, structure, book, network"
math,2012,2013,18,stable,18,0.6,"ideal, ring, module, complete_intersection, depth, gorenstein, nearring, prime, monomial, mathscr"
math,2012,2013,19,stable,19,0.8,"measure, function, theorem, condition, inequality, class, ergodic, property, weak, martingale"
math,2012,2013,20,stable,20,0.9,"representation, group, character, irreducible, adic, unitary, automorphic, hecke, local, algebra"
math,2012,2013,21,stable,21,0.8,"estimator, estimation, regression, selection, lasso, distribution, sample, nonparametric, bayesian, datum"
math,2012,2013,22,stable,22,1.0,"code, prime, sequence, permutation, sum, conjecture, length, integer, pattern, set"
math,2012,2013,23,stable,23,0.6,"secant_variety, cube, log_log, hilbert, set, progression, square, subset, dimension, com"
math,2012,2013,24,stable,24,0.8,"structure, manifold, symplectic, theory, space, contact, bundle, geometry, deformation, hamiltonian"
math,2012,2013,26,stable,26,0.8,"free, product, tensor, convolution, bogoljubov, rank, group, von_neumann_algebras, matrix, decomposition"
math,2012,2013,27,disappear,-1,0.1,"hat_frak, mathcal, mathbb, varepsilon, emptyset, varepsilon_varepsilon, ehs, blm, frak_frak, mathcal_mathcal"
math,2012,2013,28,stable,28,0.7,"particle, population, stochastic, rate, diffusion, random_walk, distribution, probability, markov, jump"
math,2012,2013,29,stable,29,1.0,"scheme, numerical, approximation, finite_element, error, order, convergence, discretization, mesh, accuracy"
math,2012,2013,30,disappear,-1,0.4,"code, subseteq, set, setminus, lceil_rceil, nonempty, circulant, abelian, span, cap"
math,2012,2013,31,stable,31,0.7,"sum, frac, ell, frac_frac, burgess, vec, textit, leq, orgraph, vep"
math,2012,2013,32,stable,32,0.9,"convex, algorithm, optimization, function, convergence, constraint, minimization, linear, iteration, regularization"
math,2012,2013,33,stable,33,0.9,"random, matrix, distribution, probability, limit, gaussian, moment, eigenvalue, function, asymptotic"
math,2012,2013,35,stable,35,0.7,"stochastic, differential, diffusion, nonlinear, linear, bsde, parabolic, coefficient, pde, class"
math,2012,2013,36,stable,36,0.9,"knot, link, invariant, homology, manifold, genus, surface, surgery, polynomial, virtual"
math,2012,2013,37,disappear,-1,0.2,"infty, abs, proc_amer_math_soc, mathbf, leq, frac, limsup, norm, boldsymbol, noncommutative"
math,2012,2013,38,stable,38,0.7,"graph, vertex, edge, tree, degree, set, cycle, color, minimum, random"
math,2012,2013,39,stable,39,0.6,"service, server, customer, station, tandem, interarrival_service, mean, pool, queue, buffer"
math,2012,2013,40,stable,40,0.7,"wave, fluid, energy, flow, stability, boundary, velocity, limit, dynamic, nonlinear"
math,2012,2013,41,stable,41,0.9,"space, set, metric, map, compact, function, property, subset, group, point"
math,2012,2013,42,stable,42,0.8,"bound, point, eigenvalue, set, julia, eigenfunction, estimate, dimension, interval, constant"
math,2012,2013,43,stable,43,0.6,"schur, pfaffian, alladi_gordon, webs, symmetric, ladder, basis, sagan, parking, function"
math,2012,2013,44,stable,44,0.9,"algorithm, game, player, computation, complexity, matrix, strategy, fast, optimization, network"
math,2012,2013,45,stable,45,0.9,"set, polytope, lattice, matroid, point, family, plane, face, tiling, poset"
math,2012,2013,47,stable,47,0.8,"module, mathfrak, algebra, affine, weight, crystal, type, vertex, lie_algebra, mathfrak_mathfrak"
math,2012,2013,48,stable,48,0.6,"colourable, digraph, girth, tournament, wiener_sausage, cup, hypomorphic, hypercyclic, lceil, leq"
math,2012,2013,49,stable,49,1.0,"operator, function, inequality, space, boundary, domain, estimate, type, fractional, integral"
math,2013,2014,0,stable,0,1.0,"function, polynomial, formula, series, sum, integral, form, coefficient, identity, term"
math,2013,2014,1,stable,1,0.9,"energy, potential, wave, critical, existence, global, space, local, periodic, estimate"
math,2013,2014,2,stable,2,0.9,"signal, sparse, algorithm, test, noise, sparsity, matrix, measurement, recovery, copula"
math,2013,2014,3,stable,3,0.6,"theorem, logic, proof, theory, set, semantic, computable, fuzzy, realizability, nonstandard"
math,2013,2014,4,stable,4,0.9,"curve, field, variety, surface, projective, group, rational, point, degree, conjecture"
math,2013,2014,5,stable,5,0.6,"word, privileged, alphabet, palindrome, complexity, sturmian_word, infinite, palindromic, refinable, factor"
math,2013,2014,6,stable,6,0.9,"category, module, theory, functor, cohomology, ring, group, homotopy, operad, algebra"
math,2013,2014,7,stable,7,1.0,"group, subgroup, finite, action, automorphism, abelian, free, class, element, order"
math,2013,2014,8,stable,8,0.9,"algebra, module, algebras, lie_algebra, ring, group, lie, structure, derivation, field"
math,2013,2014,9,stable,9,0.8,"partielles, quation, genre, des, sur_les, les, solutions, classifion, isomonodromie, adaptant"
math,2013,2014,10,stable,10,0.5,"efq, escaping, function, pmod, family, eremenko_lyubich, mapsto, hausdorff_dimension, map, transcendental_entire"
math,2013,2014,11,stable,11,0.9,"network, control, optimal, dynamic, design, controller, agent, cost, policy, algorithm"
math,2013,2014,12,stable,12,0.9,"manifold, surface, metric, curvature, space, hyperbolic, geodesic, flow, finsler, compact"
math,2013,2014,13,stable,13,0.8,"frac, quad, int, nabla, mathbb, partial, qquad, displaystyle, frac_frac, text"
math,2013,2014,14,stable,14,1.0,"operator, space, spectral, frame, function, self_adjoint, semigroup, wavelet, spectrum, toeplitz"
math,2013,2014,15,stable,15,0.9,"quantum, algebra, algebras, group, cluster, quiver, theory, category, hopf_algebra, type"
math,2013,2014,16,stable,16,0.6,"entropy, dynamical, onesided, shift, attractor, chaotic, sentence, lss, subshift, logic"
math,2013,2014,17,stable,17,0.5,"theory, mathematical, survey, geometry, structure, mathematic, chapter, puzzle, course, book"
math,2013,2014,18,stable,18,0.6,"ideal, ring, module, complete_intersection, gorenstein, monomial_ideal, artinian, cohen_macaulay, binomial, monomial"
math,2013,2014,19,stable,19,0.9,"measure, theorem, function, inequality, condition, class, property, ergodic, space, convergence"
math,2013,2014,20,stable,20,1.0,"representation, group, character, irreducible, adic, hecke, field, unitary, local, automorphic"
math,2013,2014,21,stable,21,0.7,"estimator, estimation, regression, distribution, function, datum, sample, risk, nonparametric, lasso"
math,2013,2014,22,stable,22,0.9,"prime, code, permutation, sequence, conjecture, integer, sum, pattern, length, set"
math,2013,2014,23,disappear,-1,0.2,"cube, hilbert, set, subset, cdot_cdot, dimension, integer, secant_variety, geq, mathbb"
math,2013,2014,24,stable,24,1.0,"structure, manifold, symplectic, space, theory, contact, bundle, geometry, group, invariant"
math,2013,2014,25,disappear,-1,0.4,"sot, ominus, span, mathrm, bar, von_neumann_algebra, unitary, mbox, hold, von_neumann_subalgebra"
math,2013,2014,26,stable,26,0.7,"tensor, free, product, rank, convolution, matrix, decomposition, transform, indestructible_blaschke, bogoljubov"
math,2013,2014,28,stable,28,0.9,"particle, population, stochastic, rate, diffusion, environment, price, distribution, markov, dynamic"
math,2013,2014,29,stable,29,0.9,"numerical, scheme, finite_element, approximation, order, error, discretization, convergence, mesh, accuracy"
math,2013,2014,30,disappear,-1,0.4,"ker, akbar, code, subseteq, set, noyau, nul3, text, setminus, rienne"
math,2013,2014,31,disappear,-1,0.4,"sum, vec, frac, dfrac, ell, leq, frac_frac, burgess, big, big_big"
math,2013,2014,32,stable,32,0.8,"optimization, convex, algorithm, function, convergence, constraint, linear, objective, iteration, minimization"
math,2013,2014,33,stable,33,0.9,"random, matrix, distribution, probability, gaussian, limit, function, asymptotic, point, moment"
math,2013,2014,34,stable,34,0.9,"displaystyle_biggl, geq1, biggr, tfrac, rbrace, lbrace, frac, littmann, big, carneiro"
math,2013,2014,35,stable,35,0.8,"stochastic, differential, diffusion, nonlinear, linear, parabolic, coefficient, existence, noise, condition"
math,2013,2014,36,stable,36,0.9,"knot, link, invariant, homology, manifold, genus, surface, concordance, surgery, polynomial"
math,2013,2014,37,disappear,-1,0.1,"subshift, adic, card, charaterization, infty, dynam, ferenczi, leq, complexity, difference"
math,2013,2014,38,stable,38,1.0,"graph, vertex, edge, tree, degree, subgraph, cycle, set, chromatic, maximum"
math,2013,2014,39,stable,39,0.7,"customer, server, service, spin, field, pool, queue, dipolar, temperature, station"
math,2013,2014,40,stable,40,0.7,"wave, energy, fluid, flow, stability, velocity, initial, dynamic, global, existence"
math,2013,2014,41,stable,41,1.0,"space, set, metric, property, subset, map, point, compact, function, topological"
math,2013,2014,42,stable,42,0.7,"set, bound, point, eigenvalue, constant, dimension, estimate, interval, sharp, distance"
math,2013,2014,43,stable,43,0.6,"symmetric, macdonald, schur, tableaux, function, pfaffian, basis, specht_module, superpolynomial, ladder"
math,2013,2014,44,stable,44,0.9,"algorithm, game, player, optimization, network, computation, complexity, strategy, matrix, linear"
math,2013,2014,45,stable,45,0.9,"set, polytope, matroid, lattice, point, poset, tile, family, tiling, plane"
math,2013,2014,47,stable,47,0.5,"module, algebra, weight, affine, crystal, vertex, type, mathfrak, operator, representation"
math,2013,2014,48,stable,48,0.7,"colourable, binom, girth, digraph, tournament, rceil, hypergraph, frac, wiener_sausage, cup"
math,2013,2014,49,stable,49,1.0,"function, inequality, domain, operator, space, boundary, estimate, fractional, integral, type"
math,2014,2015,0,stable,0,0.9,"function, polynomial, formula, series, sum, integral, coefficient, form, term, identity"
math,2014,2015,1,stable,1,1.0,"energy, wave, critical, potential, existence, global, local, space, estimate, nonlinear"
math,2014,2015,2,stable,2,0.9,"signal, sparse, test, algorithm, measurement, recovery, noise, matrix, sparsity, detection"
math,2014,2015,3,stable,3,0.6,"logic, proof, theorem, theory, intuitionistic, computable, gmm, randomness, semantic, ukasiewicz_logic"
math,2014,2015,4,stable,4,0.9,"curve, field, variety, surface, projective, group, point, rational, degree, singularity"
math,2014,2015,5,disappear,-1,0.4,"word, sturmian_word, fibonacci, factor, infinite, privileged, self, morphic, alphabet, length"
math,2014,2015,6,stable,6,1.0,"category, cohomology, module, theory, functor, group, ring, homotopy, algebra, structure"
math,2014,2015,7,stable,7,1.0,"group, subgroup, finite, action, automorphism, abelian, class, element, free, order"
math,2014,2015,8,stable,8,0.9,"algebra, module, algebras, ring, lie_algebra, group, structure, field, finite, derivation"
math,2014,2015,9,stable,9,0.5,"partielles, des, les, quation, genre, sur_les, mathbb, nous, solutions, classifion"
math,2014,2015,10,stable,10,0.5,"escaping, efq, function, colon, rightarrow, fast, mathbb_mathbb, transcendental_entire, pmod, mathbb"
math,2014,2015,11,stable,11,0.8,"network, control, dynamic, optimal, agent, policy, algorithm, design, controller, optimization"
math,2014,2015,12,stable,12,1.0,"manifold, surface, metric, curvature, space, hyperbolic, compact, geodesic, flow, hypersurface"
math,2014,2015,13,stable,13,0.9,"frac, quad, int, mathbb, displaystyle, nabla, dot, partial, text, mathbb_mathbb"
math,2014,2015,14,stable,14,0.9,"operator, space, frame, spectral, function, spectrum, toeplitz, self_adjoint, semigroup, wavelet"
math,2014,2015,15,stable,15,0.9,"quantum, algebra, group, cluster, algebras, category, type, theory, equivalence, hopf_algebra"
math,2014,2015,16,stable,16,0.5,"entropy, logic, quantifier, shift, nonholonomic, dynamical, attractor, team_semantic, chaotic, axiomatization"
math,2014,2015,17,stable,17,0.5,"theory, mathematical, survey, geometry, lecture, development, mathematic, marketing_activity, introduction, concept"
math,2014,2015,18,stable,18,0.7,"ideal, operatorname_lex, ring, mathscr, module, depth, cohen_macaulay, mathbb, binomial, monomial_ideal"
math,2014,2015,19,stable,19,1.0,"measure, theorem, function, inequality, condition, property, weak, class, ergodic, convergence"
math,2014,2015,20,stable,20,1.0,"representation, group, character, irreducible, adic, unitary, hecke, local, automorphic, field"
math,2014,2015,21,stable,21,0.8,"estimator, estimation, regression, datum, distribution, bayesian, function, sample, error, posterior"
math,2014,2015,22,stable,22,0.9,"prime, code, permutation, sequence, conjecture, integer, sum, pattern, length, partition"
math,2014,2015,24,stable,24,1.0,"manifold, structure, theory, symplectic, space, contact, bundle, invariant, geometry, group"
math,2014,2015,25,stable,25,0.6,"systolic, sot, ominus, diff_diff, dim, geq2, diffeomorphism, span, mathrm, neq"
math,2014,2015,26,stable,26,0.7,"tensor, free, rank, hankel, product, matrix, decomposition, convolution, circulant, nonnegative"
math,2014,2015,27,disappear,-1,0.2,"mathcal, pec, qcoh_qcoh, bullet, mathcal_mathcal, widetilde, qcoh, pdo, mathbb_mathbb, mellin"
math,2014,2015,28,stable,28,0.8,"population, particle, stochastic, rate, markov, diffusion, dynamic, distribution, site, price"
math,2014,2015,29,stable,29,0.9,"scheme, numerical, finite_element, error, order, approximation, discretization, mesh, space, accuracy"
math,2014,2015,30,disappear,-1,0.4,"hat, perp_bigcap, ker, mathcal, akbar, paneitz, subset, code, pluriharmonic, subseteq"
math,2014,2015,31,disappear,-1,0.3,"sum, leq, callebaut, vec, frac, right, overline, geq15, vert_vert, sqrt"
math,2014,2015,32,stable,32,0.9,"optimization, convex, algorithm, function, convergence, gradient, linear, constraint, optimal, minimization"
math,2014,2015,33,stable,33,0.9,"matrix, random, distribution, probability, gaussian, limit, function, moment, law, asymptotic"
math,2014,2015,34,stable,34,0.6,"displaystyle_biggl, geq1, biggr, big, tfrac, frac, rbrace, lbrace, bht, littmann"
math,2014,2015,35,stable,35,0.9,"stochastic, differential, diffusion, nonlinear, linear, sde, parabolic, coefficient, existence, fractional"
math,2014,2015,36,stable,36,0.9,"knot, link, homology, invariant, manifold, surgery, genus, surface, polynomial, sphere"
math,2014,2015,38,stable,38,0.9,"graph, vertex, edge, tree, degree, set, chromatic, maximum, cycle, subgraph"
math,2014,2015,39,stable,39,0.7,"customer, server, queue, service, polling, priority_customer, spin, pool, field, priority"
math,2014,2015,40,stable,40,0.8,"wave, fluid, energy, stability, velocity, flow, phase, dynamic, boundary, dimensional"
math,2014,2015,41,stable,41,1.0,"space, set, property, map, metric, point, compact, topological, function, subset"
math,2014,2015,42,stable,42,0.8,"bound, eigenvalue, set, sharp, point, dimension, eigenfunction, interval, polynomial, function"
math,2014,2015,43,stable,43,0.6,"text_lav, symmetric, tableaux, function, rna, diamond, schur, macdonald, basis, parking"
math,2014,2015,44,stable,44,0.8,"algorithm, game, player, optimization, complexity, strategy, efficient, computation, network, linear"
math,2014,2015,45,stable,45,1.0,"set, polytope, lattice, matroid, point, poset, plane, arrangement, family, tiling"
math,2014,2015,47,stable,47,0.6,"module, mathfrak, algebra, weight, affine, mathsf_mathsf_mathsf_mathsf, mathfrak_mathfrak, quantum, frak, vert_vert"
math,2014,2015,48,stable,48,0.6,"tournament, colourable, binom, frac, hypergraph, leq, erd_hajnal, girth, quasirandomness, digraph"
math,2014,2015,49,stable,49,0.8,"function, inequality, operator, domain, boundary, space, estimate, type, fractional, integral"
math,2015,2016,0,stable,0,0.9,"function, polynomial, formula, series, sum, coefficient, integral, term, form, sequence"
math,2015,2016,1,stable,1,1.0,"energy, wave, existence, potential, global, critical, local, space, nonlinear, estimate"
math,2015,2016,2,stable,2,0.8,"signal, sparse, algorithm, measurement, test, recovery, matrix, sparsity, sample, noise"
math,2015,2016,3,stable,3,0.6,"theorem, logic, proof, theory, principle, computable, order, randomness, fuzzy, realizability"
math,2015,2016,4,stable,4,0.9,"curve, surface, variety, field, projective, group, rational, point, conjecture, degree"
math,2015,2016,5,stable,5,0.7,"word, rorabaugh, phd, unavoidable, alphabet, substring, instance, sturmian_word, factor, density"
math,2015,2016,6,stable,6,0.9,"category, cohomology, functor, theory, module, group, homotopy, ring, structure, algebra"
math,2015,2016,7,stable,7,0.9,"group, subgroup, finite, automorphism, action, abelian, class, free, element, order"
math,2015,2016,8,stable,8,0.9,"algebra, module, algebras, lie_algebra, ring, group, lie, structure, field, finite"
math,2015,2016,9,stable,9,0.5,"mathbb, mathbb_mathbb, overline, des, les, quation, partielles, bbb, mathscr, motivique"
math,2015,2016,10,disappear,-1,0.4,"escaping, varepsilon, transcendental_entire, efq, colon, function, chief, fatou, transcendental, mathcal"
math,2015,2016,11,stable,11,0.9,"network, control, dynamic, agent, optimal, algorithm, cost, controller, design, consensus"
math,2015,2016,12,stable,12,1.0,"manifold, metric, surface, curvature, space, hyperbolic, flow, hypersurface, compact, geodesic"
math,2015,2016,13,stable,13,0.7,"frac, quad, int, mathbb, text, partial, big, dot, nabla, displaystyle"
math,2015,2016,14,stable,14,0.8,"operator, space, spectral, frame, semigroup, function, self_adjoint, spectrum, toeplitz, class"
math,2015,2016,15,stable,15,0.8,"algebra, quantum, cluster, algebras, group, groupoid, type, category, theory, hopf_algebra"
math,2015,2016,16,stable,16,0.6,"entropy, shift, logic, dynamical, canard, quantifier, propositional, topological, cpea, ergodic"
math,2015,2016,17,stable,17,0.6,"theory, mathematical, van_hiele, mathematic, student, survey, geometry, article, logic, tanglegram"
math,2015,2016,18,stable,18,0.6,"ideal, ring, operatorname_lex, module, weakly_quasipolar, mathscr, sum, cohen_macaulay, depth, primary"
math,2015,2016,19,stable,19,0.9,"measure, inequality, theorem, function, property, condition, convergence, weak, class, ergodic"
math,2015,2016,20,stable,20,1.0,"representation, group, character, irreducible, adic, hecke, automorphic, unitary, field, local"
math,2015,2016,21,stable,21,0.8,"estimator, estimation, regression, datum, bayesian, posterior, distribution, function, selection, gaussian"
math,2015,2016,22,stable,22,1.0,"prime, code, permutation, integer, sequence, conjecture, log, sum, pattern, length"
math,2015,2016,23,stable,23,0.8,"nsson, cof, rowbottom, mathsf_mathsf, uncountable_cardinal, determinacy, assume, mathrm, mathbb, cardinal"
math,2015,2016,24,stable,24,0.9,"structure, symplectic, manifold, theory, space, contact, bundle, geometry, invariant, group"
math,2015,2016,25,stable,25,0.6,"privacy, mathrm, systolic, sot, mutual_information, ominus, diff_diff, dim, utility, correlation"
math,2015,2016,26,stable,26,0.7,"tensor, free, product, hankel, rank, pns, matrix, convolution, psd, transform"
math,2015,2016,27,stable,27,0.5,"aleph, mathcal, approx1_approx1, cov, pec, mathrm, frac_sqrt, mathfrak, min, cap"
math,2015,2016,28,stable,28,0.8,"population, particle, rate, stochastic, markov, dynamic, diffusion, jump, arbitrage, price"
math,2015,2016,29,stable,29,1.0,"numerical, scheme, finite_element, mesh, error, order, discretization, approximation, convergence, space"
math,2015,2016,30,disappear,-1,0.1,"mbox_mbox, mbox, subseteq, shattered, tuple, hat, perp_bigcap, ker, cup, stand"
math,2015,2016,31,disappear,-1,0.3,"collatz, sum, leq, frac_frac, pmod_pmod, times, supernatural, asymptotic, callebaut, conjecture"
math,2015,2016,32,stable,32,0.9,"convex, optimization, algorithm, function, convergence, objective, constraint, linear, gradient, optimal"
math,2015,2016,33,stable,33,0.9,"random, matrix, distribution, probability, gaussian, limit, function, moment, asymptotic, density"
math,2015,2016,34,stable,34,0.8,"bigg, dev, big, frac, displaystyle_biggl, vert, geq1, biggr, tfrac, leq"
math,2015,2016,35,stable,35,1.0,"stochastic, diffusion, differential, nonlinear, linear, noise, fractional, coefficient, sde, parabolic"
math,2015,2016,36,stable,36,0.8,"knot, link, invariant, homology, surface, manifold, surgery, genus, group, sphere"
math,2015,2016,37,disappear,-1,0.4,"textless, textless_textless, mathbb, infty, dot, infty1, overline, leq, geq2, ill_posedness"
math,2015,2016,38,stable,38,0.9,"graph, vertex, edge, tree, degree, set, chromatic, random, subgraph, cycle"
math,2015,2016,39,stable,39,0.7,"queue, server, customer, service, arrival, job, spin, mean, field, polling"
math,2015,2016,40,stable,40,0.9,"wave, fluid, energy, stability, velocity, flow, boundary, phase, nonlinear, existence"
math,2015,2016,41,stable,41,1.0,"space, set, property, map, metric, compact, topological, subset, function, point"
math,2015,2016,42,stable,42,0.8,"bound, eigenvalue, set, dimension, point, eigenfunction, function, estimate, constant, polynomial"
math,2015,2016,43,stable,43,0.7,"basis, tableaux, tableau, symmetric, text_lav, shape, function, schur, semiring, young_tableaux"
math,2015,2016,44,stable,44,0.7,"algorithm, game, player, optimization, complexity, network, fast, search, efficient, strategy"
math,2015,2016,45,stable,45,0.8,"polytope, set, matroid, lattice, point, poset, arrangement, family, plane, tiling"
math,2015,2016,46,disappear,-1,0.2,"mathfrak, colon, exp, dim, rank, mathfrak_mathfrak, solvable, lie_group, exponential, bijective"
math,2015,2016,47,stable,47,0.7,"module, mathfrak, mathfrak_mathfrak, affine, algebra, weight, cofinite, toroidal, vertex, representation"
math,2015,2016,48,stable,48,0.6,"binom, frac, hypergraph, tournament, leq, sum, colourable, ramsey, geq, colour"
math,2015,2016,49,stable,49,0.8,"function, inequality, operator, boundary, space, domain, estimate, type, sobolev, hardy"
math,2016,2017,0,stable,0,1.0,"function, polynomial, formula, sum, series, coefficient, term, integral, form, identity"
math,2016,2017,1,stable,1,1.0,"energy, wave, existence, critical, potential, local, global, space, nonlinear, estimate"
math,2016,2017,2,stable,2,0.9,"signal, algorithm, sparse, test, recovery, measurement, sample, matrix, optimal, datum"
math,2016,2017,3,stable,3,0.6,"theorem, proof, logic, theory, axiom, fuzzy, axcount_geq, principle, choice, nfu"
math,2016,2017,4,stable,4,0.9,"curve, variety, field, surface, projective, point, group, rational, conjecture, algebraic"
math,2016,2017,5,disappear,-1,0.4,"word, alphabet, rorabaugh, phd, unavoidable, zimin, instance, infinite, varphi, sturmian_word"
math,2016,2017,6,stable,6,0.9,"category, functor, theory, module, ring, cohomology, group, homotopy, structure, space"
math,2016,2017,7,stable,7,0.9,"group, subgroup, finite, action, automorphism, abelian, class, free, element, graph"
math,2016,2017,8,stable,8,1.0,"algebra, module, algebras, lie_algebra, ring, group, lie, commutative, field, structure"
math,2016,2017,9,disappear,-1,0.4,"mathbb, mathbb_mathbb, des, les, overline, lmoa, dans, une, mathcal, par"
math,2016,2017,10,stable,10,0.5,"varepsilon, ace, polyharmonic, colon, univalence, escaping, varepsilon_varepsilon, function, bullet, geq"
math,2016,2017,11,stable,11,1.0,"network, control, dynamic, optimal, agent, controller, cost, design, algorithm, policy"
math,2016,2017,12,stable,12,1.0,"manifold, surface, metric, curvature, space, hypersurface, flow, hyperbolic, compact, geodesic"
math,2016,2017,13,stable,13,0.9,"frac, mathbb, quad, int, right, partial, text, nabla, qquad, mathbb_mathbb"
math,2016,2017,14,stable,14,0.9,"operator, frame, space, spectral, function, semigroup, matrix, spectrum, class, mathbb_mathbb"
math,2016,2017,15,stable,15,0.9,"quantum, algebra, cluster, algebras, group, quiver, equivalence, groupoid, category, theory"
math,2016,2017,16,stable,16,0.8,"entropy, logic, right, shift, attractor, topological, dynamical, quantifier, nonholonomic, chaotic"
math,2016,2017,17,stable,17,0.6,"theory, mathematical, mathematic, penguin, geometry, survey, tissot, development, lecture, student"
math,2016,2017,18,stable,18,0.6,"ideal, ring, module, sum, primary, ldots, operatorname_lex, subseteq, mathbb, monomial_ideal"
math,2016,2017,19,stable,19,1.0,"measure, theorem, inequality, function, condition, property, convergence, space, ergodic, class"
math,2016,2017,20,stable,20,0.9,"representation, group, irreducible, character, adic, automorphic, hecke, local, field, unitary"
math,2016,2017,21,stable,21,0.9,"estimator, estimation, regression, datum, bayesian, posterior, distribution, lasso, function, sample"
math,2016,2017,22,stable,22,0.8,"code, prime, sequence, permutation, integer, sum, pattern, conjecture, log, length"
math,2016,2017,23,disappear,-1,0.1,"nsson, cof, rowbottom, subset, mathsf_mathsf, uncountable_cardinal, mathbb, determinacy, assume, exceptional"
math,2016,2017,24,stable,24,1.0,"structure, manifold, symplectic, theory, space, geometry, bundle, hamiltonian, contact, invariant"
math,2016,2017,25,disappear,-1,0.2,"mathrm, privacy, dim, sym, systolic, infty, sot, bourgin, mutual_information, mathbb_times"
math,2016,2017,26,stable,26,0.7,"tensor, rank, free, product, matrix, decomposition, algorithm, hankel, format, convolution"
math,2016,2017,27,stable,27,0.5,"mathcal, alg, widetilde, aleph, mathrm, orlicz, approx1_approx1, cov, infty, 0ab"
math,2016,2017,28,stable,28,0.8,"population, rate, particle, markov, stochastic, jump, dynamic, diffusion, measure, individual"
math,2016,2017,29,stable,29,1.0,"numerical, scheme, finite_element, order, mesh, approximation, discretization, error, space, convergence"
math,2016,2017,31,stable,31,0.6,"collatz, diag, sum, leq, frieman, biquotient, operatorname, frac, cdots, gcd"
math,2016,2017,32,stable,32,0.9,"optimization, convex, algorithm, function, convergence, objective, gradient, constraint, linear, iteration"
math,2016,2017,33,stable,33,0.8,"random, distribution, matrix, probability, gaussian, limit, function, law, asymptotic, moment"
math,2016,2017,34,stable,34,0.5,"big, bigg, frac, mathbb, vert, leq, dev, displaystyle_biggl, biggr, infty"
math,2016,2017,35,stable,35,0.9,"stochastic, diffusion, differential, nonlinear, noise, fractional, linear, parabolic, coefficient, sde"
math,2016,2017,36,stable,36,0.8,"knot, link, invariant, homology, surgery, surface, manifold, genus, mathbf, polynomial"
math,2016,2017,37,disappear,-1,0.3,"infty, ess, textless, schr_dinger_operator, selfadjoint, textless_textless, riemann_hypothesis, non, real, mathbb"
math,2016,2017,38,stable,38,0.9,"graph, vertex, edge, tree, chromatic, degree, subgraph, set, cycle, clique"
math,2016,2017,39,stable,39,0.5,"customer, queue, server, service, polling, field, batch_sojourn, mean, external, glue"
math,2016,2017,40,stable,40,0.9,"wave, stability, fluid, velocity, energy, flow, boundary, phase, nonlinear, numerical"
math,2016,2017,41,stable,41,0.9,"space, set, map, metric, property, compact, point, function, subset, topological"
math,2016,2017,42,stable,42,0.7,"bound, eigenvalue, point, set, estimate, mathbb_mathbb, dimension, function, growth, constant"
math,2016,2017,43,stable,43,0.5,"basis, tableaux, symmetric, function, schur, tableau, shape, beth, semistandard_young_tableau, quasisymmetric_schur"
math,2016,2017,44,stable,44,0.9,"algorithm, game, player, optimization, strategy, complexity, matrix, efficient, parallel, graph"
math,2016,2017,45,stable,45,0.8,"set, polytope, matroid, lattice, family, poset, point, graph, plane, polygon"
math,2016,2017,47,stable,47,0.8,"mathfrak, module, mathfrak_mathfrak, algebra, affine, mathsf, weight, type, representation, lie_algebra"
math,2016,2017,48,stable,48,0.5,"hypergraph, binom, frac, uniform_hypergraph, leq, sum, pmb_pmb, partite, ramsey, rainbow"
math,2016,2017,49,stable,49,1.0,"function, inequality, boundary, space, operator, domain, estimate, fractional, type, regularity"
math,2017,2018,0,stable,0,1.0,"function, polynomial, formula, sum, series, coefficient, integral, term, identity, form"
math,2017,2018,1,stable,1,0.9,"energy, wave, potential, critical, existence, global, space, local, nonlinear, estimate"
math,2017,2018,2,stable,2,0.9,"signal, algorithm, test, sparse, datum, noise, measurement, matrix, recovery, sample"
math,2017,2018,3,stable,3,0.7,"theorem, proof, logic, theory, axiom, fuzzy, order, nonstandard, subcomplete, set"
math,2017,2018,4,stable,4,1.0,"curve, field, variety, surface, projective, point, rational, group, conjecture, mathbb_mathbb"
math,2017,2018,5,stable,5,0.5,"word, lyndon, sturmian_word, factor, lyndon_word, varphi, sequence, fibonacci, alphabet, finite"
math,2017,2018,6,stable,6,1.0,"category, module, functor, theory, ring, group, cohomology, homotopy, algebra, structure"
math,2017,2018,7,stable,7,0.9,"group, subgroup, finite, automorphism, abelian, class, action, graph, element, mathbb_mathbb"
math,2017,2018,8,stable,8,0.7,"algebra, module, algebras, ring, lie_algebra, commutative, field, lie, group, structure"
math,2017,2018,9,stable,9,0.7,"mathbb, mathcal, mathbb_mathbb, rtime, overline, rtimes, nous, alg, bar, traver"
math,2017,2018,10,disappear,-1,0.3,"varepsilon, mathbf, mathcal, colon, function, varepsilon_varepsilon, newform, maa, lagrange, ace"
math,2017,2018,11,stable,11,0.9,"network, control, controller, optimal, dynamic, agent, cost, algorithm, design, policy"
math,2017,2018,12,stable,12,1.0,"manifold, metric, surface, curvature, space, flow, hypersurface, hyperbolic, geodesic, compact"
math,2017,2018,13,stable,13,0.9,"frac, mathbb, int, quad, right, nabla, mathbb_mathbb, text, mbox, qquad"
math,2017,2018,14,stable,14,1.0,"operator, frame, space, semigroup, spectral, function, class, matrix, spectrum, hilbert_space"
math,2017,2018,15,stable,15,0.9,"quantum, algebra, cluster, algebras, group, quiver, theory, category, groupoid, type"
math,2017,2018,16,stable,16,0.8,"right, entropy, shift, attractor, dynamical, chaotic, logic, topological, substitution, map"
math,2017,2018,17,stable,17,0.8,"theory, mathematical, mathematic, geometry, student, survey, article, structure, physics, epiallele"
math,2017,2018,18,stable,18,0.6,"ideal, ring, operatorname, module, local, sum, frak, mathbb, monomial_ideal, cohen_macaulay"
math,2017,2018,19,stable,19,0.9,"measure, theorem, function, inequality, condition, property, convergence, space, class, ergodic"
math,2017,2018,20,stable,20,0.9,"representation, group, character, adic, irreducible, local, conjecture, field, hecke, automorphic"
math,2017,2018,21,stable,21,1.0,"estimator, estimation, datum, regression, bayesian, posterior, distribution, sample, function, error"
math,2017,2018,22,stable,22,0.8,"prime, code, sequence, permutation, sum, integer, conjecture, leqslant, log, mathbb"
math,2017,2018,24,stable,24,0.7,"structure, manifold, theory, symplectic, space, bundle, hamiltonian, geometry, contact, invariant"
math,2017,2018,25,stable,25,0.5,"pol, mathrm, clone, rho, pgl, sigma, privacy, radius, subclone, central"
math,2017,2018,26,stable,26,0.8,"tensor, rank, free, product, monadic, matrix, scl, algorithm, decomposition, multiplication"
math,2017,2018,27,stable,27,0.6,"mathcal, alg, widetilde, aleph, bss, mathbb, mathcal_mathcal, rtime, bar, mathrm"
math,2017,2018,28,stable,28,1.0,"population, particle, rate, stochastic, markov, jump, dynamic, diffusion, price, distribution"
math,2017,2018,29,stable,29,1.0,"numerical, scheme, finite_element, order, discretization, error, approximation, mesh, convergence, space"
math,2017,2018,30,stable,30,0.5,"mathbf, hat, bigg, subseteq, cup, ast, grundy, frac, sublinear_expectation, varphi"
math,2017,2018,31,disappear,-1,0.4,"sum, leq, frac, collatz, diag, frac1n, omega2_omega2, frieman, ldot, equiv0_pmod"
math,2017,2018,32,stable,32,1.0,"optimization, convex, function, algorithm, convergence, gradient, objective, constraint, linear, optimal"
math,2017,2018,33,stable,33,0.8,"matrix, random, distribution, probability, gaussian, function, limit, eigenvalue, asymptotic, random_variable"
math,2017,2018,34,stable,34,0.6,"big, mathbb, frac, mathbb_mathbb, sup, bigr, bigl, leq, infty, right"
math,2017,2018,35,stable,35,0.8,"stochastic, diffusion, differential, nonlinear, parabolic, linear, fractional, noise, coefficient, order"
math,2017,2018,36,stable,36,0.9,"knot, link, invariant, homology, manifold, genus, surface, surgery, group, diagram"
math,2017,2018,37,disappear,-1,0.3,"infty, inftysl, leq_leq_infty1, infty_infty, mathbb, bigr_bigl, ess, sum, bigr, bigl"
math,2017,2018,38,stable,38,0.9,"graph, vertex, edge, tree, chromatic, cycle, degree, subgraph, set, digraph"
math,2017,2018,39,stable,39,0.6,"queue, field, service, shell, customer, trap, server, spin, temperature, upstream"
math,2017,2018,40,stable,40,0.8,"wave, energy, fluid, flow, boundary, stability, velocity, phase, limit, nonlinear"
math,2017,2018,41,stable,41,1.0,"space, set, map, property, metric, point, compact, function, subset, mathbb_mathbb"
math,2017,2018,42,stable,42,0.7,"bound, eigenvalue, point, set, function, mathbb_mathbb, sharp, estimate, eigenfunction, distance"
math,2017,2018,43,stable,43,0.5,"tableaux, symmetric, function, schur, basis, cylindric, factorization, semiring, bijection, macdonald"
math,2017,2018,44,stable,44,0.9,"algorithm, game, player, strategy, optimization, search, efficient, complexity, parallel, matrix"
math,2017,2018,45,stable,45,0.8,"set, polytope, matroid, lattice, family, point, poset, graph, triangle, triangulation"
math,2017,2018,46,disappear,-1,0.2,"forall, tan, cdot, maxwell, dissipative, wedge, eigenvalue, mathbb_mathbb, negative, mathbb"
math,2017,2018,47,stable,47,0.9,"mathfrak, module, mathfrak_mathfrak, algebra, weight, mathsf, affine, mathsf_mathsf, cri_frak_vert, representation"
math,2017,2018,48,stable,48,0.6,"hypergraph, binom, scr_scr, leq, ldots, hat, detachment, uniform_hypergraph, ramsey, lfloor_rfloor"
math,2017,2018,49,stable,49,0.9,"function, boundary, domain, space, operator, inequality, estimate, type, fractional, regularity"
math,2018,2019,0,stable,0,1.0,"function, polynomial, formula, sum, series, integral, coefficient, identity, term, form"
math,2018,2019,1,stable,1,0.9,"energy, wave, potential, critical, existence, global, local, estimate, periodic, nonlinear"
math,2018,2019,2,stable,2,0.9,"signal, algorithm, test, sparse, measurement, datum, sample, recovery, noise, optimal"
math,2018,2019,3,stable,3,0.7,"proof, theorem, theory, logic, axiom, computable, fuzzy, order, principle, erotetic"
math,2018,2019,4,stable,4,1.0,"curve, field, variety, surface, projective, conjecture, point, mathbb_mathbb, group, rational"
math,2018,2019,5,stable,5,0.5,"word, lyndon, sturmian_word, factor, subword, bigvee, thue_morse_word, alphabet, complexity, infinite"
math,2018,2019,6,stable,6,0.9,"category, theory, ring, functor, module, cohomology, homotopy, group, structure, algebra"
math,2018,2019,7,stable,7,1.0,"group, subgroup, finite, abelian, action, automorphism, class, graph, mathbb_mathbb, free"
math,2018,2019,8,stable,8,0.8,"algebra, module, algebras, ring, lie_algebra, field, finite, commutative, dimensional, mathcal_mathcal"
math,2018,2019,9,stable,9,0.6,"mathbb, mathcal, overline, mathbb_mathbb, backslash, vec_vec, subset, bar, nous, rtime"
math,2018,2019,10,disappear,-1,0.4,"varepsilon, gyr, rightarrow, mathbb, prec, forall, gyrogroup, varepsilon_varepsilon, colon, over2z"
math,2018,2019,11,stable,11,0.9,"control, network, controller, dynamic, agent, optimal, algorithm, cost, policy, power"
math,2018,2019,12,stable,12,1.0,"manifold, metric, surface, curvature, space, geodesic, flow, hyperbolic, compact, hypersurface"
math,2018,2019,13,stable,13,0.8,"frac, mathbb, int, quad, end, text, right, mbox, nabla, mathbb_mathbb"
math,2018,2019,14,stable,14,1.0,"operator, frame, space, spectral, semigroup, hilbert_space, spectrum, function, class, matrix"
math,2018,2019,15,stable,15,0.8,"quantum, algebra, cluster, algebras, group, groupoid, quiver, theory, category, equivalence"
math,2018,2019,16,stable,16,0.8,"entropy, right, attractor, shift, dynamical, subshift, logic, topological, set, substitution"
math,2018,2019,17,stable,17,0.8,"theory, mathematical, mathematic, survey, student, geometry, article, development, spanoid, physics"
math,2018,2019,18,stable,18,0.7,"ideal, ring, module, operatorname, ext, local, armendariz, resolution, cohen_macaulay, prime"
math,2018,2019,19,stable,19,0.9,"measure, function, theorem, inequality, condition, property, convergence, space, class, weak"
math,2018,2019,20,stable,20,1.0,"representation, group, character, adic, irreducible, local, hecke, automorphic, field, reductive"
math,2018,2019,21,stable,21,1.0,"estimator, estimation, regression, datum, bayesian, sample, error, distribution, posterior, function"
math,2018,2019,22,stable,22,0.8,"prime, code, sequence, permutation, sum, conjecture, integer, length, log, square"
math,2018,2019,23,stable,23,0.6,"prikry, secant, mathias, ginzburg_landau, vortex, mathbb, filter, unit_ball, root, dynamic"
math,2018,2019,24,stable,24,0.7,"manifold, structure, theory, symplectic, space, group, invariant, bundle, field, lagrangian"
math,2018,2019,25,disappear,-1,0.3,"mathrm, dim, mid, pol, mid_mid, lie_superalgebra, clone, lie_superalgebras, rho, pgl"
math,2018,2019,26,stable,26,0.6,"tensor, rank, free, matrix, product, decomposition, algorithm, teh, border, monadic"
math,2018,2019,27,stable,27,0.6,"mathcal, mathcal_mathcal, textstyle_leftarrow, widetilde, alg, mathbb, cap, aleph, subseteq, subset"
math,2018,2019,28,stable,28,0.9,"population, particle, rate, stochastic, markov, diffusion, dynamic, jump, distribution, price"
math,2018,2019,29,stable,29,0.9,"numerical, scheme, finite_element, order, discretization, mesh, approximation, error, convergence, space"
math,2018,2019,30,stable,30,0.6,"dotsm, pmb, subseteq, semimodule, mathbf, hat, cup, bigg, nwald, pmb_pmb"
math,2018,2019,31,stable,31,0.5,"sum, leq, frac, frac1n, thinspace_frac1n, textbf_ber, ber, geq, rightarrow, overline"
math,2018,2019,32,stable,32,0.9,"optimization, convex, algorithm, function, convergence, gradient, constraint, objective, linear, optimal"
math,2018,2019,33,stable,33,0.9,"random, matrix, distribution, probability, gaussian, function, moment, limit, asymptotic, measure"
math,2018,2019,34,stable,34,0.6,"big, mathbb, bigg, frac, sup, leq, mathbb_mathbb, lim, eps, prod"
math,2018,2019,35,stable,35,1.0,"stochastic, diffusion, differential, nonlinear, fractional, linear, pde, existence, noise, parabolic"
math,2018,2019,36,stable,36,0.9,"knot, link, invariant, homology, surface, surgery, diagram, manifold, virtual, genus"
math,2018,2019,37,stable,37,0.5,"infty, fisher_kpp, entire, half_line, cap, inftyt, solovay, infty_infty, inftysl, determinacy"
math,2018,2019,38,stable,38,0.9,"graph, vertex, edge, tree, chromatic, degree, cycle, subgraph, set, domination"
math,2018,2019,39,stable,39,0.7,"service, queue, customer, server, field, spin, attitude, mean, regime, rayleigh_plesset"
math,2018,2019,40,stable,40,0.8,"wave, fluid, flow, boundary, energy, velocity, stability, phase, existence, dynamic"
math,2018,2019,41,stable,41,1.0,"space, set, map, property, metric, compact, point, function, subset, mathbb_mathbb"
math,2018,2019,42,stable,42,0.9,"bound, eigenvalue, point, dimension, set, estimate, max, constant, function, sharp"
math,2018,2019,43,stable,43,0.6,"symmetric, schur, tableaux, syt, bssyt, dellac_configuration, basis, function, queer_crystal, shape"
math,2018,2019,44,stable,44,0.9,"algorithm, game, player, optimization, strategy, parallel, efficient, complexity, network, search"
math,2018,2019,45,stable,45,1.0,"set, matroid, lattice, polytope, poset, point, family, triangle, tiling, mathcal_mathcal"
math,2018,2019,47,stable,47,0.7,"mathfrak, module, mathfrak_mathfrak, algebra, affine, weight, mathbb, mathsf, representation, mathsf_mathsf"
math,2018,2019,48,stable,48,0.7,"binom, hypergraph, sum, leq, berge, tournament, ldots, ramsey, equiv0_pmod, scr_scr"
math,2018,2019,49,stable,49,0.9,"boundary, domain, space, function, inequality, operator, estimate, type, fractional, dirichlet"
math,2019,2020,0,stable,0,1.0,"function, polynomial, formula, sum, series, integral, coefficient, identity, form, term"
math,2019,2020,1,stable,1,0.9,"energy, wave, potential, critical, global, existence, local, space, nonlinear, estimate"
math,2019,2020,2,stable,2,0.9,"algorithm, test, signal, sparse, sample, recovery, measurement, datum, distribution, optimal"
math,2019,2020,3,stable,3,0.7,"logic, proof, theorem, theory, axiom, principle, order, induction, herbrand, extension"
math,2019,2020,4,stable,4,1.0,"curve, field, surface, variety, projective, group, conjecture, rational, point, mathbb_mathbb"
math,2019,2020,5,stable,5,0.5,"word, factor, rich, palindromic, prefix, fibonacci, length, thue_morse_word, alphabet, infinite"
math,2019,2020,6,stable,6,0.9,"category, theory, module, functor, ring, homotopy, cohomology, group, space, structure"
math,2019,2020,7,stable,7,0.9,"group, subgroup, finite, automorphism, action, abelian, class, mathbb_mathbb, free, graph"
math,2019,2020,8,stable,8,0.8,"algebra, module, algebras, ring, lie_algebra, field, finite, dimensional, lie, structure"
math,2019,2020,9,stable,9,0.6,"mathbb, mathcal, ltimes, overline, mathbb_mathbb, backslash, rtimes, mathsf, subset, ell"
math,2019,2020,10,stable,10,0.6,"bullet, varepsilon, mathcal, colon_dashrightarrow, mathbf, mathbb, longrightarrow, gyr, rightarrow, operatorname"
math,2019,2020,11,stable,11,0.9,"control, network, agent, controller, dynamic, optimal, optimization, algorithm, power, policy"
math,2019,2020,12,stable,12,1.0,"manifold, metric, surface, curvature, space, geodesic, hypersurface, flow, hyperbolic, compact"
math,2019,2020,13,stable,13,0.9,"frac, mathbb, int, right, text, end, quad, cdot, nabla, end_array"
math,2019,2020,14,stable,14,0.9,"operator, frame, space, semigroup, spectral, spectrum, hilbert_space, function, class, matrix"
math,2019,2020,15,stable,15,0.9,"quantum, algebra, cluster, algebras, group, groupoid, theory, quiver, type, relation"
math,2019,2020,16,stable,16,0.7,"entropy, right, logic, dynamical, subshift, attractor, set, topological, measure, quantifier"
math,2019,2020,17,stable,17,0.8,"theory, mathematical, mathematic, geometry, survey, student, article, development, algebraic, field"
math,2019,2020,18,stable,18,0.5,"ideal, ring, operatorname, module, tor, local, prime, ass, mathfrak, cohen_macaulay"
math,2019,2020,19,stable,19,1.0,"measure, theorem, inequality, function, condition, convergence, weak, property, space, type"
math,2019,2020,20,stable,20,0.9,"representation, group, irreducible, character, adic, automorphic, hecke, local, field, reductive"
math,2019,2020,21,stable,21,0.9,"estimator, estimation, regression, datum, bayesian, sample, distribution, posterior, error, function"
math,2019,2020,22,stable,22,0.8,"prime, code, sequence, permutation, conjecture, sum, integer, length, mathbb_mathbb, pattern"
math,2019,2020,23,stable,23,0.5,"prikry, secant, pach, subset, cof, mathbb, dotsc, mathias, ginzburg_landau, vortex"
math,2019,2020,24,stable,24,0.7,"manifold, structure, theory, symplectic, space, group, geometry, invariant, hamiltonian, deformation"
math,2019,2020,25,disappear,-1,0.4,"sys, mathrm, zoll, systolic, contact, dim, reeb, tfrac, mid, form"
math,2019,2020,26,stable,26,0.6,"tensor, rank, decomposition, free, border, vest, matrix, magnetic, unimportant, inversion"
math,2019,2020,27,stable,27,0.6,"mathcal, hspace_6pt, conf, mathcal_mathcal, subseteq, widetilde, ell, cap, rightarrow, textstyle_leftarrow"
math,2019,2020,28,stable,28,0.7,"population, particle, rate, stochastic, markov, jump, dynamic, volatility, price, diffusion"
math,2019,2020,29,stable,29,1.0,"numerical, scheme, finite_element, order, discretization, approximation, error, mesh, convergence, accuracy"
math,2019,2020,30,disappear,-1,0.2,"nullity, cup, submodularity, dotsm, trinomial, submodular, pmb, subseteq, semimodule, mathbf"
math,2019,2020,31,disappear,-1,0.4,"sum, leq, big_big, infty, frac, frac1n, mathcal, geq, geq1, sideset"
math,2019,2020,32,stable,32,0.9,"optimization, convex, algorithm, function, gradient, convergence, objective, constraint, nonconvex, linear"
math,2019,2020,33,stable,33,0.9,"random, matrix, distribution, probability, gaussian, moment, function, limit, asymptotic, law"
math,2019,2020,34,stable,34,0.7,"big, bigg, mathbb, frac, vert, mathcal, leq, big_big, sup, vartheta"
math,2019,2020,35,stable,35,0.9,"stochastic, diffusion, differential, nonlinear, fractional, pde, linear, noise, parabolic, existence"
math,2019,2020,36,stable,36,0.8,"knot, link, invariant, homology, surface, manifold, surgery, genus, sphere, virtual"
math,2019,2020,37,disappear,-1,0.3,"infty, mathbb, fisher_kpp, entire, leq, cap, right, mathcal_mathcal, half_line, johnson_schechtman"
math,2019,2020,38,stable,38,0.9,"graph, vertex, edge, tree, chromatic, degree, subgraph, cycle, domination, digraph"
math,2019,2020,39,stable,39,0.7,"customer, field, service, spin, queue, dopant, temperature, server, limit, mean"
math,2019,2020,40,stable,40,0.9,"wave, fluid, flow, energy, stability, boundary, velocity, limit, dynamic, numerical"
math,2019,2020,41,stable,41,1.0,"space, set, property, map, function, metric, mathbb_mathbb, subset, point, compact"
math,2019,2020,42,stable,42,0.8,"bound, eigenvalue, dimension, point, function, set, estimate, constant, max, index"
math,2019,2020,43,stable,43,0.5,"symmetric, tableaux, shape, function, parking, schur, basis, slf, hopf_algebra, hexagon"
math,2019,2020,44,stable,44,0.8,"algorithm, game, player, optimization, network, strategy, parallel, linear, efficient, complexity"
math,2019,2020,45,stable,45,0.8,"set, matroid, lattice, polytope, poset, point, family, tiling, triangle, mathcal_mathcal"
math,2019,2020,46,disappear,-1,0.1,"inftytrdeg, nonconstant, trdeg, kolchin, neq, element, field, subfield, prime, differential"
math,2019,2020,47,stable,47,0.9,"mathfrak, mathfrak_mathfrak, module, algebra, affine, vertex, mathbb, mathcal, type, weight"
math,2019,2020,48,stable,48,0.6,"hypergraph, leq, binom, msum, geq, berge, sum, ldots, ramsey, lonely_runner"
math,2019,2020,49,stable,49,1.0,"function, boundary, space, domain, operator, inequality, fractional, estimate, type, regularity"
math,2020,2021,0,stable,0,0.9,"function, polynomial, formula, sum, integral, series, coefficient, identity, term, form"
math,2020,2021,1,stable,1,0.9,"energy, wave, critical, potential, global, space, existence, local, estimate, initial_datum"
math,2020,2021,2,stable,2,0.8,"test, algorithm, signal, sparse, sample, datum, recovery, distribution, measurement, testing"
math,2020,2021,3,stable,3,0.9,"logic, proof, theory, theorem, axiom, order, principle, language, fuzzy, set"
math,2020,2021,4,stable,4,1.0,"curve, field, surface, variety, projective, point, conjecture, group, rational, mathbb_mathbb"
math,2020,2021,5,stable,5,0.7,"word, factor, palindromic, letter, palindrome, length, morphism, cogrowth, prefix, sequence"
math,2020,2021,6,stable,6,0.8,"category, functor, theory, module, homotopy, cohomology, ring, group, algebra, space"
math,2020,2021,7,stable,7,0.8,"group, subgroup, finite, automorphism, action, abelian, class, mathbb_mathbb, order, graph"
math,2020,2021,8,stable,8,0.9,"algebra, algebras, module, ring, lie_algebra, hom, structure, field, lie, nilpotent"
math,2020,2021,9,stable,9,0.7,"mathbb, mathbb_mathbb, breve, overline, mathcal, ast, backslash, stackrel_longrightarrow, ltimes, varphi"
math,2020,2021,10,stable,10,0.6,"varepsilon, bullet, prec, rightarrow, function, varphi, mathcal, mathbb, polyharmonic, colon_dashrightarrow"
math,2020,2021,11,stable,11,1.0,"control, network, agent, optimal, dynamic, controller, policy, optimization, algorithm, cost"
math,2020,2021,12,stable,12,0.9,"manifold, metric, surface, curvature, space, flow, geodesic, hyperbolic, compact, hypersurface"
math,2020,2021,13,stable,13,0.9,"frac, mathbb, int, right, end, mbox, text, nabla, end_array, quad"
math,2020,2021,14,stable,14,0.9,"operator, space, frame, spectral, semigroup, spectrum, hilbert_space, function, mathbb_mathbb, class"
math,2020,2021,15,stable,15,0.9,"quantum, algebra, algebras, cluster, groupoid, group, quiver, category, theory, type"
math,2020,2021,16,stable,16,0.7,"entropy, right, nonholonomic, dynamical, unstable, logic, subshift, attractor, shift, topological"
math,2020,2021,17,stable,17,0.9,"theory, mathematical, mathematic, student, geometry, development, structure, lecture, article, survey"
math,2020,2021,18,stable,18,0.8,"ideal, ring, prime, operatorname, module, gorenstein, sum, primary, mathfrak_mathfrak, property"
math,2020,2021,19,stable,19,1.0,"measure, theorem, function, inequality, condition, convergence, property, space, type, weak"
math,2020,2021,20,stable,20,0.7,"representation, group, irreducible, character, adic, unitary, field, reductive, local, automorphic"
math,2020,2021,21,stable,21,0.9,"estimator, estimation, regression, datum, bayesian, posterior, distribution, sample, function, risk"
math,2020,2021,22,stable,22,0.9,"prime, code, permutation, sequence, frac, log, integer, conjecture, sum, mathbb_mathbb"
math,2020,2021,23,disappear,-1,0.2,"buchweitz, subset, prikry, mathbb_setminus, outdegree, mathbb, secant, emptyset, pach, semigroup"
math,2020,2021,24,stable,24,0.8,"manifold, structure, theory, symplectic, space, group, bundle, invariant, holomorphic, gauge"
math,2020,2021,25,stable,25,0.5,"seneta, mathrm, int, overline, sys, zoll, index, conjecture, systolic, extended"
math,2020,2021,26,stable,26,0.8,"tensor, rank, decomposition, free, border, network, cumulant, matrix, product, algorithm"
math,2020,2021,27,stable,27,0.5,"mathcal, mathcal_mathcal, hspace_6pt, mathbf, conf, mathbb, subseteq, ell, mathbb_mathbb, mathcal_mathcal_mathcal_mathcal"
math,2020,2021,28,stable,28,0.9,"population, particle, rate, stochastic, dynamic, diffusion, markov, distribution, risk, equilibrium"
math,2020,2021,29,stable,29,0.9,"numerical, scheme, finite_element, order, approximation, error, discretization, mesh, accuracy, convergence"
math,2020,2021,31,disappear,-1,0.3,"sum, leq, abc, spectral_radius, infty, frac, diamond, collatz, fractional, diamond_diamond"
math,2020,2021,32,stable,32,0.9,"optimization, convex, algorithm, function, gradient, convergence, objective, constraint, linear, iteration"
math,2020,2021,33,stable,33,0.8,"random, matrix, distribution, gaussian, probability, limit, function, moment, random_variable, asymptotic"
math,2020,2021,34,stable,34,0.6,"big, bigg, frac, lbrace, mathbb, mathcal, big_big, rbrace, mathbb_mathbb, leq"
math,2020,2021,35,stable,35,0.9,"stochastic, diffusion, differential, nonlinear, noise, fractional, linear, pde, coefficient, parabolic"
math,2020,2021,36,stable,36,0.9,"knot, link, invariant, homology, manifold, surface, genus, diagram, crossing, surgery"
math,2020,2021,37,disappear,-1,0.4,"infty, cotype, subring, broom, mathbb_mathbb, mathbb, leq, paraboloid, wolff, packet"
math,2020,2021,38,stable,38,0.9,"graph, vertex, edge, tree, degree, cycle, digraph, chromatic, subgraph, minimum"
math,2020,2021,39,stable,39,0.5,"queue, customer, server, service, field, arrival, spin, day, mean, latitude"
math,2020,2021,40,stable,40,0.9,"wave, flow, fluid, energy, boundary, stability, velocity, phase, dynamic, limit"
math,2020,2021,41,stable,41,1.0,"space, set, property, function, metric, map, subset, mathbb_mathbb, compact, point"
math,2020,2021,42,stable,42,0.8,"bound, eigenvalue, dimension, set, function, estimate, point, sharp, constant, interval"
math,2020,2021,43,stable,43,0.5,"schur, symmetric, tableaux, clean, function, factorization, basis, puiseux_monoid, ninth_variation, lascoux"
math,2020,2021,44,stable,44,0.9,"algorithm, game, player, optimization, network, strategy, regret, efficient, search, complexity"
math,2020,2021,45,stable,45,0.9,"set, polytope, matroid, lattice, point, poset, tiling, family, mathbb_mathbb, plane"
math,2020,2021,47,stable,47,0.8,"mathfrak, module, mathfrak_mathfrak, algebra, mathcal, affine, type, weight, vertex, mathsf"
math,2020,2021,48,stable,48,0.6,"hypergraph, leq, geq, binom, lfloor_rfloor, mathcal, lfloor, mathbb_times, sum, msum"
math,2020,2021,49,stable,49,1.0,"boundary, domain, space, function, operator, inequality, fractional, type, estimate, regularity"
math,2021,2022,0,stable,0,0.9,"function, polynomial, formula, sum, series, coefficient, integral, term, mathbb_mathbb, form"
math,2021,2022,1,stable,1,1.0,"energy, wave, potential, critical, global, existence, nonlinear, estimate, local, space"
math,2021,2022,2,stable,2,1.0,"algorithm, test, sparse, signal, datum, sample, distribution, reconstruction, noise, testing"
math,2021,2022,3,stable,3,0.8,"logic, proof, theory, theorem, axiom, order, fuzzy, semantic, principle, set"
math,2021,2022,4,stable,4,1.0,"curve, field, variety, surface, projective, point, group, conjecture, rational, mathbb_mathbb"
math,2021,2022,5,disappear,-1,0.4,"word, palindromic, palindrome, wedge, mathbb_times, letter, varphi, length, factor, sequence"
math,2021,2022,6,stable,6,0.9,"category, functor, theory, module, homotopy, cohomology, ring, group, structure, mathcal_mathcal"
math,2021,2022,7,stable,7,0.9,"group, subgroup, finite, action, automorphism, abelian, class, monoid, mathbb_mathbb, element"
math,2021,2022,8,stable,8,0.9,"algebra, module, algebras, ring, lie_algebra, hom, group, structure, lie, field"
math,2021,2022,9,stable,9,0.5,"mathbb, overline, mathbb_mathbb, overline_overline, mathcal, breve, backslash, subset, tetra_inner, ast"
math,2021,2022,10,stable,10,0.5,"varepsilon, rightarrow, bullet, varepsilon_varepsilon, mathfrak, mathbf, mathcal, schur_agler, mathbb, function"
math,2021,2022,11,stable,11,1.0,"control, network, policy, agent, dynamic, optimization, optimal, cost, controller, algorithm"
math,2021,2022,12,stable,12,1.0,"manifold, surface, metric, curvature, space, flow, hyperbolic, geodesic, hypersurface, mathbb_mathbb"
math,2021,2022,13,stable,13,0.9,"frac, mathbb, int, right, end, nabla, text, partial, quad, end_array"
math,2021,2022,14,stable,14,0.8,"operator, space, semigroup, frame, spectral, spectrum, matrix, function, hilbert_space, mathbb_mathbb"
math,2021,2022,15,stable,15,1.0,"quantum, algebra, cluster, algebras, groupoid, quiver, group, category, relation, theory"
math,2021,2022,16,stable,16,0.8,"entropy, logic, right, dynamical, attractor, measure, invariant, srb, unstable, topological"
math,2021,2022,17,stable,17,0.8,"theory, mathematical, student, mathematic, mathematician, development, article, geometry, survey, structure"
math,2021,2022,18,stable,18,0.8,"ideal, ring, operatorname, prime, submodule, module, mathscr, sum, primary, gorenstein"
math,2021,2022,19,stable,19,1.0,"measure, inequality, theorem, function, condition, convergence, space, property, weak, type"
math,2021,2022,20,stable,20,0.9,"representation, group, character, irreducible, automorphic, adic, hecke, mathbb, field, conjecture"
math,2021,2022,21,stable,21,0.8,"estimator, estimation, datum, regression, posterior, bayesian, distribution, function, sample, error"
math,2021,2022,22,stable,22,0.9,"prime, sequence, code, permutation, integer, log, conjecture, sum, mathbb_mathbb, length"
math,2021,2022,23,disappear,-1,0.3,"numerator, geq, decomposition, symmetric, max, polynomial, polytope, asth_ast, dilation, buchweitz"
math,2021,2022,24,stable,24,0.8,"structure, theory, manifold, symplectic, space, bundle, field, contact, gauge, group"
math,2021,2022,25,stable,25,0.7,"mathrm, seneta, int, overline, rca, bir, deg, sys, dim, mathbf"
math,2021,2022,26,stable,26,0.6,"tensor, rank, decomposition, free, matrix, product, algorithm, border, approximation, order"
math,2021,2022,27,stable,27,0.5,"mathcal, mathbb, mathcal_mathcal, subset, tilde, tilde_tilde, hspace_6pt, lim_to0, mathcal_mathcal_mathcal_mathcal, check_check"
math,2021,2022,28,stable,28,0.9,"population, particle, stochastic, rate, diffusion, dynamic, distribution, risk, jump, markov"
math,2021,2022,29,stable,29,0.9,"numerical, scheme, finite_element, order, error, approximation, discretization, mesh, accuracy, space"
math,2021,2022,31,disappear,-1,0.4,"times3, vec, sum, leq, operatorname, curl, nabla, mathbb, quad_text, infty"
math,2021,2022,32,stable,32,1.0,"optimization, convex, algorithm, gradient, function, convergence, constraint, objective, linear, optimal"
math,2021,2022,33,stable,33,0.8,"random, matrix, distribution, probability, gaussian, limit, function, moment, eigenvalue, graph"
math,2021,2022,34,stable,34,0.7,"bigg, big, frac, mathbb, infty, lbrace, mathbb_mathbb, sup, frac_frac, longrightarrow0"
math,2021,2022,35,stable,35,1.0,"stochastic, diffusion, differential, noise, nonlinear, fractional, pde, linear, sde, coefficient"
math,2021,2022,36,stable,36,1.0,"knot, link, invariant, homology, manifold, mathbf, surface, surgery, genus, diagram"
math,2021,2022,37,stable,37,0.6,"infty, mathcal, sel, selmer, cotype, mathbb_mathbb, elliptic_curve, mordell_weil_rank, subring, noncommutative"
math,2021,2022,38,stable,38,0.9,"graph, vertex, edge, tree, cycle, degree, chromatic, subgraph, digraph, maximum"
math,2021,2022,39,stable,39,0.5,"queue, service, field, customer, director, server, willie, job, srpt, vicsek"
math,2021,2022,40,stable,40,0.9,"wave, fluid, flow, energy, stability, boundary, velocity, phase, dynamic, numerical"
math,2021,2022,41,stable,41,1.0,"space, set, metric, property, function, map, subset, compact, mathbb_mathbb, point"
math,2021,2022,42,stable,42,0.7,"bound, eigenvalue, point, dimension, function, set, distance, estimate, eigenfunction, interval"
math,2021,2022,43,disappear,-1,0.4,"symmetric, tableaux, schur, function, basis, staircase, quasisymmetric_schur, combinatorial, skew, tableau"
math,2021,2022,44,stable,44,1.0,"algorithm, game, player, optimization, network, solver, complexity, strategy, efficient, regret"
math,2021,2022,45,stable,45,0.9,"set, matroid, lattice, polytope, point, tiling, poset, plane, family, arrangement"
math,2021,2022,47,stable,47,0.7,"mathfrak, module, mathfrak_mathfrak, algebra, affine, mathcal, weight, type, category, quantum"
math,2021,2022,48,stable,48,0.7,"hypergraph, leq, binom, tournament, rainbow, berge, geq, ell, mathcal, lfloor"
math,2021,2022,49,stable,49,0.9,"domain, boundary, function, operator, space, inequality, fractional, estimate, type, regularity"
math,2022,2023,0,stable,0,0.9,"function, polynomial, formula, sum, series, integral, coefficient, identity, term, mathbb_mathbb"
math,2022,2023,1,stable,1,1.0,"energy, potential, wave, critical, local, global, space, existence, estimate, nonlinear"
math,2022,2023,2,stable,2,0.8,"algorithm, test, datum, sparse, sample, signal, testing, reconstruction, noise, distribution"
math,2022,2023,3,stable,3,0.9,"logic, proof, theory, theorem, axiom, order, ordinal, fuzzy, fcn, semantic"
math,2022,2023,4,stable,4,0.9,"curve, surface, variety, field, mathbb_mathbb, projective, point, group, rational, conjecture"
math,2022,2023,5,disappear,-1,0.4,"word, layered, fibonacci, varphi, binomial, letter, sequence, complexity, circ, wittstock"
math,2022,2023,6,stable,6,0.9,"category, functor, theory, module, cohomology, homotopy, ring, group, structure, algebra"
math,2022,2023,7,stable,7,0.9,"group, subgroup, finite, action, automorphism, abelian, class, element, monoid, graph"
math,2022,2023,8,stable,8,0.8,"algebra, algebras, module, ring, lie_algebra, hom, structure, lie, field, rota_baxter"
math,2022,2023,9,stable,9,0.7,"mathbb, overline, bar, mathbb_mathbb, ge0, underline, mathcal, overline_overline, pqr, bendixon"
math,2022,2023,10,stable,10,0.5,"varepsilon, downarrow, rightarrow, varepsilon_varepsilon, prec, varepsilonn, function, polyharmonic, varepsilonu_varepsilon, mathbb"
math,2022,2023,11,stable,11,1.0,"control, network, policy, agent, optimization, dynamic, optimal, cost, algorithm, controller"
math,2022,2023,12,stable,12,0.9,"manifold, surface, metric, curvature, space, geodesic, flow, hyperbolic, mathbb_mathbb, hypersurface"
math,2022,2023,13,stable,13,0.7,"frac, mathbb, text, int, right, end, quad, nabla, mathcal, end_array"
math,2022,2023,14,stable,14,0.8,"operator, space, frame, spectral, semigroup, function, mathbb_mathbb, norm, class, spectrum"
math,2022,2023,15,stable,15,0.9,"quantum, algebra, algebras, quiver, cluster, groupoid, group, theory, relation, category"
math,2022,2023,16,stable,16,0.9,"entropy, topological, dynamical, attractor, shift, right, logic, measure, map, invariant"
math,2022,2023,17,stable,17,0.8,"mathematical, theory, mathematic, student, article, teaching, datum, geometry, development, survey"
math,2022,2023,18,stable,18,0.7,"ideal, operatorname, ring, primary, module, prime, submodule, mathfrak, commutative_ring, mathscr"
math,2022,2023,19,stable,19,0.9,"measure, inequality, function, theorem, convergence, condition, property, weak, space, type"
math,2022,2023,20,stable,20,0.9,"representation, group, character, irreducible, automorphic, hecke, adic, mathbb, local, field"
math,2022,2023,21,stable,21,0.9,"estimator, estimation, datum, regression, bayesian, distribution, sample, risk, algorithm, posterior"
math,2022,2023,22,stable,22,0.8,"prime, sequence, permutation, code, sum, conjecture, integer, sqrt, log, length"
math,2022,2023,23,stable,23,0.5,"ehrhart, geq, polytope, numerator, mathbb, forall, distance, plane, avoiding, mathbb_mathbb"
math,2022,2023,24,stable,24,0.9,"structure, theory, manifold, symplectic, space, bundle, field, group, symmetry, hamiltonian"
math,2022,2023,25,disappear,-1,0.4,"mathrm, dim, seneta, int, mathbb, overline, dim_dim, rca, bir, huong"
math,2022,2023,26,stable,26,0.5,"tensor, rank, decomposition, free, matrix, multiplication, convolution, hyperspectral_image, algorithm, apolarity"
math,2022,2023,27,stable,27,0.5,"mathcal, mathcal_mathcal, mathbb, subset, mathcal_mathcal_mathcal_mathcal, widetilde, mathbf, orct, operatorname, oct"
math,2022,2023,28,stable,28,0.9,"population, particle, stochastic, rate, diffusion, markov, jump, distribution, probability, dynamic"
math,2022,2023,29,stable,29,1.0,"numerical, scheme, finite_element, order, error, discretization, approximation, mesh, accuracy, convergence"
math,2022,2023,30,disappear,-1,0.4,"ker, semifield, square, pgl, cong, symplectic, harmonic, leq, cap, wedge_wedge"
math,2022,2023,31,stable,31,0.6,"csc, leq, times3, sum, geq, frac, vec, dotsc_dotsc, sqrt, sectorial"
math,2022,2023,32,stable,32,1.0,"optimization, algorithm, convex, function, gradient, convergence, objective, constraint, linear, optimal"
math,2022,2023,33,stable,33,0.9,"matrix, random, distribution, probability, gaussian, moment, limit, function, tail, random_variable"
math,2022,2023,34,stable,34,0.6,"bigg, frac, big, mathbb, infty, int, mathbb_mathbb, right, leq, sup"
math,2022,2023,35,stable,35,0.9,"stochastic, diffusion, differential, nonlinear, noise, fractional, linear, pde, coefficient, sde"
math,2022,2023,36,stable,36,0.8,"knot, link, invariant, homology, manifold, surface, mathbf, genus, diagram, surgery"
math,2022,2023,37,disappear,-1,0.3,"infty, mathcal, operatorname, lya, sel, selmer, cotype, mathbb_mathbb, leq, iyiy"
math,2022,2023,38,stable,38,0.9,"graph, vertex, edge, tree, degree, cycle, subgraph, coloring, digraph, chromatic"
math,2022,2023,39,stable,39,0.7,"queue, field, customer, altan, service, server, flock, arrival, mean, phase"
math,2022,2023,40,stable,40,0.9,"wave, fluid, flow, energy, stability, boundary, velocity, phase, interface, dynamic"
math,2022,2023,41,stable,41,1.0,"space, set, property, metric, function, compact, map, subset, mathbb_mathbb, point"
math,2022,2023,42,stable,42,0.7,"bound, eigenvalue, point, set, function, dimension, mathbb_mathbb, polynomial, constant, estimate"
math,2022,2023,43,stable,43,0.5,"tableaux, symmetric, schur, satnet, llt_cumulant, shuffle, cardinal, pentagon, function, partition"
math,2022,2023,44,stable,44,1.0,"algorithm, game, optimization, player, regret, network, efficient, solver, strategy, complexity"
math,2022,2023,45,stable,45,0.9,"matroid, set, lattice, polytope, point, poset, family, tiling, plane, mathbb_mathbb"
math,2022,2023,46,disappear,-1,0.4,"tfutfu, mid, stackrel, overline_overline, schr_dinger_llmer, mathbb, overline, exp, min, lca"
math,2022,2023,47,stable,47,0.8,"mathfrak, module, mathfrak_mathfrak, algebra, mathcal, affine, mathsf, hbar, weight, mathbb"
math,2022,2023,48,stable,48,0.7,"hypergraph, leq, frac, binom, deg, rainbow, cal, mathcal, geq, tournament"
math,2022,2023,49,stable,49,1.0,"space, function, boundary, inequality, domain, operator, estimate, type, fractional, sobolev"
math,2023,2024,0,stable,0,0.8,"function, polynomial, sum, formula, series, coefficient, integral, term, identity, type"
math,2023,2024,1,stable,1,1.0,"energy, potential, wave, critical, local, existence, global, nonlinear, space, estimate"
math,2023,2024,2,stable,2,0.8,"algorithm, test, datum, sample, sparse, optimal, error, distribution, testing, reconstruction"
math,2023,2024,3,stable,3,0.8,"logic, proof, theory, theorem, fuzzy, axiom, order, semantic, zfc, ordinal"
math,2023,2024,4,stable,4,1.0,"curve, field, mathbb_mathbb, surface, variety, projective, group, point, conjecture, degree"
math,2023,2024,5,stable,5,0.5,"word, varphi, psh, mathcal, palindromic, persistent, fibonacci, mathbb, overline, circ"
math,2023,2024,6,stable,6,0.9,"category, functor, theory, module, cohomology, ring, homotopy, group, mathcal_mathcal, algebra"
math,2023,2024,7,stable,7,1.0,"group, subgroup, finite, action, automorphism, class, abelian, monoid, mathbb_mathbb, element"
math,2023,2024,8,stable,8,0.7,"algebra, algebras, module, ring, lie_algebra, hom, structure, mathcal_mathcal, derivation, field"
math,2023,2024,9,stable,9,0.6,"mathbb, overline, mathcal, mathbb_mathbb, bar, subset, cong, ge0, overline_overline, infty"
math,2023,2024,10,stable,10,0.5,"varepsilon, bullet, varepsilon_varepsilon, mathscr, mathbb, mathbf, dfrac, downarrow, brane, rightarrow"
math,2023,2024,11,stable,11,1.0,"control, network, policy, optimization, dynamic, agent, optimal, algorithm, controller, cost"
math,2023,2024,12,stable,12,1.0,"manifold, surface, metric, curvature, space, geodesic, hyperbolic, flow, hypersurface, hler"
math,2023,2024,13,stable,13,0.9,"frac, mathbb, text, int, right, end, quad, partial, mathbb_mathbb, cdot"
math,2023,2024,14,stable,14,0.8,"operator, space, spectral, frame, semigroup, class, function, mathbb_mathbb, matrix, inverse"
math,2023,2024,15,stable,15,0.8,"quantum, algebra, quiver, algebras, groupoid, cluster, group, theory, representation, relation"
math,2023,2024,16,stable,16,0.7,"entropy, dynamical, right, topological, attractor, str, invariant, map, logic, measure"
math,2023,2024,17,stable,17,0.9,"mathematical, theory, mathematic, student, survey, topic, field, article, datum, geometry"
math,2023,2024,18,stable,18,0.7,"ideal, ring, operatorname, mathscr, module, mathfrak, depth, mathfrak_mathfrak, submodule, gorenstein"
math,2023,2024,19,stable,19,0.9,"measure, theorem, inequality, function, condition, convergence, property, space, weak, class"
math,2023,2024,20,stable,20,0.9,"representation, group, irreducible, character, mathbb, adic, automorphic, local, gsp, field"
math,2023,2024,21,stable,21,0.9,"estimator, estimation, datum, regression, distribution, sample, bayesian, posterior, function, algorithm"
math,2023,2024,22,stable,22,0.9,"prime, code, sequence, permutation, integer, conjecture, sum, log, mathbb_mathbb, odd"
math,2023,2024,23,disappear,-1,0.3,"closeness, ehrhart, mathbb, koch, geq, boldsymbol, polytope, lollipop, fokker_planck_operator, numerator"
math,2023,2024,24,stable,24,1.0,"structure, theory, space, symplectic, manifold, bundle, symmetry, hamiltonian, field, contact"
math,2023,2024,25,stable,25,0.5,"mathrm, gobs, dim, preclone, ini, seneta, pol, mathbb, syz, prec"
math,2023,2024,26,stable,26,0.6,"tensor, rank, decomposition, gram_mate, noda_iteration, format, subrank, matrix, free, cumulant"
math,2023,2024,27,stable,27,0.7,"mathcal, mathcal_mathcal, mathbb, operatorname_rep, mathfrak, cap, wulff_shape, subset, widetilde, fin_otime"
math,2023,2024,28,stable,28,1.0,"particle, population, stochastic, rate, markov, distribution, diffusion, probability, dynamic, equilibrium"
math,2023,2024,29,stable,29,1.0,"numerical, scheme, order, error, finite_element, approximation, discretization, mesh, accuracy, convergence"
math,2023,2024,30,stable,30,0.5,"ker, lowercase, end_bmatrix, bmatrix, semifield, tilde, leq, square, hat, bmatrix_end_bmatrix"
math,2023,2024,31,stable,31,0.5,"sum, bra, dfrac_dfrac, bftheta, frac, leq, geq, csc, seq, times3"
math,2023,2024,32,stable,32,0.9,"optimization, algorithm, convex, function, gradient, convergence, objective, constraint, linear, optimal"
math,2023,2024,33,stable,33,0.9,"matrix, random, distribution, probability, gaussian, limit, moment, function, eigenvalue, tail"
math,2023,2024,34,stable,34,0.6,"bigg, frac, big, qsv, int, mathbb, langle, infty, supp, mathsf"
math,2023,2024,35,stable,35,0.9,"stochastic, diffusion, differential, nonlinear, noise, pde, linear, coefficient, control, fractional"
math,2023,2024,36,stable,36,0.9,"knot, link, invariant, homology, surface, manifold, genus, surgery, legendrian, group"
math,2023,2024,37,disappear,-1,0.3,"infty, mathcal, operatorname_gal, fil, norm, operatorname, poly, paraboloid, tilde, mathrm"
math,2023,2024,38,stable,38,1.0,"graph, vertex, edge, tree, cycle, degree, subgraph, chromatic, digraph, maximum"
math,2023,2024,39,stable,39,0.6,"field, queue, service, customer, batch, mean, spin, altan, station, server"
math,2023,2024,40,stable,40,1.0,"wave, fluid, flow, energy, stability, boundary, nonlinear, dynamic, phase, velocity"
math,2023,2024,41,stable,41,1.0,"space, set, metric, property, compact, function, subset, map, mathbb_mathbb, point"
math,2023,2024,42,stable,42,0.9,"bound, eigenvalue, point, dimension, interval, function, mathbb_mathbb, set, distance, sharp"
math,2023,2024,43,stable,43,0.9,"parking, symmetric, mvp_parking, tableaux, shape, schur, basis, shuffle, skew, function"
math,2023,2024,44,stable,44,0.9,"algorithm, game, optimization, player, solver, network, strategy, regret, efficient, complexity"
math,2023,2024,45,stable,45,0.9,"set, matroid, lattice, polytope, poset, point, family, mathbb_mathbb, graph, plane"
math,2023,2024,46,stable,46,0.5,"forall, ldots, mathbb, cdot, iff, ldots_ldots, mathbb_mathbb, tfutfu, mid, stackrel"
math,2023,2024,47,stable,47,0.8,"mathfrak, module, algebra, mathfrak_mathfrak, affine, mathcal, type, weight, yangian, mathsf"
math,2023,2024,48,stable,48,0.7,"binom, hypergraph, frac, leq, tournament, deg, ramsey, rainbow, sum, deg_deg"
math,2023,2024,49,stable,49,1.0,"space, function, domain, operator, boundary, inequality, estimate, type, fractional, sobolev"
math,2024,2025,0,stable,0,0.9,"function, polynomial, formula, sum, series, coefficient, integral, term, mathbb_mathbb, form"
math,2024,2025,1,stable,1,1.0,"energy, wave, potential, critical, existence, global, local, estimate, space, nonlinear"
math,2024,2025,2,stable,2,1.0,"algorithm, test, datum, sparse, sample, error, optimal, noise, recovery, distribution"
math,2024,2025,3,stable,3,0.9,"logic, theory, proof, theorem, axiom, semantic, fuzzy, order, language, logical"
math,2024,2025,4,stable,4,1.0,"curve, field, variety, surface, mathbb_mathbb, projective, group, point, conjecture, degree"
math,2024,2025,5,stable,5,0.5,"word, texttt_texttt, varphi, circ, psh, fibonacci, privileged, automatic, frieze, palindrome"
math,2024,2025,6,stable,6,0.9,"category, functor, theory, module, cohomology, ring, homotopy, group, structure, algebra"
math,2024,2025,7,stable,7,0.9,"group, subgroup, finite, action, automorphism, class, monoid, abelian, mathbb_mathbb, element"
math,2024,2025,8,stable,8,0.9,"algebra, algebras, module, ring, lie_algebra, associative, group, derivation, structure, mathfrak_mathfrak"
math,2024,2025,9,stable,9,0.7,"mathbb, overline, mathcal, mathbb_mathbb, mhr, bar, subset, backslash, mathrm, mathcal_mathcal"
math,2024,2025,10,stable,10,0.6,"varepsilon, bullet, varepsilon_varepsilon, mathbb, infty, frac23, mandelbrot, johnson_lindenstrauss, fatou, mathscr"
math,2024,2025,11,stable,11,1.0,"control, network, policy, optimization, dynamic, agent, controller, optimal, algorithm, cost"
math,2024,2025,12,stable,12,0.9,"manifold, metric, surface, curvature, space, hyperbolic, geodesic, flow, hler, hypersurface"
math,2024,2025,13,stable,13,0.9,"frac, mathbb, text, right, int, end, cdot, mathbb_mathbb, partial, mathcal"
math,2024,2025,14,stable,14,1.0,"operator, space, spectral, semigroup, frame, matrix, class, function, toeplitz, spectrum"
math,2024,2025,15,stable,15,0.9,"quantum, algebra, quiver, cluster, groupoid, algebras, group, theory, category, equivalence"
math,2024,2025,16,stable,16,0.7,"dynamical, entropy, subshift, right, logic, topological, shift, map, measure, mathbb_mathbb"
math,2024,2025,17,stable,17,0.8,"mathematical, theory, mathematic, student, datum, geometry, field, article, review, survey"
math,2024,2025,18,stable,18,0.8,"ideal, ring, operatorname, mathscr, module, prime, reg, depth, monomial_ideal, mathfrak"
math,2024,2025,19,stable,19,0.9,"measure, theorem, inequality, function, condition, convergence, property, space, weak, stability"
math,2024,2025,20,stable,20,0.8,"representation, group, irreducible, character, mathbb, automorphic, hecke, adic, local, field"
math,2024,2025,21,stable,21,0.9,"estimator, datum, estimation, regression, distribution, sample, bayesian, function, posterior, error"
math,2024,2025,22,stable,22,0.9,"code, prime, permutation, frac, integer, log, sum, sequence, conjecture, mathbb_mathbb"
math,2024,2025,23,disappear,-1,0.3,"hilb, geq, mathbb, func, shnirelman, closeness, dagger, langle_rangle, polydisc, mathbb_mathbb"
math,2024,2025,24,stable,24,0.8,"structure, theory, symplectic, manifold, space, bundle, symmetry, contact, field, hamiltonian"
math,2024,2025,25,disappear,-1,0.3,"mathrm, adj, dim, mathbb, gobs, cat, supp, privacy, preclone, langle_rangle"
math,2024,2025,26,stable,26,0.6,"tensor, rank, decomposition, product, free, matrix, ghz, tubal, format, algorithm"
math,2024,2025,27,stable,27,0.6,"mathcal, mathcal_mathcal, mathbb, subset, ovr, mathcal_mathcal_mathcal_mathcal, mathfrak, cap, operatorname_rep, family"
math,2024,2025,28,stable,28,0.9,"population, particle, stochastic, rate, markov, distribution, dynamic, equilibrium, diffusion, probability"
math,2024,2025,29,stable,29,1.0,"numerical, scheme, order, error, finite_element, discretization, approximation, mesh, accuracy, convergence"
math,2024,2025,30,disappear,-1,0.0,"semifield, vee, ker, tough, cup, lowercase, spectral_radius, end_bmatrix, bmatrix, construction"
math,2024,2025,31,stable,31,0.6,"sum, leq, infty, lim, frac, geq, partial_partial, bra, mathbb_mathbb, mathbb_times"
math,2024,2025,32,stable,32,0.9,"optimization, algorithm, gradient, convex, function, convergence, objective, constraint, nonconvex, linear"
math,2024,2025,33,stable,33,0.8,"matrix, random, distribution, gaussian, probability, limit, moment, function, eigenvalue, graph"
math,2024,2025,34,stable,34,0.8,"big, bigg, frac, int, leq, blo, vert, mathbb, bigl, infty"
math,2024,2025,35,stable,35,0.8,"stochastic, diffusion, noise, differential, nonlinear, pde, linear, coefficient, fractional, drift"
math,2024,2025,36,stable,36,0.9,"knot, link, invariant, homology, surface, manifold, legendrian, mathbf, genus, surgery"
math,2024,2025,37,disappear,-1,0.3,"infty, mathcal, leq, operatorname_gal, mathbb_mathbb, hbox, mathcal_mathcal, vert_vert, cfrac_cfrac, kuroda"
math,2024,2025,38,stable,38,0.9,"graph, vertex, edge, tree, cycle, degree, subgraph, chromatic, digraph, maximum"
math,2024,2025,39,stable,39,0.8,"field, service, queue, server, dislocation, resetting, spin, mean, temperature, phase"
math,2024,2025,40,stable,40,1.0,"wave, fluid, flow, energy, boundary, stability, velocity, dynamic, nonlinear, phase"
math,2024,2025,41,stable,41,1.0,"space, set, metric, property, map, subset, function, point, compact, mathbb_mathbb"
math,2024,2025,42,stable,42,1.0,"bound, dimension, point, eigenvalue, set, interval, function, mathbb_mathbb, distance, constant"
math,2024,2025,43,stable,43,0.8,"parking, schur, shape, basis, function, symmetric, qsym, tableaux, skew, shuffle"
math,2024,2025,44,stable,44,1.0,"algorithm, game, optimization, player, solver, strategy, complexity, network, efficient, datum"
math,2024,2025,45,stable,45,1.0,"matroid, set, lattice, polytope, poset, point, family, graph, mathbb_mathbb, mathcal_mathcal"
math,2024,2025,46,disappear,-1,0.4,"forall, inftycd, iff, ldots, mathbb, cdot, pseudopolynomial, leq2, dim, ext_ext"
math,2024,2025,47,stable,47,0.8,"mathfrak, module, mathfrak_mathfrak, algebra, affine, mathsf, weight, mathfrak_hbar, vertex, mathcal"
math,2024,2025,48,stable,48,0.8,"hypergraph, binom, frac, leq, geq, ramsey, sum, tournament, parallel_bigtriangledown_bigtriangledown, bigcup"
math,2024,2025,49,stable,49,1.0,"domain, space, function, inequality, operator, boundary, estimate, fractional, type, sobolev"
