subject,topic_id,window_from,window_to,transition,rbo_sim,drift,words_from,words_to
math,0,2000–2005,2005–2010,2000–2005 → 2005–2010,0.303885,0.696115,"cohomology, ring, degeneration, toric_variety, calabi_yau_hypersurface, chiral, chow, genus, gromov_witten, group, hypersurface, modulus_space, monopole, semiample, toric, donaldson_seiberg_witten, elliptic, equivalence, fibration, gluing, hyperkaehler, langland_correspondence, micro, mirror, moduli_space, modulus_stack, multiplicity, numerical, projective, quantum, roberts, seiberg_witten, sigma, teichmueller, toric_del_pezzo, torus, varitie, witten, wronskian","gromov_witten, group, cohomology, calabi_yau_fold, toric, chow, hypersurface, mirror, mirror_symmetry, ring, variety, adic, calabi_yau_hypersurface, calabi_yau_threefold, carayol, complete_intersection, degeneration, gaminf, genus, invariant, langland_correspondence, local, lubin_tate, lubin_tate_tower, marino_vafa, markarian, math, micro, picard_fuchs, projective, quantum, quintic, space, teichmueller, theory, zeroth"
math,0,2005–2010,2010–2015,2005–2010 → 2010–2015,0.480071,0.519929,"gromov_witten, group, cohomology, calabi_yau_fold, toric, chow, hypersurface, mirror, mirror_symmetry, ring, variety, adic, calabi_yau_hypersurface, calabi_yau_threefold, carayol, complete_intersection, degeneration, gaminf, genus, invariant, langland_correspondence, local, lubin_tate, lubin_tate_tower, marino_vafa, markarian, math, micro, picard_fuchs, projective, quantum, quintic, space, teichmueller, theory, zeroth","group, calabi_yau_threefold, cohomology, calabi_yau, gromov_witten, hypersurface, langland_correspondence, hodge, local, mirror, ron, toric, adic, bgo, character, complete_intersection, correspondence, curve, genus, inertial, lubin_tate, maschke, metaplectic, projective, quintic, ring, scheme, smooth, surface, theory, variety, witt"
math,0,2010–2015,2015–2020,2010–2015 → 2015–2020,0.526739,0.473261,"group, calabi_yau_threefold, cohomology, calabi_yau, gromov_witten, hypersurface, langland_correspondence, hodge, local, mirror, ron, toric, adic, bgo, character, complete_intersection, correspondence, curve, genus, inertial, lubin_tate, maschke, metaplectic, projective, quintic, ring, scheme, smooth, surface, theory, variety, witt","group, hodge, variety, cohomology, hypersurface, calabi_yau_threefold, chow, curve, perp, ring, smooth, witt, bott_chern_aeppli, braid, breve, calabi_yau, correspondence, crc, field, genus, glsm, gromov_witten, holed, inertial, ker, mathbb, mathcal, mathcal_mathcal, mathfrak, mirror, qcoh, rig, tmf_tmf, toric, usp"
math,0,2015–2020,2020–2025,2015–2020 → 2020–2025,0.408154,0.591846,"group, hodge, variety, cohomology, hypersurface, calabi_yau_threefold, chow, curve, perp, ring, smooth, witt, bott_chern_aeppli, braid, breve, calabi_yau, correspondence, crc, field, genus, glsm, gromov_witten, holed, inertial, ker, mathbb, mathcal, mathcal_mathcal, mathfrak, mirror, qcoh, rig, tmf_tmf, toric, usp","cohomology, group, mathbb, mathcal, mathcal_mathcal, gromov_witten, hodge, curve, mathbb_mathbb, variety, genus, toric, breve, chow, field, fukaya_category, hypersurface, invariant, mathrm, overline_mathds, rham, ring, surface, toric_variety"
math,1,2000–2005,2005–2010,2000–2005 → 2005–2010,0.302368,0.697632,"inequality, laplacian, bergman_kernel, monic, det, eigenvalue, estimate, norm, qtext, riesz_transform, bigcap, boundary, compact, concentrate, covering, cusp, dispersion, domain, ellipticity, energy, fefferman, isoperimetric, liouville, log, manifold, neumann, nonlinear, operator, plate, plb, power, profile, quantization, remainder, segment, sobolev, surface, theorem, weinberger, wellknown","domain, eigenvalue, inequality, operator, laplacian, manifold, riesz_transform, sobolev, sup, compact, function, lebesgue_measure, liouville, remez, absolute, ball, bohr_radius, boundary, cluster, constant, covering, dispersion, euclidean, hardy, monge_amp, operatorname_lip, poly, polydisc, surface, theorem"
math,1,2005–2010,2010–2015,2005–2010 → 2010–2015,0.714375,0.285625,"domain, eigenvalue, inequality, operator, laplacian, manifold, riesz_transform, sobolev, sup, compact, function, lebesgue_measure, liouville, remez, absolute, ball, bohr_radius, boundary, cluster, constant, covering, dispersion, euclidean, hardy, monge_amp, operatorname_lip, poly, polydisc, surface, theorem","domain, eigenvalue, inequality, laplacian, estimate, sobolev, function, bound, operator, sharp, constant, boundary, capacity, curvature, eigenfunction, fundamentality, hardy, manifold, operatorname_lip, polynomial, remez, steklov"
math,1,2010–2015,2015–2020,2010–2015 → 2015–2020,0.832125,0.167875,"domain, eigenvalue, inequality, laplacian, estimate, sobolev, function, bound, operator, sharp, constant, boundary, capacity, curvature, eigenfunction, fundamentality, hardy, manifold, operatorname_lip, polynomial, remez, steklov","domain, eigenvalue, estimate, inequality, laplacian, sobolev, hardy, operator, sharp, bound, eigenfunction, function, dirichlet, frac, manifold, mathbb, riemannian_manifold, sup"
math,1,2015–2020,2020–2025,2015–2020 → 2020–2025,0.866677,0.133323,"domain, eigenvalue, estimate, inequality, laplacian, sobolev, hardy, operator, sharp, bound, eigenfunction, function, dirichlet, frac, manifold, mathbb, riemannian_manifold, sup","domain, eigenvalue, estimate, function, inequality, laplacian, operator, sobolev, boundary, hardy, sharp, dirichlet, frac, mathbb, mathbb_mathbb"
math,2,2000–2005,2005–2010,2000–2005 → 2005–2010,0.356768,0.643232,"algebra, bethe, vertex, lie_algebra, belavin, bethe_ansatz, gaudin, ggs, hexagon, irf, matrix, yang_baxter, yangian, affine, chain, critical, dynamical, felder, gervais, hofstadter, jordanian, kazhdan_lusztig, loop, lusztig, master, miura_oper, module, neveu, oper, p15, pattern, population, quantum, representation, spin, wakimoto, wronski, xxz","algebra, affine, group, module, quantum, kazhdan_lusztig, lie_algebra, lusztig, chi, schr_dinger_virasoro, schur, vertex, weight, cala_cala, cell, cherednik, expansion, gaudin, hat_hat, hecke, level, lie, loop, miura_oper, oper, p15, qsl, representation, ternary, virasoro, wakimoto, witt"
math,2,2005–2010,2010–2015,2005–2010 → 2010–2015,0.530355,0.469645,"algebra, affine, group, module, quantum, kazhdan_lusztig, lie_algebra, lusztig, chi, schr_dinger_virasoro, schur, vertex, weight, cala_cala, cell, cherednik, expansion, gaudin, hat_hat, hecke, level, lie, loop, miura_oper, oper, p15, qsl, representation, ternary, virasoro, wakimoto, witt","algebra, quantum, module, lie_algebra, algebras, bethe, cluster, cpm, group, matrix, representation, vertex, yangian, affine, affinisation_mathfrak_mathfrak, bethe_subalgebras, covariant, eigenvector, gaudin, kazhdan_lusztig, lie, mathfrak_mathfrak, onsager, sector, spin, subalgebra, superintegrable_chiral_pott, ternary, virasoro, witt, yangians"
math,2,2010–2015,2015–2020,2010–2015 → 2015–2020,0.664002,0.335998,"algebra, quantum, module, lie_algebra, algebras, bethe, cluster, cpm, group, matrix, representation, vertex, yangian, affine, affinisation_mathfrak_mathfrak, bethe_subalgebras, covariant, eigenvector, gaudin, kazhdan_lusztig, lie, mathfrak_mathfrak, onsager, sector, spin, subalgebra, superintegrable_chiral_pott, ternary, virasoro, witt, yangians","algebra, quantum, lie_algebra, mathfrak_mathfrak, module, yangian, mathfrak, affine, affinisation_mathfrak_mathfrak, bethe, flag_variety, kazhdan_lusztig, algebras, basis, equivariant, hessenberg_variety, imath, jmath, mbox_hess, mfrak_mfrak, representation, spin, twisted, type, ufo, vertex"
math,2,2015–2020,2020–2025,2015–2020 → 2020–2025,0.734483,0.265517,"algebra, quantum, lie_algebra, mathfrak_mathfrak, module, yangian, mathfrak, affine, affinisation_mathfrak_mathfrak, bethe, flag_variety, kazhdan_lusztig, algebras, basis, equivariant, hessenberg_variety, imath, jmath, mbox_hess, mfrak_mfrak, representation, spin, twisted, type, ufo, vertex","algebra, mathfrak_mathfrak, quantum, mathfrak, module, affine, flag_variety, lie_algebra, yangian, vertex, mathfrak_hbar, nichols, basis, equivariant, hat, kazhdan_lusztig, mathcal, reflection, relative_rota_baxter, twisted, yetter_module"
math,3,2000–2005,2005–2010,2000–2005 → 2005–2010,0.516351,0.483649,"ideal, divisor, multipli, toric_variety, variety, scheme, apparent, assessor, gvb, proj_proj, projective, sedenion, sheaf, singularity, arithmetic, arrangement, canonical, double, fujita, gieseker, hilbert_kunz, log, modulus_stack, occurence, otime_otime, quartet, quasiadjunction, rec, theta, witten","divisor, ideal, multipli, sheaf, toric, comb, curve, modulus_space, projective, psh, theta, toric_variety, variety, vector_bundle, acc, arrangement, bsi, castelnuovo, flip, fujita, gvb, mathcal, mhu, perp, poincare, scheme, stiefel_whitney, surface, threshold, torsion, valuative, van, witten"
math,3,2005–2010,2010–2015,2005–2010 → 2010–2015,0.699441,0.300559,"divisor, ideal, multipli, sheaf, toric, comb, curve, modulus_space, projective, psh, theta, toric_variety, variety, vector_bundle, acc, arrangement, bsi, castelnuovo, flip, fujita, gvb, mathcal, mhu, perp, poincare, scheme, stiefel_whitney, surface, threshold, torsion, valuative, van, witten","divisor, ideal, sheaf, curve, multipli, projective, surface, variety, chow, hilbert, index, mather, modulus_space, singularity, toric, bsi, hilbert_kunz, kudla_rapoport, mhu, plurisubharmonic, ppav, resolution, scheme, stiefel_whitney"
math,3,2010–2015,2015–2020,2010–2015 → 2015–2020,0.702664,0.297336,"divisor, ideal, sheaf, curve, multipli, projective, surface, variety, chow, hilbert, index, mather, modulus_space, singularity, toric, bsi, hilbert_kunz, kudla_rapoport, mhu, plurisubharmonic, ppav, resolution, scheme, stiefel_whitney","divisor, sheaf, variety, surface, ideal, curve, projective, scheme, singularity, toric, hilbert, multipli, smooth, bir, chow, class, log, masur_veech_volume, mather, mmp, modulus_space, operatorname_nev, shtukas, toric_variety, toy"
math,3,2015–2020,2020–2025,2015–2020 → 2020–2025,0.5409,0.4591,"divisor, sheaf, variety, surface, ideal, curve, projective, scheme, singularity, toric, hilbert, multipli, smooth, bir, chow, class, log, masur_veech_volume, mather, mmp, modulus_space, operatorname_nev, shtukas, toric_variety, toy","curve, divisor, sheaf, variety, projective, mathbb, mathcal, nef, overline, scheme, singularity, toric, bigl, bigr, bundle, class, cone, ideal, mathbb_mathbb, quot, rank, seshadri_constant, smooth, surface, tautological, toric_variety"
math,4,2000–2005,2005–2010,2000–2005 → 2005–2010,0.604039,0.395961,"foliation, groupoid, manifold, fundamental, group, hyperbolic, leaf, correspondent, cover, diffeomorphism, geodesic, taut_foliation, amenability, aspherical, automorphism, bolic, branch, conformal, handlebodie, homoclinic_heteroclinic, lamination, lie, metric, norm, orbit, quasicompact, smooth, surface, tcb, torus, transversal, universal","foliation, group, hyperbolic, manifold, space, surface, fundamental, leaf, aspherical, geodesic, groupoid, metric, action, catalogue, compact, contact, coverable, fol, haefliger, pseudo_anosov, riemannian_manifold, schottky, tcb, tetrahedra, transversal"
math,4,2005–2010,2010–2015,2005–2010 → 2010–2015,0.545683,0.454317,"foliation, group, hyperbolic, manifold, space, surface, fundamental, leaf, aspherical, geodesic, groupoid, metric, action, catalogue, compact, contact, coverable, fol, haefliger, pseudo_anosov, riemannian_manifold, schottky, tcb, tetrahedra, transversal","action, foliation, group, hyperbolic, manifold, pseudo_anosov, anosov, flow, leaf, space, orbit, compact, cover, diffeomorphism, fundamental, geodesic, lner, metric, overlay, rotopulsator, spacetime, surface"
math,4,2010–2015,2015–2020,2010–2015 → 2015–2020,0.742734,0.257266,"action, foliation, group, hyperbolic, manifold, pseudo_anosov, anosov, flow, leaf, space, orbit, compact, cover, diffeomorphism, fundamental, geodesic, lner, metric, overlay, rotopulsator, spacetime, surface","action, flow, foliation, group, hyperbolic, manifold, anosov, surface, diffeomorphism, lnp, space, center, compact, fuchsian, fundamental, graph, map, newton, orbit, pseudo_anosov"
math,4,2015–2020,2020–2025,2015–2020 → 2020–2025,0.773606,0.226394,"action, flow, foliation, group, hyperbolic, manifold, anosov, surface, diffeomorphism, lnp, space, center, compact, fuchsian, fundamental, graph, map, newton, orbit, pseudo_anosov","action, anosov, flow, foliation, group, hyperbolic, manifold, surface, space, pseudo_anosov, circle, fuchsian, isovariant, orbit, quasigeodesic, thurston"
math,5,2000–2005,2005–2010,2000–2005 → 2005–2010,0.60429,0.39571,"algebra, hopf_algebra, algebras, clifford, group, fuzzy, hat_inftyrep, mathtt, modop, module, noncommutative, operator, rack, representation, bar, biconvolution, cal, cycop, hat, hopf_gebra, nichols, operad, peak, poisson, quantum, rep, ring, space, unstable","algebra, group, hopf_algebra, algebras, module, representation, ach, lie_algebra, tmop, bar, bialgebra, block, cal, deformation, dimensional, fuzzy, gabor, gabor_frame, hopf, invariant, nichols, noncommutative, peak, poisson, pseudogroup, quantum, ring, rock, semigroup, vertex"
math,5,2005–2010,2010–2015,2005–2010 → 2010–2015,0.770576,0.229424,"algebra, group, hopf_algebra, algebras, module, representation, ach, lie_algebra, tmop, bar, bialgebra, block, cal, deformation, dimensional, fuzzy, gabor, gabor_frame, hopf, invariant, nichols, noncommutative, peak, poisson, pseudogroup, quantum, ring, rock, semigroup, vertex","algebra, group, hopf_algebra, lie_algebra, module, algebras, representation, quantum, dimensional, finite, qtr, action, ast, bialgebra, cayley, drep, hopf, invariant, lie_group, noncommutative, sayd, schur, tensor"
math,5,2010–2015,2015–2020,2010–2015 → 2015–2020,0.674045,0.325955,"algebra, group, hopf_algebra, lie_algebra, module, algebras, representation, quantum, dimensional, finite, qtr, action, ast, bialgebra, cayley, drep, hopf, invariant, lie_group, noncommutative, sayd, schur, tensor","algebra, algebras, group, hopf_algebra, representation, finite, clifford, lie_algebra, module, category, ltlt, frak_frak, hopf, lie_group, majorana, mathbb, psl_mathbb, schur, tensor, triangularization"
math,5,2015–2020,2020–2025,2015–2020 → 2020–2025,0.779289,0.220711,"algebra, algebras, group, hopf_algebra, representation, finite, clifford, lie_algebra, module, category, ltlt, frak_frak, hopf, lie_group, majorana, mathbb, psl_mathbb, schur, tensor, triangularization","algebra, algebras, group, representation, mathbb, category, lie_algebra, clifford, hopf_algebra, mathbb_mathbb, mathcal, mathfrak, module, conj, ltlt, mathfrak_mathfrak, preprojective, quantum, tensor, triangularization, twisted"
math,6,2000–2005,2005–2010,2000–2005 → 2005–2010,0.618131,0.381869,"algebra, algebras, operator, banach, nest, atom, circ, frak, hyperatomic, ideal, manifold, pseudodifferential, space, unital, amenability, amenable, bidual, class, containment, csl, endomorphism, extension, function, hahn_banach, linear, mathbf, monotone, norm, quasidiagonal, riesz, semigroup, ternary, von_neumann_algebras","algebra, algebras, banach, operator, amenability, chet, derivation, frame, module, peak, semigroup, amenable, approximate, aren, banach_space, bidual, conne_amenability, contractibility, ell_ell, face, frechet, ideal, mathcal_mathcal, monotone, resolvent, schauder, semicontinuous, subspace, ternary, ultrapower, unital, vmo, widetilde"
math,6,2005–2010,2010–2015,2005–2010 → 2010–2015,0.760066,0.239934,"algebra, algebras, banach, operator, amenability, chet, derivation, frame, module, peak, semigroup, amenable, approximate, aren, banach_space, bidual, conne_amenability, contractibility, ell_ell, face, frechet, ideal, mathcal_mathcal, monotone, resolvent, schauder, semicontinuous, subspace, ternary, ultrapower, unital, vmo, widetilde","algebra, algebras, banach, operator, amenability, banach_space, property, semigroup, unital, continuous, kirchberg, module, aren, cla, closability, contractibility, convex, dilation, ell_ell, haagerup, ideal, otimesmin, positive, radical, vmo"
math,6,2010–2015,2015–2020,2010–2015 → 2015–2020,0.797047,0.202953,"algebra, algebras, banach, operator, amenability, banach_space, property, semigroup, unital, continuous, kirchberg, module, aren, cla, closability, contractibility, convex, dilation, ell_ell, haagerup, ideal, otimesmin, positive, radical, vmo","algebra, algebras, banach, banach_space, operator, property, space, unital, amenability, amenable, bse, convex, dilation, cla, continuous, coz, function, mathcal, mathcal_mathcal, norm, positive, rnp, semialgebraic, semigroup"
math,6,2015–2020,2020–2025,2015–2020 → 2020–2025,0.822581,0.177419,"algebra, algebras, banach, banach_space, operator, property, space, unital, amenability, amenable, bse, convex, dilation, cla, continuous, coz, function, mathcal, mathcal_mathcal, norm, positive, rnp, semialgebraic, semigroup","algebra, algebras, banach, operator, property, banach_space, space, semigroup, amenability, boldsymbol, mathscr, amenable, compact, continuous, lattice, map, mathcal, nonseparable, norm, overcomplete, riesz_multimorphism, topology"
math,7,2000–2005,2005–2010,2000–2005 → 2005–2010,0.70343,0.29657,"algebra, group, quantum, representation, coaction, module, action, amenability, basis, braid, car, corepresentation, hopf_algebra, affine, algebras, code, convolution, dimensional, hat_frak, heisenberg_virasoro, irreducible, krammer, nichols, qkzb, rat, self_dual, tensor_product, trace, weight","algebra, group, module, quantum, representation, irreducible, braid, hopf_algebra, weight, algebras, category, heisenberg_virasoro, cluster, dimensional, hat, rat, subfactor, tracial_rokhlin, unitary"
math,7,2005–2010,2010–2015,2005–2010 → 2010–2015,0.796807,0.203193,"algebra, group, module, quantum, representation, irreducible, braid, hopf_algebra, weight, algebras, category, heisenberg_virasoro, cluster, dimensional, hat, rat, subfactor, tracial_rokhlin, unitary","algebra, group, quantum, representation, hopf_algebra, module, category, weight, braid, algebras, tensor_product, affine, chargeon, cluster, finite, fluxion, hat, lambda_lambda, mathbb_mathbb, soergel_bimodule, teardrop, varpi_varpi"
math,7,2010–2015,2015–2020,2010–2015 → 2015–2020,0.753983,0.246017,"algebra, group, quantum, representation, hopf_algebra, module, category, weight, braid, algebras, tensor_product, affine, chargeon, cluster, finite, fluxion, hat, lambda_lambda, mathbb_mathbb, soergel_bimodule, teardrop, varpi_varpi","algebra, category, group, module, quantum, representation, hopf_algebra, algebras, mathfrak, tensor_product, affine, bar, braid, cluster, finite, groupoid, mathbb_mathbb, mathfrak_mathfrak, polyadic, upsilon, weight"
math,7,2015–2020,2020–2025,2015–2020 → 2020–2025,0.751012,0.248988,"algebra, category, group, module, quantum, representation, hopf_algebra, algebras, mathfrak, tensor_product, affine, bar, braid, cluster, finite, groupoid, mathbb_mathbb, mathfrak_mathfrak, polyadic, upsilon, weight","algebra, group, hopf_algebra, module, quantum, representation, category, mathfrak, braid, mathbf, cluster, frakk_frakk, mathcal, mathfrak_mathfrak, matrix, pm1, upsilon, varepsilon"
math,8,2000–2005,2005–2010,2000–2005 → 2005–2010,0.599701,0.400299,"monomial_ideal, hilbert, ring, cohomology, ideal, module, ext, glicci, gorenstein_liaison, local, monomial, multiplicity, polynomial, acm, algebra, annihilator, betti, degree, forest, graph, lambda, macdonald, multr, orlik_solomon, pfaffian, ree, residue, semigroup, sextic, subforest, union","cohomology, monomial_ideal, ring, algebra, ideal, module, local, polynomial, annihilator, lambda, monomial, multiplicity, subword, frobenius, graph, hilbert, hypergraph, macdonald_ruijsenaar, polymatroid, residue, sdepth, stanley, sth"
math,8,2005–2010,2010–2015,2005–2010 → 2010–2015,0.653451,0.346549,"cohomology, monomial_ideal, ring, algebra, ideal, module, local, polynomial, annihilator, lambda, monomial, multiplicity, subword, frobenius, graph, hilbert, hypergraph, macdonald_ruijsenaar, polymatroid, residue, sdepth, stanley, sth","cohomology, ideal, local, module, ring, algebra, monomial, monomial_ideal, stanley, polynomial, pure, ass, fraksl, mesoprimary, milnor_witt, multiplicity, quintasymptotic, sequence, sth"
math,8,2010–2015,2015–2020,2010–2015 → 2015–2020,0.773311,0.226689,"cohomology, ideal, local, module, ring, algebra, monomial, monomial_ideal, stanley, polynomial, pure, ass, fraksl, mesoprimary, milnor_witt, multiplicity, quintasymptotic, sequence, sth","cohomology, ideal, module, monomial_ideal, polynomial, ring, local, algebra, monomial, betti, alexander, ass, duality, hessenberg_variety, matroid, mesoprimary, milnor_witt, multipartition, pol, stanley_stembridge, star_star"
math,8,2015–2020,2020–2025,2015–2020 → 2020–2025,0.617247,0.382753,"cohomology, ideal, module, monomial_ideal, polynomial, ring, local, algebra, monomial, betti, alexander, ass, duality, hessenberg_variety, matroid, mesoprimary, milnor_witt, multipartition, pol, stanley_stembridge, star_star","ideal, module, monomial_ideal, polynomial, ring, algebra, ext, monomial, cohomology, submodule, betti, hessenberg_variety, hilbert_kunz, hmf, mathfrak, mathrm, multipartition, multiplicity, operatorname, resurgence, squarefree_monomial, stanley_reisner, ultragraph_leavitt_path"
math,9,2000–2005,2005–2010,2000–2005 → 2005–2010,0.578171,0.421829,"pattern, tree, generating_function, permutation, catalan, continued_fraction, incidence, discontinuity, ensemble, fraction, random, statistic, chebyshev, edit_distance, enumeration, enumerator, leaf, letter, matrix, mn3, motzkin_path, origin, planar, plancherel, robertson, subsequence, toolbox, vertex, viterbi, wilf, young_tableau","pattern, permutation, tree, graph, generating_function, combinatorial, derangement, dumont_permutation, enumeration, partition, patience, random, viterbi, bijection, bijective, catalan, defect, edit_distance, eigenfunction, ensemble, excess, flaw_preference, hdot, matrix, motzkin_path, multigraph, nomial, planar, polynomial, prudent_walk, subsequence, vicious_walker"
math,9,2005–2010,2010–2015,2005–2010 → 2010–2015,0.534424,0.465576,"pattern, permutation, tree, graph, generating_function, combinatorial, derangement, dumont_permutation, enumeration, partition, patience, random, viterbi, bijection, bijective, catalan, defect, edit_distance, eigenfunction, ensemble, excess, flaw_preference, hdot, matrix, motzkin_path, multigraph, nomial, planar, polynomial, prudent_walk, subsequence, vicious_walker","graph, pattern, permutation, tree, length, random, sequence, vertex, distance, generating_function, bijection, catalan, combinatorial, defect, distribution, dyck_path, edge, excess, fibonacci, hdot, interval, lazy_cop, moebius, pascal, polynomial, spectral_gap, walk, young_tableaux"
math,9,2010–2015,2015–2020,2010–2015 → 2015–2020,0.802519,0.197481,"graph, pattern, permutation, tree, length, random, sequence, vertex, distance, generating_function, bijection, catalan, combinatorial, defect, distribution, dyck_path, edge, excess, fibonacci, hdot, interval, lazy_cop, moebius, pascal, polynomial, spectral_gap, walk, young_tableaux","graph, pattern, permutation, random, tree, vertex, sequence, catalan, edge, enumeration, cycle, length, eulerian, matrix, simsun"
math,9,2015–2020,2020–2025,2015–2020 → 2020–2025,0.912567,0.087433,"graph, pattern, permutation, random, tree, vertex, sequence, catalan, edge, enumeration, cycle, length, eulerian, matrix, simsun","graph, pattern, permutation, random, tree, vertex, cycle, sequence, catalan, length, edge, parking, eigenvalue, forest, matrix, rainbow, statistic"
math,10,2000–2005,2005–2010,2000–2005 → 2005–2010,0.508684,0.491316,"operator, schr_dinger_operator, spectral, potential, schrodinger, gordon, schroedinger, spectrum, alphaf, function, oscillatory, quasiperiodic, self_adjoint, titchmarsh, amplitude, bochner_riesz, boundary_condition, coulomb, discreteness, dispersive, eigenvalue, energy, pdem, resonance, sturm_liouville, unif","eigenvalue, operator, potential, schr_dinger_operator, spectral, spectrum, resolvent, sturm_liouville, self_adjoint, eigenfunction, resonance, schroedinger, semiclassical, boundary_condition, hill, pdem, perturbation, schrodinger"
math,10,2005–2010,2010–2015,2005–2010 → 2010–2015,0.842983,0.157017,"eigenvalue, operator, potential, schr_dinger_operator, spectral, spectrum, resolvent, sturm_liouville, self_adjoint, eigenfunction, resonance, schroedinger, semiclassical, boundary_condition, hill, pdem, perturbation, schrodinger","eigenvalue, operator, potential, resolvent, schr_dinger_operator, spectral, spectrum, eigenfunction, resonance, asymptotic, domain, log2, perturbation, schrodinger, self_adjoint, selfadjoint, semiclassical"
math,10,2010–2015,2015–2020,2010–2015 → 2015–2020,0.698935,0.301065,"eigenvalue, operator, potential, resolvent, schr_dinger_operator, spectral, spectrum, eigenfunction, resonance, asymptotic, domain, log2, perturbation, schrodinger, self_adjoint, selfadjoint, semiclassical","eigenfunction, eigenvalue, operator, potential, schr_dinger_operator, spectral, spectrum, resonance, self_adjoint, resolvent, perturbation, dirac, transmission"
math,10,2015–2020,2020–2025,2015–2020 → 2020–2025,0.733904,0.266096,"eigenfunction, eigenvalue, operator, potential, schr_dinger_operator, spectral, spectrum, resonance, self_adjoint, resolvent, perturbation, dirac, transmission","eigenvalue, operator, potential, schr_dinger_operator, spectral, spectrum, resonance, self_adjoint, dirac, eigenfunction, wave, resolvent, transmission, semiclassical"
math,11,2000–2005,2005–2010,2000–2005 → 2005–2010,0.510739,0.489261,"quantum, algebra, group, representation, superconformal, affine, deformation, involution, jack_superpolynomial, schrodinger, smorodinsky, superalgebra, superalgebras, winternitz, berezin, boson, charge, crystal, ext, generator, lie_algebra, matrix, oscillator, realization, stcms, supergroup, superintegrability, superintegrable, superplane, superpolynomial, supersymmetric, supersymmetry, weyl","algebra, quantum, module, group, super, affine, algebras, basis, deformation, parabosonic, pbw, schur, superalgebra, superspecie, bosonisation, character, cluster, ext, hopf_algebra, jack_superpolynomial, jucys_murphy_element, kirillov_reshetikhin, kms, laced, paraboson, quasiconformal, quea, representation, smorodinsky, subalgebra, supersymmetric, untwisted, weyl, widetilde_widetilde, winternitz"
math,11,2005–2010,2010–2015,2005–2010 → 2010–2015,0.665975,0.334025,"algebra, quantum, module, group, super, affine, algebras, basis, deformation, parabosonic, pbw, schur, superalgebra, superspecie, bosonisation, character, cluster, ext, hopf_algebra, jack_superpolynomial, jucys_murphy_element, kirillov_reshetikhin, kms, laced, paraboson, quasiconformal, quea, representation, smorodinsky, subalgebra, supersymmetric, untwisted, weyl, widetilde_widetilde, winternitz","algebra, module, quantum, algebras, representation, group, hat_frak, basis, fri, mathcal, superalgebra, superalgebras, weyl, affine, category, cluster, imaginary, laced, mathbb, mathfrak, overset_circ, parabosonic, schur, super, supergroup, underline_rep"
math,11,2010–2015,2015–2020,2010–2015 → 2015–2020,0.636668,0.363332,"algebra, module, quantum, algebras, representation, group, hat_frak, basis, fri, mathcal, superalgebra, superalgebras, weyl, affine, category, cluster, imaginary, laced, mathbb, mathfrak, overset_circ, parabosonic, schur, super, supergroup, underline_rep","algebra, group, module, quantum, superalgebra, mathfrak, representation, mathfrak_mathfrak, category, lie_superalgebra, weyl, affine, bigvee, braid, cri_frak_vert, heisenberg, quantization, super, superalgebras, superconformal, underline_rep"
math,11,2015–2020,2020–2025,2015–2020 → 2020–2025,0.767724,0.232276,"algebra, group, module, quantum, superalgebra, mathfrak, representation, mathfrak_mathfrak, category, lie_superalgebra, weyl, affine, bigvee, braid, cri_frak_vert, heisenberg, quantization, super, superalgebras, superconformal, underline_rep","algebra, mathfrak, module, quantum, superalgebra, group, mathfrak_mathfrak, affine, category, algebras, lie_superalgebra, super, bms, hat, hbar, mathcal, representation, schur"
math,12,2000–2005,2005–2010,2000–2005 → 2005–2010,0.397154,0.602846,"group, subgroup, diagram, free, amalgamation, automorphism, bbb, braid, platonov, plotkin, schmidt, solvable, superrigid, thompson, asymptotic, aut, basis, blow, class, dim, finite, folding, hierarchomorphism, isotopy, jsj_decomposition, kerphi, map, nilpotent, reflection, reflexible, relator, tessellation, tiling","finite, group, subgroup, braid, artin, free, hyperbolic, presentation, cat, fic, arb_ara_arb_ara, automorphism, baumslag_solitar_group, bbb, bbc, commensurator, coxeter, graph, isocohomological, lie_group, map, nilpotent, outer_automorphism, parageometric, quotient, reflexible, tilde, tree"
math,12,2005–2010,2010–2015,2005–2010 → 2010–2015,0.682153,0.317847,"finite, group, subgroup, braid, artin, free, hyperbolic, presentation, cat, fic, arb_ara_arb_ara, automorphism, baumslag_solitar_group, bbb, bbc, commensurator, coxeter, graph, isocohomological, lie_group, map, nilpotent, outer_automorphism, parageometric, quotient, reflexible, tilde, tree","finite, graph, group, subgroup, free, hyperbolic, space, artin, braid, cat, quotient, abelian, automorphism, commensurator, geodesic, gottlieb, isometry, mathscr, nilpotent, operad, product, quasi, quasimorphism, sofic, tree"
math,12,2010–2015,2015–2020,2010–2015 → 2015–2020,0.756258,0.243742,"finite, graph, group, subgroup, free, hyperbolic, space, artin, braid, cat, quotient, abelian, automorphism, commensurator, geodesic, gottlieb, isometry, mathscr, nilpotent, operad, product, quasi, quasimorphism, sofic, tree","finite, free, graph, group, hyperbolic, subgroup, automorphism, braid, space, action, tree, artin, geodesic, homomorphism, misorientation, sofic, text, word"
math,12,2015–2020,2020–2025,2015–2020 → 2020–2025,0.883329,0.116671,"finite, free, graph, group, hyperbolic, subgroup, automorphism, braid, space, action, tree, artin, geodesic, homomorphism, misorientation, sofic, text, word","finite, free, graph, group, hyperbolic, subgroup, braid, action, artin, automorphism, groupoid, mathbb_mathbb, misorientation, mot_underline, quasi, quasifold, space, text"
math,13,2000–2005,2005–2010,2000–2005 → 2005–2010,0.453814,0.546186,"invariant, knot, link, vassiliev, casson_gordon, concordance, contact, cyclic, eta, framing, legendrian, legendrian_knot, reidemeister_move, seifert, transverse, triple, alexander, branched_covering, bridge, diagram, fibred, heegaard_floer_homology, heegaard_splitting, hfa, ieie, knot_concordance, markov, sliceness, sphere","knot, link, genus, manifold, surgery, invariant, concordance, heegaard_splitting, bridge, contact, crossing, fibred, heegaard_floer_homology, ieie, alexander, diagram, eta, floer_homology, legendrian, legendrian_knot, open_book, pant, seifert, sphere, tunnel"
math,13,2005–2010,2010–2015,2005–2010 → 2010–2015,0.69613,0.30387,"knot, link, genus, manifold, surgery, invariant, concordance, heegaard_splitting, bridge, contact, crossing, fibred, heegaard_floer_homology, ieie, alexander, diagram, eta, floer_homology, legendrian, legendrian_knot, open_book, pant, seifert, sphere, tunnel","genus, knot, link, manifold, heegaard_splitting, invariant, legendrian, surgery, concordance, heegaard_floer_homology, slice, crossing, floer_homology, legendrian_knot, bipolar, homology, pant, pseudoknot"
math,13,2010–2015,2015–2020,2010–2015 → 2015–2020,0.808304,0.191696,"genus, knot, link, manifold, heegaard_splitting, invariant, legendrian, surgery, concordance, heegaard_floer_homology, slice, crossing, floer_homology, legendrian_knot, bipolar, homology, pant, pseudoknot","genus, knot, link, manifold, surgery, concordance, crossing, invariant, slice, handlebody, seifert, bridge, complement, diagram, floer_homology, heegaard_floer_homology, heegaard_splitting, knot_concordance, legendrian, subcentric, tst"
math,13,2015–2020,2020–2025,2015–2020 → 2020–2025,0.787734,0.212266,"genus, knot, link, manifold, surgery, concordance, crossing, invariant, slice, handlebody, seifert, bridge, complement, diagram, floer_homology, heegaard_floer_homology, heegaard_splitting, knot_concordance, legendrian, subcentric, tst","genus, knot, link, surgery, homology, invariant, manifold, legendrian, seifert, contact, crossing, slice, cable, complement, concordance, concordant, handlebody, hfl, mathbb"
math,14,2000–2005,2005–2010,2000–2005 → 2005–2010,0.3002,0.6998,"bundle, curve, fano_threefold, fan, rational, sheaf, fano_variety, intersection, calabi_yau_threefold, canonical, cohomology, csck, degree, equivariant, fano, formal, hilb_hilb, hilbert, hler, iitaka, invariant, line, list, manifold, math, poincare, prym, quasi, rationality, regularity, semistable, slope, surface, syzygy, tilde, tilde_tilde, toric_variety, tsen, vector_bundle, virtual, ystad","curve, fano, projective, vector_bundle, bundle, semistable, smooth, csck, fano_fold, fano_variety, manifold, picard, seshadri_constant, sheaf, compactified_jacobian, contraction, defect, deligne, deligne_mumford_stack, hacon_mckernan, hler, hler_ricci, jet, line_bundle, morse, orbifold, rank, rational, rho_rho, scheme, slope"
math,14,2005–2010,2010–2015,2005–2010 → 2010–2015,0.430388,0.569612,"curve, fano, projective, vector_bundle, bundle, semistable, smooth, csck, fano_fold, fano_variety, manifold, picard, seshadri_constant, sheaf, compactified_jacobian, contraction, defect, deligne, deligne_mumford_stack, hacon_mckernan, hler, hler_ricci, jet, line_bundle, morse, orbifold, rank, rational, rho_rho, scheme, slope","vector_bundle, line_bundle, picard, fano, curve, projective, seshadri_constant, sheaf, bundle, fano_fold, fano_variety, mok, stable, ample_line_bundle, categorical, cominuscule, compactified_jacobian, contraction, fibre, genus, hler_ricci, homogeneous, hwang, monoid, morel, nef, representability, scheme, stability, tangent_bundle, variety"
math,14,2010–2015,2015–2020,2010–2015 → 2015–2020,0.476342,0.523658,"vector_bundle, line_bundle, picard, fano, curve, projective, seshadri_constant, sheaf, bundle, fano_fold, fano_variety, mok, stable, ample_line_bundle, categorical, cominuscule, compactified_jacobian, contraction, fibre, genus, hler_ricci, homogeneous, hwang, monoid, morel, nef, representability, scheme, stability, tangent_bundle, variety","bundle, fano, vector_bundle, curve, line_bundle, variety, projective, scheme, sheaf, ample, fano_variety, nef, smooth, gonality, hodge, locus, morel, picard, stability, syzygy, tangent_bundle, textrm_quot"
math,14,2015–2020,2020–2025,2015–2020 → 2020–2025,0.693372,0.306628,"bundle, fano, vector_bundle, curve, line_bundle, variety, projective, scheme, sheaf, ample, fano_variety, nef, smooth, gonality, hodge, locus, morel, picard, stability, syzygy, tangent_bundle, textrm_quot","bundle, curve, projective, variety, fano, sheaf, smooth, vector_bundle, fano_variety, line_bundle, picard, rank, ample_line_bundle, characteristic, hodge, nef, textrm_quot"
math,15,2000–2005,2005–2010,2000–2005 → 2005–2010,0.565339,0.434661,"category, functor, axiomatic, homotopy, stable, additive, bousfield, bridge, dependent, homological, homology, ideal, nilpotence, arch, bank, beijing, bimorphism, choice, contravariant, enrichment, fair, franke, icm, localisation, localized, mainstream, monomorphism, movability, principal, proceeding, representability, representable, restriction, semiorthogonal_decomposition, spectra, subcategorie, thick_subcategory, usual","category, functor, homotopy, object, theory, spectra, stable, cubical, fair, ttf_triple, astc_ast, astc_ast_algebra, axiomatic, benson, colimit, colocalisation, coproduct, corigid, dgas, drep, enlargement, enrichment, factorisation, hoshino, injectivity, limit, partial, restriction, sss, structure, subcategorie, thick_subcategory, torsionfree"
math,15,2005–2010,2010–2015,2005–2010 → 2010–2015,0.672583,0.327417,"category, functor, homotopy, object, theory, spectra, stable, cubical, fair, ttf_triple, astc_ast, astc_ast_algebra, axiomatic, benson, colimit, colocalisation, coproduct, corigid, dgas, drep, enlargement, enrichment, factorisation, hoshino, injectivity, limit, partial, restriction, sss, structure, subcategorie, thick_subcategory, torsionfree","category, functor, object, homotopy, abelian, colimit, theory, module, representability, topos, algebra, anafunctor, astc_ast, astc_ast_algebra, auslander, categorical, cellularization, center, cometic, coreflective, cubical, drep, heller, localisation, monoidal, pro, protoadditive, recollement, reflector, spectra, sss, track, wallman"
math,15,2010–2015,2015–2020,2010–2015 → 2015–2020,0.685425,0.314575,"category, functor, object, homotopy, abelian, colimit, theory, module, representability, topos, algebra, anafunctor, astc_ast, astc_ast_algebra, auslander, categorical, cellularization, center, cometic, coreflective, cubical, drep, heller, localisation, monoidal, pro, protoadditive, recollement, reflector, spectra, sss, track, wallman","category, functor, abelian, homotopy, object, auslander, spectra, exact, morphism, recollement, mathcal_mathcal, module, underline, assignment, categorical, cometic, encoding, hspace, impredicative, pro, subfactor, text, track"
math,15,2015–2020,2020–2025,2015–2020 → 2020–2025,0.710876,0.289124,"category, functor, abelian, homotopy, object, auslander, spectra, exact, morphism, recollement, mathcal_mathcal, module, underline, assignment, categorical, cometic, encoding, hspace, impredicative, pro, subfactor, text, track","category, functor, homotopy, object, mathcal, theory, abelian, mathcal_mathcal, categorical, derivator, exact, mathscr, morphism, recollement, spectra, subcategorie, infty_infty, mathrm, module, perf, ring, structure, tilting"
math,16,2000–2005,2005–2010,2000–2005 → 2005–2010,0.217245,0.782755,"mirror_symmetry, brane, category, elliptic_curve, gromov_witten, widetilde_widetilde, kontsevich, chiral, dictionary, fukaya_category, orientifold, spin, string, theory, worldsheet, compactification, cosmological_constant, equivalence, flag, iwase, kono, lagrangian_submanifold, mimura, mirror, mwgt, neck, orbifold, supersymmetric, tcft, twisted, wgt","string, theory, orbifold, algebra, brane, category, field, minitwistor, mirror_symmetry, space, spin, background, bundle, chiral, cohomology, conformal, delta, dkg, drinfel_double, duality, fivebrane, gauge, group, heterotic_string, iwase, kono, massless, master, mimura, minrep, moishezon_twistor, mwgt, open, osp, supermultiplet, symmetry, tcft, tft, unitary, wgt, worldsheet"
math,16,2005–2010,2010–2015,2005–2010 → 2010–2015,0.583003,0.416997,"string, theory, orbifold, algebra, brane, category, field, minitwistor, mirror_symmetry, space, spin, background, bundle, chiral, cohomology, conformal, delta, dkg, drinfel_double, duality, fivebrane, gauge, group, heterotic_string, iwase, kono, massless, master, mimura, minrep, moishezon_twistor, mwgt, open, osp, supermultiplet, symmetry, tcft, tft, unitary, wgt, worldsheet","string, theory, brane, field, gauge, structure, twisted, ashtekar, conformal, orbifold, supermultiplet, symmetry, topological, adinkra, algebra, belyi, brunnian, chern_simon, duality, gravitational_descendant, instanton, massless, mathbb_mathbb, minrep, mirror, nonabelian, osp, quantum, refined, spin, unitary"
math,16,2010–2015,2015–2020,2010–2015 → 2015–2020,0.459754,0.540246,"string, theory, brane, field, gauge, structure, twisted, ashtekar, conformal, orbifold, supermultiplet, symmetry, topological, adinkra, algebra, belyi, brunnian, chern_simon, duality, gravitational_descendant, instanton, massless, mathbb_mathbb, minrep, mirror, nonabelian, osp, quantum, refined, spin, unitary","brane, gauge, string, symmetry, theory, quantum, algebra, group, mathbb_mathbb, mathcal, orbifold, spin, topological, anomaly, chern_simon, circ, conformal, duality, field, gromov_witten, invariant, mathbf_bigtriangleup, metaplectic, vec"
math,16,2015–2020,2020–2025,2015–2020 → 2020–2025,0.767097,0.232903,"brane, gauge, string, symmetry, theory, quantum, algebra, group, mathbb_mathbb, mathcal, orbifold, spin, topological, anomaly, chern_simon, circ, conformal, duality, field, gromov_witten, invariant, mathbf_bigtriangleup, metaplectic, vec","brane, gauge, symmetry, theory, mathcal, quantum, group, spin, string, bps, bundle, category, coulomb_branch, anomaly, conformal, fukaya_category, mathbf_bigtriangleup, overline, syk"
math,17,2000–2005,2005–2010,2000–2005 → 2005–2010,0.530893,0.469107,"modular, modular_form, conjecture, curve, elliptic_curve, galois, group, meromorphic, mod, abelian_variety, barth, gouvea_mazur, map, nieto, representation, siegel_modular, abelian, arrangement, bloch_kato, bosonic, conformal, eisenstein_series, ell_ell, exceptional, function, heegner, mirror, moonshine, narasimhan_ramanan, quadratic","curve, modular_form, conjecture, elliptic_curve, genus, group, siegel_modular, abelian_variety, cusp_form, hecke, modular, quadratic, cohomology, congruence, field, form, galois, heegner, hep, jacobi, jacobian, kolyvagin, mod, paramodular, selmer, shimura, spectra, tamagawa, torsion, weight"
math,17,2005–2010,2010–2015,2005–2010 → 2010–2015,0.710532,0.289468,"curve, modular_form, conjecture, elliptic_curve, genus, group, siegel_modular, abelian_variety, cusp_form, hecke, modular, quadratic, cohomology, congruence, field, form, galois, heegner, hep, jacobi, jacobian, kolyvagin, mod, paramodular, selmer, shimura, spectra, tamagawa, torsion, weight","curve, elliptic_curve, modular_form, genus, conjecture, modular, congruence, group, selmer, shimura, abelian, function, torsion, abelian_variety, arithmetic, cohomology, cycle, field, galois, jacobi, mathieu, modulus_space, paramodular, surface"
math,17,2010–2015,2015–2020,2010–2015 → 2015–2020,0.565024,0.434976,"curve, elliptic_curve, modular_form, genus, conjecture, modular, congruence, group, selmer, shimura, abelian, function, torsion, abelian_variety, arithmetic, cohomology, cycle, field, galois, jacobi, mathieu, modulus_space, paramodular, surface","conjecture, curve, group, modular, modular_form, elliptic_curve, field, selmer, function, genus, period, surface, abelian_variety, adic, arithmetic, automorphic, congruence, galois, hurwitz, iwasawa, teichm_ller_curve"
math,17,2015–2020,2020–2025,2015–2020 → 2020–2025,0.84199,0.15801,"conjecture, curve, group, modular, modular_form, elliptic_curve, field, selmer, function, genus, period, surface, abelian_variety, adic, arithmetic, automorphic, congruence, galois, hurwitz, iwasawa, teichm_ller_curve","conjecture, curve, elliptic_curve, group, modular, modular_form, selmer, field, adic, automorphic, abelian_variety, genus, mathbb_mathbb, period, shimura, shimura_variety, torsion"
math,18,2000–2005,2005–2010,2000–2005 → 2005–2010,0.508181,0.491819,"group, field, galois, ell_ell, newton_polygon, representation, abelian_variety, bala, carter, drinfel, finite, gal_gal, mod, unipotent, absolute_galois, algebraic, curve, degree, ell, gal, invariant, jacobian, mapping, octahedral, projective, projectivity, rational, reciprocity_law, richardson, symmetry, toral, vignera","field, galois, group, representation, character, finite, prime, characteristic, goth_goth, irreducible, rational, rcft, subgroup, abelian_variety, absolute_galois, algebraic, degree, endomorphism, extension, invariant, jacobian, ring, semiabelian, supercharacter, sylow_subgroup, unipotent, variety"
math,18,2005–2010,2010–2015,2005–2010 → 2010–2015,0.840451,0.159549,"field, galois, group, representation, character, finite, prime, characteristic, goth_goth, irreducible, rational, rcft, subgroup, abelian_variety, absolute_galois, algebraic, degree, endomorphism, extension, invariant, jacobian, ring, semiabelian, supercharacter, sylow_subgroup, unipotent, variety","field, galois, group, representation, character, polynomial, prime, finite, irreducible, extension, mathbb, mathbb_mathbb, module, variety, algebraic, characteristic, endomorphism, ggg_ggg, rational, subgroup, sylow_subgroup, unipotent"
math,18,2010–2015,2015–2020,2010–2015 → 2015–2020,0.825471,0.174529,"field, galois, group, representation, character, polynomial, prime, finite, irreducible, extension, mathbb, mathbb_mathbb, module, variety, algebraic, characteristic, endomorphism, ggg_ggg, rational, subgroup, sylow_subgroup, unipotent","field, galois, group, mathbb_mathbb, representation, character, finite, mathbb, unipotent, algebraic, irreducible, module, polynomial, subgroup, cox_ring, ell, prime, skew_brace"
math,18,2015–2020,2020–2025,2015–2020 → 2020–2025,0.845527,0.154473,"field, galois, group, mathbb_mathbb, representation, character, finite, mathbb, unipotent, algebraic, irreducible, module, polynomial, subgroup, cox_ring, ell, prime, skew_brace","field, galois, group, mathbb, mathbb_mathbb, representation, finite, character, irreducible, mathrm, pgl, subgroup, characteristic, cox_ring, ell, esl, operatorname, skew_brace"
math,19,2000–2005,2005–2010,2000–2005 → 2005–2010,0.484572,0.515428,"group, surface, curve, automorphism, genus, modulus_space, cubic, smooth, bbb_bbb, extremal, restrained, tautological, abelian, action, aut_aut, canonical, cornalba_harris, danielewski, divisorial_contraction, fieseler, hyperelliptic_curve, ift, moduli_space, monodromy, mordell_weil, point, projective, quadruple, quotient","curve, genus, group, surface, rational, automorphism, birational, hyperelliptic_curve, modulus_space, epw_sextic, involution, plane, projective, abelian, bicanonical, double_cover, gizatullin, hovel, ift, quartic, sextic, threefold, torelli"
math,19,2005–2010,2010–2015,2005–2010 → 2010–2015,0.596617,0.403383,"curve, genus, group, surface, rational, automorphism, birational, hyperelliptic_curve, modulus_space, epw_sextic, involution, plane, projective, abelian, bicanonical, double_cover, gizatullin, hovel, ift, quartic, sextic, threefold, torelli","automorphism, curve, genus, group, rational, surface, action, birational, fibration, bimonster, ccm, conic, enrique_surface, gizatullin, hyperbolic, hyperelliptic, mathbb, plane, point, projective, quadratic, quartic, quotient, sextic, subgroup, threefold, type"
math,19,2010–2015,2015–2020,2010–2015 → 2015–2020,0.792163,0.207837,"automorphism, curve, genus, group, rational, surface, action, birational, fibration, bimonster, ccm, conic, enrique_surface, gizatullin, hyperbolic, hyperelliptic, mathbb, plane, point, projective, quadratic, quartic, quotient, sextic, subgroup, threefold, type","automorphism, curve, genus, group, surface, mathbb_mathbb, rational, projective, action, mathbb, mathcal, point, quartic, del_pezzo_surface, enrique_surface, hyperelliptic, locus, map, minimal, overline, psl_mathbb, quotient"
math,19,2015–2020,2020–2025,2015–2020 → 2020–2025,0.833975,0.166025,"automorphism, curve, genus, group, surface, mathbb_mathbb, rational, projective, action, mathbb, mathcal, point, quartic, del_pezzo_surface, enrique_surface, hyperelliptic, locus, map, minimal, overline, psl_mathbb, quotient","automorphism, curve, group, mathbb_mathbb, surface, genus, rational, mathbb, mathcal, point, fibration, hyperelliptic, projective, cover, degree, map, mod, modulus_space"
math,20,2000–2005,2005–2010,2000–2005 → 2005–2010,0.262637,0.737363,"average, density, discrepancy, drunkard, lim_to0, moderate_deviation, potential, random, random_walk, schr_dinger_operator, sinai, spectral, alloy, conservative, dispersive, empirical, frac, functionnal, glauber_dynamic, greven, hollander, integrated, kawasaki, kge, lpy, rate, strichartz_estimate, walk","random, estimate, density, schr_dinger_operator, random_walk, spectral, brownian_motion, decay, deviation, heat_kernel, kge, magnetic_field, moderate_deviation, potential, rate, sharp, allen_cahn, asymptotic, attractor, average, big, cdot, central_limit, environment, function, greven, hardy, hollander, ind, infty, wegner"
math,20,2005–2010,2010–2015,2005–2010 → 2010–2015,0.535837,0.464163,"random, estimate, density, schr_dinger_operator, random_walk, spectral, brownian_motion, decay, deviation, heat_kernel, kge, magnetic_field, moderate_deviation, potential, rate, sharp, allen_cahn, asymptotic, attractor, average, big, cdot, central_limit, environment, function, greven, hardy, hollander, ind, infty, wegner","estimate, schr_dinger_operator, potential, random, density, function, operator, random_walk, brownian_motion, decay, erw, heat_kernel, measure, sharp, delta, deviation, dimension, domain, environment, half, infty, korobov, levy, mathbb, mathbb_mathbb, particle, radial, saw, schr_dinger, skellam, sle"
math,20,2010–2015,2015–2020,2010–2015 → 2015–2020,0.62522,0.37478,"estimate, schr_dinger_operator, potential, random, density, function, operator, random_walk, brownian_motion, decay, erw, heat_kernel, measure, sharp, delta, deviation, dimension, domain, environment, half, infty, korobov, levy, mathbb, mathbb_mathbb, particle, radial, saw, schr_dinger, skellam, sle","estimate, function, mathbb, potential, random, mathbb_mathbb, operator, schr_dinger_operator, cdot, decay, heat_kernel, measure, random_walk, ckn, convergence, energy, frac, frac_frac, hardy, hypoellipticity, infty, int, probability, rate, wfd"
math,20,2015–2020,2020–2025,2015–2020 → 2020–2025,0.613467,0.386533,"estimate, function, mathbb, potential, random, mathbb_mathbb, operator, schr_dinger_operator, cdot, decay, heat_kernel, measure, random_walk, ckn, convergence, energy, frac, frac_frac, hardy, hypoellipticity, infty, int, probability, rate, wfd","estimate, potential, mathbb_mathbb, schr_dinger_operator, frac, function, random_walk, schr_dinger, kernel, mathbb, measure, operator, particle, random, approximation, collision, convergence, decay, energy, grushin, limit, probability, rate, saloff_coste"
math,21,2000–2005,2005–2010,2000–2005 → 2005–2010,0.500743,0.499257,"random, random_walk, convex_hull, walker, car, fredholm_determinant, goe, growth, measure, past, position, regime, speed, virag, angel, applied, ballistic_deposition, benjamini, borodin_okounkov, brownian_motion, bus, distribution, domino_tiling_aztec_diamond, exponent, gaussian, grain, packing, parking, png, poisson, renyi, rhombus_tiling, saw, scenery, self, sepp_inen, spatial, thermodynamic, unit_circle","random, random_walk, poisson, distribution, scenery, central_limit_theorem, growth, limit, probability, radius, walker, amit, anan, box, bus, car, chaos, compound_poisson, convex_hull, deviation, environment, ergodic, extreme, goe, grain, hull, measure, network, particle, peliti, quadrangulation, sinai_walk, site, srw, statistic, valley"
math,21,2005–2010,2010–2015,2005–2010 → 2010–2015,0.456343,0.543657,"random, random_walk, poisson, distribution, scenery, central_limit_theorem, growth, limit, probability, radius, walker, amit, anan, box, bus, car, chaos, compound_poisson, convex_hull, deviation, environment, ergodic, extreme, goe, grain, hull, measure, network, particle, peliti, quadrangulation, sinai_walk, site, srw, statistic, valley","distribution, limit, random, random_walk, particle, poisson, central_limit_theorem, environment, point, distance, gaussian, cactus, chaos, color, ergodic, growth, hyperbolic, law, measure, probability, quadrangulation, radius, scatterer, site, stationary, statistic"
math,21,2010–2015,2015–2020,2010–2015 → 2015–2020,0.663294,0.336706,"distribution, limit, random, random_walk, particle, poisson, central_limit_theorem, environment, point, distance, gaussian, cactus, chaos, color, ergodic, growth, hyperbolic, law, measure, probability, quadrangulation, radius, scatterer, site, stationary, statistic","distribution, gaussian, limit, probability, random, random_walk, poisson, central_limit_theorem, measure, point, dpp, law, bike_sharing, convergence, deviation, environment, mathbf_mathbf"
math,21,2015–2020,2020–2025,2015–2020 → 2020–2025,0.835466,0.164534,"distribution, gaussian, limit, probability, random, random_walk, poisson, central_limit_theorem, measure, point, dpp, law, bike_sharing, convergence, deviation, environment, mathbf_mathbf","distribution, gaussian, limit, random, random_walk, central_limit_theorem, point, poisson, probability, asymptotic, law, rate, convergence, excursion, field, fluctuation, hyperbolic, measure, parking, persistence_diagram, spatial, stochastic"
math,22,2000–2005,2005–2010,2000–2005 → 2005–2010,0.811447,0.188553,"einstein, kaehler, metric, kahler, manifold, curvature, ricci_flow, scalar_curvature, dkp, conformal, constant, einstein_metric, flow, 4ud, dispersionless, eigenvalue, lagrangian, mabuchi, overset_overset, pluriminimal, quaternionic, ricci_tensor","einstein, kaehler, manifold, metric, ricci_flow, curvature, flow, kahler, conformal, einstein_metric, hler_ricci, hler, nonholonomic, overset_overset"
math,22,2005–2010,2010–2015,2005–2010 → 2010–2015,0.699863,0.300137,"einstein, kaehler, manifold, metric, ricci_flow, curvature, flow, kahler, conformal, einstein_metric, hler_ricci, hler, nonholonomic, overset_overset","curvature, einstein, manifold, metric, ricci_flow, flow, conformal, einstein_metric, kahler, cmc, hler, hler_einstein, kaehler, riemannian, scalar_curvature, hler_ricci, mean_curvature, ricci_soliton"
math,22,2010–2015,2015–2020,2010–2015 → 2015–2020,0.897943,0.102057,"curvature, einstein, manifold, metric, ricci_flow, flow, conformal, einstein_metric, kahler, cmc, hler, hler_einstein, kaehler, riemannian, scalar_curvature, hler_ricci, mean_curvature, ricci_soliton","curvature, einstein, manifold, metric, ricci_flow, scalar_curvature, flow, conformal, hler, kahler, einstein_metric, hler_einstein, ricci_curvature, hermitian, para"
math,22,2015–2020,2020–2025,2015–2020 → 2020–2025,0.682734,0.317266,"curvature, einstein, manifold, metric, ricci_flow, scalar_curvature, flow, conformal, hler, kahler, einstein_metric, hler_einstein, ricci_curvature, hermitian, para","conformal, curvature, einstein, manifold, metric, ricci_flow, ricci_curvature, scalar_curvature, hler, einstein_metric, gradient, hler_einstein, ricci_soliton, riemannian_manifold"
math,23,2000–2005,2005–2010,2000–2005 → 2005–2010,0.541385,0.458615,"algebra, lie_superalgebra, lie_algebra, algebras, basis, kostant, osp, presentation, schur, bracket, cal, frak, lie_superalgebras, root, subalgebra, truncated, amitsur_levitzki, annihilation, bar_bar, basic, derivation, lie, matrix, polyvector, superalgebra, uce, universal","algebra, lie_algebra, lie_superalgebra, superalgebra, lie, subalgebra, bracket, derivation, super, superalgebras, supertrace, akivis, bar, bar_bar, bigwedge_bullet, cartan, ceheisceheis, dimensional, form, frak, grozman, ihara, jacobi, mathfrak_mathfrak, module, odd, osp, seaweed, shchepochkina, splint, superdimension"
math,23,2005–2010,2010–2015,2005–2010 → 2010–2015,0.616273,0.383727,"algebra, lie_algebra, lie_superalgebra, superalgebra, lie, subalgebra, bracket, derivation, super, superalgebras, supertrace, akivis, bar, bar_bar, bigwedge_bullet, cartan, ceheisceheis, dimensional, form, frak, grozman, ihara, jacobi, mathfrak_mathfrak, module, odd, osp, seaweed, shchepochkina, splint, superdimension","lie, lie_algebra, lie_superalgebra, superalgebra, algebra, derivation, subalgebra, supergroup, super, chief, brace, cheng, cocycle, dimensional, jacobi, kac_moody, mathbf, maximal, module, multiloop, odd, poincare, superalgebras, superbialgebra"
math,23,2010–2015,2015–2020,2010–2015 → 2015–2020,0.574107,0.425893,"lie, lie_algebra, lie_superalgebra, superalgebra, algebra, derivation, subalgebra, supergroup, super, chief, brace, cheng, cocycle, dimensional, jacobi, kac_moody, mathbf, maximal, module, multiloop, odd, poincare, superalgebras, superbialgebra","algebra, lie, lie_algebra, lie_superalgebra, subalgebra, mathfrak, mathfrak_mathfrak, superalgebra, derivation, oplus, bol_superalgebra, characteristic, chief, mathcal, mathfrak_krv, mathfrak_osp_mathfrak_osp, module, superalgebras, supergroup"
math,23,2015–2020,2020–2025,2015–2020 → 2020–2025,0.749777,0.250223,"algebra, lie, lie_algebra, lie_superalgebra, subalgebra, mathfrak, mathfrak_mathfrak, superalgebra, derivation, oplus, bol_superalgebra, characteristic, chief, mathcal, mathfrak_krv, mathfrak_osp_mathfrak_osp, module, superalgebras, supergroup","algebra, lie_algebra, lie_superalgebra, mathfrak, mathfrak_mathfrak, superalgebra, lie, subalgebra, derivation, lie_superalgebras, comprelie, hom, lie_yamaguti, mathcal, mathfrak_osp_mathfrak_osp, module, operad, pseudoform, superalgebras, supersymmetric"
math,24,2000–2005,2005–2010,2000–2005 → 2005–2010,0.402206,0.597794,"kodaira, projective, dimension, bundle, manifold, fibre, hodge, holomorphic, surface, cohomology, curve, dominable, bold, cic, degeneration, family, fibration, jet, kawamata_viehweg, kbm, linkage, multiplicity, polar, scheme, singularity, smooth, splice, subextremal, vector_bundle","hodge, cohomology, kodaira, manifold, curve, projective, variety, surface, algebraic, fiber, adot, analytique, cic, dimension, divisor, fibration, generic, holomorphic, irreductible, kuga_satake, kummer, milnor_fiber, multiplicity, singularity, smooth, splice, stein, subextremal, transcendental, zariski"
math,24,2005–2010,2010–2015,2005–2010 → 2010–2015,0.662898,0.337102,"hodge, cohomology, kodaira, manifold, curve, projective, variety, surface, algebraic, fiber, adot, analytique, cic, dimension, divisor, fibration, generic, holomorphic, irreductible, kuga_satake, kummer, milnor_fiber, multiplicity, singularity, smooth, splice, stein, subextremal, transcendental, zariski","hodge, manifold, cohomology, holomorphic, singularity, variety, kodaira, projective, bundle, curve, fiber, fibration, hypersurface, adot, class, compact, crossing, levi, mbm, milnor_fiber, morphism, semiregularity, trisymplectic"
math,24,2010–2015,2015–2020,2010–2015 → 2015–2020,0.647124,0.352876,"hodge, manifold, cohomology, holomorphic, singularity, variety, kodaira, projective, bundle, curve, fiber, fibration, hypersurface, adot, class, compact, crossing, levi, mbm, milnor_fiber, morphism, semiregularity, trisymplectic","cohomology, hodge, holomorphic, manifold, bundle, fiber, projective, singularity, variety, dimension, hypersurface, smooth, class, compact, divisor, fibration, fibre, hler, kahler, line_bundle, metric, milnor_fiber"
math,24,2015–2020,2020–2025,2015–2020 → 2020–2025,0.586055,0.413945,"cohomology, hodge, holomorphic, manifold, bundle, fiber, projective, singularity, variety, dimension, hypersurface, smooth, class, compact, divisor, fibration, fibre, hler, kahler, line_bundle, metric, milnor_fiber","hodge, holomorphic, manifold, variety, kodaira, cohomology, hler, curve, projective, singularity, smooth, dimension, fibration, fibre, astheno_hler, fiber, line_bundle, surface, vaisman"
math,25,2000–2005,2005–2010,2000–2005 → 2005–2010,0.477602,0.522398,"geodesic, hyperbolic, metric, valuation, boundary, homology, lamination, manifold, tori, associate, length, surface, teich, teichmueller, core, curvature, curve, gromov, hempel, minima, norm, pant, punctured, rth, teichm_ller_space, teichmuller, tit, torus, weil_petersson","boundary, geodesic, hyperbolic, lamination, surface, teichmuller, thurston, metric, teichm_ller_space, map, siegel, teichmueller, bicycle, curve, cusp, gardiner_masur_boundary, holomorphic, length, ray, rth, weil_petersson"
math,25,2005–2010,2010–2015,2005–2010 → 2010–2015,0.570283,0.429717,"boundary, geodesic, hyperbolic, lamination, surface, teichmuller, thurston, metric, teichm_ller_space, map, siegel, teichmueller, bicycle, curve, cusp, gardiner_masur_boundary, holomorphic, length, ray, rth, weil_petersson","geodesic, hyperbolic, surface, teichm_ller_space, length, metric, lamination, teichmuller, boundary, weil_petersson, fenchel_nielsen, shear, thurston, gardiner_masur_boundary, grafting, quasiconformal, ray, systole, teichm_ller_metric"
math,25,2010–2015,2015–2020,2010–2015 → 2015–2020,0.551018,0.448982,"geodesic, hyperbolic, surface, teichm_ller_space, length, metric, lamination, teichmuller, boundary, weil_petersson, fenchel_nielsen, shear, thurston, gardiner_masur_boundary, grafting, quasiconformal, ray, systole, teichm_ller_metric","boundary, geodesic, hyperbolic, lamination, metric, surface, teichm_ller_space, domain, map, thurston, cardq, convex, length, quasicircle, subset, teichmuller, tube, varphi, visual, volume, weil_petersson"
math,25,2015–2020,2020–2025,2015–2020 → 2020–2025,0.793782,0.206218,"boundary, geodesic, hyperbolic, lamination, metric, surface, teichm_ller_space, domain, map, thurston, cardq, convex, length, quasicircle, subset, teichmuller, tube, varphi, visual, volume, weil_petersson","boundary, geodesic, hyperbolic, metric, surface, thurston, fuchsian, map, teichm_ller_space, convex, distance, domain, lamination, earthquake, flow, function, geod, hybrid, partial_partial, space, subset, teichm_ller_rander"
math,26,2000–2005,2005–2010,2000–2005 → 2005–2010,0.415064,0.584936,"probability, random_walk, random, walk, walker, deviation, displacement, gnrn, lambda, markov_chain, metastable, return, stationary, undecidable, binary, composition, distribution, environment, exit, hankel_determinant, internal_degree_freedom, item, kth, lyapunov, lyopem, matrix, meyn, multiplexed, multiplicative_chaos, rate, removeable, reversible, self_similar, structure, subset, tweedie","random, random_walk, environment, markov_chain, probability, recurrence, chain, chip, composition, edge, gnrn, graph, rotor, self_similar, tree, binary, escape, measure, propp, regeneration, removeable, rotor_router, stationary, structure, subset, tasep, transient, walk"
math,26,2005–2010,2010–2015,2005–2010 → 2010–2015,0.41247,0.58753,"random, random_walk, environment, markov_chain, probability, recurrence, chain, chip, composition, edge, gnrn, graph, rotor, self_similar, tree, binary, escape, measure, propp, regeneration, removeable, rotor_router, stationary, structure, subset, tasep, transient, walk","graph, markov_chain, random, random_walk, probability, distribution, stationary, record, tree, walk, conlon, cutoff, environment, escape, law, machine, markov, mother, permutation, recurrence, recurrent, reversibility, reversible, rotor, schacht, soup, statistic, theorem"
math,26,2010–2015,2015–2020,2010–2015 → 2015–2020,0.778652,0.221348,"graph, markov_chain, random, random_walk, probability, distribution, stationary, record, tree, walk, conlon, cutoff, environment, escape, law, machine, markov, mother, permutation, recurrence, recurrent, reversibility, reversible, rotor, schacht, soup, statistic, theorem","graph, markov_chain, probability, random, random_walk, tree, walk, cutoff, distribution, environment, markov, regenerative, stationary, color, edge, exchangeable, extinction, leap, matrix, meander, reversible, sia, soup, transition, vertex"
math,26,2015–2020,2020–2025,2015–2020 → 2020–2025,0.848859,0.151141,"graph, markov_chain, probability, random, random_walk, tree, walk, cutoff, distribution, environment, markov, regenerative, stationary, color, edge, exchangeable, extinction, leap, matrix, meander, reversible, sia, soup, transition, vertex","graph, markov_chain, probability, random, random_walk, walk, tree, stationary, distribution, mathsf, vertex, edge, environment, expander, fix, meander, rcrs, record, sandpile, selectable, ssm, step"
math,27,2000–2005,2005–2010,2000–2005 → 2005–2010,0.590218,0.409782,"algebra, resolution, cohen_macaulay, module, ideal, kappa, ring, aleph, arithmetic_macaulayfication, buchsbaum, eisenbud, gamma, gorenstein, injective, popescu, rees, scr_scr, spec, symbolic_rees, cardinal_kappa, commutative, dimension, local, mobius, r1mf, wehrung","algebra, gorenstein, module, resolution, ring, cohen_macaulay, category, dimension, local, ideal, injective, noncommutative, biserial, biss_biss, crepant_resolution, ext, frobenius, gfd, gpd, hereditary, lexsegment, nonimmersion, r1mf"
math,27,2005–2010,2010–2015,2005–2010 → 2010–2015,0.660628,0.339372,"algebra, gorenstein, module, resolution, ring, cohen_macaulay, category, dimension, local, ideal, injective, noncommutative, biserial, biss_biss, crepant_resolution, ext, frobenius, gfd, gpd, hereditary, lexsegment, nonimmersion, r1mf","module, ring, gorenstein, resolution, algebra, cohen_macaulay, dimension, ideal, category, injective, projective, rickart, artinian, depth, local, biserial, frobenius, monoid, noncommutative"
math,27,2010–2015,2015–2020,2010–2015 → 2015–2020,0.59746,0.40254,"module, ring, gorenstein, resolution, algebra, cohen_macaulay, dimension, ideal, category, injective, projective, rickart, artinian, depth, local, biserial, frobenius, monoid, noncommutative","cohen_macaulay, dimension, gorenstein, module, ring, algebra, ideal, injective, local, projective, resolution, auslander, category, monoid, operatorname"
math,27,2015–2020,2020–2025,2015–2020 → 2020–2025,0.710367,0.289633,"cohen_macaulay, dimension, gorenstein, module, ring, algebra, ideal, injective, local, projective, resolution, auslander, category, monoid, operatorname","dimension, gorenstein, module, ring, algebra, category, ideal, operatorname, projective, cohen_macaulay, injective, local, mathfrak, resolution, auslander, mathrm, mbox_proj, nil, submodule"
math,28,2000–2005,2005–2010,2000–2005 → 2005–2010,0.157451,0.842549,"combustion, computational, error, numeric, pde, schema, aspect, cavity, coarse, difference, efficiently, fine, finite_element, flow, interpolation, level, mesh, navi_stoke, numerical, practical, resolution, richtmyer, stream, wrong","discretization, numerical, scheme, correction, pde, pressure, cfd, error, viscoplasticity, accuracy, advection, barotropic_compressible, combustion, compressible_barotropic_navier, computational, discrete, finite_element, fluid, incompressibility, lubrication, navier_stoke, numeric, order, particle, practical, richtmyer, sake, schema, stability, stoke, taylor, wrong"
math,28,2005–2010,2010–2015,2005–2010 → 2010–2015,0.507075,0.492925,"discretization, numerical, scheme, correction, pde, pressure, cfd, error, viscoplasticity, accuracy, advection, barotropic_compressible, combustion, compressible_barotropic_navier, computational, discrete, finite_element, fluid, incompressibility, lubrication, navier_stoke, numeric, order, particle, practical, richtmyer, sake, schema, stability, stoke, taylor, wrong","discretization, error, finite_element, numerical, scheme, accuracy, mesh, approximation, discontinuous_galerkin, difference, sbp, convergence, estimate, fluid, galerkin, jet, lubrication, order, particle, shallow_water, stability, stoke, viscoplasticity"
math,28,2010–2015,2015–2020,2010–2015 → 2015–2020,0.805135,0.194865,"discretization, error, finite_element, numerical, scheme, accuracy, mesh, approximation, discontinuous_galerkin, difference, sbp, convergence, estimate, fluid, galerkin, jet, lubrication, order, particle, shallow_water, stability, stoke, viscoplasticity","discretization, error, finite_element, mesh, numerical, order, scheme, accuracy, adaptive, pde, approximation, discontinuous_galerkin, nonlinear, solver"
math,28,2015–2020,2020–2025,2015–2020 → 2020–2025,0.710747,0.289253,"discretization, error, finite_element, mesh, numerical, order, scheme, accuracy, adaptive, pde, approximation, discontinuous_galerkin, nonlinear, solver","accuracy, discretization, error, finite_element, mesh, numerical, order, scheme, adaptive, convergence, pde, discontinuous_galerkin, implicit, shock"
math,29,2000–2005,2005–2010,2000–2005 → 2005–2010,0.332273,0.667727,"integer, power, prime, rieman, dirichlet, sum, modulo, multiplet, pdf, region, arithmetic_progression, calculation, exponential, hypothesis, issai, liminf, log, primality, set, sieve","prime, integer, log, arithmetic_progression, gap, log_log, divisor, frac, function, leq, primality, riemann_hypothesis, robin, sum, bit, derandomization, distribution, equiv_bmod, euler, functional, gallagher, goldston_pintz_yildirim, lcm, lcm_lcm, liminf, loglogx, logx, modulo, power, prod, pseudopower, pseudosquare, rieman, rsa, sieve"
math,29,2005–2010,2010–2015,2005–2010 → 2010–2015,0.604509,0.395491,"prime, integer, log, arithmetic_progression, gap, log_log, divisor, frac, function, leq, primality, riemann_hypothesis, robin, sum, bit, derandomization, distribution, equiv_bmod, euler, functional, gallagher, goldston_pintz_yildirim, lcm, lcm_lcm, liminf, loglogx, logx, modulo, power, prod, pseudopower, pseudosquare, rieman, rsa, sieve","prime, function, frac, integer, log_log, riemann_hypothesis, log, sieve, consecutive, divisor, gallagher, gap, leq, sopfr, sum, 2dt, carmichael, constellation, euler, int, interval, jacobsthal, lfloor, loglogx, logx, rfloor, tfrac, zsigmondy"
math,29,2010–2015,2015–2020,2010–2015 → 2015–2020,0.618441,0.381559,"prime, function, frac, integer, log_log, riemann_hypothesis, log, sieve, consecutive, divisor, gallagher, gap, leq, sopfr, sum, 2dt, carmichael, constellation, euler, int, interval, jacobsthal, lfloor, loglogx, logx, rfloor, tfrac, zsigmondy","frac, function, integer, log, log_log, prime, consecutive, sum, divisor, factor, leq, totient, conjecture, estimate, interval, lfloor, rfloor, right, sidon, wirsing, zsigmondy"
math,29,2015–2020,2020–2025,2015–2020 → 2020–2025,0.583012,0.416988,"frac, function, integer, log, log_log, prime, consecutive, sum, divisor, factor, leq, totient, conjecture, estimate, interval, lfloor, rfloor, right, sidon, wirsing, zsigmondy","function, leq, log, log_log, prime, sum, frac, divisor, factor, integer, right, big, ell, estimate, multiplicative, murty, sieve, sqrt_log"
math,30,2000–2005,2005–2010,2000–2005 → 2005–2010,0.23832,0.76168,"probability, fragmentation, coagulation_fragmentation, coalescent, dirichlet, invariant, law, locus, measure, repetition, transience, aggregation, allele, bertoin, branching, brownian, chain, discretization, marcus_lushnikov, markov_chain, offspring, poisson, population, random_walk, rouault, tree","coalescent, population, tree, fragmentation, branching, random, genealogy, particle, distribution, offspring, allele, brownian, cell, deme, fragment, galton_watson_tree, individual, locus, marcus_lushnikov, markov_chain, migration, mrca, mutation, neutral, parasite, phenotype, probability, rate, speciation"
math,30,2005–2010,2010–2015,2005–2010 → 2010–2015,0.54053,0.45947,"coalescent, population, tree, fragmentation, branching, random, genealogy, particle, distribution, offspring, allele, brownian, cell, deme, fragment, galton_watson_tree, individual, locus, marcus_lushnikov, markov_chain, migration, mrca, mutation, neutral, parasite, phenotype, probability, rate, speciation","branching, individual, population, coalescent, tree, genealogy, particle, distribution, fragmentation, mutation, random, allele, extinction, rate, trait, carrying_capacity, immigration, migration, patch"
math,30,2010–2015,2015–2020,2010–2015 → 2015–2020,0.718823,0.281177,"branching, individual, population, coalescent, tree, genealogy, particle, distribution, fragmentation, mutation, random, allele, extinction, rate, trait, carrying_capacity, immigration, migration, patch","branching, coalescent, distribution, individual, particle, population, tree, random, extinction, fragmentation, mutation, cell, excursion, genealogy, genome, hillslope, size, specie"
math,30,2015–2020,2020–2025,2015–2020 → 2020–2025,0.669753,0.330247,"branching, coalescent, distribution, individual, particle, population, tree, random, extinction, fragmentation, mutation, cell, excursion, genealogy, genome, hillslope, size, specie","branching, distribution, population, tree, mutation, coalescent, particle, random, fitness, individual, offspring, probability, size, ancestral_lineage, child, galton_watson, genetic, selection"
math,31,2000–2005,2005–2010,2000–2005 → 2005–2010,0.367028,0.632972,"equivariant, invariant, tinybbb, arakelov, article, cohomology, encyclopedia, euler_characteristic, finite, gromov_witten, group, hat, lam, mathematical, overview, physic, smallbbb, type, bundle, cal, floer, gallery, gauge, lagrangian, lamg, lefschetz, lescop, lien, manifold, mirror, orbit, ordering, pattern, principle, quantum, quot, symplectic","invariant, group, encyclopedia, equivariant, physic, genus, gromov_witten, operad, orbifold, overview, prop, reflection, anomaly_cancellation, article, cell, chapter, commensurability, correspondence, discriminant, erlangen_program, factorisation, fan, filtration, finite, genera, hochschild, journees, lattice, lien, mathematical, mirror_symmetry, ncp, operator, ring, split, springer, symplectic, toric, twisted, type"
math,31,2005–2010,2010–2015,2005–2010 → 2010–2015,0.599031,0.400969,"invariant, group, encyclopedia, equivariant, physic, genus, gromov_witten, operad, orbifold, overview, prop, reflection, anomaly_cancellation, article, cell, chapter, commensurability, correspondence, discriminant, erlangen_program, factorisation, fan, filtration, finite, genera, hochschild, journees, lattice, lien, mathematical, mirror_symmetry, ncp, operator, ring, split, springer, symplectic, toric, twisted, type","invariant, group, equivariant, toric, gromov_witten, ncp, symplectic, correspondence, discriminant, lattice, mirror, mirror_symmetry, orbifold, reflection, toric_variety, acute, bar, chapter, choreography, conjecture, curve, descendent, factorisation, fan, jacobian, pentagram, polygon, prym, schottky, surface, symmetry"
math,31,2010–2015,2015–2020,2010–2015 → 2015–2020,0.590362,0.409638,"invariant, group, equivariant, toric, gromov_witten, ncp, symplectic, correspondence, discriminant, lattice, mirror, mirror_symmetry, orbifold, reflection, toric_variety, acute, bar, chapter, choreography, conjecture, curve, descendent, factorisation, fan, jacobian, pentagram, polygon, prym, schottky, surface, symmetry","invariant, gromov_witten, group, orbifold, symplectic, dellac_configuration, equivariant, ltimes, mathbb, meridian, mirror, point, toric, welschinger, acute, conjecture, dimap, fjrw, formula, givental, landau_ginzburg, lens, mathbb_mathbb, mathsf, mirror_symmetry, reflection, robinson, seiberg_witten_invariant, specie, species, theory, toric_variety, transfer, variety, vir, zamolodchikov"
math,31,2015–2020,2020–2025,2015–2020 → 2020–2025,0.422159,0.577841,"invariant, gromov_witten, group, orbifold, symplectic, dellac_configuration, equivariant, ltimes, mathbb, meridian, mirror, point, toric, welschinger, acute, conjecture, dimap, fjrw, formula, givental, landau_ginzburg, lens, mathbb_mathbb, mathsf, mirror_symmetry, reflection, robinson, seiberg_witten_invariant, specie, species, theory, toric_variety, transfer, variety, vir, zamolodchikov","equivariant, invariant, symplectic, group, curve, formula, mirror_symmetry, toric, action, conjecture, dimap, mathbb, orbit, variety, arithmetic, filling, function, grid, hessenberg_variety, intersection, ltimes, mirror, mullineux, period, point, surface, tiling, univ"
math,32,2000–2005,2005–2010,2000–2005 → 2005–2010,0.561834,0.438166,"curve, diophantine, ample, division, elliptic_curve, genus, point, abelian_variety, artin_schreier, equiv_pmod, field, gross_kohnen_zagi, hilbert_tenth, integer, pbar, rational, arakelov, arithmetical, backslash, bbb, bbb_bbb, ceiling, conductor, fermat, kappa, maximal, plane, quasihomogeneous, rank, ring, slope, tower, zaidenberg","curve, conjecture, diophantine, elliptic_curve, field, point, rational, abc, integer, prime, quasihomogeneous, rank, abelian_variety, ample, arithmetic, blumenthal, campana, dickson, division, eisenstein, kappa, mordell_lang, preperiodic, pythagorean, pythagorean_triple, siegel, vojta, zaidenberg"
math,32,2005–2010,2010–2015,2005–2010 → 2010–2015,0.69494,0.30506,"curve, conjecture, diophantine, elliptic_curve, field, point, rational, abc, integer, prime, quasihomogeneous, rank, abelian_variety, ample, arithmetic, blumenthal, campana, dickson, division, eisenstein, kappa, mordell_lang, preperiodic, pythagorean, pythagorean_triple, siegel, vojta, zaidenberg","curve, diophantine, point, rational, conjecture, elliptic_curve, field, height, prime, quadratic, integer, degree, equidecomposability, fermat, mathbb_mathbb, overline, preperiodic, pythagorean_triple, vojta"
math,32,2010–2015,2015–2020,2010–2015 → 2015–2020,0.575007,0.424993,"curve, diophantine, point, rational, conjecture, elliptic_curve, field, height, prime, quadratic, integer, degree, equidecomposability, fermat, mathbb_mathbb, overline, preperiodic, pythagorean_triple, vojta","conjecture, curve, elliptic_curve, field, height, point, rational, diophantine, mathbb_mathbb, prime, abc, abelian_variety, helfgott, hurwitz, overline, vojta"
math,32,2015–2020,2020–2025,2015–2020 → 2020–2025,0.668428,0.331572,"conjecture, curve, elliptic_curve, field, height, point, rational, diophantine, mathbb_mathbb, prime, abc, abelian_variety, helfgott, hurwitz, overline, vojta","curve, diophantine, elliptic_curve, field, mathbb_mathbb, point, rational, conjecture, height, mathbb, arithmetic, abc, abelian_variety, chabauty"
math,33,2000–2005,2005–2010,2000–2005 → 2005–2010,0.416821,0.583179,"group, nielsen, abelian, coincidence, complexity, det, dimx, gamma, integer, isometric, manifold, milnor, sided, asdim, asymptotic, bordism, codimension, cyclic, davis, delzant, dimy, estimate, height, hnn_extension, homotopie, infinity, matrix, nonpolycyclic, omega, plo, preimage, quasi, solvable","group, complexity, dimension, finite, subgroup, abelian, allowbreak, center, daugavet, height, linear, milnor, nielsen, representation, solvable, sumset, abscissa, approximate, bockstein, bwr, calz, dim, dimhom, gct1, gower, interpolation, inverse, manifold, matrix, mcg, npdim, plo, rank, sided, strengthening, supercharacter"
math,33,2005–2010,2010–2015,2005–2010 → 2010–2015,0.443266,0.556734,"group, complexity, dimension, finite, subgroup, abelian, allowbreak, center, daugavet, height, linear, milnor, nielsen, representation, solvable, sumset, abscissa, approximate, bockstein, bwr, calz, dim, dimhom, gct1, gower, interpolation, inverse, manifold, matrix, mcg, npdim, plo, rank, sided, strengthening, supercharacter","finite, group, representation, subgroup, space, allowbreak, curvearrowright, daugavet, dimension, hilbert_space, lie_group, matrix, nilspace, odometer, approximate, association_scheme, box, cat_cube, center, code, embeddable, gct1, heisenberg, ind_ind, interpolation, preserver, rank, semigroup, sofic, sumset, unitary"
math,33,2010–2015,2015–2020,2010–2015 → 2015–2020,0.726081,0.273919,"finite, group, representation, subgroup, space, allowbreak, curvearrowright, daugavet, dimension, hilbert_space, lie_group, matrix, nilspace, odometer, approximate, association_scheme, box, cat_cube, center, code, embeddable, gct1, heisenberg, ind_ind, interpolation, preserver, rank, semigroup, sofic, sumset, unitary","finite, group, representation, subgroup, dimension, space, subspace, beidleman, matrix, maxdim, rank, apartment, cayley, code, complexity, curvearrowright, decomposition, ell, extremality, frame, lamplighter, linear, mathbb, minrank, psl, scl, sofic, translate, variety, wavelet"
math,33,2015–2020,2020–2025,2015–2020 → 2020–2025,0.690919,0.309081,"finite, group, representation, subgroup, dimension, space, subspace, beidleman, matrix, maxdim, rank, apartment, cayley, code, complexity, curvearrowright, decomposition, ell, extremality, frame, lamplighter, linear, mathbb, minrank, psl, scl, sofic, translate, variety, wavelet","finite, group, matrix, subgroup, rank, representation, dimension, mathbb_mathbb, lamplighter, nilspace, rdim, sofic, space, alperin_mckay, decomposition, glasner, irreversibility, linear, subrank, subshift, subspace, tensor, wavelet"
math,34,2000–2005,2005–2010,2000–2005 → 2005–2010,0.046683,0.953317,"advantage, ball, copositive, improvement, inhomogeneous, nesterov, objective, quadratic, sdp, superiority","algorithm, matlab_package, sdls, semidefinite, calling, cone, convex, freeware, lmi, matrix, minimization, numerical, package, semidefinite_programming, advantage, ball, commercial, copositive, document, eigenproblem, improvement, inhomogeneous, inverse, nesterov, objective, positive_semidefinite, quadratic, representable, sdp, square, superiority, syntax"
math,34,2005–2010,2010–2015,2005–2010 → 2010–2015,0.323112,0.676888,"algorithm, matlab_package, sdls, semidefinite, calling, cone, convex, freeware, lmi, matrix, minimization, numerical, package, semidefinite_programming, advantage, ball, commercial, copositive, document, eigenproblem, improvement, inhomogeneous, inverse, nesterov, objective, positive_semidefinite, quadratic, representable, sdp, square, superiority, syntax","matrix, minimization, algorithm, cone, convex, optimization, nonconvex, relaxation, semidefinite, constraint, eigenproblem, positive_semidefinite, cpa, feasible, inverse, linear, lmi, numerical, objective, programming, quadratic, sdp, semidefinite_programming, sparsity, spcp"
math,34,2010–2015,2015–2020,2010–2015 → 2015–2020,0.520489,0.479511,"matrix, minimization, algorithm, cone, convex, optimization, nonconvex, relaxation, semidefinite, constraint, eigenproblem, positive_semidefinite, cpa, feasible, inverse, linear, lmi, numerical, objective, programming, quadratic, sdp, semidefinite_programming, sparsity, spcp","algorithm, constraint, convex, optimization, matrix, nonconvex, minimization, relaxation, cone, programming, sdp, admm, feasible, function, objective, optimal, primal_dual, program, quadratic, second_order, semidefinite_programming, sparse"
math,34,2015–2020,2020–2025,2015–2020 → 2020–2025,0.824264,0.175736,"algorithm, constraint, convex, optimization, matrix, nonconvex, minimization, relaxation, cone, programming, sdp, admm, feasible, function, objective, optimal, primal_dual, program, quadratic, second_order, semidefinite_programming, sparse","algorithm, constraint, convex, nonconvex, optimization, cone, function, relaxation, programming, convergence, minimization, primal_dual, quadratic, conic, gradient, linear, matrix, program, sparse"
math,35,2000–2005,2005–2010,2000–2005 → 2005–2010,0.522615,0.477385,"group, cohomology, field, galois, square, coincide, hol_bigoplus, indece, ring, witt, atiyah_patodi_singer, boundary, brasselet, bsl, chapter, character, cohomological, dimension, eta, etale, ext, filtration, gal, holomorph, homotopy, index, module, modulo, reductive, sharp, simplicial, subgroup, torsor, unramified, vee, zeta_function","group, galois, cohomology, pro, completion, extension, field, xgal, character, ext, reductive, subgroup, unramified, vee, artin, bar, comu, ell, ellenberg_venkatesh, hol_bigoplus, kummer, lawson, malcev, malle, module, profinite, ramification, sharp, simeq, steinitz, torsor"
math,35,2005–2010,2010–2015,2005–2010 → 2010–2015,0.576696,0.423304,"group, galois, cohomology, pro, completion, extension, field, xgal, character, ext, reductive, subgroup, unramified, vee, artin, bar, comu, ell, ellenberg_venkatesh, hol_bigoplus, kummer, lawson, malcev, malle, module, profinite, ramification, sharp, simeq, steinitz, torsor","galois, group, cohomology, field, profinite, pro, completion, homotopy, operatorname_gal, representation, spectrum, abelian, absolute_galois, biextension, calf, check, comu, cover, finite, gal, ghost, hdiv, massey_product, metabelian, milnor, procongruence, ring, simeq, teichm_ller, theory, torsor, xgal"
math,35,2010–2015,2015–2020,2010–2015 → 2015–2020,0.470454,0.529546,"galois, group, cohomology, field, profinite, pro, completion, homotopy, operatorname_gal, representation, spectrum, abelian, absolute_galois, biextension, calf, check, comu, cover, finite, gal, ghost, hdiv, massey_product, metabelian, milnor, procongruence, ring, simeq, teichm_ller, theory, torsor, xgal","cohomology, field, galois, group, extension, massey_product, tale, characteristic, conjecture, mathbb, profinite, representation, abelian, bredon, closure, cover, dlog, fundamental, gal, hdiv, infty, kisin, mathbb_mathbb, obstruction, operatorname_gal, rightarrow, ring, rost_nilpotence"
math,35,2015–2020,2020–2025,2015–2020 → 2020–2025,0.797348,0.202652,"cohomology, field, galois, group, extension, massey_product, tale, characteristic, conjecture, mathbb, profinite, representation, abelian, bredon, closure, cover, dlog, fundamental, gal, hdiv, infty, kisin, mathbb_mathbb, obstruction, operatorname_gal, rightarrow, ring, rost_nilpotence","cohomology, field, galois, group, representation, extension, mathbb, mathbb_mathbb, profinite, conjecture, pro, bredon, characteristic, completion, drom, kisin, obstruction, orr, ramification, tilde_tilde, variety, wedge"
math,36,2000–2005,2005–2010,2000–2005 → 2005–2010,0.842184,0.157816,"action, group, hamiltonian, manifold, structure, symplectic, lie_group, invariant, compact, kaehler, orbit, periodic_orbit, calabi, contraction, geodesic, hkt, hofer_zehnder, hyperkaehler, quasifold, quotient","action, group, hamiltonian, invariant, lie_group, manifold, structure, symplectic, compact, space, calabi, homogeneous, lagrangian, orbit, periodic_orbit, reduction"
math,36,2005–2010,2010–2015,2005–2010 → 2010–2015,0.85444,0.14556,"action, group, hamiltonian, invariant, lie_group, manifold, structure, symplectic, compact, space, calabi, homogeneous, lagrangian, orbit, periodic_orbit, reduction","action, group, hamiltonian, lie_group, manifold, space, structure, symplectic, invariant, compact, diffeomorphism, homogeneous, lie_algebra, overrightarrow_overrightarrow, plectic, trajectory"
math,36,2010–2015,2015–2020,2010–2015 → 2015–2020,0.837915,0.162085,"action, group, hamiltonian, lie_group, manifold, space, structure, symplectic, invariant, compact, diffeomorphism, homogeneous, lie_algebra, overrightarrow_overrightarrow, plectic, trajectory","action, group, hamiltonian, invariant, manifold, structure, symplectic, space, lie_group, lagrangian, compact, diffeomorphism, flux, homoclinic, orbit, real, symplectomorphism"
math,36,2015–2020,2020–2025,2015–2020 → 2020–2025,0.882641,0.117359,"action, group, hamiltonian, invariant, manifold, structure, symplectic, space, lie_group, lagrangian, compact, diffeomorphism, flux, homoclinic, orbit, real, symplectomorphism","action, group, hamiltonian, invariant, manifold, symplectic, lie_group, lagrangian, space, structure, orbit, cosymplectic, form, holomorphic, submanifold"
math,37,2000–2005,2005–2010,2000–2005 → 2005–2010,0.719252,0.280748,"cohomology, differential, hodge, manifold, form, structure, frobeniusian, poisson, algebra, algebroid, chapter, character, euler_lagrange, exterior, federer, harm, harmonic, kaehler, kahler, lielie, morse, nijenhuis, nonabelian, novikov, orbifold, polysymplectic, prestack, rham_cohomology, symplectic, variational","cohomology, manifold, structure, differential, form, hodge, poisson, symplectic, algebra, holomorphic, cdv, character, cosymplectic, exterior, federer, formal, frobenius, harm, homology, hypercomplex, kaehler, koszul_brylinski, lawson, mixed, rham, singularity"
math,37,2005–2010,2010–2015,2005–2010 → 2010–2015,0.690522,0.309478,"cohomology, manifold, structure, differential, form, hodge, poisson, symplectic, algebra, holomorphic, cdv, character, cosymplectic, exterior, federer, formal, frobenius, harm, homology, hypercomplex, kaehler, koszul_brylinski, lawson, mixed, rham, singularity","cohomology, form, hodge, manifold, structure, differential, hler, holomorphic, poisson, symplectic, bott_chern, bundle, cohomologie, cosymplectic, deformation, geometry, homogeneity, hypercomplex, isospectral, kaehler, rham, rham_cohomology, widetilde"
math,37,2010–2015,2015–2020,2010–2015 → 2015–2020,0.783389,0.216611,"cohomology, form, hodge, manifold, structure, differential, hler, holomorphic, poisson, symplectic, bott_chern, bundle, cohomologie, cosymplectic, deformation, geometry, homogeneity, hypercomplex, isospectral, kaehler, rham, rham_cohomology, widetilde","cohomology, differential, form, hodge, manifold, structure, bott_chern, hler, poisson, symplectic, deformation, displaystyle, hemi_slant_submanifold, holomorphic, lie_algebroid, multicomplexe, quaternionic, rham, variety"
math,37,2015–2020,2020–2025,2015–2020 → 2020–2025,0.752934,0.247066,"cohomology, differential, form, hodge, manifold, structure, bott_chern, hler, poisson, symplectic, deformation, displaystyle, hemi_slant_submanifold, holomorphic, lie_algebroid, multicomplexe, quaternionic, rham, variety","cohomology, differential, hler, hodge, manifold, structure, form, rham, compact, symplectic, overline_overline, algebra, dolbeault_cohomology, homology, jacobi, mathcal, variation, variety"
math,38,2000–2005,2005–2010,2000–2005 → 2005–2010,0.227755,0.772245,"graph, independent, lawler, set, vertex, chromatic, dom, exact, maximal, tight, algorithm, bipartition, bnm, caro_yuster, color, electronic, ktt, matching, minimum, simplicial, size, subgraph, turan, wedge","edge, graph, vertex, degree, domination, offensive_alliance, tree, bipartite_graph, emph, medskip, subgraph, cal, chi, cost, defensive_alliance, dominating, forall, frac_frac, geq_geq, global, graphical, greedoid, incident, leq, packing, submodular"
math,38,2005–2010,2010–2015,2005–2010 → 2010–2015,0.46195,0.53805,"edge, graph, vertex, degree, domination, offensive_alliance, tree, bipartite_graph, emph, medskip, subgraph, cal, chi, cost, defensive_alliance, dominating, forall, frac_frac, geq_geq, global, graphical, greedoid, incident, leq, packing, submodular","dominating, domination, edge, graph, vertex, minimum, set, leq, degree, maximum, subgraph, bipartite_graph, cal, cost, equiv, frac_frac, ldyn, total, tuple"
math,38,2010–2015,2015–2020,2010–2015 → 2015–2020,0.889698,0.110302,"dominating, domination, edge, graph, vertex, minimum, set, leq, degree, maximum, subgraph, bipartite_graph, cal, cost, equiv, frac_frac, ldyn, total, tuple","dominating, domination, edge, graph, minimum, set, vertex, maximum, total, degree, hypergraph, leq, size"
math,38,2015–2020,2020–2025,2015–2020 → 2020–2025,0.908937,0.091063,"dominating, domination, edge, graph, minimum, set, vertex, maximum, total, degree, hypergraph, leq, size","dominating, domination, edge, graph, maximum, minimum, set, vertex, degree, hypergraph, bipartite_graph, matching, size, subgraph"
math,39,2000–2005,2005–2010,2000–2005 → 2005–2010,0.498013,0.501987,"knot, invariant, diagram, homology, link, polynomial, jones, khovanov, khovanov_homology, quandle, skein, colored_jones, comte, vassiliev, virtual, casson, cocycle, cohomology, colored, crossing, graph, morse, operation, perturbative, pretzel_knot","homology, khovanov_homology, knot, link, graph, invariant, polynomial, virtual, jones, khovanov, diagram, floer_homology, alexander, concordant, homfly, homotopy, ozsvath_szabo, spatial, tangle, vassiliev"
math,39,2005–2010,2010–2015,2005–2010 → 2010–2015,0.782326,0.217674,"homology, khovanov_homology, knot, link, graph, invariant, polynomial, virtual, jones, khovanov, diagram, floer_homology, alexander, concordant, homfly, homotopy, ozsvath_szabo, spatial, tangle, vassiliev","homology, invariant, khovanov_homology, knot, link, polynomial, tangle, virtual, diagram, floer_homology, alexander, graph, birack, concordant, homotopy, kei, khovanov, legendrian, legendrian_knot"
math,39,2010–2015,2015–2020,2010–2015 → 2015–2020,0.664602,0.335398,"homology, invariant, khovanov_homology, knot, link, polynomial, tangle, virtual, diagram, floer_homology, alexander, graph, birack, concordant, homotopy, kei, khovanov, legendrian, legendrian_knot","diagram, homology, invariant, khovanov_homology, knot, link, virtual, tangle, polynomial, homotopy, jones, khovanov, belt, floer_homology, kauffman, plamenevskaya, vietoris_rips"
math,39,2015–2020,2020–2025,2015–2020 → 2020–2025,0.717278,0.282722,"diagram, homology, invariant, khovanov_homology, knot, link, virtual, tangle, polynomial, homotopy, jones, khovanov, belt, floer_homology, kauffman, plamenevskaya, vietoris_rips","homology, invariant, khovanov_homology, knot, link, virtual, diagram, floer_homology, polynomial, tangle, jones, khovanov, instanton, lens, plamenevskaya, surgery, vietoris_rips"
math,40,2000–2005,2005–2010,2000–2005 → 2005–2010,0.58659,0.41341,"contact, manifold, stein, surface, tanaka_webster, tight, crcr, curvature, dehn_filling, signature, structure, whitney, cliff, compact, fillable, filling, handlebodie, horizontal, hyperbolic, lipschitz, map, meromorphic, novikov, omegalt, open_book, plumbing, propre, stein_fillable, submanifold, submersion, sur_des, surgery, symplectic, taube, valeur, weinstein","contact, manifold, surface, open_book, boundary, diffeomorphism, stein, fillable, holomorphic, horizontal, lazarov, oka, surgery, digital, filling, handlebody, heitsch, hyperbolic, lck, morse, plumbing, spinc, stein_fillable, structure, topological, vaisman, veering, weinstein"
math,40,2005–2010,2010–2015,2005–2010 → 2010–2015,0.751505,0.248495,"contact, manifold, surface, open_book, boundary, diffeomorphism, stein, fillable, holomorphic, horizontal, lazarov, oka, surgery, digital, filling, handlebody, heitsch, hyperbolic, lck, morse, plumbing, spinc, stein_fillable, structure, topological, vaisman, veering, weinstein","contact, manifold, surface, diffeomorphism, open_book, stein, morse, structure, boundary, homology, oka, stabilization, stein_filling, topological, alexandrov, contactomorphism, convex, curvature, exotic, foliation, holomorphic, lefschetz_fibration, region, revolution, sasakian, skeletal"
math,40,2010–2015,2015–2020,2010–2015 → 2015–2020,0.728283,0.271717,"contact, manifold, surface, diffeomorphism, open_book, stein, morse, structure, boundary, homology, oka, stabilization, stein_filling, topological, alexandrov, contactomorphism, convex, curvature, exotic, foliation, holomorphic, lefschetz_fibration, region, revolution, sasakian, skeletal","contact, manifold, surface, structure, boundary, stein, filling, stein_filling, diffeomorphism, doodle, metric, open_book, reeb, bordism, contactomorphism, flow, legendrian, mean_curvature, morse, region, skeletal, submanifold, surgery, symplectic, tight, trisection"
math,40,2015–2020,2020–2025,2015–2020 → 2020–2025,0.761072,0.238928,"contact, manifold, surface, structure, boundary, stein, filling, stein_filling, diffeomorphism, doodle, metric, open_book, reeb, bordism, contactomorphism, flow, legendrian, mean_curvature, morse, region, skeletal, submanifold, surgery, symplectic, tight, trisection","contact, filling, manifold, structure, surface, reeb, boundary, stein, diffeomorphism, metric, open_book, symplectic, tight, dilation, girl, knot, legendrian, pin, surgery"
math,41,2000–2005,2005–2010,2000–2005 → 2005–2010,0.33878,0.66122,"brownian_web, arratia, brownian_motion, point, stochastic, werner, girsanov, markov, martingale, random_variable, random_walk, act, appropriate, averaging, controllability, convergence, dirichlet, fbw, frequency, fsde, ginzburg, intensity, invariant, malliavin_calculus, measure, path, pde, random, scale, skorohod, space, uniqueness","martingale, stochastic, brownian_motion, markov, measure, brownian_web, continuous, semimartingale, conditional_expectation, convergence, diffusion, predictor, random_variable, additive, bmo, bsde, depletion, expectation, fbw, filtration, fsde, girsanov, int, probability, risk, sde, skorohod, stackrel, superprocess"
math,41,2005–2010,2010–2015,2005–2010 → 2010–2015,0.535525,0.464475,"martingale, stochastic, brownian_motion, markov, measure, brownian_web, continuous, semimartingale, conditional_expectation, convergence, diffusion, predictor, random_variable, additive, bmo, bsde, depletion, expectation, fbw, filtration, fsde, girsanov, int, probability, risk, sde, skorohod, stackrel, superprocess","brownian_motion, martingale, measure, semimartingale, stochastic, filtration, diffusion, continuous, jump, random, sde, approximation, arbitrage, bsde, compensator, harness, lambda_coalescent, markov, optimal_stopping, predictor, risk"
math,41,2010–2015,2015–2020,2010–2015 → 2015–2020,0.785943,0.214057,"brownian_motion, martingale, measure, semimartingale, stochastic, filtration, diffusion, continuous, jump, random, sde, approximation, arbitrage, bsde, compensator, harness, lambda_coalescent, markov, optimal_stopping, predictor, risk","brownian_motion, martingale, measure, stochastic, probability, markov, sde, diffusion, jump, random, filtration, optimal_stopping, supermartingale, arbitrage, banach_space, bsde, continuous, coupling, marginal, semimartingale, superprocesse"
math,41,2015–2020,2020–2025,2015–2020 → 2020–2025,0.855408,0.144592,"brownian_motion, martingale, measure, stochastic, probability, markov, sde, diffusion, jump, random, filtration, optimal_stopping, supermartingale, arbitrage, banach_space, bsde, continuous, coupling, marginal, semimartingale, superprocesse","brownian_motion, martingale, measure, sde, stochastic, markov, probability, random, diffusion, continuous, jump, semimartingale, convergence, noise, optimal_stopping, predictable, psit, risk, superprocesse"
math,42,2000–2005,2005–2010,2000–2005 → 2005–2010,0.363146,0.636854,"zeta, zeta_function, ohno, riemann_zeta, clausen, function, hasse_weil, hep, integer, nous, numeric, polynome, relation, sum, apery, arakelov, associee, barne, bernoulli, binomial, changhee, cond, drinfeld_associator, entier, euler_characteristic, feynman_diagram, golden_ratio, hep_hep, math, negatifs, polylogarithm, polynomial, qsym, quantum, rivoal, sixth_root_unity, valeur","polynomial, zeta, zeta_function, euler, genocchi, bernoulli, function, sum, berndt, formula, apery, barne, cangul, cell, changhee, harmonic_oscillator, hurwitz, integer, integral, logarithm, lorenz, ozden, polyzeta, riemann_zeta, shuffle, simsek, twisted, wakayama, weng, wolstenholme"
math,42,2005–2010,2010–2015,2005–2010 → 2010–2015,0.553957,0.446043,"polynomial, zeta, zeta_function, euler, genocchi, bernoulli, function, sum, berndt, formula, apery, barne, cangul, cell, changhee, harmonic_oscillator, hurwitz, integer, integral, logarithm, lorenz, ozden, polyzeta, riemann_zeta, shuffle, simsek, twisted, wakayama, weng, wolstenholme","function, zeta, zeta_function, genocchi, polynomial, euler, multizeta, relation, sum, alpha, field, identity, multitangent, shuffle, cimmino, cyclotomic, double, formula, hurwitz, lorenz, mdfs, moment, newman, polylogarithm, polyzeta, riemann_zeta"
math,42,2010–2015,2015–2020,2010–2015 → 2015–2020,0.614032,0.385968,"function, zeta, zeta_function, genocchi, polynomial, euler, multizeta, relation, sum, alpha, field, identity, multitangent, shuffle, cimmino, cyclotomic, double, formula, hurwitz, lorenz, mdfs, moment, newman, polylogarithm, polyzeta, riemann_zeta","function, sum, zeta, zeta_function, formula, relation, field, multizeta, shuffle, conjecture, double, mathbb_mathbb, prime, depth, eisenstein_series, house_house, insertion, motivic, multitangent, odd, poly_bernoulli, rational, stieltjes"
math,42,2015–2020,2020–2025,2015–2020 → 2020–2025,0.63833,0.36167,"function, sum, zeta, zeta_function, formula, relation, field, multizeta, shuffle, conjecture, double, mathbb_mathbb, prime, depth, eisenstein_series, house_house, insertion, motivic, multitangent, odd, poly_bernoulli, rational, stieltjes","formula, function, sum, zeta, zeta_function, field, shuffle, mathbb_mathbb, relation, dedekind_zeta, hurwitz_zeta, schur, adic, big, cyclotomic, eisenstein_series, odd, operatorname, pgl, prime, rational, series"
math,43,2000–2005,2005–2010,2000–2005 → 2005–2010,0.326313,0.673687,"group, cup, combable, abelian, finite, flag, grothendieck, ind, indecomposable, lueck, mathcal, mathcal_mathcal, subgroup, wiegand, andrew_curtis, artin, betti, blackadar, cap, cfl, conjugacy, crystallographic, cyclic, double_coset, gaboriau, gamma, holonomy, length, nonrecognizable, object, pgl_pgl, projective, recognizable, subhomogeneous, subseteq, tit, translation, unsolvable, von_neumann_regular","finite, group, subgroup, free, abelian, element, infinite, finitary, profinite, center, circuit, coxeter, deficiency, dimension, evc, factorisation, flag, gamma, generator, ind, indecomposable, krull, membership, nonrecognizable, nonsolvable, pgl_pgl, presentation, recognizable, subdegree, suborbit, sym_sym, thompson_higman, true_prosoluble, unital"
math,43,2005–2010,2010–2015,2005–2010 → 2010–2015,0.660073,0.339927,"finite, group, subgroup, free, abelian, element, infinite, finitary, profinite, center, circuit, coxeter, deficiency, dimension, evc, factorisation, flag, gamma, generator, ind, indecomposable, krull, membership, nonrecognizable, nonsolvable, pgl_pgl, presentation, recognizable, subdegree, suborbit, sym_sym, thompson_higman, true_prosoluble, unital","finite, free, group, subgroup, abelian, arrangement, definable, unital, deficiency, evc, gam_gam, infinite, pro, algebra, amenable, interchange, minimal, nonsolvable, presentation, profinite, qaut, reflection, supersolvable, unit, word"
math,43,2010–2015,2015–2020,2010–2015 → 2015–2020,0.568042,0.431958,"finite, free, group, subgroup, abelian, arrangement, definable, unital, deficiency, evc, gam_gam, infinite, pro, algebra, amenable, interchange, minimal, nonsolvable, presentation, profinite, qaut, reflection, supersolvable, unit, word","abelian, finite, free, group, subgroup, pro, word, algebra, element, mathcal_mathcal, presentation, amenable, arrangement, countable, equiv, graph, infinite, krull_monoid, metacirculant, minimal, procyclic, quasirandom, stackable"
math,43,2015–2020,2020–2025,2015–2020 → 2020–2025,0.693521,0.306479,"abelian, finite, free, group, subgroup, pro, word, algebra, element, mathcal_mathcal, presentation, amenable, arrangement, countable, equiv, graph, infinite, krull_monoid, metacirculant, minimal, procyclic, quasirandom, stackable","abelian, finite, group, mathcal_mathcal, subgroup, definable, profinite, element, mathbb, mathrm, pro, algebra, brick, free, fusion, graph, mathbb_mathbb, mathcal, maximal, minimal, prime, psl_mathbb, quandle, word"
math,44,2000–2005,2005–2010,2000–2005 → 2005–2010,0.593359,0.406641,"algebra, lie_algebra, associative, lie_rinehart, bialgebra, exterior, jacobi, rinehart, batalin_vilkovisky_algebra, batalin_vilkovisky_algebras, coassociative, gel_fand_dorfman_bialgebra, gerstenhaber, algebras, associative_dialgebra, bimeasuring, construction, cooperad, gauging, gerstenhaber_bracket, homology, leibniz, lie, linear, liu, neutrosophic, novikov, operad, quadri, renormalisation, smarandache, triple","algebra, lie_algebra, leibniz, associative, bialgebra, lie, ary, category, digroup, hom, neutrosophic, algebras, bracket, cardy, coalgebra, coquecigrue, engel, filiform_leibniz, linear, liu, nambu, nomial, rack, scr_scr, smarandache, structure, subalgebra, supplement, sym, ternary, triple"
math,44,2005–2010,2010–2015,2005–2010 → 2010–2015,0.69722,0.30278,"algebra, lie_algebra, leibniz, associative, bialgebra, lie, ary, category, digroup, hom, neutrosophic, algebras, bracket, cardy, coalgebra, coquecigrue, engel, filiform_leibniz, linear, liu, nambu, nomial, rack, scr_scr, smarandache, structure, subalgebra, supplement, sym, ternary, triple","algebra, lie_algebra, algebras, leibniz, lie, category, derivation, subalgebra, ary, associative, automorphism, awb_awb, bialgebra, center, coalgebra, cohomological, hom, hopf_polyad, integration, koszul, leftharpoonup, lie_group, mathbb, mathfrak_mathfrak, multilinear, nambu, ngf, nomial, overview, polyad, product, rightharpoonup, supplement, triangleright_triangleleft, widetilde"
math,44,2010–2015,2015–2020,2010–2015 → 2015–2020,0.703084,0.296916,"algebra, lie_algebra, algebras, leibniz, lie, category, derivation, subalgebra, ary, associative, automorphism, awb_awb, bialgebra, center, coalgebra, cohomological, hom, hopf_polyad, integration, koszul, leftharpoonup, lie_group, mathbb, mathfrak_mathfrak, multilinear, nambu, ngf, nomial, overview, polyad, product, rightharpoonup, supplement, triangleright_triangleleft, widetilde","algebra, leibniz, lie_algebra, algebras, bialgebra, lie, category, mathfrak, associative, color, mathfrak_mathfrak, bihom, bullet, cdot_cdot, center, courant, dotsc, hom, hopf_polyad, mathfrak_mathfrak_mathfrak_mathfrak, module, operad, poisson_bracket, polyad, ternary, underline_rep"
math,44,2015–2020,2020–2025,2015–2020 → 2020–2025,0.816998,0.183002,"algebra, leibniz, lie_algebra, algebras, bialgebra, lie, category, mathfrak, associative, color, mathfrak_mathfrak, bihom, bullet, cdot_cdot, center, courant, dotsc, hom, hopf_polyad, mathfrak_mathfrak_mathfrak_mathfrak, module, operad, poisson_bracket, polyad, ternary, underline_rep","algebra, leibniz, lie_algebra, algebras, associative, bialgebra, lie_rinehart, category, hom, lie, mathfrak_mathfrak, module, ternary, bifold, bihom, cohomology, compatible, lieder, mathfrak, rota_baxter_operator, subalgebra"
math,45,2005–2010,2010–2015,2005–2010 → 2010–2015,0.617957,0.382043,"algorithm, gradient, stochastic, agent, convergence, convex, error, incremental, network, objective, optimal, optimization, rate, sub, subgradient, sure, update","algorithm, convex, gradient, objective, optimization, stochastic, regression, optimal, convergence, update, estimator, function, proximal, cox, rate, smooth"
math,45,2010–2015,2015–2020,2010–2015 → 2015–2020,0.71089,0.28911,"algorithm, convex, gradient, objective, optimization, stochastic, regression, optimal, convergence, update, estimator, function, proximal, cox, rate, smooth","algorithm, convergence, convex, function, gradient, optimization, proximal, stochastic, objective, nonconvex, convergence_rate, regression, smooth"
math,45,2015–2020,2020–2025,2015–2020 → 2020–2025,0.942484,0.057516,"algorithm, convergence, convex, function, gradient, optimization, proximal, stochastic, objective, nonconvex, convergence_rate, regression, smooth","algorithm, convergence, convex, function, gradient, nonconvex, optimization, stochastic, objective, proximal, complexity, convergence_rate"
math,46,2000–2005,2005–2010,2000–2005 → 2005–2010,0.231384,0.768616,"boltzmann, decay, density, diffusion, equilibrium, heat_conduction, landau, maxwellian, medium, nabla, nonequilibrium_statistical_mechanic, norm, partial_differential, qquad, regularity, sqrt2, stochastic, thermal, velocity, wave","diffusion, velocity, bifurcation, density, initial_datum, markovian, petrovskii, regularity, spde, stochastic, supercritical, asymptotic, boltzmann, burger, conservation_law, convergence, criticality, decay, diekmann, dislocation, dispersion, energy, global, hamilton_jacobi, initial, kaper, kinetic, landau, maxwellian, nabla, nonlinear, parabolic, potential, qquad, reaction_diffusion, schonbek, semiflow, soffer, sqrt2, step, stochastic_cahn_hilliard, velo, wave, wavefront"
math,46,2005–2010,2010–2015,2005–2010 → 2010–2015,0.339149,0.660851,"diffusion, velocity, bifurcation, density, initial_datum, markovian, petrovskii, regularity, spde, stochastic, supercritical, asymptotic, boltzmann, burger, conservation_law, convergence, criticality, decay, diekmann, dislocation, dispersion, energy, global, hamilton_jacobi, initial, kaper, kinetic, landau, maxwellian, nabla, nonlinear, parabolic, potential, qquad, reaction_diffusion, schonbek, semiflow, soffer, sqrt2, step, stochastic_cahn_hilliard, velo, wave, wavefront","diffusion, nonlinear, nonlocal, parabolic, stochastic, gradient, kinetic, diekmann, heat, initial_datum, kaper, mass, partial_partial, wavefront, asymptotic, critical, dissipation, evolution, hamilton_jacobi, lim_infty, nonconservative, porous_medium, reaction_diffusion, regularity, ren, self_similar, step, supercritical, transition, wave"
math,46,2010–2015,2015–2020,2010–2015 → 2015–2020,0.621179,0.378821,"diffusion, nonlinear, nonlocal, parabolic, stochastic, gradient, kinetic, diekmann, heat, initial_datum, kaper, mass, partial_partial, wavefront, asymptotic, critical, dissipation, evolution, hamilton_jacobi, lim_infty, nonconservative, porous_medium, reaction_diffusion, regularity, ren, self_similar, step, supercritical, transition, wave","diffusion, nonlocal, regularity, stochastic, parabolic, nonlinear, estimate, evolution, initial_datum, operator, reaction_diffusion, energy, existence, global, convergence, heat, lim_infty, spde, transition, wave"
math,46,2015–2020,2020–2025,2015–2020 → 2020–2025,0.647092,0.352908,"diffusion, nonlocal, regularity, stochastic, parabolic, nonlinear, estimate, evolution, initial_datum, operator, reaction_diffusion, energy, existence, global, convergence, heat, lim_infty, spde, transition, wave","diffusion, initial_datum, nonlocal, reaction_diffusion, regularity, stochastic, energy, nonlinear, wave, noise, pde, posedness, drift, existence, global, reaction, speed"
math,47,2000–2005,2005–2010,2000–2005 → 2005–2010,0.612397,0.387603,"function, integral, askey_wilson, polynomial, hypergeometric, analytical, biorthogonal, coherent, coleman, segal_bargmann, transformation, beta, clifford, course, diejen, dirac, fouri, gauss_hypergeometric, gegenbauer, hecke, neq, orthogonality, pseudoanalytic, residue, self_similar, series, stieltjes, summation, symmetric, transform, ultrafunctional, ultraspherical, variable, vekua, zero","function, integral, hypergeometric, expansion, transformation, polynomial, pseudoanalytic, dirac, gauss_hypergeometric, sfrac12_sfrac12, abel_plana, balasubramanian_heath_brown_ivic, beta, biorthogonal, catalan_larcombe_french, diejen, elliptic, epsilon_epsilon, feynman_diagram, fff, hermite, hypergeometric_series, integral_gradshteyn_ryzhik, jacob_ladder, lindel, matricial, partial_partial, pseudopotential, schafheitlin, series, summation, variable, vekua"
math,47,2005–2010,2010–2015,2005–2010 → 2010–2015,0.62915,0.37085,"function, integral, hypergeometric, expansion, transformation, polynomial, pseudoanalytic, dirac, gauss_hypergeometric, sfrac12_sfrac12, abel_plana, balasubramanian_heath_brown_ivic, beta, biorthogonal, catalan_larcombe_french, diejen, elliptic, epsilon_epsilon, feynman_diagram, fff, hermite, hypergeometric_series, integral_gradshteyn_ryzhik, jacob_ladder, lindel, matricial, partial_partial, pseudopotential, schafheitlin, series, summation, variable, vekua","function, hypergeometric, integral, series, polynomial, bessel, expansion, hermite, elliptic, heun, jacob_ladder, zero, askey_wilson, asymptotic_expansion, balasubramanian_heath_brown_ivic, beta, biorthogonal, cms, formula, gamma, gevrey, integral_gradshteyn_ryzhik, laguerre, partial_partial, ramanujan, schafheitlin, taylor_expansion, transform"
math,47,2010–2015,2015–2020,2010–2015 → 2015–2020,0.485833,0.514167,"function, hypergeometric, integral, series, polynomial, bessel, expansion, hermite, elliptic, heun, jacob_ladder, zero, askey_wilson, asymptotic_expansion, balasubramanian_heath_brown_ivic, beta, biorthogonal, cms, formula, gamma, gevrey, integral_gradshteyn_ryzhik, laguerre, partial_partial, ramanujan, schafheitlin, taylor_expansion, transform","bessel, expansion, function, hypergeometric, integral, series, asymptotic_expansion, term, beta, confluent_hypergeometric, formula, int, polynomial, type, carlitz, gamma, heun, hypergeometric_series, laguerre, right, transform"
math,47,2015–2020,2020–2025,2015–2020 → 2020–2025,0.73021,0.26979,"bessel, expansion, function, hypergeometric, integral, series, asymptotic_expansion, term, beta, confluent_hypergeometric, formula, int, polynomial, type, carlitz, gamma, heun, hypergeometric_series, laguerre, right, transform","bessel, formula, function, hypergeometric, integral, hypergeometric_series, polynomial, series, expansion, beta, gamma, asymptotic_expansion, confluent_hypergeometric, generating_function, hermite, laguerre, minda, orthogonal, type"
math,48,2000–2005,2005–2010,2000–2005 → 2005–2010,0.376333,0.623667,"koszul, algebra, ideal, kos, ring, bigcap_ker, bigraded, resolution, acyclic, algebras, artinian, cohen_macaulay, module, otimes, annihilator, arithmetic_macaulayfication, biliaison, degree, divisorial, gin, hilbert_kunz, postnikov_shapiro, proj, rao, sancho, semicanonical_basis, signature, syzygy, test","ideal, module, ring, algebra, artinian, koszul, beg, characteristic, cohen_macaulay, hilbert, algorithmic_equiresolution, artinian_gorenstein, border, galois, gorenstein, groebner_basis, levalg, level, lex, licci, qgr, resolution, scaffold, schmitt, semicanonical_basis, spec, syzygy, torsion, unprojection, vogel"
math,48,2005–2010,2010–2015,2005–2010 → 2010–2015,0.594968,0.405032,"ideal, module, ring, algebra, artinian, koszul, beg, characteristic, cohen_macaulay, hilbert, algorithmic_equiresolution, artinian_gorenstein, border, galois, gorenstein, groebner_basis, levalg, level, lex, licci, qgr, resolution, scaffold, schmitt, semicanonical_basis, spec, syzygy, torsion, unprojection, vogel","algebra, ideal, ring, module, koszul, algebras, characteristic, gorenstein, socle, syzygy, hbox, hilbert, mathfrak, algorithmic_equiresolution, ann, artinian, beg, field, mathfrak_mathfrak, oebner, polymatroidal_ideal, property, resolution, soc, unprojection"
math,48,2010–2015,2015–2020,2010–2015 → 2015–2020,0.787533,0.212467,"algebra, ideal, ring, module, koszul, algebras, characteristic, gorenstein, socle, syzygy, hbox, hilbert, mathfrak, algorithmic_equiresolution, ann, artinian, beg, field, mathfrak_mathfrak, oebner, polymatroidal_ideal, property, resolution, soc, unprojection","algebra, ideal, ring, koszul, module, hilbert, lefschetz, mathcal_mathcal, hbox, mathfrak, mathfrak_mathfrak, polymatroidal_ideal, syzygy, algebras, ann, ast_ast, field, gorenstein, mathbb, mathbb_mathbb, mathrm, operatorname, pbw, resolution, soc, socle, tor"
math,48,2015–2020,2020–2025,2015–2020 → 2020–2025,0.709062,0.290938,"algebra, ideal, ring, koszul, module, hilbert, lefschetz, mathcal_mathcal, hbox, mathfrak, mathfrak_mathfrak, polymatroidal_ideal, syzygy, algebras, ann, ast_ast, field, gorenstein, mathbb, mathbb_mathbb, mathrm, operatorname, pbw, resolution, soc, socle, tor","algebra, ideal, koszul, module, ring, gorenstein, hilbert, bner_basis, codimension, ree, basis, castelnuovo_mumford_regularity, characteristic, degree, kapustka, mathcal, mathcal_mathcal, mathfrak, mathfrak_mathfrak, multiplicity, reg, resolution, semigroup, skew_brace, syzygy, underline"
math,49,2000–2005,2005–2010,2000–2005 → 2005–2010,0.375082,0.624918,"cohomology, vector_bundle, category, moduli_space, orbifold, bundle, flop, modulus_space, birational, curve, holomorphic, sheaf, szeg, torsion, vafa_witten, characteristic, fouri_mukai, frobenius, noncommutative, perverse, quadric, stable, stratified, surface, theta, transformation, twisted","category, modulus_space, sheaf, vector_bundle, bundle, curve, stable, bbb, cohomology, surface, twisted, bar, bicategory, bkrh, cat_gorie, coherent_sheaf, donaldson_thomas, invariant, kempf, mathfrak, moduli_space, perv, quadric, scheme, simpson, stack, topos, variety"
math,49,2005–2010,2010–2015,2005–2010 → 2010–2015,0.749194,0.250806,"category, modulus_space, sheaf, vector_bundle, bundle, curve, stable, bbb, cohomology, surface, twisted, bar, bicategory, bkrh, cat_gorie, coherent_sheaf, donaldson_thomas, invariant, kempf, mathfrak, moduli_space, perv, quadric, scheme, simpson, stack, topos, variety","category, modulus_space, sheaf, stable, bundle, projective, vector_bundle, moduli_space, quiver, scheme, bicategory, curve, donaldson_thomas, equivariant, hilbert, modulus, perv, simpson, space, surface, theory, topos"
math,49,2010–2015,2015–2020,2010–2015 → 2015–2020,0.792483,0.207517,"category, modulus_space, sheaf, stable, bundle, projective, vector_bundle, moduli_space, quiver, scheme, bicategory, curve, donaldson_thomas, equivariant, hilbert, modulus, perv, simpson, space, surface, theory, topos","category, modulus_space, sheaf, bundle, projective, vector_bundle, curve, mathcal_mathcal, rank, scheme, stable, surface, mathcal, moduli_space, cohomology, flag_bott_samelson, mathbb_mathbb, quiver, semiorthogonal_decomposition, stratifold, theory"
math,49,2015–2020,2020–2025,2015–2020 → 2020–2025,0.724448,0.275552,"category, modulus_space, sheaf, bundle, projective, vector_bundle, curve, mathcal_mathcal, rank, scheme, stable, surface, mathcal, moduli_space, cohomology, flag_bott_samelson, mathbb_mathbb, quiver, semiorthogonal_decomposition, stratifold, theory","bundle, category, modulus_space, sheaf, vector_bundle, projective, rank, curve, surface, stable, mathcal, stack, flag_bott_samelson, mathcal_mathcal, mdm, semiorthogonal_decomposition, smooth"
math,50,2000–2005,2005–2010,2000–2005 → 2005–2010,0.461544,0.538456,"geodesic, surface, manifold, minimal, boundary, metric, area, configuration, coordinate, disk, immersion, intersection, riemannian_metric, short, atla, complete, genus, geometry, horoball, hyperbolic, inequality, mean_curvature, noid, paraboloid, partition_unity, plateau, polygon, siegel, soap_film, subordinate, volume","minimal, surface, manifold, volume, area, end, riemannian_manifold, bonahon, boundary, curve, flat, hyperbolic, mean_curvature, ric, apparent_horizon, complete, curvature, gauss, geodesic, gric, inequality, menger, metric, minkowski, nonperiodic, plateau, setminus_setminus, space, submanifold"
math,50,2005–2010,2010–2015,2005–2010 → 2010–2015,0.513727,0.486273,"minimal, surface, manifold, volume, area, end, riemannian_manifold, bonahon, boundary, curve, flat, hyperbolic, mean_curvature, ric, apparent_horizon, complete, curvature, gauss, geodesic, gric, inequality, menger, metric, minkowski, nonperiodic, plateau, setminus_setminus, space, submanifold","area, minimal, space, surface, curve, manifold, submanifold, boundary, riemannian_manifold, set, volume, complete, curvature, euclidean, geodesic, hyperbolic, lamination, length, mean_curvature, mediatrice, minkowski, plane, plateau, reifenberg, ricci_curvature, spine, theorem, wintgen"
math,50,2010–2015,2015–2020,2010–2015 → 2015–2020,0.709911,0.290089,"area, minimal, space, surface, curve, manifold, submanifold, boundary, riemannian_manifold, set, volume, complete, curvature, euclidean, geodesic, hyperbolic, lamination, length, mean_curvature, mediatrice, minkowski, plane, plateau, reifenberg, ricci_curvature, spine, theorem, wintgen","area, curve, minimal, surface, boundary, curvature, hypersurface, manifold, space, geodesic, mean_curvature, metric, euclidean, length, minimizer, perimeter, spine, submanifold, volume"
math,50,2015–2020,2020–2025,2015–2020 → 2020–2025,0.748242,0.251758,"area, curve, minimal, surface, boundary, curvature, hypersurface, manifold, space, geodesic, mean_curvature, metric, euclidean, length, minimizer, perimeter, spine, submanifold, volume","area, boundary, curvature, curve, minimal, surface, plateau, hypersurface, metric, space, geodesic, disk, isoperimetric, manifold, mean_curvature, minimizer, perimeter, set"
math,51,2005–2010,2010–2015,2005–2010 → 2010–2015,0.192175,0.807825,"likelihood, lla, noise, regularization, adaptive, needlet, penalty, procedure, svd, bregman, concave, convergence, density, dimensionality, estimation, estimator, multiplicative_noise, nonconcave, optimal, oracle, payment, qualification, restoration, risk, tau, unknown, wavelet","regularization, algorithm, ill, inverse, qualification, convergence, convergence_rate, likelihood, nonconvex, penalty, rule, statistical, stopping, tikhonov_regularization, backward, bregman, composite, goodness_fit_testing, hilbert_space, levenberg_marquardt, lla, minimax, mirror_prox, noise, optimal, oracle, recovery, risk, signal, smp, stochastic"
math,51,2010–2015,2015–2020,2010–2015 → 2015–2020,0.521199,0.478801,"regularization, algorithm, ill, inverse, qualification, convergence, convergence_rate, likelihood, nonconvex, penalty, rule, statistical, stopping, tikhonov_regularization, backward, bregman, composite, goodness_fit_testing, hilbert_space, levenberg_marquardt, lla, minimax, mirror_prox, noise, optimal, oracle, recovery, risk, signal, smp, stochastic","algorithm, inverse, regularization, convex, optimization, convergence, ill, reconstruction, backward, convergence_rate, error, estimator, likelihood, operator, source, stochastic, goodness_fit_testing, gradient, langevin, minimax, nonconvex, posterior, prior, risk, textsf_irpn"
math,51,2015–2020,2020–2025,2015–2020 → 2020–2025,0.633618,0.366382,"algorithm, inverse, regularization, convex, optimization, convergence, ill, reconstruction, backward, convergence_rate, error, estimator, likelihood, operator, source, stochastic, goodness_fit_testing, gradient, langevin, minimax, nonconvex, posterior, prior, risk, textsf_irpn","algorithm, convergence, gradient, inverse, optimization, regularization, convex, noise, stochastic, datum, estimation, nonlinear, operator, reconstruction, distribution, error, gradient_descent, langevin, proximal"
math,52,2000–2005,2005–2010,2000–2005 → 2005–2010,0.426534,0.573466,"queue, customer, deviation, distribution, draief, ergodic, gnedenko, heavy, logconvex, markov_chain, maximum, nonhomogeneous, nonhomogenuity, sample, service, service_discipline, sojourn, srpt, store","distribution, queue, ergodic, markov_chain, random, renewal, garch, heavy, polling, sample, service, srpt, station, asymptotic, capacity, company, customer, deviation, draief, estimator, failure, impatience, mixing, moment, monomer, probability, processor_sharing, rate, rouse, server, server_queue, sim_sim, sojourn, store, tagged"
math,52,2005–2010,2010–2015,2005–2010 → 2010–2015,0.646827,0.353173,"distribution, queue, ergodic, markov_chain, random, renewal, garch, heavy, polling, sample, service, srpt, station, asymptotic, capacity, company, customer, deviation, draief, estimator, failure, impatience, mixing, moment, monomer, probability, processor_sharing, rate, rouse, server, server_queue, sim_sim, sojourn, store, tagged","distribution, queue, markov_chain, renewal, service, arrival, customer, levy, probability, random, rate, server, station, stochastic, diffusion, heavy, heavy_traffic, hl13, metropolis_hasting, polling, population, stationary"
math,52,2010–2015,2015–2020,2010–2015 → 2015–2020,0.633232,0.366768,"distribution, queue, markov_chain, renewal, service, arrival, customer, levy, probability, random, rate, server, station, stochastic, diffusion, heavy, heavy_traffic, hl13, metropolis_hasting, polling, population, stationary","arrival, distribution, markov_chain, queue, service, markov, rate, customer, renewal, server, stationary, asymptotic, batch_sojourn, diffusion, heavy_traffic, random, regime, tail"
math,52,2015–2020,2020–2025,2015–2020 → 2020–2025,0.630179,0.369821,"arrival, distribution, markov_chain, queue, service, markov, rate, customer, renewal, server, stationary, asymptotic, batch_sojourn, diffusion, heavy_traffic, random, regime, tail","distribution, markov, markov_chain, queue, renewal, service, arrival, rate, stationary, occupation, probability, stochastic, batch, catastrophe, diffusion, random, resetting, station, sticky"
math,53,2000–2005,2005–2010,2000–2005 → 2005–2010,0.311367,0.688633,"erdo_rado, set, subgraph, vertex, graph, holroyd, independence, johnson, kneser, schrijver, bounded, claw_free, collection, degree, independent, multigraph","graph, vertex, chromatic, edge, subgraph, clique, coloring, minor, set, degree, extendable, leaf, maximum, babson_kozlov, bounded, cchi_cchi, claw_free, color, colouring, cyc, erdo_rado, independence, independent, mcc, perfect_phylogeny, width"
math,53,2005–2010,2010–2015,2005–2010 → 2010–2015,0.610475,0.389525,"graph, vertex, chromatic, edge, subgraph, clique, coloring, minor, set, degree, extendable, leaf, maximum, babson_kozlov, bounded, cchi_cchi, claw_free, color, colouring, cyc, erdo_rado, independence, independent, mcc, perfect_phylogeny, width","chromatic, edge, graph, vertex, clique, maximum, subgraph, color, set, coloring, cycle, iasi, bipartite_graph, col, colouring, complete, degree, leaf"
math,53,2010–2015,2015–2020,2010–2015 → 2015–2020,0.741345,0.258655,"chromatic, edge, graph, vertex, clique, maximum, subgraph, color, set, coloring, cycle, iasi, bipartite_graph, col, colouring, complete, degree, leaf","chromatic, clique, color, edge, graph, subgraph, vertex, cycle, coloring, colorable, maximum, set, digraph, iasi, tree"
math,53,2015–2020,2020–2025,2015–2020 → 2020–2025,0.788888,0.211112,"chromatic, clique, color, edge, graph, subgraph, vertex, cycle, coloring, colorable, maximum, set, digraph, iasi, tree","chromatic, color, coloring, cycle, edge, graph, subgraph, vertex, clique, free, maximum"
math,54,2010–2015,2015–2020,2010–2015 → 2015–2020,0.616427,0.383573,"algorithm, optimization, convergence, convex, iteration, bfgs, nonlinearity, online, excessive, hessian, separable, tikhonov_regularization, adm, decomposition, dual, fdrs, function, gap, gradient, lagrangian, objective, scheme, stochastic","algorithm, convergence, convex, function, objective, optimization, gradient, iteration, composite, online, newton, acceleration, coordinate_descent, fdrs, programming, regret, regularization, scheme"
math,54,2015–2020,2020–2025,2015–2020 → 2020–2025,0.824176,0.175824,"algorithm, convergence, convex, function, objective, optimization, gradient, iteration, composite, online, newton, acceleration, coordinate_descent, fdrs, programming, regret, regularization, scheme","algorithm, convergence, convex, gradient, optimization, regret, function, iteration, objective, online, convergence_rate, constraint, policy"
math,55,2000–2005,2005–2010,2000–2005 → 2005–2010,0.300972,0.699028,"operator, norm, bijection, define, lim, multiplier, nash, nonnormal, symbol, apllication, axb, bounded, buildrel, bxa, cohyponormality, composition, condition, cosubnormality, denote, essential, fractional, hankel, hardy, limpt, nonspectral, otime, peller, satisfied, schur_multiplier, self_adjoint, shift, subspace, toeplitz, tomega, ultracontractivity, vee, wheeden, williams","operator, adic, hardy, schr_dinger_type, trilinear, average, cdot, dirac_delta, divergence, fractional, inequality, transform, unboundedness, calder_zygmund, carleman, cohyponormality, composition, cosubnormality, delta, harnack_inequality, nabla, nash, norm, pietsch_domination, remainder, symbol, toeplitz, tomega, weight, weighted"
math,55,2005–2010,2010–2015,2005–2010 → 2010–2015,0.328812,0.671188,"operator, adic, hardy, schr_dinger_type, trilinear, average, cdot, dirac_delta, divergence, fractional, inequality, transform, unboundedness, calder_zygmund, carleman, cohyponormality, composition, cosubnormality, delta, harnack_inequality, nabla, nash, norm, pietsch_domination, remainder, symbol, toeplitz, tomega, weight, weighted","fractional, hardy, operator, space, boundedness, estimate, norm, pietsch_domination, calder_zygmund, cdot, inequality, infty, bessel, big, bleimann_butzer, bmo, delta, function, hahn, harnack_inequality, log, mathbb, mathcal, nabla, pdx, posinormal, series, superclass, weight"
math,55,2010–2015,2015–2020,2010–2015 → 2015–2020,0.744223,0.255777,"fractional, hardy, operator, space, boundedness, estimate, norm, pietsch_domination, calder_zygmund, cdot, inequality, infty, bessel, big, bleimann_butzer, bmo, delta, function, hahn, harnack_inequality, log, mathbb, mathcal, nabla, pdx, posinormal, series, superclass, weight","fractional, hardy, operator, space, bmo, commutator, boundedness, morrey, inequality, mathbb, type, bleimann_butzer, cdot, composition, ell, frac, function, hahn, log, mathbb_mathbb, mathcal, norm, right, toeplitz"
math,55,2015–2020,2020–2025,2015–2020 → 2020–2025,0.611719,0.388281,"fractional, hardy, operator, space, bmo, commutator, boundedness, morrey, inequality, mathbb, type, bleimann_butzer, cdot, composition, ell, frac, function, hahn, log, mathbb_mathbb, mathcal, norm, right, toeplitz","boundedness, fractional, hardy, operator, space, commutator, mathbb, mathbb_mathbb, norm, function, toeplitz, besov, bmo, bra, calder_zygmund, composition, dirichlet, ell, frac, hankel, sum"
math,56,2000–2005,2005–2010,2000–2005 → 2005–2010,0.466848,0.533152,"matrix, random, eigenvalue, probability, erdo_renyi, riemann_hilbert, covariance_matrix, distribution, ensemble, enumeration, hermitian, itzykson, partition, bessis, function, hankel, hermite, jacobi, laplacian, measure, noncolliding, painlev_transcendent, sample, standardized, valence","distribution, eigenvalue, matrix, random, ensemble, gaussian, probability, asymptotic, covariance_matrix, laplacian, limit, sample, eigspcdim, eigval, entry, frac_sqrt, haar, hermitian, lim, log, norm, perturbation, product, spectral, spheredim, standardized, statistic, tagged_particle, toeplitz"
math,56,2005–2010,2010–2015,2005–2010 → 2010–2015,0.815977,0.184023,"distribution, eigenvalue, matrix, random, ensemble, gaussian, probability, asymptotic, covariance_matrix, laplacian, limit, sample, eigspcdim, eigval, entry, frac_sqrt, haar, hermitian, lim, log, norm, perturbation, product, spectral, spheredim, standardized, statistic, tagged_particle, toeplitz","distribution, eigenvalue, ensemble, matrix, random, gaussian, probability, entry, spectral, wign, moment, asymptotic, covariance_matrix, hermitian, independent, limit, measure, statistic"
math,56,2010–2015,2015–2020,2010–2015 → 2015–2020,0.866358,0.133642,"distribution, eigenvalue, ensemble, matrix, random, gaussian, probability, entry, spectral, wign, moment, asymptotic, covariance_matrix, hermitian, independent, limit, measure, statistic","distribution, eigenvalue, gaussian, matrix, random, ensemble, spectral, entry, probability, covariance_matrix, wishart, asymptotic, statistic, eigenvector, wign"
math,56,2015–2020,2020–2025,2015–2020 → 2020–2025,0.833012,0.166988,"distribution, eigenvalue, gaussian, matrix, random, ensemble, spectral, entry, probability, covariance_matrix, wishart, asymptotic, statistic, eigenvector, wign","distribution, eigenvalue, entry, gaussian, matrix, random, spectral, statistic, eigenvector, ensemble, covariance_matrix, sample, asymptotic, hermitian, measure"
math,57,2005–2010,2010–2015,2005–2010 → 2010–2015,0.470042,0.529958,"consensus, control, communication, network, rendezvous, agent, algorithm, information, law, orthotope, settling, averaging, broadcast, constrain, gossip, input, minimum, random, signal_processing, sophisticated, subgradient, tree","agent, algorithm, consensus, network, communication, control, optimization, averaging, consensus_protocol, convergence, graph, neighbor, node, random, average, broadcast, cooperation, estimation, gossip, information, newton, signal_processing, stochastic"
math,57,2010–2015,2015–2020,2010–2015 → 2015–2020,0.774185,0.225815,"agent, algorithm, consensus, network, communication, control, optimization, averaging, consensus_protocol, convergence, graph, neighbor, node, random, average, broadcast, cooperation, estimation, gossip, information, newton, signal_processing, stochastic","agent, algorithm, communication, consensus, network, optimization, node, gradient, convergence, graph, multi_agent, objective, stochastic, consensus_protocol, convergence_rate, convex, decentralized, leader, neighbor"
math,57,2015–2020,2020–2025,2015–2020 → 2020–2025,0.900045,0.099955,"agent, algorithm, communication, consensus, network, optimization, node, gradient, convergence, graph, multi_agent, objective, stochastic, consensus_protocol, convergence_rate, convex, decentralized, leader, neighbor","agent, algorithm, communication, consensus, gradient, network, optimization, decentralized, convergence, learning, stochastic, multi_agent, node"
math,58,2000–2005,2005–2010,2000–2005 → 2005–2010,0.543125,0.456875,"birational, curve, variety, divisor, ample, fano, genus, conjecture, corti, fibration, fold, foreword, pukhlikov, reid, shafarevich, slope, blow, brill_noether_divisor, calabi_yau_variety, chiantini, ciliberto, fano_fold, fletcher, gennaro, group, kodaira, krichever, kummer, locus, quartic","curve, divisor, variety, genus, smooth, fano, fano_threefold, ample, birational, calabi_yau_variety, cone, surface, artin_schreier, conjecture, enrique, exceptional, fan, fano_variety, fibration, git, group, hasse_principle, mathbbb, mori_dream, okounkov_body, plain, projective, quartic, slope, tahp, veronese"
math,58,2005–2010,2010–2015,2005–2010 → 2010–2015,0.725788,0.274212,"curve, divisor, variety, genus, smooth, fano, fano_threefold, ample, birational, calabi_yau_variety, cone, surface, artin_schreier, conjecture, enrique, exceptional, fan, fano_variety, fibration, git, group, hasse_principle, mathbbb, mori_dream, okounkov_body, plain, projective, quartic, slope, tahp, veronese","curve, variety, divisor, surface, smooth, fano, genus, picard, artin_schreier, canonical, fano_threefold, fano_variety, mori_dream, alpha, anticanonical, birational, characteristic, compactified_jacobian, conjecture, degree, fano_fold, locus, mathbbb, mordell_weil_rank, omg, rho_rho, stable, veronese"
math,58,2010–2015,2015–2020,2010–2015 → 2015–2020,0.724046,0.275954,"curve, variety, divisor, surface, smooth, fano, genus, picard, artin_schreier, canonical, fano_threefold, fano_variety, mori_dream, alpha, anticanonical, birational, characteristic, compactified_jacobian, conjecture, degree, fano_fold, locus, mathbbb, mordell_weil_rank, omg, rho_rho, stable, veronese","curve, divisor, surface, variety, fano, fano_variety, fano_threefold, genus, projective, smooth, conjecture, abelian_variety, ample, blow, brauer_severi, canonical, characteristic, elephant, fano_visitor, phantom, picard, semistable, seshadri_constant"
math,58,2015–2020,2020–2025,2015–2020 → 2020–2025,0.730172,0.269828,"curve, divisor, surface, variety, fano, fano_variety, fano_threefold, genus, projective, smooth, conjecture, abelian_variety, ample, blow, brauer_severi, canonical, characteristic, elephant, fano_visitor, phantom, picard, semistable, seshadri_constant","curve, fano, fano_threefold, fano_variety, surface, variety, divisor, smooth, picard, projective, stability, ample, blow, abelian_variety, conjecture, genus, seshadri_constant, singularity"
math,59,2000–2005,2005–2010,2000–2005 → 2005–2010,0.409404,0.590596,"operator, const, constp, maximal, mikhlin, multiplier, ormander, sim, variable, bbb_bbb, bmo, boundary, bounded, dirichlet, infty, measure, modular, nondivergence, nontangential, oscillation","operator, inequality, function, hardy, space, bmo, harmonic, lebesgue, maximal, carleson, mikhlin, multiplier, ormander, sim, vec, bbb_bbb, boundedness, conical, const, constp, curve, dyadic, integral, norm, prc, qquad, sobolev, variable"
math,59,2005–2010,2010–2015,2005–2010 → 2010–2015,0.584664,0.415336,"operator, inequality, function, hardy, space, bmo, harmonic, lebesgue, maximal, carleson, mikhlin, multiplier, ormander, sim, vec, bbb_bbb, boundedness, conical, const, constp, curve, dyadic, integral, norm, prc, qquad, sobolev, variable","function, inequality, operator, space, estimate, fractional, integral, hardy, weighted, bmo, lebesgue, maximal, vec, weight, dyadic, frac_frac, multilinear, norm"
math,59,2010–2015,2015–2020,2010–2015 → 2015–2020,0.67479,0.32521,"function, inequality, operator, space, estimate, fractional, integral, hardy, weighted, bmo, lebesgue, maximal, vec, weight, dyadic, frac_frac, multilinear, norm","fractional, inequality, operator, space, estimate, hardy, function, integral, sobolev, type, weighted, mathbb_mathbb, maximal, weight, frac, lebesgue, morrey"
math,59,2015–2020,2020–2025,2015–2020 → 2020–2025,0.672106,0.327894,"fractional, inequality, operator, space, estimate, hardy, function, integral, sobolev, type, weighted, mathbb_mathbb, maximal, weight, frac, lebesgue, morrey","estimate, fractional, inequality, operator, space, sobolev, hardy, bigg, function, int, mathbb, lebesgue, type, boundedness, mathbb_mathbb, maximal, nonlocal, weight"
math,60,2000–2005,2005–2010,2000–2005 → 2005–2010,0.468024,0.531976,"hypersurface, surface, curve, foliation, variety, complete_intersection, leaf, mean_curvature, algebraic, amoebas, degree, dimension, endomorphism, geometric, grad_grad, arc, cubo_cubic, futaki, generic, godbillon_vey, hilb, isomorphic, line, projective, red, secant_variety, singularity, syzygy, tautness","curve, foliation, hypersurface, projective, leaf, surface, manifold, space, codimension, degree, hilb, riemannian, singularity, smooth, algebraic, godbillon_vey, logarithmic, map, mean_curvature, multiplicity, quadric, red, tautness, theorem, variety"
math,60,2005–2010,2010–2015,2005–2010 → 2010–2015,0.794426,0.205574,"curve, foliation, hypersurface, projective, leaf, surface, manifold, space, codimension, degree, hilb, riemannian, singularity, smooth, algebraic, godbillon_vey, logarithmic, map, mean_curvature, multiplicity, quadric, red, tautness, theorem, variety","curve, foliation, hypersurface, projective, degree, surface, space, variety, complete_intersection, leaf, map, smooth, axiumbilic, codimension, hyperbolic, mathbb_mathbb, mathcal, point, polar, riemannian, singular, submanifold, taut"
math,60,2010–2015,2015–2020,2010–2015 → 2015–2020,0.675476,0.324524,"curve, foliation, hypersurface, projective, degree, surface, space, variety, complete_intersection, leaf, map, smooth, axiumbilic, codimension, hyperbolic, mathbb_mathbb, mathcal, point, polar, riemannian, singular, submanifold, taut","foliation, hypersurface, surface, codimension, curve, degree, projective, variety, complete_intersection, mathbb_mathbb, space, smooth, leaf, mathbb, mathcal, strict_submultiplicativity"
math,60,2015–2020,2020–2025,2015–2020 → 2020–2025,0.672619,0.327381,"foliation, hypersurface, surface, codimension, curve, degree, projective, variety, complete_intersection, mathbb_mathbb, space, smooth, leaf, mathbb, mathcal, strict_submultiplicativity","curve, foliation, hypersurface, mathbb_mathbb, projective, surface, complete_intersection, degree, variety, space, codimension, leaf, levi, real, smooth, strict_submultiplicativity, wronskian"
math,61,2015–2020,2020–2025,2015–2020 → 2020–2025,0.518292,0.481708,"datum, neural_network, partial_differential, pde, deep_learning, deep_neural_network, dnn, network, nonlinear, resnet, approximation, chemical, curse_dimensionality, equilibrium, hji, navi_stoke, numerical, physics, solver, step, training, velocity","network, neural_network, numerical, partial_differential, pde, datum, pinn, training, deep_learning, physics_neural, neural, nonlinear, accuracy, deep_neural_network, dnn"
math,62,2000–2005,2005–2010,2000–2005 → 2005–2010,0.594198,0.405802,"category, operad, algebra, homotopy, monoidal_category, cochain, simplicial, stasheff, segal, simplice, site, action, barratt, bondal, bondal_orlov, categorie, coherent, definition, hocolim, larsen, mapping, mod, monoid, multicategorie, segal_topoi, stack, theory, topos, unit, universel","category, operad, monad, algebra, distributive_law, monoidal_category, coherence, coherent, functor, hoch, hopf_galois, koszul_duality, oriental, unit, action, baric, black_white, bondal, bondal_orlov, categorie, entwining, fibration, homotopic, homotopical, larsen, loday, monoidal, product, simplexe, stack, street, universel"
math,62,2005–2010,2010–2015,2005–2010 → 2010–2015,0.598142,0.401858,"category, operad, monad, algebra, distributive_law, monoidal_category, coherence, coherent, functor, hoch, hopf_galois, koszul_duality, oriental, unit, action, baric, black_white, bondal, bondal_orlov, categorie, entwining, fibration, homotopic, homotopical, larsen, loday, monoidal, product, simplexe, stack, street, universel","category, functor, monad, monoidal, monoidal_category, operad, algebra, infinity, homotopy, monoid, azumaya, coherence, dendroidal, derivator, fibration, hopf_galois, kan, koszul_duality, setoid, structure"
math,62,2010–2015,2015–2020,2010–2015 → 2015–2020,0.688353,0.311647,"category, functor, monad, monoidal, monoidal_category, operad, algebra, infinity, homotopy, monoid, azumaya, coherence, dendroidal, derivator, fibration, hopf_galois, kan, koszul_duality, setoid, structure","category, monad, monoidal_category, operad, algebra, functor, homotopy, monoidal, adjunction, mathcal_mathcal, theory, dagger, equivalence, infinity, kan, logic, mathcal, mathscr_mathscr, simplicial, structure"
math,62,2015–2020,2020–2025,2015–2020 → 2020–2025,0.738111,0.261889,"category, monad, monoidal_category, operad, algebra, functor, homotopy, monoidal, adjunction, mathcal_mathcal, theory, dagger, equivalence, infinity, kan, logic, mathcal, mathscr_mathscr, simplicial, structure","category, functor, monoidal_category, operad, monad, monoidal, infty_infty, algebra, categorical, mathcal_mathcal, completion, homotopy, mathbf, mathcal, theory, adjunction, mathsf, segal"
