subject,topic_id,baseline_year,year,years_elapsed,cosine_sim_to_baseline,drift_from_baseline
cs,0,2000,2000,0,1.0,0.0
cs,0,2000,2001,1,0.850557,0.149443
cs,0,2000,2002,2,0.771244,0.228756
cs,0,2000,2003,3,0.747489,0.252511
cs,0,2000,2004,4,0.766461,0.233539
cs,0,2000,2005,5,0.771244,0.228756
cs,0,2000,2006,6,0.771244,0.228756
cs,0,2000,2007,7,0.753019,0.246981
cs,0,2000,2008,8,0.753019,0.246981
cs,0,2000,2009,9,0.771244,0.228756
cs,0,2000,2010,10,0.771244,0.228756
cs,0,2000,2011,11,0.771244,0.228756
cs,0,2000,2012,12,0.771244,0.228756
cs,0,2000,2013,13,0.771244,0.228756
cs,0,2000,2014,14,0.771244,0.228756
cs,0,2000,2015,15,0.771244,0.228756
cs,0,2000,2016,16,0.760483,0.239517
cs,0,2000,2017,17,0.721741,0.278259
cs,0,2000,2018,18,0.709494,0.290506
cs,0,2000,2019,19,0.709494,0.290506
cs,0,2000,2020,20,0.742258,0.257742
cs,0,2000,2021,21,0.742258,0.257742
cs,0,2000,2022,22,0.771244,0.228756
cs,0,2000,2023,23,0.760483,0.239517
cs,0,2000,2024,24,0.716958,0.283042
cs,0,2000,2025,25,0.721741,0.278259
cs,1,2000,2000,0,1.0,0.0
cs,1,2000,2001,1,0.907694,0.092306
cs,1,2000,2002,2,0.858982,0.141018
cs,1,2000,2003,3,0.910099,0.089901
cs,1,2000,2004,4,0.881199,0.118801
cs,1,2000,2005,5,0.761327,0.238673
cs,1,2000,2006,6,0.747449,0.252551
cs,1,2000,2007,7,0.720449,0.279551
cs,1,2000,2008,8,0.729095,0.270905
cs,1,2000,2009,9,0.733878,0.266122
cs,1,2000,2010,10,0.786191,0.213809
cs,1,2000,2011,11,0.729095,0.270905
cs,1,2000,2012,12,0.729095,0.270905
cs,1,2000,2013,13,0.729095,0.270905
cs,1,2000,2014,14,0.739857,0.260143
cs,1,2000,2015,15,0.733878,0.266122
cs,1,2000,2016,16,0.729095,0.270905
cs,1,2000,2017,17,0.723116,0.276884
cs,1,2000,2018,18,0.733878,0.266122
cs,1,2000,2019,19,0.733878,0.266122
cs,1,2000,2020,20,0.733878,0.266122
cs,1,2000,2021,21,0.733878,0.266122
cs,1,2000,2022,22,0.733878,0.266122
cs,1,2000,2023,23,0.733878,0.266122
cs,1,2000,2024,24,0.723116,0.276884
cs,1,2000,2025,25,0.74732,0.25268
cs,2,2000,2000,0,1.0,0.0
cs,2,2000,2001,1,0.507506,0.492494
cs,2,2000,2002,2,0.479031,0.520969
cs,2,2000,2003,3,0.393869,0.606131
cs,2,2000,2004,4,0.380747,0.619253
cs,2,2000,2005,5,0.313809,0.686191
cs,2,2000,2006,6,0.393869,0.606131
cs,2,2000,2007,7,0.412094,0.587906
cs,2,2000,2008,8,0.412094,0.587906
cs,2,2000,2009,9,0.393869,0.606131
cs,2,2000,2010,10,0.412094,0.587906
cs,2,2000,2011,11,0.450836,0.549164
cs,2,2000,2012,12,0.507931,0.492069
cs,2,2000,2013,13,0.469189,0.530811
cs,2,2000,2014,14,0.461597,0.538403
cs,2,2000,2015,15,0.450836,0.549164
cs,2,2000,2016,16,0.412094,0.587906
cs,2,2000,2017,17,0.412094,0.587906
cs,2,2000,2018,18,0.412094,0.587906
cs,2,2000,2019,19,0.412094,0.587906
cs,2,2000,2020,20,0.412094,0.587906
cs,2,2000,2021,21,0.412094,0.587906
cs,2,2000,2022,22,0.412094,0.587906
cs,2,2000,2023,23,0.412094,0.587906
cs,2,2000,2024,24,0.412094,0.587906
cs,2,2000,2025,25,0.412094,0.587906
cs,3,2000,2000,0,1.0,0.0
cs,3,2000,2001,1,0.624832,0.375168
cs,3,2000,2002,2,0.517773,0.482227
cs,3,2000,2003,3,0.275684,0.724316
cs,3,2000,2004,4,0.208747,0.791253
cs,3,2000,2005,5,0.208747,0.791253
cs,3,2000,2006,6,0.1774,0.8226
cs,3,2000,2007,7,0.167558,0.832442
cs,3,2000,2008,8,0.1774,0.8226
cs,3,2000,2009,9,0.190522,0.809478
cs,3,2000,2010,10,0.208747,0.791253
cs,3,2000,2011,11,0.208747,0.791253
cs,3,2000,2012,12,0.208747,0.791253
cs,3,2000,2013,13,0.208747,0.791253
cs,3,2000,2014,14,0.247489,0.752511
cs,3,2000,2015,15,0.247489,0.752511
cs,3,2000,2016,16,0.275684,0.724316
cs,3,2000,2017,17,0.265842,0.734158
cs,3,2000,2018,18,0.234047,0.765953
cs,3,2000,2019,19,0.190522,0.809478
cs,3,2000,2020,20,0.167558,0.832442
cs,3,2000,2021,21,0.159966,0.840034
cs,3,2000,2022,22,0.153987,0.846013
cs,3,2000,2023,23,0.159966,0.840034
cs,3,2000,2024,24,0.149204,0.850796
cs,3,2000,2025,25,0.110462,0.889538
cs,4,2000,2000,0,1.0,0.0
cs,4,2000,2001,1,0.502676,0.497324
cs,4,2000,2002,2,0.313809,0.686191
cs,4,2000,2003,3,0.110462,0.889538
cs,4,2000,2004,4,0.100621,0.899379
cs,4,2000,2005,5,0.043525,0.956475
cs,4,2000,2006,6,0.043525,0.956475
cs,4,2000,2007,7,0.043525,0.956475
cs,4,2000,2008,8,0.08705,0.91295
cs,4,2000,2009,9,0.043525,0.956475
cs,4,2000,2010,10,0.08705,0.91295
cs,4,2000,2011,11,0.043525,0.956475
cs,4,2000,2012,12,0.043525,0.956475
cs,4,2000,2013,13,0.043525,0.956475
cs,4,2000,2014,14,0.043525,0.956475
cs,4,2000,2015,15,0.043525,0.956475
cs,4,2000,2016,16,0.043525,0.956475
cs,4,2000,2017,17,0.043525,0.956475
cs,4,2000,2018,18,0.043525,0.956475
cs,4,2000,2019,19,0.043525,0.956475
cs,4,2000,2020,20,0.043525,0.956475
cs,4,2000,2021,21,0.043525,0.956475
cs,4,2000,2022,22,0.043525,0.956475
cs,4,2000,2023,23,0.043525,0.956475
cs,4,2000,2024,24,0.043525,0.956475
cs,4,2000,2025,25,0.043525,0.956475
cs,5,2000,2000,0,1.0,0.0
cs,5,2000,2005,5,0.0,1.0
cs,5,2000,2006,6,0.0,1.0
cs,5,2000,2008,8,0.066937,0.933063
cs,5,2000,2011,11,0.15538,0.84462
cs,5,2000,2012,12,0.18238,0.81762
cs,5,2000,2013,13,0.149204,0.850796
cs,5,2000,2014,14,0.110462,0.889538
cs,5,2000,2015,15,0.15538,0.84462
cs,5,2000,2016,16,0.174788,0.825212
cs,5,2000,2017,17,0.174788,0.825212
cs,5,2000,2018,18,0.141809,0.858191
cs,5,2000,2019,19,0.125284,0.874716
cs,5,2000,2020,20,0.164026,0.835974
cs,5,2000,2021,21,0.125284,0.874716
cs,5,2000,2022,22,0.164026,0.835974
cs,5,2000,2023,23,0.164026,0.835974
cs,5,2000,2024,24,0.164026,0.835974
cs,5,2000,2025,25,0.170284,0.829716
cs,6,2000,2000,0,1.0,0.0
cs,6,2000,2001,1,0.74175,0.25825
cs,6,2000,2002,2,0.614105,0.385895
cs,6,2000,2003,3,0.570131,0.429869
cs,6,2000,2004,4,0.577723,0.422277
cs,6,2000,2005,5,0.570131,0.429869
cs,6,2000,2006,6,0.577723,0.422277
cs,6,2000,2007,7,0.536406,0.463594
cs,6,2000,2008,8,0.557009,0.442991
cs,6,2000,2009,9,0.55937,0.44063
cs,6,2000,2010,10,0.595948,0.404052
cs,6,2000,2011,11,0.479311,0.520689
cs,6,2000,2012,12,0.520628,0.479372
cs,6,2000,2013,13,0.520628,0.479372
cs,6,2000,2014,14,0.507506,0.492494
cs,6,2000,2015,15,0.520628,0.479372
cs,6,2000,2016,16,0.570131,0.429869
cs,6,2000,2017,17,0.55937,0.44063
cs,6,2000,2018,18,0.520628,0.479372
cs,6,2000,2019,19,0.520628,0.479372
cs,6,2000,2020,20,0.520628,0.479372
cs,6,2000,2021,21,0.520628,0.479372
cs,6,2000,2022,22,0.520628,0.479372
cs,6,2000,2023,23,0.520628,0.479372
cs,6,2000,2024,24,0.520628,0.479372
cs,6,2000,2025,25,0.520628,0.479372
cs,7,2000,2000,0,1.0,0.0
cs,7,2000,2002,2,0.0,1.0
cs,7,2000,2004,4,0.0,1.0
cs,7,2000,2005,5,0.0,1.0
cs,7,2000,2006,6,0.0,1.0
cs,7,2000,2009,9,0.0,1.0
cs,7,2000,2011,11,0.098284,0.901716
cs,7,2000,2012,12,0.038742,0.961258
cs,7,2000,2013,13,0.147788,0.852212
cs,7,2000,2014,14,0.0,1.0
cs,7,2000,2015,15,0.049504,0.950496
cs,7,2000,2016,16,0.209026,0.790974
cs,7,2000,2017,17,0.116441,0.883559
cs,7,2000,2018,18,0.066937,0.933063
cs,7,2000,2019,19,0.124033,0.875967
cs,7,2000,2020,20,0.110462,0.889538
cs,7,2000,2021,21,0.066937,0.933063
cs,7,2000,2022,22,0.057096,0.942904
cs,7,2000,2023,23,0.049504,0.950496
cs,7,2000,2024,24,0.0,1.0
cs,7,2000,2025,25,0.0,1.0
cs,8,2004,2004,0,1.0,0.0
cs,8,2004,2005,1,0.704544,0.295456
cs,8,2004,2006,2,0.647449,0.352551
cs,8,2004,2007,3,0.624036,0.375964
cs,8,2004,2008,4,0.549956,0.450044
cs,8,2004,2009,5,0.543977,0.456023
cs,8,2004,2010,6,0.528561,0.471439
cs,8,2004,2011,7,0.572086,0.427914
cs,8,2004,2012,8,0.514991,0.485009
cs,8,2004,2013,9,0.469105,0.530895
cs,8,2004,2014,10,0.476248,0.523752
cs,8,2004,2015,11,0.432723,0.567277
cs,8,2004,2016,12,0.471466,0.528534
cs,8,2004,2017,13,0.432723,0.567277
cs,8,2004,2018,14,0.432723,0.567277
cs,8,2004,2019,15,0.432723,0.567277
cs,8,2004,2020,16,0.419601,0.580399
cs,8,2004,2021,17,0.402168,0.597832
cs,8,2004,2022,18,0.402168,0.597832
cs,8,2004,2023,19,0.402168,0.597832
cs,8,2004,2024,20,0.40976,0.59024
cs,8,2004,2025,21,0.419601,0.580399
cs,9,2007,2007,0,1.0,0.0
cs,9,2007,2008,1,0.522836,0.477164
cs,9,2007,2009,2,0.395568,0.604432
cs,9,2007,2010,3,0.440568,0.559432
cs,9,2007,2011,4,0.440568,0.559432
cs,9,2007,2012,5,0.440568,0.559432
cs,9,2007,2013,6,0.440568,0.559432
cs,9,2007,2014,7,0.440568,0.559432
cs,9,2007,2015,8,0.440568,0.559432
cs,9,2007,2016,9,0.440568,0.559432
cs,9,2007,2017,10,0.440568,0.559432
cs,9,2007,2018,11,0.440568,0.559432
cs,9,2007,2019,12,0.440568,0.559432
cs,9,2007,2020,13,0.440568,0.559432
cs,9,2007,2021,14,0.440568,0.559432
cs,9,2007,2022,15,0.395568,0.604432
cs,9,2007,2023,16,0.395568,0.604432
cs,9,2007,2024,17,0.395568,0.604432
cs,9,2007,2025,18,0.395568,0.604432
cs,10,2011,2011,0,1.0,0.0
cs,10,2011,2012,1,0.311943,0.688057
cs,10,2011,2013,2,0.298372,0.701628
cs,10,2011,2014,3,0.205343,0.794657
cs,10,2011,2015,4,0.205343,0.794657
cs,10,2011,2016,5,0.205343,0.794657
cs,10,2011,2017,6,0.205343,0.794657
cs,10,2011,2018,7,0.205343,0.794657
cs,10,2011,2019,8,0.205343,0.794657
cs,10,2011,2020,9,0.205343,0.794657
cs,10,2011,2021,10,0.205343,0.794657
cs,10,2011,2022,11,0.205343,0.794657
cs,10,2011,2023,12,0.205343,0.794657
cs,10,2011,2024,13,0.205343,0.794657
cs,10,2011,2025,14,0.205343,0.794657
cs,11,2000,2000,0,1.0,0.0
cs,11,2000,2001,1,0.533216,0.466784
cs,11,2000,2002,2,0.261838,0.738162
cs,11,2000,2003,3,0.30058,0.69942
cs,11,2000,2004,4,0.257055,0.742945
cs,11,2000,2005,5,0.246293,0.753707
cs,11,2000,2006,6,0.257055,0.742945
cs,11,2000,2007,7,0.251076,0.748924
cs,11,2000,2008,8,0.218313,0.781687
cs,11,2000,2009,9,0.257055,0.742945
cs,11,2000,2010,10,0.257055,0.742945
cs,11,2000,2011,11,0.207551,0.792449
cs,11,2000,2012,12,0.246293,0.753707
cs,11,2000,2013,13,0.207551,0.792449
cs,11,2000,2014,14,0.207551,0.792449
cs,11,2000,2015,15,0.207551,0.792449
cs,11,2000,2016,16,0.207551,0.792449
cs,11,2000,2017,17,0.207551,0.792449
cs,11,2000,2018,18,0.207551,0.792449
cs,11,2000,2019,19,0.207551,0.792449
cs,11,2000,2020,20,0.207551,0.792449
cs,11,2000,2021,21,0.207551,0.792449
cs,11,2000,2022,22,0.207551,0.792449
cs,11,2000,2023,23,0.207551,0.792449
cs,11,2000,2024,24,0.207551,0.792449
cs,11,2000,2025,25,0.207551,0.792449
cs,12,2004,2004,0,1.0,0.0
cs,12,2004,2005,1,0.389086,0.610914
cs,12,2004,2006,2,0.270284,0.729716
cs,12,2004,2009,5,0.066937,0.933063
cs,12,2004,2012,8,0.270284,0.729716
cs,12,2004,2013,9,0.170284,0.829716
cs,12,2004,2014,10,0.270284,0.729716
cs,12,2004,2015,11,0.170284,0.829716
cs,12,2004,2016,12,0.270284,0.729716
cs,12,2004,2017,13,0.270284,0.729716
cs,12,2004,2018,14,0.270284,0.729716
cs,12,2004,2019,15,0.270284,0.729716
cs,12,2004,2020,16,0.270284,0.729716
cs,12,2004,2021,17,0.270284,0.729716
cs,12,2004,2022,18,0.270284,0.729716
cs,12,2004,2023,19,0.270284,0.729716
cs,12,2004,2024,20,0.270284,0.729716
cs,12,2004,2025,21,0.270284,0.729716
cs,13,2000,2000,0,1.0,0.0
cs,13,2000,2001,1,0.766815,0.233185
cs,13,2000,2002,2,0.574869,0.425131
cs,13,2000,2003,3,0.459151,0.540849
cs,13,2000,2004,4,0.500468,0.499532
cs,13,2000,2005,5,0.459151,0.540849
cs,13,2000,2006,6,0.419489,0.580511
cs,13,2000,2007,7,0.376884,0.623116
cs,13,2000,2008,8,0.337221,0.662779
cs,13,2000,2009,9,0.370905,0.629095
cs,13,2000,2010,10,0.484094,0.515906
cs,13,2000,2011,11,0.402055,0.597945
cs,13,2000,2012,12,0.528814,0.471186
cs,13,2000,2013,13,0.399847,0.600153
cs,13,2000,2014,14,0.393869,0.606131
cs,13,2000,2015,15,0.521029,0.478971
cs,13,2000,2016,16,0.453172,0.546828
cs,13,2000,2017,17,0.428001,0.571999
cs,13,2000,2018,18,0.450964,0.549036
cs,13,2000,2019,19,0.369189,0.630811
cs,13,2000,2020,20,0.428001,0.571999
cs,13,2000,2021,21,0.437842,0.562158
cs,13,2000,2022,22,0.437842,0.562158
cs,13,2000,2023,23,0.370905,0.629095
cs,13,2000,2024,24,0.370905,0.629095
cs,13,2000,2025,25,0.370905,0.629095
cs,14,2000,2000,0,1.0,0.0
cs,14,2000,2001,1,0.280664,0.719336
cs,14,2000,2002,2,0.440568,0.559432
cs,14,2000,2003,3,0.41437,0.58563
cs,14,2000,2004,4,0.522836,0.477164
cs,14,2000,2005,5,0.407311,0.592689
cs,14,2000,2006,6,0.479311,0.520689
cs,14,2000,2007,7,0.185739,0.814261
cs,14,2000,2008,8,0.289086,0.710914
cs,14,2000,2009,9,0.275964,0.724036
cs,14,2000,2010,10,0.407311,0.592689
cs,14,2000,2011,11,0.389086,0.610914
cs,14,2000,2012,12,0.434311,0.565689
cs,14,2000,2013,13,0.407311,0.592689
cs,14,2000,2014,14,0.434311,0.565689
cs,14,2000,2015,15,0.334311,0.665689
cs,14,2000,2016,16,0.334311,0.665689
cs,14,2000,2017,17,0.334311,0.665689
cs,14,2000,2018,18,0.434311,0.565689
cs,14,2000,2019,19,0.334311,0.665689
cs,14,2000,2020,20,0.334311,0.665689
cs,14,2000,2021,21,0.434311,0.565689
cs,14,2000,2022,22,0.434311,0.565689
cs,14,2000,2023,23,0.434311,0.565689
cs,14,2000,2024,24,0.434311,0.565689
cs,14,2000,2025,25,0.434311,0.565689
cs,15,2015,2015,0,1.0,0.0
cs,15,2015,2016,1,0.678939,0.321061
cs,15,2015,2017,2,0.533597,0.466403
cs,15,2015,2018,3,0.488597,0.511403
cs,15,2015,2019,4,0.461597,0.538403
cs,15,2015,2020,5,0.443372,0.556628
cs,15,2015,2021,6,0.425467,0.574533
cs,15,2015,2022,7,0.386725,0.613275
cs,15,2015,2023,8,0.376884,0.623116
cs,15,2015,2024,9,0.363313,0.636687
cs,15,2015,2025,10,0.35853,0.64147
cs,16,2001,2001,0,1.0,0.0
cs,16,2001,2002,1,0.609494,0.390506
cs,16,2001,2003,2,0.095838,0.904162
cs,16,2001,2004,3,0.0,1.0
cs,16,2001,2005,4,0.0,1.0
cs,16,2001,2006,5,0.0,1.0
cs,16,2001,2007,6,0.170284,0.829716
cs,16,2001,2008,7,0.170284,0.829716
cs,16,2001,2009,8,0.125284,0.874716
cs,16,2001,2011,10,0.0,1.0
cs,16,2001,2012,11,0.170284,0.829716
cs,16,2001,2013,12,0.170284,0.829716
cs,16,2001,2014,13,0.125284,0.874716
cs,16,2001,2015,14,0.125284,0.874716
cs,16,2001,2016,15,0.098284,0.901716
cs,16,2001,2017,16,0.098284,0.901716
cs,16,2001,2018,17,0.098284,0.901716
cs,16,2001,2019,18,0.098284,0.901716
cs,16,2001,2020,19,0.098284,0.901716
cs,16,2001,2021,20,0.098284,0.901716
cs,16,2001,2022,21,0.098284,0.901716
cs,16,2001,2023,22,0.098284,0.901716
cs,16,2001,2024,23,0.098284,0.901716
cs,16,2001,2025,24,0.125284,0.874716
cs,17,2000,2000,0,1.0,0.0
cs,17,2000,2001,1,0.619533,0.380467
cs,17,2000,2002,2,0.278964,0.721036
cs,17,2000,2003,3,0.08705,0.91295
cs,17,2000,2004,4,0.043525,0.956475
cs,17,2000,2005,5,0.043525,0.956475
cs,17,2000,2006,6,0.043525,0.956475
cs,17,2000,2007,7,0.043525,0.956475
cs,17,2000,2008,8,0.043525,0.956475
cs,17,2000,2009,9,0.043525,0.956475
cs,17,2000,2010,10,0.043525,0.956475
cs,17,2000,2011,11,0.043525,0.956475
cs,17,2000,2012,12,0.043525,0.956475
cs,17,2000,2013,13,0.043525,0.956475
cs,17,2000,2014,14,0.043525,0.956475
cs,17,2000,2015,15,0.043525,0.956475
cs,17,2000,2016,16,0.043525,0.956475
cs,17,2000,2017,17,0.043525,0.956475
cs,17,2000,2018,18,0.043525,0.956475
cs,17,2000,2019,19,0.043525,0.956475
cs,17,2000,2020,20,0.043525,0.956475
cs,17,2000,2021,21,0.043525,0.956475
cs,17,2000,2022,22,0.043525,0.956475
cs,17,2000,2023,23,0.043525,0.956475
cs,17,2000,2024,24,0.043525,0.956475
cs,17,2000,2025,25,0.043525,0.956475
cs,18,2000,2000,0,1.0,0.0
cs,18,2000,2002,2,0.0,1.0
cs,18,2000,2003,3,0.043525,0.956475
cs,18,2000,2005,5,0.043525,0.956475
cs,18,2000,2006,6,0.043525,0.956475
cs,18,2000,2009,9,0.043525,0.956475
cs,18,2000,2010,10,0.043525,0.956475
cs,18,2000,2011,11,0.043525,0.956475
cs,18,2000,2012,12,0.043525,0.956475
cs,18,2000,2013,13,0.043525,0.956475
cs,18,2000,2014,14,0.043525,0.956475
cs,18,2000,2015,15,0.043525,0.956475
cs,18,2000,2016,16,0.043525,0.956475
cs,18,2000,2017,17,0.043525,0.956475
cs,18,2000,2018,18,0.043525,0.956475
cs,18,2000,2019,19,0.043525,0.956475
cs,18,2000,2020,20,0.043525,0.956475
cs,18,2000,2021,21,0.043525,0.956475
cs,18,2000,2022,22,0.043525,0.956475
cs,18,2000,2023,23,0.043525,0.956475
cs,18,2000,2024,24,0.043525,0.956475
cs,18,2000,2025,25,0.043525,0.956475
cs,19,2000,2000,0,1.0,0.0
cs,19,2000,2006,6,0.043525,0.956475
cs,19,2000,2008,8,0.0,1.0
cs,19,2000,2009,9,0.0,1.0
cs,19,2000,2010,10,0.0,1.0
cs,19,2000,2011,11,0.0,1.0
cs,19,2000,2012,12,0.0,1.0
cs,19,2000,2013,13,0.038742,0.961258
cs,19,2000,2014,14,0.0,1.0
cs,19,2000,2015,15,0.066937,0.933063
cs,19,2000,2016,16,0.066937,0.933063
cs,19,2000,2017,17,0.080059,0.919941
cs,19,2000,2018,18,0.080059,0.919941
cs,19,2000,2019,19,0.080059,0.919941
cs,19,2000,2020,20,0.080059,0.919941
cs,19,2000,2021,21,0.080059,0.919941
cs,19,2000,2022,22,0.080059,0.919941
cs,19,2000,2023,23,0.080059,0.919941
cs,19,2000,2024,24,0.080059,0.919941
cs,19,2000,2025,25,0.080059,0.919941
cs,20,2005,2005,0,1.0,0.0
cs,20,2005,2008,3,0.0,1.0
cs,20,2005,2009,4,0.0,1.0
cs,20,2005,2010,5,0.088246,0.911754
cs,20,2005,2011,6,0.043525,0.956475
cs,20,2005,2012,7,0.155183,0.844817
cs,20,2005,2013,8,0.272281,0.727719
cs,20,2005,2014,9,0.273072,0.726928
cs,20,2005,2015,10,0.352664,0.647336
cs,20,2005,2016,11,0.330628,0.669372
cs,20,2005,2017,12,0.317506,0.682494
cs,20,2005,2018,13,0.348853,0.651147
cs,20,2005,2019,14,0.348853,0.651147
cs,20,2005,2020,15,0.348853,0.651147
cs,20,2005,2021,16,0.303628,0.696372
cs,20,2005,2022,17,0.348853,0.651147
cs,20,2005,2023,18,0.348853,0.651147
cs,20,2005,2024,19,0.348853,0.651147
cs,20,2005,2025,20,0.330628,0.669372
cs,21,2001,2001,0,1.0,0.0
cs,21,2001,2002,1,0.205343,0.794657
cs,21,2001,2003,2,0.043525,0.956475
cs,21,2001,2005,4,0.170284,0.829716
cs,21,2001,2006,5,0.213809,0.786191
cs,21,2001,2007,6,0.219788,0.780212
cs,21,2001,2008,7,0.219788,0.780212
cs,21,2001,2009,8,0.219788,0.780212
cs,21,2001,2010,9,0.219788,0.780212
cs,21,2001,2011,10,0.219788,0.780212
cs,21,2001,2012,11,0.219788,0.780212
cs,21,2001,2013,12,0.219788,0.780212
cs,21,2001,2014,13,0.219788,0.780212
cs,21,2001,2015,14,0.219788,0.780212
cs,21,2001,2016,15,0.219788,0.780212
cs,21,2001,2017,16,0.219788,0.780212
cs,21,2001,2018,17,0.219788,0.780212
cs,21,2001,2019,18,0.219788,0.780212
cs,21,2001,2020,19,0.219788,0.780212
cs,21,2001,2021,20,0.174788,0.825212
cs,21,2001,2022,21,0.174788,0.825212
cs,21,2001,2023,22,0.219788,0.780212
cs,21,2001,2024,23,0.219788,0.780212
cs,21,2001,2025,24,0.219788,0.780212
cs,22,2000,2000,0,1.0,0.0
cs,22,2000,2001,1,0.635594,0.364406
cs,22,2000,2003,3,0.0,1.0
cs,22,2000,2004,4,0.0,1.0
cs,22,2000,2005,5,0.0,1.0
cs,22,2000,2006,6,0.0,1.0
cs,22,2000,2007,7,0.0,1.0
cs,22,2000,2008,8,0.0,1.0
cs,22,2000,2013,13,0.0,1.0
cs,22,2000,2015,15,0.0,1.0
cs,22,2000,2016,16,0.0,1.0
cs,22,2000,2017,17,0.0,1.0
cs,22,2000,2018,18,0.0,1.0
cs,22,2000,2019,19,0.0,1.0
cs,22,2000,2020,20,0.0,1.0
cs,22,2000,2021,21,0.0,1.0
cs,22,2000,2022,22,0.0,1.0
cs,22,2000,2023,23,0.0,1.0
cs,22,2000,2024,24,0.0,1.0
cs,22,2000,2025,25,0.0,1.0
cs,23,2007,2007,0,1.0,0.0
cs,23,2007,2008,1,0.506147,0.493853
cs,23,2007,2009,2,0.125284,0.874716
cs,23,2007,2010,3,0.170284,0.829716
cs,23,2007,2011,4,0.125284,0.874716
cs,23,2007,2015,8,0.170284,0.829716
cs,23,2007,2016,9,0.170284,0.829716
cs,23,2007,2017,10,0.170284,0.829716
cs,23,2007,2018,11,0.170284,0.829716
cs,23,2007,2019,12,0.170284,0.829716
cs,23,2007,2020,13,0.170284,0.829716
cs,23,2007,2021,14,0.170284,0.829716
cs,23,2007,2022,15,0.170284,0.829716
cs,23,2007,2023,16,0.170284,0.829716
cs,23,2007,2024,17,0.170284,0.829716
cs,23,2007,2025,18,0.170284,0.829716
cs,24,2000,2000,0,1.0,0.0
cs,24,2000,2001,1,0.710895,0.289105
cs,24,2000,2002,2,0.576315,0.423685
cs,24,2000,2003,3,0.569832,0.430168
cs,24,2000,2004,4,0.55671,0.44329
cs,24,2000,2005,5,0.442105,0.557895
cs,24,2000,2006,6,0.508126,0.491874
cs,24,2000,2007,7,0.508126,0.491874
cs,24,2000,2008,8,0.368992,0.631008
cs,24,2000,2009,9,0.33025,0.66975
cs,24,2000,2010,10,0.436126,0.563874
cs,24,2000,2011,11,0.551652,0.448348
cs,24,2000,2012,12,0.508126,0.491874
cs,24,2000,2013,13,0.494556,0.505444
cs,24,2000,2014,14,0.552847,0.447153
cs,24,2000,2015,15,0.495752,0.504248
cs,24,2000,2016,16,0.474443,0.525557
cs,24,2000,2017,17,0.503344,0.496656
cs,24,2000,2018,18,0.43999,0.56001
cs,24,2000,2019,19,0.417773,0.582227
cs,24,2000,2020,20,0.528515,0.471485
cs,24,2000,2021,21,0.444773,0.555227
cs,24,2000,2022,22,0.483515,0.516485
cs,24,2000,2023,23,0.444773,0.555227
cs,24,2000,2024,24,0.494556,0.505444
cs,24,2000,2025,25,0.504315,0.495685
cs,25,2004,2004,0,1.0,0.0
cs,25,2004,2007,3,0.080059,0.919941
cs,25,2004,2010,6,0.0,1.0
cs,25,2004,2011,7,0.0,1.0
cs,25,2004,2012,8,0.049504,0.950496
cs,25,2004,2013,9,0.100621,0.899379
cs,25,2004,2014,10,0.123584,0.876416
cs,25,2004,2015,11,0.080059,0.919941
cs,25,2004,2016,12,0.080059,0.919941
cs,25,2004,2017,13,0.118801,0.881199
cs,25,2004,2018,14,0.118801,0.881199
cs,25,2004,2019,15,0.118801,0.881199
cs,25,2004,2020,16,0.118801,0.881199
cs,25,2004,2021,17,0.118801,0.881199
cs,25,2004,2022,18,0.129563,0.870437
cs,25,2004,2023,19,0.118801,0.881199
cs,25,2004,2024,20,0.080059,0.919941
cs,25,2004,2025,21,0.080059,0.919941
cs,26,2000,2000,0,1.0,0.0
cs,26,2000,2001,1,0.503811,0.496189
cs,26,2000,2002,2,0.368568,0.631432
cs,26,2000,2003,3,0.368568,0.631432
cs,26,2000,2004,4,0.368568,0.631432
cs,26,2000,2005,5,0.268568,0.731432
cs,26,2000,2006,6,0.196568,0.803432
cs,26,2000,2007,7,0.196568,0.803432
cs,26,2000,2008,8,0.268568,0.731432
cs,26,2000,2009,9,0.319788,0.680212
cs,26,2000,2010,10,0.223568,0.776432
cs,26,2000,2011,11,0.223568,0.776432
cs,26,2000,2012,12,0.368568,0.631432
cs,26,2000,2013,13,0.268568,0.731432
cs,26,2000,2014,14,0.368568,0.631432
cs,26,2000,2015,15,0.368568,0.631432
cs,26,2000,2016,16,0.368568,0.631432
cs,26,2000,2017,17,0.368568,0.631432
cs,26,2000,2018,18,0.223568,0.776432
cs,26,2000,2019,19,0.368568,0.631432
cs,26,2000,2020,20,0.368568,0.631432
cs,26,2000,2021,21,0.368568,0.631432
cs,26,2000,2022,22,0.368568,0.631432
cs,26,2000,2023,23,0.368568,0.631432
cs,26,2000,2024,24,0.368568,0.631432
cs,26,2000,2025,25,0.368568,0.631432
cs,27,2012,2012,0,1.0,0.0
cs,27,2012,2013,1,0.456814,0.543186
cs,27,2012,2015,3,0.316597,0.683403
cs,27,2012,2016,4,0.528534,0.471466
cs,27,2012,2017,5,0.428534,0.571466
cs,27,2012,2018,6,0.523752,0.476248
cs,27,2012,2019,7,0.428534,0.571466
cs,27,2012,2020,8,0.428534,0.571466
cs,27,2012,2021,9,0.383534,0.616466
cs,27,2012,2022,10,0.383534,0.616466
cs,27,2012,2023,11,0.383534,0.616466
cs,27,2012,2024,12,0.383534,0.616466
cs,27,2012,2025,13,0.383534,0.616466
cs,28,2002,2002,0,1.0,0.0
cs,28,2002,2003,1,0.425664,0.574336
cs,28,2002,2005,3,0.0,1.0
cs,28,2002,2006,4,0.0,1.0
cs,28,2002,2007,5,0.0,1.0
cs,28,2002,2008,6,0.0,1.0
cs,28,2002,2011,9,0.0,1.0
cs,28,2002,2012,10,0.0,1.0
cs,28,2002,2013,11,0.174788,0.825212
cs,28,2002,2014,12,0.223568,0.776432
cs,28,2002,2015,13,0.250343,0.749657
cs,28,2002,2016,14,0.295568,0.704432
cs,28,2002,2017,15,0.223568,0.776432
cs,28,2002,2018,16,0.205343,0.794657
cs,28,2002,2019,17,0.205343,0.794657
cs,28,2002,2020,18,0.18238,0.81762
cs,28,2002,2021,19,0.168809,0.831191
cs,28,2002,2022,20,0.147788,0.852212
cs,28,2002,2023,21,0.147788,0.852212
cs,28,2002,2024,22,0.168809,0.831191
cs,28,2002,2025,23,0.168809,0.831191
cs,29,2000,2000,0,1.0,0.0
cs,29,2000,2001,1,0.492601,0.507399
cs,29,2000,2002,2,0.283001,0.716999
cs,29,2000,2003,3,0.41443,0.58557
cs,29,2000,2004,4,0.469189,0.530811
cs,29,2000,2007,7,0.368568,0.631432
cs,29,2000,2008,8,0.325664,0.674336
cs,29,2000,2010,10,0.0,1.0
cs,29,2000,2011,11,0.270284,0.729716
cs,29,2000,2012,12,0.270284,0.729716
cs,29,2000,2013,13,0.469189,0.530811
cs,29,2000,2014,14,0.369189,0.630811
cs,29,2000,2015,15,0.369189,0.630811
cs,29,2000,2016,16,0.469189,0.530811
cs,29,2000,2017,17,0.469189,0.530811
cs,29,2000,2018,18,0.469189,0.530811
cs,29,2000,2019,19,0.469189,0.530811
cs,29,2000,2020,20,0.469189,0.530811
cs,29,2000,2021,21,0.469189,0.530811
cs,29,2000,2022,22,0.469189,0.530811
cs,29,2000,2023,23,0.469189,0.530811
cs,29,2000,2024,24,0.450964,0.549036
cs,29,2000,2025,25,0.428001,0.571999
cs,30,2001,2001,0,1.0,0.0
cs,30,2001,2003,2,0.270284,0.729716
cs,30,2001,2007,6,0.312094,0.687906
cs,30,2001,2008,7,0.295568,0.704432
cs,30,2001,2009,8,0.299847,0.700153
cs,30,2001,2010,9,0.390072,0.609928
cs,30,2001,2011,10,0.390072,0.609928
cs,30,2001,2012,11,0.443356,0.556644
cs,30,2001,2013,12,0.412009,0.587991
cs,30,2001,2014,13,0.402168,0.597832
cs,30,2001,2015,14,0.388597,0.611403
cs,30,2001,2016,15,0.394576,0.605424
cs,30,2001,2017,16,0.402168,0.597832
cs,30,2001,2018,17,0.425131,0.574869
cs,30,2001,2019,18,0.443356,0.556644
cs,30,2001,2020,19,0.437378,0.562622
cs,30,2001,2021,20,0.477595,0.522405
cs,30,2001,2022,21,0.477595,0.522405
cs,30,2001,2023,22,0.482378,0.517622
cs,30,2001,2024,23,0.477595,0.522405
cs,30,2001,2025,24,0.488356,0.511644
cs,31,2015,2015,0,1.0,0.0
cs,31,2015,2016,1,0.694897,0.305103
cs,31,2015,2017,2,0.602789,0.397211
cs,31,2015,2018,3,0.575789,0.424211
cs,31,2015,2019,4,0.575789,0.424211
cs,31,2015,2020,5,0.430789,0.569211
cs,31,2015,2021,6,0.430789,0.569211
cs,31,2015,2022,7,0.412564,0.587436
cs,31,2015,2023,8,0.412564,0.587436
cs,31,2015,2024,9,0.557564,0.442436
cs,31,2015,2025,10,0.457564,0.542436
cs,32,2001,2001,0,1.0,0.0
cs,32,2001,2006,5,0.0,1.0
cs,32,2001,2007,6,0.0,1.0
cs,32,2001,2010,9,0.0,1.0
cs,32,2001,2012,11,0.0,1.0
cs,32,2001,2013,12,0.0,1.0
cs,32,2001,2014,13,0.0,1.0
cs,32,2001,2015,14,0.0,1.0
cs,32,2001,2016,15,0.0,1.0
cs,32,2001,2017,16,0.0,1.0
cs,32,2001,2018,17,0.0,1.0
cs,32,2001,2019,18,0.0,1.0
cs,32,2001,2020,19,0.0,1.0
cs,32,2001,2021,20,0.0,1.0
cs,32,2001,2022,21,0.0,1.0
cs,32,2001,2023,22,0.0,1.0
cs,32,2001,2024,23,0.0,1.0
cs,32,2001,2025,24,0.0,1.0
cs,33,2000,2000,0,1.0,0.0
cs,33,2000,2001,1,0.629823,0.370177
cs,33,2000,2002,2,0.379311,0.620689
cs,33,2000,2003,3,0.219788,0.780212
cs,33,2000,2004,4,0.231884,0.768116
cs,33,2000,2006,6,0.170284,0.829716
cs,33,2000,2007,7,0.125284,0.874716
cs,33,2000,2008,8,0.066937,0.933063
cs,33,2000,2009,9,0.049504,0.950496
cs,33,2000,2011,11,0.0,1.0
cs,33,2000,2014,14,0.254847,0.745153
cs,33,2000,2015,15,0.250343,0.749657
cs,33,2000,2016,16,0.250343,0.749657
cs,33,2000,2017,17,0.237221,0.762779
cs,33,2000,2018,18,0.22738,0.77262
cs,33,2000,2019,19,0.219788,0.780212
cs,33,2000,2020,20,0.219788,0.780212
cs,33,2000,2021,21,0.252551,0.747449
cs,33,2000,2022,22,0.213809,0.786191
cs,33,2000,2023,23,0.213809,0.786191
cs,33,2000,2024,24,0.209026,0.790974
cs,33,2000,2025,25,0.209026,0.790974
cs,34,2001,2001,0,1.0,0.0
cs,34,2001,2002,1,0.275964,0.724036
cs,34,2001,2004,3,0.080059,0.919941
cs,34,2001,2005,4,0.170284,0.829716
cs,34,2001,2006,5,0.170284,0.829716
cs,34,2001,2007,6,0.170284,0.829716
cs,34,2001,2008,7,0.170284,0.829716
cs,34,2001,2009,8,0.170284,0.829716
cs,34,2001,2010,9,0.170284,0.829716
cs,34,2001,2012,11,0.170284,0.829716
cs,34,2001,2013,12,0.170284,0.829716
cs,34,2001,2014,13,0.307311,0.692689
cs,34,2001,2015,14,0.237221,0.762779
cs,34,2001,2016,15,0.170284,0.829716
cs,34,2001,2017,16,0.170284,0.829716
cs,34,2001,2018,17,0.170284,0.829716
cs,34,2001,2019,18,0.170284,0.829716
cs,34,2001,2020,19,0.170284,0.829716
cs,34,2001,2021,20,0.170284,0.829716
cs,34,2001,2022,21,0.170284,0.829716
cs,34,2001,2023,22,0.170284,0.829716
cs,34,2001,2024,23,0.170284,0.829716
cs,34,2001,2025,24,0.170284,0.829716
cs,35,2001,2001,0,1.0,0.0
cs,35,2001,2002,1,0.703516,0.296484
cs,35,2001,2003,2,0.557895,0.442105
cs,35,2001,2004,3,0.309026,0.690974
cs,35,2001,2005,4,0.270284,0.729716
cs,35,2001,2006,5,0.270284,0.729716
cs,35,2001,2007,6,0.270284,0.729716
cs,35,2001,2008,7,0.270284,0.729716
cs,35,2001,2009,8,0.270284,0.729716
cs,35,2001,2010,9,0.270284,0.729716
cs,35,2001,2011,10,0.270284,0.729716
cs,35,2001,2012,11,0.270284,0.729716
cs,35,2001,2013,12,0.270284,0.729716
cs,35,2001,2014,13,0.270284,0.729716
cs,35,2001,2015,14,0.270284,0.729716
cs,35,2001,2016,15,0.270284,0.729716
cs,35,2001,2017,16,0.270284,0.729716
cs,35,2001,2018,17,0.270284,0.729716
cs,35,2001,2019,18,0.270284,0.729716
cs,35,2001,2020,19,0.270284,0.729716
cs,35,2001,2021,20,0.270284,0.729716
cs,35,2001,2022,21,0.270284,0.729716
cs,35,2001,2023,22,0.270284,0.729716
cs,35,2001,2024,23,0.270284,0.729716
cs,35,2001,2025,24,0.270284,0.729716
cs,36,2000,2000,0,1.0,0.0
cs,36,2000,2001,1,0.842838,0.157162
cs,36,2000,2002,2,0.468849,0.531151
cs,36,2000,2003,3,0.347153,0.652847
cs,36,2000,2004,4,0.303628,0.696372
cs,36,2000,2005,5,0.258403,0.741597
cs,36,2000,2006,6,0.245281,0.754719
cs,36,2000,2007,7,0.245281,0.754719
cs,36,2000,2008,8,0.258403,0.741597
cs,36,2000,2009,9,0.245281,0.754719
cs,36,2000,2010,10,0.258403,0.741597
cs,36,2000,2011,11,0.303628,0.696372
cs,36,2000,2012,12,0.258403,0.741597
cs,36,2000,2013,13,0.258403,0.741597
cs,36,2000,2014,14,0.258403,0.741597
cs,36,2000,2015,15,0.303628,0.696372
cs,36,2000,2016,16,0.303628,0.696372
cs,36,2000,2017,17,0.303628,0.696372
cs,36,2000,2018,18,0.245281,0.754719
cs,36,2000,2019,19,0.245281,0.754719
cs,36,2000,2020,20,0.276628,0.723372
cs,36,2000,2021,21,0.276628,0.723372
cs,36,2000,2022,22,0.258403,0.741597
cs,36,2000,2023,23,0.276628,0.723372
cs,36,2000,2024,24,0.303628,0.696372
cs,36,2000,2025,25,0.303628,0.696372
cs,37,2000,2000,0,1.0,0.0
cs,37,2000,2001,1,0.732305,0.267695
cs,37,2000,2002,2,0.302055,0.697945
cs,37,2000,2003,3,0.121009,0.878991
cs,37,2000,2004,4,0.057096,0.942904
cs,37,2000,2005,5,0.057096,0.942904
cs,37,2000,2007,7,0.0,1.0
cs,37,2000,2008,8,0.0,1.0
cs,37,2000,2009,9,0.038742,0.961258
cs,37,2000,2010,10,0.0,1.0
cs,37,2000,2011,11,0.057096,0.942904
cs,37,2000,2012,12,0.095838,0.904162
cs,37,2000,2013,13,0.038742,0.961258
cs,37,2000,2014,14,0.038742,0.961258
cs,37,2000,2015,15,0.043525,0.956475
cs,37,2000,2016,16,0.049504,0.950496
cs,37,2000,2017,17,0.0,1.0
cs,37,2000,2018,18,0.043525,0.956475
cs,37,2000,2019,19,0.038742,0.961258
cs,37,2000,2020,20,0.043525,0.956475
cs,37,2000,2021,21,0.043525,0.956475
cs,37,2000,2022,22,0.043525,0.956475
cs,37,2000,2023,23,0.043525,0.956475
cs,37,2000,2024,24,0.043525,0.956475
cs,37,2000,2025,25,0.049504,0.950496
cs,38,2000,2000,0,1.0,0.0
cs,38,2000,2001,1,0.450386,0.549614
cs,38,2000,2002,2,0.150124,0.849876
cs,38,2000,2003,3,0.18068,0.81932
cs,38,2000,2004,4,0.314151,0.685849
cs,38,2000,2005,5,0.314151,0.685849
cs,38,2000,2006,6,0.314151,0.685849
cs,38,2000,2007,7,0.309368,0.690632
cs,38,2000,2008,8,0.270626,0.729374
cs,38,2000,2009,9,0.314151,0.685849
cs,38,2000,2010,10,0.314151,0.685849
cs,38,2000,2011,11,0.309368,0.690632
cs,38,2000,2012,12,0.270626,0.729374
cs,38,2000,2013,13,0.270626,0.729374
cs,38,2000,2014,14,0.270626,0.729374
cs,38,2000,2015,15,0.270626,0.729374
cs,38,2000,2016,16,0.270626,0.729374
cs,38,2000,2017,17,0.270626,0.729374
cs,38,2000,2018,18,0.270626,0.729374
cs,38,2000,2019,19,0.270626,0.729374
cs,38,2000,2020,20,0.270626,0.729374
cs,38,2000,2021,21,0.270626,0.729374
cs,38,2000,2022,22,0.270626,0.729374
cs,38,2000,2023,23,0.270626,0.729374
cs,38,2000,2024,24,0.270626,0.729374
cs,38,2000,2025,25,0.270626,0.729374
cs,39,2000,2000,0,1.0,0.0
cs,39,2000,2004,4,0.137026,0.862974
cs,39,2000,2005,5,0.137026,0.862974
cs,39,2000,2006,6,0.180551,0.819449
cs,39,2000,2009,9,0.038742,0.961258
cs,39,2000,2010,10,0.149204,0.850796
cs,39,2000,2011,11,0.180551,0.819449
cs,39,2000,2012,12,0.180551,0.819449
cs,39,2000,2013,13,0.180551,0.819449
cs,39,2000,2014,14,0.180551,0.819449
cs,39,2000,2015,15,0.180551,0.819449
cs,39,2000,2016,16,0.180551,0.819449
cs,39,2000,2017,17,0.180551,0.819449
cs,39,2000,2018,18,0.180551,0.819449
cs,39,2000,2019,19,0.180551,0.819449
cs,39,2000,2020,20,0.180551,0.819449
cs,39,2000,2021,21,0.180551,0.819449
cs,39,2000,2022,22,0.180551,0.819449
cs,39,2000,2023,23,0.180551,0.819449
cs,39,2000,2024,24,0.180551,0.819449
cs,39,2000,2025,25,0.180551,0.819449
cs,40,2000,2000,0,1.0,0.0
cs,40,2000,2001,1,0.343093,0.656907
cs,40,2000,2003,3,0.0,1.0
cs,40,2000,2004,4,0.0,1.0
cs,40,2000,2005,5,0.0,1.0
cs,40,2000,2006,6,0.049504,0.950496
cs,40,2000,2007,7,0.043525,0.956475
cs,40,2000,2008,8,0.049504,0.950496
cs,40,2000,2009,9,0.043525,0.956475
cs,40,2000,2010,10,0.049504,0.950496
cs,40,2000,2011,11,0.049504,0.950496
cs,40,2000,2012,12,0.049504,0.950496
cs,40,2000,2013,13,0.049504,0.950496
cs,40,2000,2014,14,0.049504,0.950496
cs,40,2000,2015,15,0.049504,0.950496
cs,40,2000,2016,16,0.049504,0.950496
cs,40,2000,2017,17,0.049504,0.950496
cs,40,2000,2018,18,0.049504,0.950496
cs,40,2000,2019,19,0.049504,0.950496
cs,40,2000,2020,20,0.049504,0.950496
cs,40,2000,2021,21,0.049504,0.950496
cs,40,2000,2022,22,0.049504,0.950496
cs,40,2000,2023,23,0.049504,0.950496
cs,40,2000,2024,24,0.049504,0.950496
cs,40,2000,2025,25,0.049504,0.950496
cs,41,2001,2001,0,1.0,0.0
cs,41,2001,2003,2,0.066937,0.933063
cs,41,2001,2004,3,0.057096,0.942904
cs,41,2001,2005,4,0.0,1.0
cs,41,2001,2006,5,0.043525,0.956475
cs,41,2001,2007,6,0.257055,0.742945
cs,41,2001,2008,7,0.218313,0.781687
cs,41,2001,2009,8,0.207551,0.792449
cs,41,2001,2010,9,0.28525,0.71475
cs,41,2001,2011,10,0.28525,0.71475
cs,41,2001,2012,11,0.28525,0.71475
cs,41,2001,2013,12,0.28525,0.71475
cs,41,2001,2014,13,0.28525,0.71475
cs,41,2001,2015,14,0.274489,0.725511
cs,41,2001,2016,15,0.229264,0.770736
cs,41,2001,2017,16,0.229264,0.770736
cs,41,2001,2018,17,0.229264,0.770736
cs,41,2001,2019,18,0.28525,0.71475
cs,41,2001,2020,19,0.28525,0.71475
cs,41,2001,2021,20,0.279272,0.720728
cs,41,2001,2022,21,0.235747,0.764253
cs,41,2001,2023,22,0.274489,0.725511
cs,41,2001,2024,23,0.274489,0.725511
cs,41,2001,2025,24,0.279272,0.720728
cs,42,2000,2000,0,1.0,0.0
cs,42,2000,2001,1,0.651569,0.348431
cs,42,2000,2002,2,0.589691,0.410309
cs,42,2000,2003,3,0.50976,0.49024
cs,42,2000,2004,4,0.523948,0.476052
cs,42,2000,2005,5,0.505723,0.494277
cs,42,2000,2006,6,0.523948,0.476052
cs,42,2000,2007,7,0.519601,0.480399
cs,42,2000,2008,8,0.469189,0.530811
cs,42,2000,2009,9,0.531344,0.468656
cs,42,2000,2010,10,0.558344,0.441656
cs,42,2000,2011,11,0.51391,0.48609
cs,42,2000,2012,12,0.425664,0.574336
cs,42,2000,2013,13,0.475168,0.524832
cs,42,2000,2014,14,0.492601,0.507399
cs,42,2000,2015,15,0.464406,0.535594
cs,42,2000,2016,16,0.464406,0.535594
cs,42,2000,2017,17,0.464406,0.535594
cs,42,2000,2018,18,0.407439,0.592561
cs,42,2000,2019,19,0.491406,0.508594
cs,42,2000,2020,20,0.425664,0.574336
cs,42,2000,2021,21,0.452664,0.547336
cs,42,2000,2022,22,0.425664,0.574336
cs,42,2000,2023,23,0.452664,0.547336
cs,42,2000,2024,24,0.491406,0.508594
cs,42,2000,2025,25,0.452664,0.547336
cs,43,2000,2000,0,1.0,0.0
cs,43,2000,2002,2,0.049504,0.950496
cs,43,2000,2003,3,0.0,1.0
cs,43,2000,2004,4,0.098284,0.901716
cs,43,2000,2005,5,0.080059,0.919941
cs,43,2000,2006,6,0.098284,0.901716
cs,43,2000,2008,8,0.0,1.0
cs,43,2000,2009,9,0.043525,0.956475
cs,43,2000,2010,10,0.223568,0.776432
cs,43,2000,2011,11,0.15538,0.84462
cs,43,2000,2012,12,0.223568,0.776432
cs,43,2000,2013,13,0.196568,0.803432
cs,43,2000,2014,14,0.165221,0.834779
cs,43,2000,2015,15,0.196568,0.803432
cs,43,2000,2016,16,0.196568,0.803432
cs,43,2000,2017,17,0.223568,0.776432
cs,43,2000,2018,18,0.223568,0.776432
cs,43,2000,2019,19,0.223568,0.776432
cs,43,2000,2020,20,0.223568,0.776432
cs,43,2000,2021,21,0.223568,0.776432
cs,43,2000,2022,22,0.223568,0.776432
cs,43,2000,2023,23,0.223568,0.776432
cs,43,2000,2024,24,0.196568,0.803432
cs,43,2000,2025,25,0.196568,0.803432
cs,44,2000,2000,0,1.0,0.0
cs,44,2000,2002,2,0.080059,0.919941
cs,44,2000,2003,3,0.080059,0.919941
cs,44,2000,2007,7,0.080059,0.919941
cs,44,2000,2009,9,0.106599,0.893401
cs,44,2000,2010,10,0.137155,0.862845
cs,44,2000,2012,12,0.080059,0.919941
cs,44,2000,2013,13,0.080059,0.919941
cs,44,2000,2014,14,0.137155,0.862845
cs,44,2000,2015,15,0.137155,0.862845
cs,44,2000,2016,16,0.137155,0.862845
cs,44,2000,2017,17,0.137155,0.862845
cs,44,2000,2018,18,0.137155,0.862845
cs,44,2000,2019,19,0.137155,0.862845
cs,44,2000,2020,20,0.137155,0.862845
cs,44,2000,2021,21,0.137155,0.862845
cs,44,2000,2022,22,0.137155,0.862845
cs,44,2000,2023,23,0.137155,0.862845
cs,44,2000,2024,24,0.137155,0.862845
cs,44,2000,2025,25,0.137155,0.862845
cs,45,2000,2000,0,1.0,0.0
cs,45,2000,2001,1,0.607399,0.392601
cs,45,2000,2002,2,0.375964,0.624036
cs,45,2000,2003,3,0.270284,0.729716
cs,45,2000,2004,4,0.313809,0.686191
cs,45,2000,2005,5,0.170284,0.829716
cs,45,2000,2006,6,0.125284,0.874716
cs,45,2000,2008,8,0.038742,0.961258
cs,45,2000,2010,10,0.080059,0.919941
cs,45,2000,2011,11,0.213809,0.786191
cs,45,2000,2012,12,0.080059,0.919941
cs,45,2000,2013,13,0.270284,0.729716
cs,45,2000,2014,14,0.313809,0.686191
cs,45,2000,2015,15,0.313809,0.686191
cs,45,2000,2016,16,0.313809,0.686191
cs,45,2000,2017,17,0.313809,0.686191
cs,45,2000,2018,18,0.313809,0.686191
cs,45,2000,2019,19,0.313809,0.686191
cs,45,2000,2020,20,0.313809,0.686191
cs,45,2000,2021,21,0.270284,0.729716
cs,45,2000,2022,22,0.270284,0.729716
cs,45,2000,2023,23,0.270284,0.729716
cs,45,2000,2024,24,0.270284,0.729716
cs,45,2000,2025,25,0.270284,0.729716
cs,46,2002,2002,0,1.0,0.0
cs,46,2002,2003,1,0.587991,0.412009
cs,46,2002,2004,2,0.252551,0.747449
cs,46,2002,2005,3,0.105679,0.894321
cs,46,2002,2006,4,0.038742,0.961258
cs,46,2002,2007,5,0.038742,0.961258
cs,46,2002,2009,7,0.0,1.0
cs,46,2002,2011,9,0.145342,0.854658
cs,46,2002,2012,10,0.415626,0.584374
cs,46,2002,2013,11,0.266122,0.733878
cs,46,2002,2014,12,0.207551,0.792449
cs,46,2002,2015,13,0.077484,0.922516
cs,46,2002,2016,14,0.038742,0.961258
cs,46,2002,2017,15,0.038742,0.961258
cs,46,2002,2018,16,0.038742,0.961258
cs,46,2002,2019,17,0.038742,0.961258
cs,46,2002,2020,18,0.038742,0.961258
cs,46,2002,2021,19,0.038742,0.961258
cs,46,2002,2022,20,0.038742,0.961258
cs,46,2002,2023,21,0.038742,0.961258
cs,46,2002,2024,22,0.038742,0.961258
cs,46,2002,2025,23,0.038742,0.961258
cs,47,2000,2000,0,1.0,0.0
cs,47,2000,2001,1,0.582719,0.417281
cs,47,2000,2002,2,0.274489,0.725511
cs,47,2000,2003,3,0.257055,0.742945
cs,47,2000,2004,4,0.164026,0.835974
cs,47,2000,2005,5,0.164026,0.835974
cs,47,2000,2006,6,0.21353,0.78647
cs,47,2000,2007,7,0.105679,0.894321
cs,47,2000,2008,8,0.088246,0.911754
cs,47,2000,2009,9,0.118801,0.881199
cs,47,2000,2010,10,0.164026,0.835974
cs,47,2000,2011,11,0.164026,0.835974
cs,47,2000,2012,12,0.164026,0.835974
cs,47,2000,2013,13,0.137026,0.862974
cs,47,2000,2014,14,0.164026,0.835974
cs,47,2000,2015,15,0.164026,0.835974
cs,47,2000,2016,16,0.164026,0.835974
cs,47,2000,2017,17,0.164026,0.835974
cs,47,2000,2018,18,0.164026,0.835974
cs,47,2000,2019,19,0.175768,0.824232
cs,47,2000,2020,20,0.175768,0.824232
cs,47,2000,2021,21,0.164026,0.835974
cs,47,2000,2022,22,0.202768,0.797232
cs,47,2000,2023,23,0.207551,0.792449
cs,47,2000,2024,24,0.207551,0.792449
cs,47,2000,2025,25,0.164026,0.835974
cs,48,2000,2000,0,1.0,0.0
cs,48,2000,2001,1,0.70626,0.29374
cs,48,2000,2002,2,0.462622,0.537378
cs,48,2000,2003,3,0.253596,0.746404
cs,48,2000,2004,4,0.204092,0.795908
cs,48,2000,2005,5,0.137155,0.862845
cs,48,2000,2006,6,0.137155,0.862845
cs,48,2000,2007,7,0.118801,0.881199
cs,48,2000,2008,8,0.175897,0.824103
cs,48,2000,2009,9,0.163695,0.836305
cs,48,2000,2010,10,0.194251,0.805749
cs,48,2000,2011,11,0.204092,0.795908
cs,48,2000,2012,12,0.235439,0.764561
cs,48,2000,2013,13,0.217214,0.782786
cs,48,2000,2014,14,0.221869,0.778131
cs,48,2000,2015,15,0.221869,0.778131
cs,48,2000,2016,16,0.254847,0.745153
cs,48,2000,2017,17,0.254847,0.745153
cs,48,2000,2018,18,0.249317,0.750683
cs,48,2000,2019,19,0.249317,0.750683
cs,48,2000,2020,20,0.239476,0.760524
cs,48,2000,2021,21,0.239476,0.760524
cs,48,2000,2022,22,0.239476,0.760524
cs,48,2000,2023,23,0.231884,0.768116
cs,48,2000,2024,24,0.249317,0.750683
cs,48,2000,2025,25,0.239476,0.760524
cs,49,2000,2000,0,1.0,0.0
cs,49,2000,2001,1,0.476926,0.523074
cs,49,2000,2002,2,0.196459,0.803541
cs,49,2000,2003,3,0.139363,0.860637
cs,49,2000,2004,4,0.139363,0.860637
cs,49,2000,2005,5,0.139363,0.860637
cs,49,2000,2006,6,0.139363,0.860637
cs,49,2000,2007,7,0.139363,0.860637
cs,49,2000,2008,8,0.139363,0.860637
cs,49,2000,2009,9,0.139363,0.860637
cs,49,2000,2010,10,0.139363,0.860637
cs,49,2000,2011,11,0.139363,0.860637
cs,49,2000,2012,12,0.139363,0.860637
cs,49,2000,2013,13,0.139363,0.860637
cs,49,2000,2014,14,0.139363,0.860637
cs,49,2000,2015,15,0.139363,0.860637
cs,49,2000,2016,16,0.139363,0.860637
cs,49,2000,2017,17,0.139363,0.860637
cs,49,2000,2018,18,0.139363,0.860637
cs,49,2000,2019,19,0.139363,0.860637
cs,49,2000,2020,20,0.139363,0.860637
cs,49,2000,2021,21,0.139363,0.860637
cs,49,2000,2022,22,0.139363,0.860637
cs,49,2000,2023,23,0.139363,0.860637
cs,49,2000,2024,24,0.139363,0.860637
cs,49,2000,2025,25,0.139363,0.860637
cs,50,2000,2000,0,1.0,0.0
cs,50,2000,2001,1,0.345072,0.654928
cs,50,2000,2002,2,0.174788,0.825212
cs,50,2000,2003,3,0.307439,0.692561
cs,50,2000,2004,4,0.049504,0.950496
cs,50,2000,2005,5,0.066937,0.933063
cs,50,2000,2006,6,0.170284,0.829716
cs,50,2000,2007,7,0.25853,0.74147
cs,50,2000,2008,8,0.170284,0.829716
cs,50,2000,2009,9,0.170284,0.829716
cs,50,2000,2010,10,0.170284,0.829716
cs,50,2000,2011,11,0.263313,0.736687
cs,50,2000,2012,12,0.213809,0.786191
cs,50,2000,2013,13,0.25853,0.74147
cs,50,2000,2014,14,0.276884,0.723116
cs,50,2000,2015,15,0.276884,0.723116
cs,50,2000,2016,16,0.224292,0.775708
cs,50,2000,2017,17,0.270626,0.729374
cs,50,2000,2018,18,0.257055,0.742945
cs,50,2000,2019,19,0.219788,0.780212
cs,50,2000,2020,20,0.219788,0.780212
cs,50,2000,2021,21,0.21353,0.78647
cs,50,2000,2022,22,0.25853,0.74147
cs,50,2000,2023,23,0.25853,0.74147
cs,50,2000,2024,24,0.218313,0.781687
cs,50,2000,2025,25,0.21353,0.78647
cs,51,2003,2003,0,1.0,0.0
cs,51,2003,2004,1,0.612654,0.387346
cs,51,2003,2005,2,0.118801,0.881199
cs,51,2003,2010,7,0.043525,0.956475
cs,51,2003,2011,8,0.043525,0.956475
cs,51,2003,2012,9,0.043525,0.956475
cs,51,2003,2013,10,0.038742,0.961258
cs,51,2003,2014,11,0.043525,0.956475
cs,51,2003,2015,12,0.043525,0.956475
cs,51,2003,2016,13,0.043525,0.956475
cs,51,2003,2017,14,0.043525,0.956475
cs,51,2003,2018,15,0.038742,0.961258
cs,51,2003,2019,16,0.0,1.0
cs,51,2003,2020,17,0.038742,0.961258
cs,51,2003,2021,18,0.038742,0.961258
cs,51,2003,2022,19,0.038742,0.961258
cs,51,2003,2023,20,0.043525,0.956475
cs,51,2003,2024,21,0.038742,0.961258
cs,51,2003,2025,22,0.043525,0.956475
cs,52,2000,2000,0,1.0,0.0
cs,52,2000,2001,1,0.542565,0.457435
cs,52,2000,2003,3,0.049504,0.950496
cs,52,2000,2004,4,0.270284,0.729716
cs,52,2000,2005,5,0.270284,0.729716
cs,52,2000,2006,6,0.270284,0.729716
cs,52,2000,2007,7,0.270284,0.729716
cs,52,2000,2009,9,0.270284,0.729716
cs,52,2000,2010,10,0.270284,0.729716
cs,52,2000,2011,11,0.270284,0.729716
cs,52,2000,2012,12,0.270284,0.729716
cs,52,2000,2013,13,0.270284,0.729716
cs,52,2000,2014,14,0.270284,0.729716
cs,52,2000,2015,15,0.270284,0.729716
cs,52,2000,2016,16,0.270284,0.729716
cs,52,2000,2017,17,0.270284,0.729716
cs,52,2000,2018,18,0.270284,0.729716
cs,52,2000,2019,19,0.270284,0.729716
cs,52,2000,2020,20,0.270284,0.729716
cs,52,2000,2021,21,0.270284,0.729716
cs,52,2000,2022,22,0.270284,0.729716
cs,52,2000,2023,23,0.270284,0.729716
cs,52,2000,2024,24,0.270284,0.729716
cs,52,2000,2025,25,0.270284,0.729716
cs,53,2000,2000,0,1.0,0.0
cs,53,2000,2001,1,0.531008,0.468992
cs,53,2000,2003,3,0.0,1.0
cs,53,2000,2004,4,0.0,1.0
cs,53,2000,2005,5,0.0,1.0
cs,53,2000,2006,6,0.0,1.0
cs,53,2000,2007,7,0.0,1.0
cs,53,2000,2008,8,0.0,1.0
cs,53,2000,2009,9,0.0,1.0
cs,53,2000,2010,10,0.0,1.0
cs,53,2000,2011,11,0.0,1.0
cs,53,2000,2012,12,0.0,1.0
cs,53,2000,2013,13,0.0,1.0
cs,53,2000,2014,14,0.0,1.0
cs,53,2000,2015,15,0.0,1.0
cs,53,2000,2016,16,0.0,1.0
cs,53,2000,2017,17,0.0,1.0
cs,53,2000,2018,18,0.0,1.0
cs,53,2000,2019,19,0.0,1.0
cs,53,2000,2020,20,0.0,1.0
cs,53,2000,2021,21,0.0,1.0
cs,53,2000,2022,22,0.0,1.0
cs,53,2000,2023,23,0.0,1.0
cs,53,2000,2024,24,0.0,1.0
cs,53,2000,2025,25,0.0,1.0
cs,54,2000,2000,0,1.0,0.0
cs,54,2000,2001,1,0.601869,0.398131
cs,54,2000,2002,2,0.185334,0.814666
cs,54,2000,2003,3,0.0,1.0
cs,54,2000,2004,4,0.0,1.0
cs,54,2000,2005,5,0.0,1.0
cs,54,2000,2006,6,0.0,1.0
cs,54,2000,2007,7,0.0,1.0
cs,54,2000,2008,8,0.038742,0.961258
cs,54,2000,2009,9,0.0,1.0
cs,54,2000,2010,10,0.043525,0.956475
cs,54,2000,2011,11,0.043525,0.956475
cs,54,2000,2012,12,0.043525,0.956475
cs,54,2000,2013,13,0.043525,0.956475
cs,54,2000,2014,14,0.043525,0.956475
cs,54,2000,2015,15,0.043525,0.956475
cs,54,2000,2016,16,0.043525,0.956475
cs,54,2000,2017,17,0.043525,0.956475
cs,54,2000,2018,18,0.043525,0.956475
cs,54,2000,2019,19,0.043525,0.956475
cs,54,2000,2020,20,0.043525,0.956475
cs,54,2000,2021,21,0.043525,0.956475
cs,54,2000,2022,22,0.043525,0.956475
cs,54,2000,2023,23,0.043525,0.956475
cs,54,2000,2024,24,0.043525,0.956475
cs,54,2000,2025,25,0.043525,0.956475
cs,55,2004,2004,0,1.0,0.0
cs,55,2004,2005,1,0.821657,0.178343
cs,55,2004,2006,2,0.307439,0.692561
cs,55,2004,2007,3,0.0,1.0
cs,55,2004,2008,4,0.0,1.0
cs,55,2004,2009,5,0.0,1.0
cs,55,2004,2010,6,0.0,1.0
cs,55,2004,2011,7,0.0,1.0
cs,55,2004,2012,8,0.0,1.0
cs,55,2004,2013,9,0.0,1.0
cs,55,2004,2014,10,0.0,1.0
cs,55,2004,2015,11,0.0,1.0
cs,55,2004,2016,12,0.0,1.0
cs,55,2004,2017,13,0.0,1.0
cs,55,2004,2018,14,0.0,1.0
cs,55,2004,2019,15,0.0,1.0
cs,55,2004,2020,16,0.0,1.0
cs,55,2004,2021,17,0.0,1.0
cs,55,2004,2022,18,0.0,1.0
cs,55,2004,2023,19,0.0,1.0
cs,55,2004,2024,20,0.0,1.0
cs,55,2004,2025,21,0.0,1.0
cs,56,2000,2000,0,1.0,0.0
cs,56,2000,2001,1,0.661691,0.338309
cs,56,2000,2002,2,0.454368,0.545632
cs,56,2000,2003,3,0.589691,0.410309
cs,56,2000,2004,4,0.384476,0.615524
cs,56,2000,2005,5,0.270626,0.729374
cs,56,2000,2006,6,0.243626,0.756374
cs,56,2000,2007,7,0.622078,0.377922
cs,56,2000,2008,8,0.175897,0.824103
cs,56,2000,2009,9,0.15538,0.84462
cs,56,2000,2010,10,0.284476,0.715524
cs,56,2000,2011,11,0.304864,0.695136
cs,56,2000,2012,12,0.139363,0.860637
cs,56,2000,2013,13,0.145342,0.854658
cs,56,2000,2014,14,0.196459,0.803541
cs,56,2000,2015,15,0.245962,0.754038
cs,56,2000,2016,16,0.214639,0.785361
cs,56,2000,2017,17,0.264143,0.735857
cs,56,2000,2018,18,0.212279,0.787721
cs,56,2000,2019,19,0.196459,0.803541
cs,56,2000,2020,20,0.152934,0.847066
cs,56,2000,2021,21,0.13458,0.86542
cs,56,2000,2022,22,0.145342,0.854658
cs,56,2000,2023,23,0.145342,0.854658
cs,56,2000,2024,24,0.152934,0.847066
cs,56,2000,2025,25,0.139363,0.860637
cs,57,2001,2001,0,1.0,0.0
cs,57,2001,2004,3,0.125284,0.874716
cs,57,2001,2006,5,0.125284,0.874716
cs,57,2001,2008,7,0.125284,0.874716
cs,57,2001,2009,8,0.125284,0.874716
cs,57,2001,2010,9,0.125284,0.874716
cs,57,2001,2011,10,0.125284,0.874716
cs,57,2001,2012,11,0.125284,0.874716
cs,57,2001,2013,12,0.125284,0.874716
cs,57,2001,2014,13,0.125284,0.874716
cs,57,2001,2015,14,0.125284,0.874716
cs,57,2001,2016,15,0.125284,0.874716
cs,57,2001,2017,16,0.125284,0.874716
cs,57,2001,2018,17,0.125284,0.874716
cs,57,2001,2019,18,0.125284,0.874716
cs,57,2001,2020,19,0.125284,0.874716
cs,57,2001,2021,20,0.125284,0.874716
cs,57,2001,2022,21,0.125284,0.874716
cs,57,2001,2023,22,0.125284,0.874716
cs,57,2001,2024,23,0.125284,0.874716
cs,57,2001,2025,24,0.125284,0.874716
cs,58,2002,2002,0,1.0,0.0
cs,58,2002,2004,2,0.0,1.0
cs,58,2002,2005,3,0.0,1.0
cs,58,2002,2008,6,0.124033,0.875967
cs,58,2002,2010,8,0.066937,0.933063
cs,58,2002,2011,9,0.066937,0.933063
cs,58,2002,2012,10,0.066937,0.933063
cs,58,2002,2013,11,0.146996,0.853004
cs,58,2002,2014,12,0.105679,0.894321
cs,58,2002,2015,13,0.133874,0.866126
cs,58,2002,2016,14,0.146996,0.853004
cs,58,2002,2017,15,0.146996,0.853004
cs,58,2002,2018,16,0.165221,0.834779
cs,58,2002,2019,17,0.165221,0.834779
cs,58,2002,2020,18,0.165221,0.834779
cs,58,2002,2021,19,0.165221,0.834779
cs,58,2002,2022,20,0.165221,0.834779
cs,58,2002,2023,21,0.165221,0.834779
cs,58,2002,2024,22,0.165221,0.834779
cs,58,2002,2025,23,0.165221,0.834779
cs,59,2002,2002,0,1.0,0.0
cs,59,2002,2003,1,0.465069,0.534931
cs,59,2002,2004,2,0.0,1.0
cs,59,2002,2005,3,0.0,1.0
cs,59,2002,2006,4,0.038742,0.961258
cs,59,2002,2007,5,0.0,1.0
cs,59,2002,2008,6,0.123584,0.876416
cs,59,2002,2010,8,0.0,1.0
cs,59,2002,2011,9,0.0,1.0
cs,59,2002,2012,10,0.0,1.0
cs,59,2002,2013,11,0.0,1.0
cs,59,2002,2014,12,0.0,1.0
cs,59,2002,2015,13,0.0,1.0
cs,59,2002,2016,14,0.0,1.0
cs,59,2002,2017,15,0.049504,0.950496
cs,59,2002,2018,16,0.049504,0.950496
cs,59,2002,2019,17,0.0,1.0
cs,59,2002,2020,18,0.0,1.0
cs,59,2002,2021,19,0.0,1.0
cs,59,2002,2022,20,0.0,1.0
cs,59,2002,2023,21,0.0,1.0
cs,59,2002,2024,22,0.0,1.0
cs,59,2002,2025,23,0.0,1.0
cs,60,2000,2000,0,1.0,0.0
cs,60,2000,2001,1,0.452664,0.547336
cs,60,2000,2002,2,0.205343,0.794657
cs,60,2000,2003,3,0.0,1.0
cs,60,2000,2004,4,0.038742,0.961258
cs,60,2000,2005,5,0.038742,0.961258
cs,60,2000,2006,6,0.038742,0.961258
cs,60,2000,2007,7,0.209026,0.790974
cs,60,2000,2008,8,0.038742,0.961258
cs,60,2000,2009,9,0.095838,0.904162
cs,60,2000,2010,10,0.095838,0.904162
cs,60,2000,2011,11,0.077484,0.922516
cs,60,2000,2012,12,0.105679,0.894321
cs,60,2000,2013,13,0.105679,0.894321
cs,60,2000,2014,14,0.137026,0.862974
cs,60,2000,2015,15,0.105679,0.894321
cs,60,2000,2016,16,0.088246,0.911754
cs,60,2000,2017,17,0.082267,0.917733
cs,60,2000,2018,18,0.082267,0.917733
cs,60,2000,2019,19,0.038742,0.961258
cs,60,2000,2020,20,0.038742,0.961258
cs,60,2000,2021,21,0.038742,0.961258
cs,60,2000,2022,22,0.038742,0.961258
cs,60,2000,2023,23,0.038742,0.961258
cs,60,2000,2024,24,0.038742,0.961258
cs,60,2000,2025,25,0.038742,0.961258
cs,61,2000,2000,0,1.0,0.0
cs,61,2000,2001,1,0.334311,0.665689
cs,61,2000,2002,2,0.479311,0.520689
cs,61,2000,2003,3,0.539576,0.460424
cs,61,2000,2004,4,0.490072,0.509928
cs,61,2000,2005,5,0.490072,0.509928
cs,61,2000,2006,6,0.490072,0.509928
cs,61,2000,2007,7,0.490072,0.509928
cs,61,2000,2008,8,0.490072,0.509928
cs,61,2000,2009,9,0.490072,0.509928
cs,61,2000,2010,10,0.547168,0.452832
cs,61,2000,2011,11,0.528814,0.471186
cs,61,2000,2012,12,0.440568,0.559432
cs,61,2000,2013,13,0.490072,0.509928
cs,61,2000,2014,14,0.490072,0.509928
cs,61,2000,2015,15,0.570131,0.429869
cs,61,2000,2016,16,0.497664,0.502336
cs,61,2000,2017,17,0.490072,0.509928
cs,61,2000,2018,18,0.520628,0.479372
cs,61,2000,2019,19,0.520628,0.479372
cs,61,2000,2020,20,0.520628,0.479372
cs,61,2000,2021,21,0.55937,0.44063
cs,61,2000,2022,22,0.570131,0.429869
cs,61,2000,2023,23,0.512009,0.487991
cs,61,2000,2024,24,0.55937,0.44063
cs,61,2000,2025,25,0.570131,0.429869
cs,62,2002,2002,0,1.0,0.0
cs,62,2002,2004,2,0.080059,0.919941
cs,62,2002,2009,7,0.049504,0.950496
cs,62,2002,2012,10,0.057096,0.942904
cs,62,2002,2013,11,0.043525,0.956475
cs,62,2002,2014,12,0.106599,0.893401
cs,62,2002,2016,14,0.141809,0.858191
cs,62,2002,2017,15,0.125284,0.874716
cs,62,2002,2018,16,0.125284,0.874716
cs,62,2002,2019,17,0.125284,0.874716
cs,62,2002,2020,18,0.125284,0.874716
cs,62,2002,2021,19,0.125284,0.874716
cs,62,2002,2022,20,0.125284,0.874716
cs,62,2002,2023,21,0.125284,0.874716
cs,62,2002,2024,22,0.080059,0.919941
cs,62,2002,2025,23,0.125284,0.874716
cs,63,2001,2001,0,1.0,0.0
cs,63,2001,2013,12,0.0,1.0
cs,63,2001,2015,14,0.0,1.0
cs,63,2001,2016,15,0.043525,0.956475
cs,63,2001,2017,16,0.043525,0.956475
cs,63,2001,2018,17,0.038742,0.961258
cs,63,2001,2019,18,0.043525,0.956475
cs,63,2001,2020,19,0.043525,0.956475
cs,63,2001,2021,20,0.043525,0.956475
cs,63,2001,2022,21,0.08705,0.91295
cs,63,2001,2023,22,0.08705,0.91295
cs,63,2001,2024,23,0.100621,0.899379
cs,63,2001,2025,24,0.100621,0.899379
cs,64,2000,2000,0,1.0,0.0
cs,64,2000,2001,1,0.750832,0.249168
cs,64,2000,2002,2,0.441185,0.558815
cs,64,2000,2003,3,0.356023,0.643977
cs,64,2000,2004,4,0.275964,0.724036
cs,64,2000,2005,5,0.170284,0.829716
cs,64,2000,2008,8,0.170284,0.829716
cs,64,2000,2009,9,0.209026,0.790974
cs,64,2000,2012,12,0.280747,0.719253
cs,64,2000,2013,13,0.319489,0.680511
cs,64,2000,2014,14,0.275964,0.724036
cs,64,2000,2015,15,0.275964,0.724036
cs,64,2000,2016,16,0.275964,0.724036
cs,64,2000,2017,17,0.275964,0.724036
cs,64,2000,2018,18,0.275964,0.724036
cs,64,2000,2019,19,0.275964,0.724036
cs,64,2000,2020,20,0.275964,0.724036
cs,64,2000,2021,21,0.275964,0.724036
cs,64,2000,2022,22,0.275964,0.724036
cs,64,2000,2023,23,0.275964,0.724036
cs,64,2000,2024,24,0.275964,0.724036
cs,64,2000,2025,25,0.275964,0.724036
cs,65,2002,2002,0,1.0,0.0
cs,65,2002,2003,1,0.519601,0.480399
cs,65,2002,2004,2,0.250568,0.749432
cs,65,2002,2005,3,0.125284,0.874716
cs,65,2002,2010,8,0.125284,0.874716
cs,65,2002,2011,9,0.125284,0.874716
cs,65,2002,2012,10,0.125284,0.874716
cs,65,2002,2013,11,0.125284,0.874716
cs,65,2002,2014,12,0.125284,0.874716
cs,65,2002,2015,13,0.18238,0.81762
cs,65,2002,2016,14,0.168809,0.831191
cs,65,2002,2017,15,0.125284,0.874716
cs,65,2002,2018,16,0.125284,0.874716
cs,65,2002,2019,17,0.125284,0.874716
cs,65,2002,2020,18,0.125284,0.874716
cs,65,2002,2021,19,0.125284,0.874716
cs,65,2002,2022,20,0.125284,0.874716
cs,65,2002,2023,21,0.125284,0.874716
cs,65,2002,2024,22,0.125284,0.874716
cs,65,2002,2025,23,0.125284,0.874716
cs,66,2000,2000,0,1.0,0.0
cs,66,2000,2001,1,0.936926,0.063074
cs,66,2000,2002,2,0.629435,0.370565
cs,66,2000,2003,3,0.368568,0.631432
cs,66,2000,2004,4,0.275964,0.724036
cs,66,2000,2005,5,0.043525,0.956475
cs,66,2000,2006,6,0.043525,0.956475
cs,66,2000,2007,7,0.043525,0.956475
cs,66,2000,2008,8,0.043525,0.956475
cs,66,2000,2009,9,0.043525,0.956475
cs,66,2000,2010,10,0.043525,0.956475
cs,66,2000,2011,11,0.0,1.0
cs,66,2000,2012,12,0.043525,0.956475
cs,66,2000,2013,13,0.043525,0.956475
cs,66,2000,2014,14,0.043525,0.956475
cs,66,2000,2015,15,0.043525,0.956475
cs,66,2000,2016,16,0.043525,0.956475
cs,66,2000,2017,17,0.043525,0.956475
cs,66,2000,2018,18,0.043525,0.956475
cs,66,2000,2019,19,0.043525,0.956475
cs,66,2000,2020,20,0.043525,0.956475
cs,66,2000,2021,21,0.043525,0.956475
cs,66,2000,2022,22,0.043525,0.956475
cs,66,2000,2023,23,0.043525,0.956475
cs,66,2000,2024,24,0.043525,0.956475
cs,66,2000,2025,25,0.043525,0.956475
cs,67,2008,2008,0,1.0,0.0
cs,67,2008,2013,5,0.0,1.0
cs,67,2008,2015,7,0.0,1.0
cs,67,2008,2016,8,0.0,1.0
cs,67,2008,2017,9,0.049504,0.950496
cs,67,2008,2018,10,0.049504,0.950496
cs,67,2008,2019,11,0.049504,0.950496
cs,67,2008,2020,12,0.049504,0.950496
cs,67,2008,2021,13,0.049504,0.950496
cs,67,2008,2022,14,0.049504,0.950496
cs,67,2008,2023,15,0.049504,0.950496
cs,67,2008,2024,16,0.049504,0.950496
cs,67,2008,2025,17,0.049504,0.950496
cs,68,2002,2002,0,1.0,0.0
cs,68,2002,2003,1,0.185739,0.814261
cs,68,2002,2005,3,0.160118,0.839882
cs,68,2002,2011,9,0.170284,0.829716
cs,68,2002,2012,10,0.170284,0.829716
cs,68,2002,2013,11,0.170284,0.829716
cs,68,2002,2014,12,0.237221,0.762779
cs,68,2002,2015,13,0.250343,0.749657
cs,68,2002,2016,14,0.250343,0.749657
cs,68,2002,2017,15,0.250343,0.749657
cs,68,2002,2018,16,0.250343,0.749657
cs,68,2002,2019,17,0.250343,0.749657
cs,68,2002,2020,18,0.250343,0.749657
cs,68,2002,2021,19,0.250343,0.749657
cs,68,2002,2022,20,0.250343,0.749657
cs,68,2002,2023,21,0.250343,0.749657
cs,68,2002,2024,22,0.250343,0.749657
cs,68,2002,2025,23,0.250343,0.749657
cs,69,2000,2000,0,1.0,0.0
cs,69,2000,2001,1,0.686074,0.313926
cs,69,2000,2002,2,0.635594,0.364406
cs,69,2000,2003,3,0.581307,0.418693
cs,69,2000,2004,4,0.601869,0.398131
cs,69,2000,2005,5,0.54091,0.45909
cs,69,2000,2006,6,0.581307,0.418693
cs,69,2000,2007,7,0.558344,0.441656
cs,69,2000,2008,8,0.558344,0.441656
cs,69,2000,2009,9,0.550752,0.449248
cs,69,2000,2010,10,0.617689,0.382311
cs,69,2000,2011,11,0.640611,0.359389
cs,69,2000,2012,12,0.624832,0.375168
cs,69,2000,2013,13,0.581307,0.418693
cs,69,2000,2014,14,0.599532,0.400468
cs,69,2000,2015,15,0.630811,0.369189
cs,69,2000,2016,16,0.666469,0.333531
cs,69,2000,2017,17,0.606927,0.393073
cs,69,2000,2018,18,0.581307,0.418693
cs,69,2000,2019,19,0.606927,0.393073
cs,69,2000,2020,20,0.581307,0.418693
cs,69,2000,2021,21,0.568185,0.431815
cs,69,2000,2022,22,0.568185,0.431815
cs,69,2000,2023,23,0.568185,0.431815
cs,69,2000,2024,24,0.606927,0.393073
cs,69,2000,2025,25,0.568185,0.431815
cs,70,2000,2000,0,1.0,0.0
cs,70,2000,2003,3,0.098284,0.901716
cs,70,2000,2004,4,0.170284,0.829716
cs,70,2000,2005,5,0.270284,0.729716
cs,70,2000,2006,6,0.270284,0.729716
cs,70,2000,2007,7,0.125284,0.874716
cs,70,2000,2008,8,0.270284,0.729716
cs,70,2000,2009,9,0.270284,0.729716
cs,70,2000,2010,10,0.270284,0.729716
cs,70,2000,2011,11,0.270284,0.729716
cs,70,2000,2012,12,0.270284,0.729716
cs,70,2000,2013,13,0.270284,0.729716
cs,70,2000,2014,14,0.270284,0.729716
cs,70,2000,2015,15,0.270284,0.729716
cs,70,2000,2016,16,0.270284,0.729716
cs,70,2000,2017,17,0.270284,0.729716
cs,70,2000,2018,18,0.270284,0.729716
cs,70,2000,2019,19,0.270284,0.729716
cs,70,2000,2020,20,0.270284,0.729716
cs,70,2000,2021,21,0.270284,0.729716
cs,70,2000,2022,22,0.270284,0.729716
cs,70,2000,2023,23,0.270284,0.729716
cs,70,2000,2024,24,0.270284,0.729716
cs,70,2000,2025,25,0.270284,0.729716
cs,71,2007,2007,0,1.0,0.0
cs,71,2007,2008,1,0.517886,0.482114
cs,71,2007,2009,2,0.254847,0.745153
cs,71,2007,2011,4,0.0,1.0
cs,71,2007,2012,5,0.080059,0.919941
cs,71,2007,2013,6,0.098284,0.901716
cs,71,2007,2014,7,0.038742,0.961258
cs,71,2007,2015,8,0.125284,0.874716
cs,71,2007,2016,9,0.125284,0.874716
cs,71,2007,2017,10,0.125284,0.874716
cs,71,2007,2018,11,0.125284,0.874716
cs,71,2007,2019,12,0.125284,0.874716
cs,71,2007,2020,13,0.125284,0.874716
cs,71,2007,2021,14,0.125284,0.874716
cs,71,2007,2022,15,0.125284,0.874716
cs,71,2007,2023,16,0.125284,0.874716
cs,71,2007,2024,17,0.125284,0.874716
cs,71,2007,2025,18,0.125284,0.874716
cs,72,2000,2000,0,1.0,0.0
cs,72,2000,2005,5,0.319788,0.680212
cs,72,2000,2012,12,0.098284,0.901716
cs,72,2000,2013,13,0.270284,0.729716
cs,72,2000,2014,14,0.270284,0.729716
cs,72,2000,2015,15,0.270284,0.729716
cs,72,2000,2016,16,0.270284,0.729716
cs,72,2000,2017,17,0.270284,0.729716
cs,72,2000,2018,18,0.270284,0.729716
cs,72,2000,2019,19,0.270284,0.729716
cs,72,2000,2020,20,0.270284,0.729716
cs,72,2000,2021,21,0.270284,0.729716
cs,72,2000,2022,22,0.270284,0.729716
cs,72,2000,2023,23,0.270284,0.729716
cs,72,2000,2024,24,0.270284,0.729716
cs,72,2000,2025,25,0.270284,0.729716
cs,73,2000,2000,0,1.0,0.0
cs,73,2000,2001,1,0.123584,0.876416
cs,73,2000,2003,3,0.0,1.0
cs,73,2000,2004,4,0.0,1.0
cs,73,2000,2005,5,0.0,1.0
cs,73,2000,2006,6,0.057096,0.942904
cs,73,2000,2007,7,0.057096,0.942904
cs,73,2000,2008,8,0.0,1.0
cs,73,2000,2009,9,0.0,1.0
cs,73,2000,2010,10,0.0,1.0
cs,73,2000,2011,11,0.0,1.0
cs,73,2000,2012,12,0.0,1.0
cs,73,2000,2013,13,0.0,1.0
cs,73,2000,2014,14,0.0,1.0
cs,73,2000,2015,15,0.049504,0.950496
cs,73,2000,2016,16,0.038742,0.961258
cs,73,2000,2017,17,0.049504,0.950496
cs,73,2000,2018,18,0.049504,0.950496
cs,73,2000,2019,19,0.057096,0.942904
cs,73,2000,2020,20,0.057096,0.942904
cs,73,2000,2021,21,0.057096,0.942904
cs,73,2000,2022,22,0.057096,0.942904
cs,73,2000,2023,23,0.057096,0.942904
cs,73,2000,2024,24,0.057096,0.942904
cs,73,2000,2025,25,0.057096,0.942904
cs,74,2001,2001,0,1.0,0.0
cs,74,2001,2002,1,0.448628,0.551372
cs,74,2001,2004,3,0.425467,0.574533
cs,74,2001,2008,7,0.043525,0.956475
cs,74,2001,2009,8,0.043525,0.956475
cs,74,2001,2010,9,0.043525,0.956475
cs,74,2001,2012,11,0.0,1.0
cs,74,2001,2013,12,0.0,1.0
cs,74,2001,2014,13,0.0,1.0
cs,74,2001,2015,14,0.0,1.0
cs,74,2001,2016,15,0.0,1.0
cs,74,2001,2017,16,0.043525,0.956475
cs,74,2001,2018,17,0.043525,0.956475
cs,74,2001,2019,18,0.043525,0.956475
cs,74,2001,2020,19,0.043525,0.956475
cs,74,2001,2021,20,0.043525,0.956475
cs,74,2001,2022,21,0.043525,0.956475
cs,74,2001,2023,22,0.043525,0.956475
cs,74,2001,2024,23,0.043525,0.956475
cs,74,2001,2025,24,0.043525,0.956475
cs,75,2002,2002,0,1.0,0.0
cs,75,2002,2004,2,0.174788,0.825212
cs,75,2002,2005,3,0.174788,0.825212
cs,75,2002,2006,4,0.174788,0.825212
cs,75,2002,2007,5,0.218313,0.781687
cs,75,2002,2008,6,0.273072,0.726928
cs,75,2002,2011,9,0.173537,0.826463
cs,75,2002,2012,10,0.241725,0.758275
cs,75,2002,2013,11,0.254847,0.745153
cs,75,2002,2014,12,0.273072,0.726928
cs,75,2002,2015,13,0.273072,0.726928
cs,75,2002,2016,14,0.273072,0.726928
cs,75,2002,2017,15,0.273072,0.726928
cs,75,2002,2018,16,0.273072,0.726928
cs,75,2002,2019,17,0.273072,0.726928
cs,75,2002,2020,18,0.273072,0.726928
cs,75,2002,2021,19,0.273072,0.726928
cs,75,2002,2022,20,0.273072,0.726928
cs,75,2002,2023,21,0.273072,0.726928
cs,75,2002,2024,22,0.273072,0.726928
cs,75,2002,2025,23,0.273072,0.726928
cs,76,2006,2006,0,1.0,0.0
cs,76,2006,2011,5,0.0,1.0
cs,76,2006,2012,6,0.235439,0.764561
cs,76,2006,2013,7,0.348628,0.651372
cs,76,2006,2014,8,0.348628,0.651372
cs,76,2006,2015,9,0.348628,0.651372
cs,76,2006,2016,10,0.348628,0.651372
cs,76,2006,2017,11,0.348628,0.651372
cs,76,2006,2018,12,0.348628,0.651372
cs,76,2006,2019,13,0.348628,0.651372
cs,76,2006,2020,14,0.348628,0.651372
cs,76,2006,2021,15,0.348628,0.651372
cs,76,2006,2022,16,0.348628,0.651372
cs,76,2006,2023,17,0.348628,0.651372
cs,76,2006,2024,18,0.348628,0.651372
cs,76,2006,2025,19,0.348628,0.651372
cs,77,2001,2001,0,1.0,0.0
cs,77,2001,2004,3,0.0,1.0
cs,77,2001,2006,5,0.0,1.0
cs,77,2001,2008,7,0.0,1.0
cs,77,2001,2012,11,0.0,1.0
cs,77,2001,2013,12,0.0,1.0
cs,77,2001,2014,13,0.0,1.0
cs,77,2001,2015,14,0.0,1.0
cs,77,2001,2016,15,0.0,1.0
cs,77,2001,2017,16,0.0,1.0
cs,77,2001,2018,17,0.0,1.0
cs,77,2001,2019,18,0.0,1.0
cs,77,2001,2020,19,0.0,1.0
cs,77,2001,2021,20,0.0,1.0
cs,77,2001,2022,21,0.0,1.0
cs,77,2001,2023,22,0.0,1.0
cs,77,2001,2024,23,0.0,1.0
cs,77,2001,2025,24,0.0,1.0
cs,78,2006,2006,0,1.0,0.0
cs,78,2006,2010,4,0.0,1.0
cs,78,2006,2015,9,0.0,1.0
cs,78,2006,2016,10,0.038742,0.961258
cs,78,2006,2017,11,0.043525,0.956475
cs,78,2006,2018,12,0.088246,0.911754
cs,78,2006,2019,13,0.131771,0.868229
cs,78,2006,2020,14,0.093029,0.906971
cs,78,2006,2021,15,0.049504,0.950496
cs,78,2006,2022,16,0.049504,0.950496
cs,78,2006,2023,17,0.043525,0.956475
cs,78,2006,2024,18,0.043525,0.956475
cs,78,2006,2025,19,0.049504,0.950496
cs,79,2007,2007,0,1.0,0.0
cs,79,2007,2011,4,0.125284,0.874716
cs,79,2007,2012,5,0.223568,0.776432
cs,79,2007,2015,8,0.192221,0.807779
cs,79,2007,2016,9,0.123584,0.876416
cs,79,2007,2017,10,0.192221,0.807779
cs,79,2007,2018,11,0.223568,0.776432
cs,79,2007,2019,12,0.223568,0.776432
cs,79,2007,2020,13,0.223568,0.776432
cs,79,2007,2021,14,0.223568,0.776432
cs,79,2007,2022,15,0.223568,0.776432
cs,79,2007,2023,16,0.223568,0.776432
cs,79,2007,2024,17,0.223568,0.776432
cs,79,2007,2025,18,0.223568,0.776432
cs,80,2001,2001,0,1.0,0.0
cs,80,2001,2002,1,0.310563,0.689437
cs,80,2001,2005,4,0.043525,0.956475
cs,80,2001,2006,5,0.0,1.0
cs,80,2001,2007,6,0.080059,0.919941
cs,80,2001,2008,7,0.147788,0.852212
cs,80,2001,2010,9,0.049504,0.950496
cs,80,2001,2012,11,0.098284,0.901716
cs,80,2001,2013,12,0.165221,0.834779
cs,80,2001,2014,13,0.178343,0.821657
cs,80,2001,2015,14,0.178343,0.821657
cs,80,2001,2016,15,0.178343,0.821657
cs,80,2001,2017,16,0.178343,0.821657
cs,80,2001,2018,17,0.178343,0.821657
cs,80,2001,2019,18,0.178343,0.821657
cs,80,2001,2020,19,0.178343,0.821657
cs,80,2001,2021,20,0.15538,0.84462
cs,80,2001,2022,21,0.147788,0.852212
cs,80,2001,2023,22,0.147788,0.852212
cs,80,2001,2024,23,0.147788,0.852212
cs,80,2001,2025,24,0.15538,0.84462
cs,81,2000,2000,0,1.0,0.0
cs,81,2000,2001,1,0.710914,0.289086
cs,81,2000,2002,2,0.399847,0.600153
cs,81,2000,2003,3,0.425664,0.574336
cs,81,2000,2004,4,0.475628,0.524372
cs,81,2000,2005,5,0.475628,0.524372
cs,81,2000,2006,6,0.337221,0.662779
cs,81,2000,2007,7,0.412094,0.587906
cs,81,2000,2008,8,0.439094,0.560906
cs,81,2000,2009,9,0.475628,0.524372
cs,81,2000,2010,10,0.475628,0.524372
cs,81,2000,2011,11,0.475628,0.524372
cs,81,2000,2012,12,0.475628,0.524372
cs,81,2000,2013,13,0.475628,0.524372
cs,81,2000,2014,14,0.448628,0.551372
cs,81,2000,2015,15,0.475628,0.524372
cs,81,2000,2016,16,0.475628,0.524372
cs,81,2000,2017,17,0.475628,0.524372
cs,81,2000,2018,18,0.448628,0.551372
cs,81,2000,2019,19,0.475628,0.524372
cs,81,2000,2020,20,0.448628,0.551372
cs,81,2000,2021,21,0.475628,0.524372
cs,81,2000,2022,22,0.448628,0.551372
cs,81,2000,2023,23,0.475628,0.524372
cs,81,2000,2024,24,0.475628,0.524372
cs,81,2000,2025,25,0.475628,0.524372
cs,82,2002,2002,0,1.0,0.0
cs,82,2002,2007,5,0.0,1.0
cs,82,2002,2010,8,0.080059,0.919941
cs,82,2002,2011,9,0.057096,0.942904
cs,82,2002,2012,10,0.098284,0.901716
cs,82,2002,2014,12,0.0,1.0
cs,82,2002,2015,13,0.080059,0.919941
cs,82,2002,2016,14,0.313809,0.686191
cs,82,2002,2017,15,0.219788,0.780212
cs,82,2002,2018,16,0.319788,0.680212
cs,82,2002,2019,17,0.319788,0.680212
cs,82,2002,2020,18,0.319788,0.680212
cs,82,2002,2021,19,0.219788,0.780212
cs,82,2002,2022,20,0.219788,0.780212
cs,82,2002,2023,21,0.209026,0.790974
cs,82,2002,2024,22,0.170284,0.829716
cs,82,2002,2025,23,0.125284,0.874716
cs,83,2001,2001,0,1.0,0.0
cs,83,2001,2002,1,0.386426,0.613574
cs,83,2001,2003,2,0.463014,0.536986
cs,83,2001,2004,3,0.420409,0.579591
cs,83,2001,2007,6,0.319788,0.680212
cs,83,2001,2009,8,0.319788,0.680212
cs,83,2001,2010,9,0.44558,0.55442
cs,83,2001,2011,10,0.319788,0.680212
cs,83,2001,2012,11,0.376884,0.623116
cs,83,2001,2013,12,0.492876,0.507124
cs,83,2001,2014,13,0.510309,0.489691
cs,83,2001,2015,14,0.487346,0.512654
cs,83,2001,2016,15,0.473775,0.526225
cs,83,2001,2017,16,0.479754,0.520246
cs,83,2001,2018,17,0.373775,0.626225
cs,83,2001,2019,18,0.373775,0.626225
cs,83,2001,2020,19,0.473775,0.526225
cs,83,2001,2021,20,0.473775,0.526225
cs,83,2001,2022,21,0.487346,0.512654
cs,83,2001,2023,22,0.487346,0.512654
cs,83,2001,2024,23,0.487346,0.512654
cs,83,2001,2025,24,0.469912,0.530088
cs,84,2000,2000,0,1.0,0.0
cs,84,2000,2001,1,0.795116,0.204884
cs,84,2000,2002,2,0.53109,0.46891
cs,84,2000,2003,3,0.298372,0.701628
cs,84,2000,2004,4,0.248869,0.751131
cs,84,2000,2005,5,0.159966,0.840034
cs,84,2000,2006,6,0.248869,0.751131
cs,84,2000,2007,7,0.250343,0.749657
cs,84,2000,2008,8,0.250343,0.749657
cs,84,2000,2009,9,0.250343,0.749657
cs,84,2000,2010,10,0.178343,0.821657
cs,84,2000,2011,11,0.250343,0.749657
cs,84,2000,2012,12,0.250343,0.749657
cs,84,2000,2013,13,0.250343,0.749657
cs,84,2000,2014,14,0.205343,0.794657
cs,84,2000,2015,15,0.178343,0.821657
cs,84,2000,2016,16,0.250343,0.749657
cs,84,2000,2017,17,0.178343,0.821657
cs,84,2000,2018,18,0.178343,0.821657
cs,84,2000,2019,19,0.160118,0.839882
cs,84,2000,2020,20,0.178343,0.821657
cs,84,2000,2021,21,0.205343,0.794657
cs,84,2000,2022,22,0.250343,0.749657
cs,84,2000,2023,23,0.250343,0.749657
cs,84,2000,2024,24,0.250343,0.749657
cs,84,2000,2025,25,0.250343,0.749657
cs,85,2002,2002,0,1.0,0.0
cs,85,2002,2004,2,0.116441,0.883559
cs,85,2002,2005,3,0.066937,0.933063
cs,85,2002,2006,4,0.146996,0.853004
cs,85,2002,2007,5,0.165221,0.834779
cs,85,2002,2008,6,0.133874,0.866126
cs,85,2002,2009,7,0.133874,0.866126
cs,85,2002,2010,8,0.116441,0.883559
cs,85,2002,2011,9,0.116441,0.883559
cs,85,2002,2012,10,0.159966,0.840034
cs,85,2002,2013,11,0.066937,0.933063
cs,85,2002,2014,12,0.110462,0.889538
cs,85,2002,2015,13,0.105679,0.894321
cs,85,2002,2016,14,0.149204,0.850796
cs,85,2002,2017,15,0.173537,0.826463
cs,85,2002,2018,16,0.105679,0.894321
cs,85,2002,2019,17,0.216142,0.783858
cs,85,2002,2020,18,0.190522,0.809478
cs,85,2002,2021,19,0.212279,0.787721
cs,85,2002,2022,20,0.212279,0.787721
cs,85,2002,2023,21,0.155183,0.844817
cs,85,2002,2024,22,0.124033,0.875967
cs,85,2002,2025,23,0.149204,0.850796
cs,86,2016,2016,0,1.0,0.0
cs,86,2016,2019,3,0.098284,0.901716
cs,86,2016,2020,4,0.098284,0.901716
cs,86,2016,2021,5,0.098284,0.901716
cs,86,2016,2022,6,0.098284,0.901716
cs,86,2016,2023,7,0.098284,0.901716
cs,86,2016,2024,8,0.098284,0.901716
cs,86,2016,2025,9,0.098284,0.901716
cs,87,2000,2000,0,1.0,0.0
cs,87,2000,2001,1,0.578216,0.421784
cs,87,2000,2002,2,0.450948,0.549052
cs,87,2000,2003,3,0.352664,0.647336
cs,87,2000,2004,4,0.352664,0.647336
cs,87,2000,2005,5,0.339094,0.660906
cs,87,2000,2006,6,0.295568,0.704432
cs,87,2000,2008,8,0.280664,0.719336
cs,87,2000,2009,9,0.352664,0.647336
cs,87,2000,2011,11,0.352664,0.647336
cs,87,2000,2012,12,0.352664,0.647336
cs,87,2000,2013,13,0.352664,0.647336
cs,87,2000,2014,14,0.352664,0.647336
cs,87,2000,2015,15,0.352664,0.647336
cs,87,2000,2016,16,0.352664,0.647336
cs,87,2000,2017,17,0.307664,0.692336
cs,87,2000,2018,18,0.307664,0.692336
cs,87,2000,2019,19,0.352664,0.647336
cs,87,2000,2020,20,0.352664,0.647336
cs,87,2000,2021,21,0.352664,0.647336
cs,87,2000,2022,22,0.352664,0.647336
cs,87,2000,2023,23,0.352664,0.647336
cs,87,2000,2024,24,0.352664,0.647336
cs,87,2000,2025,25,0.352664,0.647336
cs,88,2004,2004,0,1.0,0.0
cs,88,2004,2005,1,0.728179,0.271821
cs,88,2004,2007,3,0.0,1.0
cs,88,2004,2009,5,0.0,1.0
cs,88,2004,2010,6,0.0,1.0
cs,88,2004,2011,7,0.0,1.0
cs,88,2004,2012,8,0.0,1.0
cs,88,2004,2013,9,0.0,1.0
cs,88,2004,2014,10,0.0,1.0
cs,88,2004,2015,11,0.0,1.0
cs,88,2004,2016,12,0.0,1.0
cs,88,2004,2017,13,0.0,1.0
cs,88,2004,2018,14,0.0,1.0
cs,88,2004,2019,15,0.0,1.0
cs,88,2004,2020,16,0.0,1.0
cs,88,2004,2021,17,0.0,1.0
cs,88,2004,2022,18,0.0,1.0
cs,88,2004,2023,19,0.0,1.0
cs,88,2004,2024,20,0.0,1.0
cs,88,2004,2025,21,0.0,1.0
cs,89,2000,2000,0,1.0,0.0
cs,89,2000,2001,1,0.701179,0.298821
cs,89,2000,2002,2,0.164026,0.835974
cs,89,2000,2003,3,0.170284,0.829716
cs,89,2000,2004,4,0.170284,0.829716
cs,89,2000,2005,5,0.170284,0.829716
cs,89,2000,2006,6,0.170284,0.829716
cs,89,2000,2007,7,0.170284,0.829716
cs,89,2000,2008,8,0.080059,0.919941
cs,89,2000,2009,9,0.170284,0.829716
cs,89,2000,2010,10,0.125284,0.874716
cs,89,2000,2011,11,0.170284,0.829716
cs,89,2000,2012,12,0.170284,0.829716
cs,89,2000,2013,13,0.170284,0.829716
cs,89,2000,2014,14,0.170284,0.829716
cs,89,2000,2015,15,0.170284,0.829716
cs,89,2000,2016,16,0.170284,0.829716
cs,89,2000,2017,17,0.170284,0.829716
cs,89,2000,2018,18,0.170284,0.829716
cs,89,2000,2019,19,0.170284,0.829716
cs,89,2000,2020,20,0.170284,0.829716
cs,89,2000,2021,21,0.170284,0.829716
cs,89,2000,2022,22,0.170284,0.829716
cs,89,2000,2023,23,0.170284,0.829716
cs,89,2000,2024,24,0.170284,0.829716
cs,89,2000,2025,25,0.170284,0.829716
cs,90,2000,2000,0,1.0,0.0
cs,90,2000,2002,2,0.0,1.0
cs,90,2000,2003,3,0.0,1.0
cs,90,2000,2004,4,0.0,1.0
cs,90,2000,2005,5,0.0,1.0
cs,90,2000,2006,6,0.0,1.0
cs,90,2000,2007,7,0.0,1.0
cs,90,2000,2008,8,0.0,1.0
cs,90,2000,2009,9,0.0,1.0
cs,90,2000,2010,10,0.0,1.0
cs,90,2000,2011,11,0.0,1.0
cs,90,2000,2012,12,0.0,1.0
cs,90,2000,2013,13,0.0,1.0
cs,90,2000,2014,14,0.0,1.0
cs,90,2000,2015,15,0.0,1.0
cs,90,2000,2016,16,0.0,1.0
cs,90,2000,2017,17,0.0,1.0
cs,90,2000,2018,18,0.0,1.0
cs,90,2000,2019,19,0.0,1.0
cs,90,2000,2020,20,0.0,1.0
cs,90,2000,2021,21,0.0,1.0
cs,90,2000,2022,22,0.0,1.0
cs,90,2000,2023,23,0.0,1.0
cs,90,2000,2024,24,0.0,1.0
cs,90,2000,2025,25,0.0,1.0
cs,91,2000,2000,0,1.0,0.0
cs,91,2000,2001,1,0.540865,0.459135
cs,91,2000,2002,2,0.536874,0.463126
cs,91,2000,2003,3,0.343372,0.656628
cs,91,2000,2004,4,0.338589,0.661411
cs,91,2000,2005,5,0.299847,0.700153
cs,91,2000,2006,6,0.299847,0.700153
cs,91,2000,2007,7,0.250343,0.749657
cs,91,2000,2008,8,0.299847,0.700153
cs,91,2000,2009,9,0.254847,0.745153
cs,91,2000,2010,10,0.227847,0.772153
cs,91,2000,2011,11,0.299847,0.700153
cs,91,2000,2012,12,0.343372,0.656628
cs,91,2000,2013,13,0.299847,0.700153
cs,91,2000,2014,14,0.299847,0.700153
cs,91,2000,2015,15,0.299847,0.700153
cs,91,2000,2016,16,0.299847,0.700153
cs,91,2000,2017,17,0.338589,0.661411
cs,91,2000,2018,18,0.343372,0.656628
cs,91,2000,2019,19,0.299847,0.700153
cs,91,2000,2020,20,0.299847,0.700153
cs,91,2000,2021,21,0.289086,0.710914
cs,91,2000,2022,22,0.332611,0.667389
cs,91,2000,2023,23,0.338589,0.661411
cs,91,2000,2024,24,0.299847,0.700153
cs,91,2000,2025,25,0.299847,0.700153
cs,92,2002,2002,0,1.0,0.0
cs,92,2002,2012,10,0.129563,0.870437
cs,92,2002,2014,12,0.043525,0.956475
cs,92,2002,2017,15,0.123584,0.876416
cs,92,2002,2018,16,0.129563,0.870437
cs,92,2002,2019,17,0.123584,0.876416
cs,92,2002,2020,18,0.129563,0.870437
cs,92,2002,2021,19,0.129563,0.870437
cs,92,2002,2022,20,0.080059,0.919941
cs,92,2002,2023,21,0.129563,0.870437
cs,92,2002,2024,22,0.106599,0.893401
cs,92,2002,2025,23,0.116441,0.883559
cs,93,2004,2004,0,1.0,0.0
cs,93,2004,2006,2,0.0,1.0
cs,93,2004,2007,3,0.0,1.0
cs,93,2004,2008,4,0.0,1.0
cs,93,2004,2009,5,0.0,1.0
cs,93,2004,2010,6,0.0,1.0
cs,93,2004,2011,7,0.043525,0.956475
cs,93,2004,2012,8,0.0,1.0
cs,93,2004,2013,9,0.170284,0.829716
cs,93,2004,2014,10,0.125284,0.874716
cs,93,2004,2015,11,0.080059,0.919941
cs,93,2004,2016,12,0.125284,0.874716
cs,93,2004,2017,13,0.125284,0.874716
cs,93,2004,2018,14,0.125284,0.874716
cs,93,2004,2019,15,0.125284,0.874716
cs,93,2004,2020,16,0.125284,0.874716
cs,93,2004,2021,17,0.125284,0.874716
cs,93,2004,2022,18,0.125284,0.874716
cs,93,2004,2023,19,0.098284,0.901716
cs,93,2004,2024,20,0.125284,0.874716
cs,93,2004,2025,21,0.125284,0.874716
cs,94,2000,2000,0,1.0,0.0
cs,94,2000,2001,1,0.49775,0.50225
cs,94,2000,2002,2,0.149204,0.850796
cs,94,2000,2003,3,0.082267,0.917733
cs,94,2000,2004,4,0.118801,0.881199
cs,94,2000,2005,5,0.139363,0.860637
cs,94,2000,2006,6,0.105679,0.894321
cs,94,2000,2007,7,0.077484,0.922516
cs,94,2000,2008,8,0.038742,0.961258
cs,94,2000,2009,9,0.038742,0.961258
cs,94,2000,2010,10,0.038742,0.961258
cs,94,2000,2011,11,0.038742,0.961258
cs,94,2000,2012,12,0.118801,0.881199
cs,94,2000,2013,13,0.105679,0.894321
cs,94,2000,2014,14,0.118801,0.881199
cs,94,2000,2015,15,0.095838,0.904162
cs,94,2000,2016,16,0.105679,0.894321
cs,94,2000,2017,17,0.082267,0.917733
cs,94,2000,2018,18,0.088246,0.911754
cs,94,2000,2019,19,0.137026,0.862974
cs,94,2000,2020,20,0.095838,0.904162
cs,94,2000,2021,21,0.131771,0.868229
cs,94,2000,2022,22,0.118801,0.881199
cs,94,2000,2023,23,0.077484,0.922516
cs,94,2000,2024,24,0.155183,0.844817
cs,94,2000,2025,25,0.168305,0.831695
cs,95,2000,2000,0,1.0,0.0
cs,95,2000,2001,1,0.360527,0.639473
cs,95,2000,2002,2,0.0,1.0
cs,95,2000,2003,3,0.0,1.0
cs,95,2000,2004,4,0.0,1.0
cs,95,2000,2005,5,0.0,1.0
cs,95,2000,2007,7,0.0,1.0
cs,95,2000,2008,8,0.0,1.0
cs,95,2000,2009,9,0.0,1.0
cs,95,2000,2010,10,0.0,1.0
cs,95,2000,2011,11,0.0,1.0
cs,95,2000,2012,12,0.0,1.0
cs,95,2000,2013,13,0.0,1.0
cs,95,2000,2014,14,0.0,1.0
cs,95,2000,2015,15,0.0,1.0
cs,95,2000,2016,16,0.0,1.0
cs,95,2000,2017,17,0.049504,0.950496
cs,95,2000,2018,18,0.0,1.0
cs,95,2000,2019,19,0.0,1.0
cs,95,2000,2020,20,0.0,1.0
cs,95,2000,2021,21,0.0,1.0
cs,95,2000,2022,22,0.0,1.0
cs,95,2000,2023,23,0.0,1.0
cs,95,2000,2024,24,0.0,1.0
cs,95,2000,2025,25,0.0,1.0
cs,96,2004,2004,0,1.0,0.0
cs,96,2004,2011,7,0.066937,0.933063
cs,96,2004,2013,9,0.057096,0.942904
cs,96,2004,2015,11,0.066937,0.933063
cs,96,2004,2016,12,0.066937,0.933063
cs,96,2004,2017,13,0.066937,0.933063
cs,96,2004,2018,14,0.066937,0.933063
cs,96,2004,2019,15,0.066937,0.933063
cs,96,2004,2020,16,0.066937,0.933063
cs,96,2004,2021,17,0.066937,0.933063
cs,96,2004,2022,18,0.066937,0.933063
cs,96,2004,2023,19,0.066937,0.933063
cs,96,2004,2024,20,0.066937,0.933063
cs,96,2004,2025,21,0.066937,0.933063
cs,97,2006,2006,0,1.0,0.0
cs,97,2006,2009,3,0.337221,0.662779
cs,97,2006,2012,6,0.124033,0.875967
cs,97,2006,2013,7,0.110462,0.889538
cs,97,2006,2014,8,0.237221,0.762779
cs,97,2006,2015,9,0.237221,0.762779
cs,97,2006,2016,10,0.237221,0.762779
cs,97,2006,2017,11,0.237221,0.762779
cs,97,2006,2018,12,0.237221,0.762779
cs,97,2006,2019,13,0.237221,0.762779
cs,97,2006,2020,14,0.237221,0.762779
cs,97,2006,2021,15,0.237221,0.762779
cs,97,2006,2022,16,0.237221,0.762779
cs,97,2006,2023,17,0.237221,0.762779
cs,97,2006,2024,18,0.237221,0.762779
cs,97,2006,2025,19,0.237221,0.762779
cs,98,2007,2007,0,1.0,0.0
cs,98,2007,2010,3,0.066937,0.933063
cs,98,2007,2014,7,0.049504,0.950496
cs,98,2007,2015,8,0.080059,0.919941
cs,98,2007,2016,9,0.125284,0.874716
cs,98,2007,2017,10,0.125284,0.874716
cs,98,2007,2018,11,0.125284,0.874716
cs,98,2007,2019,12,0.125284,0.874716
cs,98,2007,2020,13,0.125284,0.874716
cs,98,2007,2021,14,0.125284,0.874716
cs,98,2007,2022,15,0.125284,0.874716
cs,98,2007,2023,16,0.125284,0.874716
cs,98,2007,2024,17,0.098284,0.901716
cs,98,2007,2025,18,0.125284,0.874716
cs,99,2000,2000,0,1.0,0.0
cs,99,2000,2001,1,0.520561,0.479439
cs,99,2000,2002,2,0.242834,0.757166
cs,99,2000,2003,3,0.0,1.0
cs,99,2000,2004,4,0.0,1.0
cs,99,2000,2005,5,0.0,1.0
cs,99,2000,2006,6,0.038742,0.961258
cs,99,2000,2007,7,0.0,1.0
cs,99,2000,2008,8,0.098284,0.901716
cs,99,2000,2009,9,0.098284,0.901716
cs,99,2000,2010,10,0.098284,0.901716
cs,99,2000,2011,11,0.098284,0.901716
cs,99,2000,2012,12,0.098284,0.901716
cs,99,2000,2013,13,0.098284,0.901716
cs,99,2000,2014,14,0.098284,0.901716
cs,99,2000,2015,15,0.098284,0.901716
cs,99,2000,2016,16,0.098284,0.901716
cs,99,2000,2017,17,0.098284,0.901716
cs,99,2000,2018,18,0.098284,0.901716
cs,99,2000,2019,19,0.098284,0.901716
cs,99,2000,2020,20,0.098284,0.901716
cs,99,2000,2021,21,0.098284,0.901716
cs,99,2000,2022,22,0.098284,0.901716
cs,99,2000,2023,23,0.098284,0.901716
cs,99,2000,2024,24,0.098284,0.901716
cs,99,2000,2025,25,0.098284,0.901716
cs,100,2002,2002,0,1.0,0.0
cs,100,2002,2005,3,0.270284,0.729716
cs,100,2002,2009,7,0.038742,0.961258
cs,100,2002,2010,8,0.098284,0.901716
cs,100,2002,2013,11,0.0,1.0
cs,100,2002,2014,12,0.0,1.0
cs,100,2002,2015,13,0.098284,0.901716
cs,100,2002,2016,14,0.223568,0.776432
cs,100,2002,2017,15,0.196568,0.803432
cs,100,2002,2018,16,0.223568,0.776432
cs,100,2002,2019,17,0.223568,0.776432
cs,100,2002,2020,18,0.223568,0.776432
cs,100,2002,2021,19,0.223568,0.776432
cs,100,2002,2022,20,0.223568,0.776432
cs,100,2002,2023,21,0.223568,0.776432
cs,100,2002,2024,22,0.223568,0.776432
cs,100,2002,2025,23,0.223568,0.776432
cs,101,2001,2001,0,1.0,0.0
cs,101,2001,2002,1,0.508655,0.491345
cs,101,2001,2003,2,0.319788,0.680212
cs,101,2001,2004,3,0.219788,0.780212
cs,101,2001,2005,4,0.219788,0.780212
cs,101,2001,2006,5,0.319788,0.680212
cs,101,2001,2007,6,0.174788,0.825212
cs,101,2001,2008,7,0.219788,0.780212
cs,101,2001,2010,9,0.219788,0.780212
cs,101,2001,2011,10,0.319788,0.680212
cs,101,2001,2012,11,0.319788,0.680212
cs,101,2001,2013,12,0.319788,0.680212
cs,101,2001,2014,13,0.319788,0.680212
cs,101,2001,2015,14,0.319788,0.680212
cs,101,2001,2016,15,0.319788,0.680212
cs,101,2001,2017,16,0.319788,0.680212
cs,101,2001,2018,17,0.319788,0.680212
cs,101,2001,2019,18,0.319788,0.680212
cs,101,2001,2020,19,0.319788,0.680212
cs,101,2001,2021,20,0.319788,0.680212
cs,101,2001,2022,21,0.319788,0.680212
cs,101,2001,2023,22,0.319788,0.680212
cs,101,2001,2024,23,0.319788,0.680212
cs,101,2001,2025,24,0.319788,0.680212
cs,102,2000,2000,0,1.0,0.0
cs,102,2000,2001,1,0.268568,0.731432
cs,102,2000,2002,2,0.418693,0.581307
cs,102,2000,2003,3,0.25853,0.74147
cs,102,2000,2004,4,0.125284,0.874716
cs,102,2000,2005,5,0.170284,0.829716
cs,102,2000,2007,7,0.125284,0.874716
cs,102,2000,2008,8,0.170284,0.829716
cs,102,2000,2009,9,0.170284,0.829716
cs,102,2000,2010,10,0.170284,0.829716
cs,102,2000,2012,12,0.066937,0.933063
cs,102,2000,2013,13,0.170284,0.829716
cs,102,2000,2014,14,0.170284,0.829716
cs,102,2000,2015,15,0.170284,0.829716
cs,102,2000,2016,16,0.170284,0.829716
cs,102,2000,2017,17,0.170284,0.829716
cs,102,2000,2018,18,0.170284,0.829716
cs,102,2000,2019,19,0.170284,0.829716
cs,102,2000,2020,20,0.170284,0.829716
cs,102,2000,2021,21,0.170284,0.829716
cs,102,2000,2022,22,0.170284,0.829716
cs,102,2000,2023,23,0.170284,0.829716
cs,102,2000,2024,24,0.170284,0.829716
cs,102,2000,2025,25,0.170284,0.829716
cs,103,2000,2000,0,1.0,0.0
cs,103,2000,2001,1,0.910099,0.089901
cs,103,2000,2004,4,0.0,1.0
cs,103,2000,2005,5,0.057096,0.942904
cs,103,2000,2006,6,0.057096,0.942904
cs,103,2000,2007,7,0.057096,0.942904
cs,103,2000,2008,8,0.057096,0.942904
cs,103,2000,2009,9,0.057096,0.942904
cs,103,2000,2010,10,0.057096,0.942904
cs,103,2000,2011,11,0.057096,0.942904
cs,103,2000,2012,12,0.057096,0.942904
cs,103,2000,2013,13,0.057096,0.942904
cs,103,2000,2014,14,0.057096,0.942904
cs,103,2000,2015,15,0.057096,0.942904
cs,103,2000,2016,16,0.057096,0.942904
cs,103,2000,2017,17,0.057096,0.942904
cs,103,2000,2018,18,0.057096,0.942904
cs,103,2000,2019,19,0.057096,0.942904
cs,103,2000,2020,20,0.057096,0.942904
cs,103,2000,2021,21,0.057096,0.942904
cs,103,2000,2022,22,0.057096,0.942904
cs,103,2000,2023,23,0.057096,0.942904
cs,103,2000,2024,24,0.057096,0.942904
cs,103,2000,2025,25,0.057096,0.942904
cs,104,2003,2003,0,1.0,0.0
cs,104,2003,2004,1,0.940655,0.059345
cs,104,2003,2005,2,0.334311,0.665689
cs,104,2003,2006,3,0.114191,0.885809
cs,104,2003,2007,4,0.057096,0.942904
cs,104,2003,2008,5,0.0,1.0
cs,104,2003,2009,6,0.0,1.0
cs,104,2003,2010,7,0.0,1.0
cs,104,2003,2011,8,0.0,1.0
cs,104,2003,2012,9,0.0,1.0
cs,104,2003,2013,10,0.0,1.0
cs,104,2003,2014,11,0.0,1.0
cs,104,2003,2015,12,0.0,1.0
cs,104,2003,2016,13,0.0,1.0
cs,104,2003,2017,14,0.0,1.0
cs,104,2003,2018,15,0.0,1.0
cs,104,2003,2019,16,0.0,1.0
cs,104,2003,2020,17,0.0,1.0
cs,104,2003,2021,18,0.0,1.0
cs,104,2003,2022,19,0.0,1.0
cs,104,2003,2023,20,0.0,1.0
cs,104,2003,2024,21,0.0,1.0
cs,104,2003,2025,22,0.0,1.0
cs,105,2000,2000,0,1.0,0.0
cs,105,2000,2002,2,0.098284,0.901716
cs,105,2000,2003,3,0.147788,0.852212
cs,105,2000,2004,4,0.147788,0.852212
cs,105,2000,2005,5,0.147788,0.852212
cs,105,2000,2006,6,0.098284,0.901716
cs,105,2000,2009,9,0.057096,0.942904
cs,105,2000,2010,10,0.080059,0.919941
cs,105,2000,2011,11,0.098284,0.901716
cs,105,2000,2012,12,0.098284,0.901716
cs,105,2000,2013,13,0.098284,0.901716
cs,105,2000,2014,14,0.098284,0.901716
cs,105,2000,2015,15,0.098284,0.901716
cs,105,2000,2016,16,0.098284,0.901716
cs,105,2000,2017,17,0.098284,0.901716
cs,105,2000,2018,18,0.098284,0.901716
cs,105,2000,2019,19,0.098284,0.901716
cs,105,2000,2020,20,0.098284,0.901716
cs,105,2000,2021,21,0.098284,0.901716
cs,105,2000,2022,22,0.098284,0.901716
cs,105,2000,2023,23,0.098284,0.901716
cs,105,2000,2024,24,0.098284,0.901716
cs,105,2000,2025,25,0.098284,0.901716
cs,106,2000,2000,0,1.0,0.0
cs,106,2000,2001,1,0.856559,0.143441
cs,106,2000,2002,2,0.498131,0.501869
cs,106,2000,2003,3,0.32738,0.67262
cs,106,2000,2004,4,0.368568,0.631432
cs,106,2000,2006,6,0.270284,0.729716
cs,106,2000,2007,7,0.170284,0.829716
cs,106,2000,2008,8,0.270284,0.729716
cs,106,2000,2009,9,0.368568,0.631432
cs,106,2000,2010,10,0.368568,0.631432
cs,106,2000,2011,11,0.368568,0.631432
cs,106,2000,2012,12,0.368568,0.631432
cs,106,2000,2013,13,0.368568,0.631432
cs,106,2000,2014,14,0.368568,0.631432
cs,106,2000,2015,15,0.368568,0.631432
cs,106,2000,2016,16,0.368568,0.631432
cs,106,2000,2017,17,0.350343,0.649657
cs,106,2000,2018,18,0.337221,0.662779
cs,106,2000,2019,19,0.350343,0.649657
cs,106,2000,2020,20,0.337221,0.662779
cs,106,2000,2021,21,0.337221,0.662779
cs,106,2000,2022,22,0.337221,0.662779
cs,106,2000,2023,23,0.337221,0.662779
cs,106,2000,2024,24,0.32738,0.67262
cs,106,2000,2025,25,0.350343,0.649657
cs,107,2004,2004,0,1.0,0.0
cs,107,2004,2005,1,0.500468,0.499532
cs,107,2004,2008,4,0.0,1.0
cs,107,2004,2009,5,0.0,1.0
cs,107,2004,2011,7,0.0,1.0
cs,107,2004,2012,8,0.0,1.0
cs,107,2004,2013,9,0.0,1.0
cs,107,2004,2014,10,0.043525,0.956475
cs,107,2004,2015,11,0.0,1.0
cs,107,2004,2016,12,0.0,1.0
cs,107,2004,2017,13,0.0,1.0
cs,107,2004,2018,14,0.0,1.0
cs,107,2004,2019,15,0.0,1.0
cs,107,2004,2020,16,0.0,1.0
cs,107,2004,2021,17,0.0,1.0
cs,107,2004,2022,18,0.0,1.0
cs,107,2004,2023,19,0.0,1.0
cs,107,2004,2024,20,0.0,1.0
cs,107,2004,2025,21,0.0,1.0
cs,108,2000,2000,0,1.0,0.0
cs,108,2000,2005,5,0.235311,0.764689
cs,108,2000,2009,9,0.178343,0.821657
cs,108,2000,2013,13,0.312094,0.687906
cs,108,2000,2014,14,0.368568,0.631432
cs,108,2000,2015,15,0.412094,0.587906
cs,108,2000,2016,16,0.412094,0.587906
cs,108,2000,2017,17,0.412094,0.587906
cs,108,2000,2018,18,0.412094,0.587906
cs,108,2000,2019,19,0.412094,0.587906
cs,108,2000,2020,20,0.412094,0.587906
cs,108,2000,2021,21,0.412094,0.587906
cs,108,2000,2022,22,0.412094,0.587906
cs,108,2000,2023,23,0.412094,0.587906
cs,108,2000,2024,24,0.412094,0.587906
cs,108,2000,2025,25,0.412094,0.587906
cs,109,2001,2001,0,1.0,0.0
cs,109,2001,2002,1,0.809199,0.190801
cs,109,2001,2003,2,0.442572,0.557428
cs,109,2001,2004,3,0.315346,0.684654
cs,109,2001,2005,4,0.338758,0.661242
cs,109,2001,2006,5,0.331166,0.668834
cs,109,2001,2007,6,0.3775,0.6225
cs,109,2001,2008,7,0.338758,0.661242
cs,109,2001,2009,8,0.338758,0.661242
cs,109,2001,2010,9,0.307754,0.692246
cs,109,2001,2011,10,0.307754,0.692246
cs,109,2001,2012,11,0.289529,0.710471
cs,109,2001,2013,12,0.265645,0.734355
cs,109,2001,2014,13,0.173537,0.826463
cs,109,2001,2015,14,0.22212,0.77788
cs,109,2001,2016,15,0.22212,0.77788
cs,109,2001,2017,16,0.22212,0.77788
cs,109,2001,2018,17,0.276407,0.723593
cs,109,2001,2019,18,0.22212,0.77788
cs,109,2001,2020,19,0.226903,0.773097
cs,109,2001,2021,20,0.235242,0.764758
cs,109,2001,2022,21,0.265645,0.734355
cs,109,2001,2023,22,0.226903,0.773097
cs,109,2001,2024,23,0.232882,0.767118
cs,109,2001,2025,24,0.296992,0.703008
cs,110,2001,2001,0,1.0,0.0
cs,110,2001,2011,10,0.0,1.0
cs,110,2001,2012,11,0.0,1.0
cs,110,2001,2013,12,0.0,1.0
cs,110,2001,2015,14,0.043525,0.956475
cs,110,2001,2016,15,0.043525,0.956475
cs,110,2001,2017,16,0.043525,0.956475
cs,110,2001,2018,17,0.038742,0.961258
cs,110,2001,2019,18,0.0,1.0
cs,110,2001,2020,19,0.0,1.0
cs,110,2001,2021,20,0.0,1.0
cs,110,2001,2022,21,0.0,1.0
cs,110,2001,2023,22,0.0,1.0
cs,110,2001,2024,23,0.0,1.0
cs,110,2001,2025,24,0.0,1.0
cs,111,2000,2000,0,1.0,0.0
cs,111,2000,2001,1,0.397565,0.602435
cs,111,2000,2002,2,0.218313,0.781687
cs,111,2000,2003,3,0.043525,0.956475
cs,111,2000,2004,4,0.0,1.0
cs,111,2000,2005,5,0.0,1.0
cs,111,2000,2006,6,0.098284,0.901716
cs,111,2000,2007,7,0.049504,0.950496
cs,111,2000,2008,8,0.0,1.0
cs,111,2000,2009,9,0.0,1.0
cs,111,2000,2010,10,0.0,1.0
cs,111,2000,2011,11,0.0,1.0
cs,111,2000,2012,12,0.0,1.0
cs,111,2000,2013,13,0.0,1.0
cs,111,2000,2014,14,0.049504,0.950496
cs,111,2000,2015,15,0.0,1.0
cs,111,2000,2016,16,0.0,1.0
cs,111,2000,2017,17,0.0,1.0
cs,111,2000,2018,18,0.0,1.0
cs,111,2000,2019,19,0.0,1.0
cs,111,2000,2020,20,0.0,1.0
cs,111,2000,2021,21,0.0,1.0
cs,111,2000,2022,22,0.0,1.0
cs,111,2000,2023,23,0.0,1.0
cs,111,2000,2024,24,0.0,1.0
cs,111,2000,2025,25,0.0,1.0
cs,112,2000,2000,0,1.0,0.0
cs,112,2000,2001,1,0.7459,0.2541
cs,112,2000,2002,2,0.223568,0.776432
cs,112,2000,2004,4,0.0,1.0
cs,112,2000,2005,5,0.0,1.0
cs,112,2000,2006,6,0.0,1.0
cs,112,2000,2007,7,0.0,1.0
cs,112,2000,2008,8,0.0,1.0
cs,112,2000,2011,11,0.0,1.0
cs,112,2000,2012,12,0.0,1.0
cs,112,2000,2013,13,0.0,1.0
cs,112,2000,2014,14,0.0,1.0
cs,112,2000,2015,15,0.0,1.0
cs,112,2000,2016,16,0.0,1.0
cs,112,2000,2017,17,0.0,1.0
cs,112,2000,2018,18,0.0,1.0
cs,112,2000,2019,19,0.0,1.0
cs,112,2000,2020,20,0.0,1.0
cs,112,2000,2021,21,0.0,1.0
cs,112,2000,2022,22,0.0,1.0
cs,112,2000,2023,23,0.0,1.0
cs,112,2000,2024,24,0.0,1.0
cs,112,2000,2025,25,0.0,1.0
cs,113,2002,2002,0,1.0,0.0
cs,113,2002,2007,5,0.237221,0.762779
cs,113,2002,2011,9,0.098284,0.901716
cs,113,2002,2013,11,0.270284,0.729716
cs,113,2002,2015,13,0.098284,0.901716
cs,113,2002,2016,14,0.125284,0.874716
cs,113,2002,2017,15,0.168809,0.831191
cs,113,2002,2018,16,0.213809,0.786191
cs,113,2002,2019,17,0.219788,0.780212
cs,113,2002,2020,18,0.174788,0.825212
cs,113,2002,2021,19,0.164026,0.835974
cs,113,2002,2022,20,0.213809,0.786191
cs,113,2002,2023,21,0.209026,0.790974
cs,113,2002,2024,22,0.168809,0.831191
cs,113,2002,2025,23,0.168809,0.831191
cs,114,2000,2000,0,1.0,0.0
cs,114,2000,2001,1,0.423218,0.576782
cs,114,2000,2002,2,0.22738,0.77262
cs,114,2000,2003,3,0.219788,0.780212
cs,114,2000,2004,4,0.270284,0.729716
cs,114,2000,2005,5,0.270284,0.729716
cs,114,2000,2006,6,0.32738,0.67262
cs,114,2000,2007,7,0.313809,0.686191
cs,114,2000,2008,8,0.319788,0.680212
cs,114,2000,2009,9,0.350343,0.649657
cs,114,2000,2010,10,0.337221,0.662779
cs,114,2000,2011,11,0.319788,0.680212
cs,114,2000,2012,12,0.313809,0.686191
cs,114,2000,2013,13,0.313809,0.686191
cs,114,2000,2014,14,0.350343,0.649657
cs,114,2000,2015,15,0.32738,0.67262
cs,114,2000,2016,16,0.309026,0.690974
cs,114,2000,2017,17,0.319788,0.680212
cs,114,2000,2018,18,0.32738,0.67262
cs,114,2000,2019,19,0.313809,0.686191
cs,114,2000,2020,20,0.309026,0.690974
cs,114,2000,2021,21,0.270284,0.729716
cs,114,2000,2022,22,0.270284,0.729716
cs,114,2000,2023,23,0.309026,0.690974
cs,114,2000,2024,24,0.32738,0.67262
cs,114,2000,2025,25,0.350343,0.649657
cs,115,2000,2000,0,1.0,0.0
cs,115,2000,2001,1,0.129563,0.870437
cs,115,2000,2002,2,0.038742,0.961258
cs,115,2000,2003,3,0.0,1.0
cs,115,2000,2004,4,0.0,1.0
cs,115,2000,2005,5,0.057096,0.942904
cs,115,2000,2006,6,0.057096,0.942904
cs,115,2000,2007,7,0.049504,0.950496
cs,115,2000,2008,8,0.057096,0.942904
cs,115,2000,2009,9,0.057096,0.942904
cs,115,2000,2010,10,0.057096,0.942904
cs,115,2000,2011,11,0.057096,0.942904
cs,115,2000,2012,12,0.057096,0.942904
cs,115,2000,2013,13,0.057096,0.942904
cs,115,2000,2014,14,0.057096,0.942904
cs,115,2000,2015,15,0.057096,0.942904
cs,115,2000,2016,16,0.057096,0.942904
cs,115,2000,2017,17,0.057096,0.942904
cs,115,2000,2018,18,0.057096,0.942904
cs,115,2000,2019,19,0.057096,0.942904
cs,115,2000,2020,20,0.057096,0.942904
cs,115,2000,2021,21,0.057096,0.942904
cs,115,2000,2022,22,0.057096,0.942904
cs,115,2000,2023,23,0.057096,0.942904
cs,115,2000,2024,24,0.057096,0.942904
cs,115,2000,2025,25,0.057096,0.942904
cs,116,2000,2000,0,1.0,0.0
cs,116,2000,2001,1,0.592561,0.407439
cs,116,2000,2002,2,0.450752,0.549248
cs,116,2000,2003,3,0.334311,0.665689
cs,116,2000,2004,4,0.334311,0.665689
cs,116,2000,2005,5,0.295568,0.704432
cs,116,2000,2006,6,0.295568,0.704432
cs,116,2000,2007,7,0.250568,0.749432
cs,116,2000,2008,8,0.295568,0.704432
cs,116,2000,2009,9,0.295568,0.704432
cs,116,2000,2010,10,0.295568,0.704432
cs,116,2000,2011,11,0.295568,0.704432
cs,116,2000,2012,12,0.295568,0.704432
cs,116,2000,2013,13,0.295568,0.704432
cs,116,2000,2014,14,0.295568,0.704432
cs,116,2000,2015,15,0.295568,0.704432
cs,116,2000,2016,16,0.295568,0.704432
cs,116,2000,2017,17,0.295568,0.704432
cs,116,2000,2018,18,0.295568,0.704432
cs,116,2000,2019,19,0.295568,0.704432
cs,116,2000,2020,20,0.295568,0.704432
cs,116,2000,2021,21,0.295568,0.704432
cs,116,2000,2022,22,0.295568,0.704432
cs,116,2000,2023,23,0.295568,0.704432
cs,116,2000,2024,24,0.295568,0.704432
cs,116,2000,2025,25,0.295568,0.704432
cs,117,2002,2002,0,1.0,0.0
cs,117,2002,2003,1,0.627452,0.372548
cs,117,2002,2004,2,0.439094,0.560906
cs,117,2002,2006,4,0.066937,0.933063
cs,117,2002,2008,6,0.270284,0.729716
cs,117,2002,2009,7,0.270905,0.729095
cs,117,2002,2010,8,0.366122,0.633878
cs,117,2002,2011,9,0.32738,0.67262
cs,117,2002,2012,10,0.394317,0.605683
cs,117,2002,2013,11,0.433059,0.566941
cs,117,2002,2014,12,0.419489,0.580511
cs,117,2002,2015,13,0.414706,0.585294
cs,117,2002,2016,14,0.468992,0.531008
cs,117,2002,2017,15,0.419489,0.580511
cs,117,2002,2018,16,0.419489,0.580511
cs,117,2002,2019,17,0.419489,0.580511
cs,117,2002,2020,18,0.375964,0.624036
cs,117,2002,2021,19,0.375964,0.624036
cs,117,2002,2022,20,0.375964,0.624036
cs,117,2002,2023,21,0.414706,0.585294
cs,117,2002,2024,22,0.375964,0.624036
cs,117,2002,2025,23,0.375964,0.624036
cs,118,2003,2003,0,1.0,0.0
cs,118,2003,2005,2,0.32738,0.67262
cs,118,2003,2009,6,0.170284,0.829716
cs,118,2003,2010,7,0.337221,0.662779
cs,118,2003,2011,8,0.440568,0.559432
cs,118,2003,2012,9,0.395568,0.604432
cs,118,2003,2013,10,0.395568,0.604432
cs,118,2003,2014,11,0.439094,0.560906
cs,118,2003,2015,12,0.439094,0.560906
cs,118,2003,2016,13,0.497664,0.502336
cs,118,2003,2017,14,0.490072,0.509928
cs,118,2003,2018,15,0.497664,0.502336
cs,118,2003,2019,16,0.497664,0.502336
cs,118,2003,2020,17,0.484094,0.515906
cs,118,2003,2021,18,0.440568,0.559432
cs,118,2003,2022,19,0.497664,0.502336
cs,118,2003,2023,20,0.490072,0.509928
cs,118,2003,2024,21,0.497664,0.502336
cs,118,2003,2025,22,0.490072,0.509928
cs,119,2000,2000,0,1.0,0.0
cs,119,2000,2012,12,0.0,1.0
cs,119,2000,2013,13,0.038742,0.961258
cs,119,2000,2014,14,0.038742,0.961258
cs,119,2000,2015,15,0.038742,0.961258
cs,119,2000,2016,16,0.038742,0.961258
cs,119,2000,2017,17,0.038742,0.961258
cs,119,2000,2018,18,0.038742,0.961258
cs,119,2000,2019,19,0.038742,0.961258
cs,119,2000,2020,20,0.038742,0.961258
cs,119,2000,2021,21,0.038742,0.961258
cs,119,2000,2022,22,0.038742,0.961258
cs,119,2000,2023,23,0.038742,0.961258
cs,119,2000,2024,24,0.038742,0.961258
cs,119,2000,2025,25,0.038742,0.961258
cs,120,2000,2000,0,1.0,0.0
cs,120,2000,2001,1,0.596694,0.403306
cs,120,2000,2002,2,0.538123,0.461877
cs,120,2000,2004,4,0.0,1.0
cs,120,2000,2005,5,0.137155,0.862845
cs,120,2000,2006,6,0.137155,0.862845
cs,120,2000,2007,7,0.186659,0.813341
cs,120,2000,2008,8,0.225401,0.774599
cs,120,2000,2009,9,0.253596,0.746404
cs,120,2000,2010,10,0.286359,0.713641
cs,120,2000,2011,11,0.242834,0.757166
cs,120,2000,2012,12,0.253596,0.746404
cs,120,2000,2013,13,0.286359,0.713641
cs,120,2000,2014,14,0.204092,0.795908
cs,120,2000,2015,15,0.242834,0.757166
cs,120,2000,2016,16,0.204092,0.795908
cs,120,2000,2017,17,0.204092,0.795908
cs,120,2000,2018,18,0.204092,0.795908
cs,120,2000,2019,19,0.18068,0.81932
cs,120,2000,2020,20,0.242834,0.757166
cs,120,2000,2021,21,0.204092,0.795908
cs,120,2000,2022,22,0.253596,0.746404
cs,120,2000,2023,23,0.271029,0.728971
cs,120,2000,2024,24,0.284151,0.715849
cs,120,2000,2025,25,0.271029,0.728971
cs,121,2000,2000,0,1.0,0.0
cs,121,2000,2001,1,0.418693,0.581307
cs,121,2000,2002,2,0.20947,0.79053
cs,121,2000,2003,3,0.049504,0.950496
cs,121,2000,2004,4,0.049504,0.950496
cs,121,2000,2005,5,0.049504,0.950496
cs,121,2000,2006,6,0.049504,0.950496
cs,121,2000,2008,8,0.049504,0.950496
cs,121,2000,2011,11,0.049504,0.950496
cs,121,2000,2012,12,0.088246,0.911754
cs,121,2000,2013,13,0.099007,0.900993
cs,121,2000,2014,14,0.106599,0.893401
cs,121,2000,2015,15,0.106599,0.893401
cs,121,2000,2016,16,0.106599,0.893401
cs,121,2000,2017,17,0.106599,0.893401
cs,121,2000,2018,18,0.106599,0.893401
cs,121,2000,2019,19,0.106599,0.893401
cs,121,2000,2020,20,0.106599,0.893401
cs,121,2000,2021,21,0.106599,0.893401
cs,121,2000,2022,22,0.106599,0.893401
cs,121,2000,2023,23,0.106599,0.893401
cs,121,2000,2024,24,0.099007,0.900993
cs,121,2000,2025,25,0.093029,0.906971
cs,122,2002,2002,0,1.0,0.0
cs,122,2002,2004,2,0.0,1.0
cs,122,2002,2006,4,0.0,1.0
cs,122,2002,2009,7,0.057096,0.942904
cs,122,2002,2010,8,0.125284,0.874716
cs,122,2002,2011,9,0.098284,0.901716
cs,122,2002,2012,10,0.098284,0.901716
cs,122,2002,2013,11,0.125284,0.874716
cs,122,2002,2014,12,0.125284,0.874716
cs,122,2002,2015,13,0.125284,0.874716
cs,122,2002,2016,14,0.098284,0.901716
cs,122,2002,2017,15,0.080059,0.919941
cs,122,2002,2018,16,0.080059,0.919941
cs,122,2002,2019,17,0.080059,0.919941
cs,122,2002,2020,18,0.080059,0.919941
cs,122,2002,2021,19,0.080059,0.919941
cs,122,2002,2022,20,0.080059,0.919941
cs,122,2002,2023,21,0.080059,0.919941
cs,122,2002,2024,22,0.080059,0.919941
cs,122,2002,2025,23,0.080059,0.919941
cs,123,2000,2000,0,1.0,0.0
cs,123,2000,2001,1,0.592069,0.407931
cs,123,2000,2002,2,0.519153,0.480847
cs,123,2000,2004,4,0.448628,0.551372
cs,123,2000,2005,5,0.460806,0.539194
cs,123,2000,2006,6,0.345072,0.654928
cs,123,2000,2007,7,0.462506,0.537494
cs,123,2000,2009,9,0.311023,0.688977
cs,123,2000,2010,10,0.330628,0.669372
cs,123,2000,2011,11,0.576248,0.423752
cs,123,2000,2012,12,0.592069,0.407931
cs,123,2000,2013,13,0.426387,0.573613
cs,123,2000,2014,14,0.506447,0.493553
cs,123,2000,2015,15,0.565069,0.434931
cs,123,2000,2016,16,0.592069,0.407931
cs,123,2000,2017,17,0.592069,0.407931
cs,123,2000,2018,18,0.563874,0.436126
cs,123,2000,2019,19,0.525131,0.474869
cs,123,2000,2020,20,0.568656,0.431344
cs,123,2000,2021,21,0.563874,0.436126
cs,123,2000,2022,22,0.512009,0.487991
cs,123,2000,2023,23,0.512009,0.487991
cs,123,2000,2024,24,0.512009,0.487991
cs,123,2000,2025,25,0.512009,0.487991
cs,124,2000,2000,0,1.0,0.0
cs,124,2000,2001,1,0.604432,0.395568
cs,124,2000,2002,2,0.297189,0.702811
cs,124,2000,2003,3,0.098284,0.901716
cs,124,2000,2004,4,0.098284,0.901716
cs,124,2000,2005,5,0.098284,0.901716
cs,124,2000,2006,6,0.098284,0.901716
cs,124,2000,2007,7,0.137026,0.862974
cs,124,2000,2008,8,0.098284,0.901716
cs,124,2000,2009,9,0.098284,0.901716
cs,124,2000,2010,10,0.098284,0.901716
cs,124,2000,2011,11,0.098284,0.901716
cs,124,2000,2012,12,0.098284,0.901716
cs,124,2000,2013,13,0.098284,0.901716
cs,124,2000,2014,14,0.098284,0.901716
cs,124,2000,2015,15,0.098284,0.901716
cs,124,2000,2016,16,0.098284,0.901716
cs,124,2000,2017,17,0.098284,0.901716
cs,124,2000,2018,18,0.098284,0.901716
cs,124,2000,2019,19,0.098284,0.901716
cs,124,2000,2020,20,0.098284,0.901716
cs,124,2000,2021,21,0.098284,0.901716
cs,124,2000,2022,22,0.098284,0.901716
cs,124,2000,2023,23,0.098284,0.901716
cs,124,2000,2024,24,0.098284,0.901716
cs,124,2000,2025,25,0.098284,0.901716
cs,125,2015,2015,0,1.0,0.0
cs,125,2015,2017,2,0.350343,0.649657
cs,125,2015,2018,3,0.460806,0.539194
cs,125,2015,2019,4,0.456943,0.543057
cs,125,2015,2020,5,0.49734,0.50266
cs,125,2015,2021,6,0.528687,0.471313
cs,125,2015,2022,7,0.505723,0.494277
cs,125,2015,2023,8,0.460806,0.539194
cs,125,2015,2024,9,0.460806,0.539194
cs,125,2015,2025,10,0.393869,0.606131
cs,126,2000,2000,0,1.0,0.0
cs,126,2000,2001,1,0.323992,0.676008
cs,126,2000,2002,2,0.0,1.0
cs,126,2000,2004,4,0.0,1.0
cs,126,2000,2005,5,0.0,1.0
cs,126,2000,2006,6,0.0,1.0
cs,126,2000,2008,8,0.0,1.0
cs,126,2000,2009,9,0.0,1.0
cs,126,2000,2010,10,0.0,1.0
cs,126,2000,2011,11,0.0,1.0
cs,126,2000,2012,12,0.0,1.0
cs,126,2000,2013,13,0.0,1.0
cs,126,2000,2014,14,0.0,1.0
cs,126,2000,2015,15,0.0,1.0
cs,126,2000,2016,16,0.0,1.0
cs,126,2000,2017,17,0.0,1.0
cs,126,2000,2018,18,0.0,1.0
cs,126,2000,2019,19,0.0,1.0
cs,126,2000,2020,20,0.0,1.0
cs,126,2000,2021,21,0.0,1.0
cs,126,2000,2022,22,0.0,1.0
cs,126,2000,2023,23,0.0,1.0
cs,126,2000,2024,24,0.0,1.0
cs,126,2000,2025,25,0.0,1.0
cs,127,2000,2000,0,1.0,0.0
cs,127,2000,2001,1,0.732502,0.267498
cs,127,2000,2002,2,0.544059,0.455941
cs,127,2000,2003,3,0.462174,0.537826
cs,127,2000,2004,4,0.257055,0.742945
cs,127,2000,2005,5,0.043525,0.956475
cs,127,2000,2006,6,0.213809,0.786191
cs,127,2000,2007,7,0.168809,0.831191
cs,127,2000,2008,8,0.248869,0.751131
cs,127,2000,2009,9,0.26943,0.73057
cs,127,2000,2010,10,0.251076,0.748924
cs,127,2000,2011,11,0.386897,0.613103
cs,127,2000,2012,12,0.382114,0.617886
cs,127,2000,2013,13,0.328001,0.671999
cs,127,2000,2014,14,0.280747,0.719253
cs,127,2000,2015,15,0.263313,0.736687
cs,127,2000,2016,16,0.248869,0.751131
cs,127,2000,2017,17,0.271372,0.728628
cs,127,2000,2018,18,0.343372,0.656628
cs,127,2000,2019,19,0.350964,0.649036
cs,127,2000,2020,20,0.343372,0.656628
cs,127,2000,2021,21,0.350964,0.649036
cs,127,2000,2022,22,0.350964,0.649036
cs,127,2000,2023,23,0.379031,0.620969
cs,127,2000,2024,24,0.337842,0.662158
cs,127,2000,2025,25,0.337842,0.662158
cs,128,2003,2003,0,1.0,0.0
cs,128,2003,2004,1,0.744817,0.255183
cs,128,2003,2005,2,0.573561,0.426439
cs,128,2003,2009,6,0.307439,0.692561
cs,128,2003,2010,7,0.312094,0.687906
cs,128,2003,2011,8,0.276884,0.723116
cs,128,2003,2012,9,0.170284,0.829716
cs,128,2003,2013,10,0.170284,0.829716
cs,128,2003,2014,11,0.170284,0.829716
cs,128,2003,2015,12,0.284476,0.715524
cs,128,2003,2016,13,0.270905,0.729095
cs,128,2003,2017,14,0.219788,0.780212
cs,128,2003,2018,15,0.22738,0.77262
cs,128,2003,2019,16,0.22738,0.77262
cs,128,2003,2020,17,0.22738,0.77262
cs,128,2003,2021,18,0.22738,0.77262
cs,128,2003,2022,19,0.22738,0.77262
cs,128,2003,2023,20,0.22738,0.77262
cs,128,2003,2024,21,0.209026,0.790974
cs,128,2003,2025,22,0.219788,0.780212
cs,129,2000,2000,0,1.0,0.0
cs,129,2000,2001,1,0.81301,0.18699
cs,129,2000,2002,2,0.740966,0.259034
cs,129,2000,2003,3,0.635286,0.364714
cs,129,2000,2004,4,0.549248,0.450752
cs,129,2000,2005,5,0.399847,0.600153
cs,129,2000,2006,6,0.584839,0.415161
cs,129,2000,2007,7,0.678469,0.321531
cs,129,2000,2008,8,0.709816,0.290184
cs,129,2000,2009,9,0.535594,0.464406
cs,129,2000,2010,10,0.617128,0.382872
cs,129,2000,2011,11,0.653027,0.346973
cs,129,2000,2012,12,0.616186,0.383814
cs,129,2000,2013,13,0.790054,0.209946
cs,129,2000,2014,14,0.806794,0.193206
cs,129,2000,2015,15,0.751727,0.248273
cs,129,2000,2016,16,0.665689,0.334311
cs,129,2000,2017,17,0.70456,0.29544
cs,129,2000,2018,18,0.745749,0.254251
cs,129,2000,2019,19,0.732627,0.267373
cs,129,2000,2020,20,0.771369,0.228631
cs,129,2000,2021,21,0.748405,0.251595
cs,129,2000,2022,22,0.748405,0.251595
cs,129,2000,2023,23,0.732627,0.267373
cs,129,2000,2024,24,0.732627,0.267373
cs,129,2000,2025,25,0.751727,0.248273
cs,130,2000,2000,0,1.0,0.0
cs,130,2000,2002,2,0.0,1.0
cs,130,2000,2004,4,0.0,1.0
cs,130,2000,2005,5,0.0,1.0
cs,130,2000,2006,6,0.066937,0.933063
cs,130,2000,2007,7,0.066937,0.933063
cs,130,2000,2008,8,0.066937,0.933063
cs,130,2000,2009,9,0.066937,0.933063
cs,130,2000,2010,10,0.066937,0.933063
cs,130,2000,2011,11,0.066937,0.933063
cs,130,2000,2012,12,0.066937,0.933063
cs,130,2000,2013,13,0.066937,0.933063
cs,130,2000,2014,14,0.066937,0.933063
cs,130,2000,2015,15,0.066937,0.933063
cs,130,2000,2016,16,0.066937,0.933063
cs,130,2000,2017,17,0.066937,0.933063
cs,130,2000,2018,18,0.066937,0.933063
cs,130,2000,2019,19,0.043525,0.956475
cs,130,2000,2020,20,0.0,1.0
cs,130,2000,2021,21,0.0,1.0
cs,130,2000,2022,22,0.0,1.0
cs,130,2000,2023,23,0.043525,0.956475
cs,130,2000,2024,24,0.043525,0.956475
cs,130,2000,2025,25,0.0,1.0
cs,131,2000,2000,0,1.0,0.0
cs,131,2000,2001,1,0.360806,0.639194
cs,131,2000,2002,2,0.302055,0.697945
cs,131,2000,2003,3,0.213809,0.786191
cs,131,2000,2004,4,0.213809,0.786191
cs,131,2000,2005,5,0.213809,0.786191
cs,131,2000,2006,6,0.170284,0.829716
cs,131,2000,2007,7,0.066937,0.933063
cs,131,2000,2008,8,0.213809,0.786191
cs,131,2000,2009,9,0.129563,0.870437
cs,131,2000,2010,10,0.213809,0.786191
cs,131,2000,2011,11,0.293869,0.706131
cs,131,2000,2012,12,0.263313,0.736687
cs,131,2000,2013,13,0.312094,0.687906
cs,131,2000,2014,14,0.293869,0.706131
cs,131,2000,2015,15,0.213809,0.786191
cs,131,2000,2016,16,0.213809,0.786191
cs,131,2000,2017,17,0.280747,0.719253
cs,131,2000,2018,18,0.263313,0.736687
cs,131,2000,2019,19,0.270905,0.729095
cs,131,2000,2020,20,0.263313,0.736687
cs,131,2000,2021,21,0.213809,0.786191
cs,131,2000,2022,22,0.213809,0.786191
cs,131,2000,2023,23,0.213809,0.786191
cs,131,2000,2024,24,0.213809,0.786191
cs,131,2000,2025,25,0.213809,0.786191
cs,132,2000,2000,0,1.0,0.0
cs,132,2000,2002,2,0.0,1.0
cs,132,2000,2003,3,0.0,1.0
cs,132,2000,2006,6,0.0,1.0
cs,132,2000,2007,7,0.0,1.0
cs,132,2000,2009,9,0.0,1.0
cs,132,2000,2010,10,0.0,1.0
cs,132,2000,2011,11,0.0,1.0
cs,132,2000,2012,12,0.0,1.0
cs,132,2000,2013,13,0.0,1.0
cs,132,2000,2014,14,0.0,1.0
cs,132,2000,2015,15,0.0,1.0
cs,132,2000,2016,16,0.0,1.0
cs,132,2000,2017,17,0.0,1.0
cs,132,2000,2018,18,0.0,1.0
cs,132,2000,2019,19,0.0,1.0
cs,132,2000,2020,20,0.0,1.0
cs,132,2000,2021,21,0.0,1.0
cs,132,2000,2022,22,0.0,1.0
cs,132,2000,2023,23,0.0,1.0
cs,132,2000,2024,24,0.0,1.0
cs,132,2000,2025,25,0.0,1.0
cs,133,2000,2000,0,1.0,0.0
cs,133,2000,2011,11,0.0,1.0
cs,133,2000,2012,12,0.057096,0.942904
cs,133,2000,2014,14,0.0,1.0
cs,133,2000,2015,15,0.0,1.0
cs,133,2000,2016,16,0.057096,0.942904
cs,133,2000,2017,17,0.057096,0.942904
cs,133,2000,2018,18,0.057096,0.942904
cs,133,2000,2019,19,0.057096,0.942904
cs,133,2000,2020,20,0.057096,0.942904
cs,133,2000,2021,21,0.057096,0.942904
cs,133,2000,2022,22,0.057096,0.942904
cs,133,2000,2023,23,0.057096,0.942904
cs,133,2000,2024,24,0.057096,0.942904
cs,133,2000,2025,25,0.057096,0.942904
cs,134,2001,2001,0,1.0,0.0
cs,134,2001,2004,3,0.0,1.0
cs,134,2001,2005,4,0.0,1.0
cs,134,2001,2006,5,0.0,1.0
cs,134,2001,2008,7,0.066937,0.933063
cs,134,2001,2009,8,0.066937,0.933063
cs,134,2001,2010,9,0.066937,0.933063
cs,134,2001,2011,10,0.066937,0.933063
cs,134,2001,2012,11,0.133874,0.866126
cs,134,2001,2013,12,0.146996,0.853004
cs,134,2001,2014,13,0.165221,0.834779
cs,134,2001,2015,14,0.165221,0.834779
cs,134,2001,2016,15,0.165221,0.834779
cs,134,2001,2017,16,0.165221,0.834779
cs,134,2001,2018,17,0.165221,0.834779
cs,134,2001,2019,18,0.165221,0.834779
cs,134,2001,2020,19,0.165221,0.834779
cs,134,2001,2021,20,0.165221,0.834779
cs,134,2001,2022,21,0.165221,0.834779
cs,134,2001,2023,22,0.165221,0.834779
cs,134,2001,2024,23,0.165221,0.834779
cs,134,2001,2025,24,0.165221,0.834779
cs,135,2004,2004,0,1.0,0.0
cs,135,2004,2008,4,0.334311,0.665689
cs,135,2004,2014,10,0.15538,0.84462
cs,135,2004,2015,11,0.333059,0.666941
cs,135,2004,2016,12,0.338589,0.661411
cs,135,2004,2017,13,0.41437,0.58563
cs,135,2004,2018,14,0.457895,0.542105
cs,135,2004,2019,15,0.453112,0.546888
cs,135,2004,2020,16,0.430895,0.569105
cs,135,2004,2021,17,0.426112,0.573888
cs,135,2004,2022,18,0.453112,0.546888
cs,135,2004,2023,19,0.38737,0.61263
cs,135,2004,2024,20,0.41437,0.58563
cs,135,2004,2025,21,0.41437,0.58563
cs,136,2000,2000,0,1.0,0.0
cs,136,2000,2003,3,0.038742,0.961258
cs,136,2000,2005,5,0.057096,0.942904
cs,136,2000,2006,6,0.170284,0.829716
cs,136,2000,2007,7,0.366122,0.633878
cs,136,2000,2008,8,0.313809,0.686191
cs,136,2000,2009,9,0.425467,0.574533
cs,136,2000,2010,10,0.473053,0.526947
cs,136,2000,2011,11,0.434311,0.565689
cs,136,2000,2012,12,0.334311,0.665689
cs,136,2000,2013,13,0.334311,0.665689
cs,136,2000,2014,14,0.434311,0.565689
cs,136,2000,2015,15,0.434311,0.565689
cs,136,2000,2016,16,0.434311,0.565689
cs,136,2000,2017,17,0.434311,0.565689
cs,136,2000,2018,18,0.434311,0.565689
cs,136,2000,2019,19,0.434311,0.565689
cs,136,2000,2020,20,0.434311,0.565689
cs,136,2000,2021,21,0.434311,0.565689
cs,136,2000,2022,22,0.434311,0.565689
cs,136,2000,2023,23,0.434311,0.565689
cs,136,2000,2024,24,0.434311,0.565689
cs,136,2000,2025,25,0.434311,0.565689
cs,137,2000,2000,0,1.0,0.0
cs,137,2000,2005,5,0.0,1.0
cs,137,2000,2013,13,0.0,1.0
cs,137,2000,2014,14,0.0,1.0
cs,137,2000,2016,16,0.0,1.0
cs,137,2000,2017,17,0.0,1.0
cs,137,2000,2018,18,0.043525,0.956475
cs,137,2000,2019,19,0.082267,0.917733
cs,137,2000,2020,20,0.08705,0.91295
cs,137,2000,2021,21,0.141809,0.858191
cs,137,2000,2022,22,0.190522,0.809478
cs,137,2000,2023,23,0.173088,0.826912
cs,137,2000,2024,24,0.136554,0.863446
cs,137,2000,2025,25,0.136554,0.863446
cs,138,2005,2005,0,1.0,0.0
cs,138,2005,2009,4,0.0,1.0
cs,138,2005,2010,5,0.375628,0.624372
cs,138,2005,2011,6,0.393853,0.606147
cs,138,2005,2012,7,0.649036,0.350964
cs,138,2005,2013,8,0.56079,0.43921
cs,138,2005,2014,9,0.493853,0.506147
cs,138,2005,2015,10,0.493853,0.506147
cs,138,2005,2016,11,0.493853,0.506147
cs,138,2005,2017,12,0.392378,0.607622
cs,138,2005,2018,13,0.398356,0.601644
cs,138,2005,2019,14,0.398356,0.601644
cs,138,2005,2020,15,0.482099,0.517901
cs,138,2005,2021,16,0.443356,0.556644
cs,138,2005,2022,17,0.443356,0.556644
cs,138,2005,2023,18,0.486881,0.513119
cs,138,2005,2024,19,0.486881,0.513119
cs,138,2005,2025,20,0.480903,0.519097
cs,139,2002,2002,0,1.0,0.0
cs,139,2002,2004,2,0.080059,0.919941
cs,139,2002,2005,3,0.118801,0.881199
cs,139,2002,2006,4,0.118801,0.881199
cs,139,2002,2007,5,0.118801,0.881199
cs,139,2002,2008,6,0.118801,0.881199
cs,139,2002,2009,7,0.080059,0.919941
cs,139,2002,2010,8,0.137155,0.862845
cs,139,2002,2011,9,0.118801,0.881199
cs,139,2002,2012,10,0.118801,0.881199
cs,139,2002,2013,11,0.080059,0.919941
cs,139,2002,2014,12,0.080059,0.919941
cs,139,2002,2015,13,0.080059,0.919941
cs,139,2002,2016,14,0.080059,0.919941
cs,139,2002,2017,15,0.080059,0.919941
cs,139,2002,2018,16,0.080059,0.919941
cs,139,2002,2019,17,0.080059,0.919941
cs,139,2002,2020,18,0.080059,0.919941
cs,139,2002,2021,19,0.080059,0.919941
cs,139,2002,2022,20,0.080059,0.919941
cs,139,2002,2023,21,0.080059,0.919941
cs,139,2002,2024,22,0.080059,0.919941
cs,139,2002,2025,23,0.080059,0.919941
cs,140,2000,2000,0,1.0,0.0
cs,140,2000,2005,5,0.125284,0.874716
cs,140,2000,2008,8,0.0,1.0
cs,140,2000,2009,9,0.057096,0.942904
cs,140,2000,2010,10,0.066937,0.933063
cs,140,2000,2011,11,0.170284,0.829716
cs,140,2000,2013,13,0.170284,0.829716
cs,140,2000,2014,14,0.170284,0.829716
cs,140,2000,2015,15,0.170284,0.829716
cs,140,2000,2016,16,0.170284,0.829716
cs,140,2000,2017,17,0.170284,0.829716
cs,140,2000,2018,18,0.170284,0.829716
cs,140,2000,2019,19,0.170284,0.829716
cs,140,2000,2020,20,0.170284,0.829716
cs,140,2000,2021,21,0.170284,0.829716
cs,140,2000,2022,22,0.170284,0.829716
cs,140,2000,2023,23,0.170284,0.829716
cs,140,2000,2024,24,0.170284,0.829716
cs,140,2000,2025,25,0.170284,0.829716
cs,141,2000,2000,0,1.0,0.0
cs,141,2000,2002,2,0.125284,0.874716
cs,141,2000,2003,3,0.170284,0.829716
cs,141,2000,2004,4,0.170284,0.829716
cs,141,2000,2005,5,0.080059,0.919941
cs,141,2000,2006,6,0.080059,0.919941
cs,141,2000,2007,7,0.270284,0.729716
cs,141,2000,2008,8,0.270284,0.729716
cs,141,2000,2009,9,0.125284,0.874716
cs,141,2000,2010,10,0.270284,0.729716
cs,141,2000,2011,11,0.270284,0.729716
cs,141,2000,2012,12,0.270284,0.729716
cs,141,2000,2013,13,0.270284,0.729716
cs,141,2000,2014,14,0.270284,0.729716
cs,141,2000,2015,15,0.270284,0.729716
cs,141,2000,2016,16,0.170284,0.829716
cs,141,2000,2017,17,0.270284,0.729716
cs,141,2000,2018,18,0.170284,0.829716
cs,141,2000,2019,19,0.170284,0.829716
cs,141,2000,2020,20,0.270284,0.729716
cs,141,2000,2021,21,0.170284,0.829716
cs,141,2000,2022,22,0.170284,0.829716
cs,141,2000,2023,23,0.270284,0.729716
cs,141,2000,2024,24,0.170284,0.829716
cs,141,2000,2025,25,0.170284,0.829716
cs,142,2011,2011,0,1.0,0.0
cs,142,2011,2013,2,0.137155,0.862845
cs,142,2011,2014,3,0.043525,0.956475
cs,142,2011,2015,4,0.043525,0.956475
cs,142,2011,2016,5,0.043525,0.956475
cs,142,2011,2017,6,0.043525,0.956475
cs,142,2011,2018,7,0.043525,0.956475
cs,142,2011,2019,8,0.043525,0.956475
cs,142,2011,2020,9,0.043525,0.956475
cs,142,2011,2021,10,0.043525,0.956475
cs,142,2011,2022,11,0.043525,0.956475
cs,142,2011,2023,12,0.043525,0.956475
cs,142,2011,2024,13,0.043525,0.956475
cs,142,2011,2025,14,0.043525,0.956475
cs,143,2001,2001,0,1.0,0.0
cs,143,2001,2004,3,0.0,1.0
cs,143,2001,2005,4,0.0,1.0
cs,143,2001,2007,6,0.0,1.0
cs,143,2001,2008,7,0.0,1.0
cs,143,2001,2009,8,0.0,1.0
cs,143,2001,2010,9,0.0,1.0
cs,143,2001,2011,10,0.0,1.0
cs,143,2001,2012,11,0.0,1.0
cs,143,2001,2013,12,0.0,1.0
cs,143,2001,2014,13,0.0,1.0
cs,143,2001,2015,14,0.0,1.0
cs,143,2001,2016,15,0.0,1.0
cs,143,2001,2017,16,0.0,1.0
cs,143,2001,2018,17,0.0,1.0
cs,143,2001,2019,18,0.0,1.0
cs,143,2001,2020,19,0.0,1.0
cs,143,2001,2021,20,0.0,1.0
cs,143,2001,2022,21,0.0,1.0
cs,143,2001,2023,22,0.0,1.0
cs,143,2001,2024,23,0.0,1.0
cs,143,2001,2025,24,0.0,1.0
cs,144,2003,2003,0,1.0,0.0
cs,144,2003,2009,6,0.098284,0.901716
cs,144,2003,2011,8,0.0,1.0
cs,144,2003,2012,9,0.0,1.0
cs,144,2003,2013,10,0.0,1.0
cs,144,2003,2014,11,0.0,1.0
cs,144,2003,2015,12,0.043525,0.956475
cs,144,2003,2016,13,0.098284,0.901716
cs,144,2003,2017,14,0.204884,0.795116
cs,144,2003,2018,15,0.221122,0.778878
cs,144,2003,2019,16,0.309647,0.690353
cs,144,2003,2020,17,0.276884,0.723116
cs,144,2003,2021,18,0.276884,0.723116
cs,144,2003,2022,19,0.270905,0.729095
cs,144,2003,2023,20,0.270905,0.729095
cs,144,2003,2024,21,0.309647,0.690353
cs,144,2003,2025,22,0.266122,0.733878
cs,145,2004,2004,0,1.0,0.0
cs,145,2004,2011,7,0.0,1.0
cs,145,2004,2012,8,0.0,1.0
cs,145,2004,2013,9,0.049504,0.950496
cs,145,2004,2015,11,0.049504,0.950496
cs,145,2004,2016,12,0.066937,0.933063
cs,145,2004,2017,13,0.137155,0.862845
cs,145,2004,2018,14,0.160118,0.839882
cs,145,2004,2019,15,0.178343,0.821657
cs,145,2004,2020,16,0.178343,0.821657
cs,145,2004,2021,17,0.205343,0.794657
cs,145,2004,2022,18,0.192221,0.807779
cs,145,2004,2023,19,0.303628,0.696372
cs,145,2004,2024,20,0.262439,0.737561
cs,145,2004,2025,21,0.254847,0.745153
cs,146,2013,2013,0,1.0,0.0
cs,146,2013,2014,1,0.580399,0.419601
cs,146,2013,2016,3,0.125284,0.874716
cs,146,2013,2017,4,0.125284,0.874716
cs,146,2013,2018,5,0.125284,0.874716
cs,146,2013,2019,6,0.125284,0.874716
cs,146,2013,2020,7,0.125284,0.874716
cs,146,2013,2021,8,0.125284,0.874716
cs,146,2013,2022,9,0.125284,0.874716
cs,146,2013,2023,10,0.125284,0.874716
cs,146,2013,2024,11,0.125284,0.874716
cs,146,2013,2025,12,0.125284,0.874716
cs,147,2000,2000,0,1.0,0.0
cs,147,2000,2002,2,0.0,1.0
cs,147,2000,2003,3,0.043525,0.956475
cs,147,2000,2004,4,0.082267,0.917733
cs,147,2000,2005,5,0.082267,0.917733
cs,147,2000,2006,6,0.0,1.0
cs,147,2000,2007,7,0.080059,0.919941
cs,147,2000,2008,8,0.350343,0.649657
cs,147,2000,2009,9,0.137155,0.862845
cs,147,2000,2010,10,0.080059,0.919941
cs,147,2000,2011,11,0.080059,0.919941
cs,147,2000,2012,12,0.080059,0.919941
cs,147,2000,2013,13,0.080059,0.919941
cs,147,2000,2014,14,0.100621,0.899379
cs,147,2000,2015,15,0.123584,0.876416
cs,147,2000,2016,16,0.123584,0.876416
cs,147,2000,2017,17,0.167109,0.832891
cs,147,2000,2018,18,0.203644,0.796356
cs,147,2000,2019,19,0.123584,0.876416
cs,147,2000,2020,20,0.123584,0.876416
cs,147,2000,2021,21,0.123584,0.876416
cs,147,2000,2022,22,0.123584,0.876416
cs,147,2000,2023,23,0.123584,0.876416
cs,147,2000,2024,24,0.123584,0.876416
cs,147,2000,2025,25,0.123584,0.876416
cs,148,2001,2001,0,1.0,0.0
cs,148,2001,2009,8,0.0,1.0
cs,148,2001,2011,10,0.170284,0.829716
cs,148,2001,2012,11,0.098284,0.901716
cs,148,2001,2013,12,0.170284,0.829716
cs,148,2001,2014,13,0.170284,0.829716
cs,148,2001,2015,14,0.170284,0.829716
cs,148,2001,2016,15,0.170284,0.829716
cs,148,2001,2017,16,0.170284,0.829716
cs,148,2001,2018,17,0.125284,0.874716
cs,148,2001,2019,18,0.125284,0.874716
cs,148,2001,2020,19,0.125284,0.874716
cs,148,2001,2021,20,0.125284,0.874716
cs,148,2001,2022,21,0.098284,0.901716
cs,148,2001,2023,22,0.080059,0.919941
cs,148,2001,2024,23,0.080059,0.919941
cs,148,2001,2025,24,0.080059,0.919941
cs,149,2000,2000,0,1.0,0.0
cs,149,2000,2002,2,0.21353,0.78647
cs,149,2000,2003,3,0.547168,0.452832
cs,149,2000,2004,4,0.664774,0.335226
cs,149,2000,2005,5,0.237221,0.762779
cs,149,2000,2006,6,0.496189,0.503811
cs,149,2000,2007,7,0.452664,0.547336
cs,149,2000,2008,8,0.262311,0.737689
cs,149,2000,2009,9,0.369039,0.630961
cs,149,2000,2010,10,0.325664,0.674336
cs,149,2000,2012,12,0.262311,0.737689
cs,149,2000,2013,13,0.362506,0.637494
cs,149,2000,2014,14,0.443356,0.556644
cs,149,2000,2015,15,0.406031,0.593969
cs,149,2000,2016,16,0.570131,0.429869
cs,149,2000,2017,17,0.637069,0.362931
cs,149,2000,2018,18,0.60579,0.39421
cs,149,2000,2019,19,0.657654,0.342346
cs,149,2000,2020,20,0.587565,0.412435
cs,149,2000,2021,21,0.644532,0.355468
cs,149,2000,2022,22,0.618912,0.381088
cs,149,2000,2023,23,0.618912,0.381088
cs,149,2000,2024,24,0.662437,0.337563
cs,149,2000,2025,25,0.657654,0.342346
cs,150,2000,2000,0,1.0,0.0
cs,150,2000,2002,2,0.209026,0.790974
cs,150,2000,2003,3,0.209026,0.790974
cs,150,2000,2005,5,0.139363,0.860637
cs,150,2000,2006,6,0.314706,0.685294
cs,150,2000,2010,10,0.235439,0.764561
cs,150,2000,2011,11,0.356814,0.643186
cs,150,2000,2013,13,0.22738,0.77262
cs,150,2000,2014,14,0.407311,0.592689
cs,150,2000,2015,15,0.407311,0.592689
cs,150,2000,2016,16,0.407311,0.592689
cs,150,2000,2017,17,0.407311,0.592689
cs,150,2000,2018,18,0.407311,0.592689
cs,150,2000,2019,19,0.407311,0.592689
cs,150,2000,2020,20,0.407311,0.592689
cs,150,2000,2021,21,0.407311,0.592689
cs,150,2000,2022,22,0.407311,0.592689
cs,150,2000,2023,23,0.307311,0.692689
cs,150,2000,2024,24,0.307311,0.692689
cs,150,2000,2025,25,0.307311,0.692689
cs,151,2000,2000,0,1.0,0.0
cs,151,2000,2004,4,0.0,1.0
cs,151,2000,2008,8,0.080059,0.919941
cs,151,2000,2012,12,0.170284,0.829716
cs,151,2000,2013,13,0.170284,0.829716
cs,151,2000,2014,14,0.237221,0.762779
cs,151,2000,2015,15,0.280747,0.719253
cs,151,2000,2016,16,0.286725,0.713275
cs,151,2000,2017,17,0.317281,0.682719
cs,151,2000,2018,18,0.304159,0.695841
cs,151,2000,2019,19,0.286725,0.713275
cs,151,2000,2020,20,0.280747,0.719253
cs,151,2000,2021,21,0.304159,0.695841
cs,151,2000,2022,22,0.280747,0.719253
cs,151,2000,2023,23,0.275964,0.724036
cs,151,2000,2024,24,0.275964,0.724036
cs,151,2000,2025,25,0.275964,0.724036
cs,152,2003,2003,0,1.0,0.0
cs,152,2003,2005,2,0.170284,0.829716
cs,152,2003,2007,4,0.178343,0.821657
cs,152,2003,2010,7,0.368568,0.631432
cs,152,2003,2014,11,0.125284,0.874716
cs,152,2003,2015,12,0.170284,0.829716
cs,152,2003,2016,13,0.368568,0.631432
cs,152,2003,2017,14,0.368568,0.631432
cs,152,2003,2018,15,0.368568,0.631432
cs,152,2003,2019,16,0.368568,0.631432
cs,152,2003,2020,17,0.368568,0.631432
cs,152,2003,2021,18,0.368568,0.631432
cs,152,2003,2022,19,0.368568,0.631432
cs,152,2003,2023,20,0.368568,0.631432
cs,152,2003,2024,21,0.368568,0.631432
cs,152,2003,2025,22,0.350343,0.649657
cs,153,2001,2001,0,1.0,0.0
cs,153,2001,2005,4,0.302055,0.697945
cs,153,2001,2006,5,0.25853,0.74147
cs,153,2001,2007,6,0.247768,0.752232
cs,153,2001,2008,7,0.170284,0.829716
cs,153,2001,2009,8,0.170284,0.829716
cs,153,2001,2010,9,0.219788,0.780212
cs,153,2001,2011,10,0.25853,0.74147
cs,153,2001,2012,11,0.25853,0.74147
cs,153,2001,2013,12,0.25853,0.74147
cs,153,2001,2014,13,0.219788,0.780212
cs,153,2001,2015,14,0.219788,0.780212
cs,153,2001,2016,15,0.219788,0.780212
cs,153,2001,2017,16,0.25853,0.74147
cs,153,2001,2018,17,0.25853,0.74147
cs,153,2001,2019,18,0.25853,0.74147
cs,153,2001,2020,19,0.25853,0.74147
cs,153,2001,2021,20,0.25853,0.74147
cs,153,2001,2022,21,0.219788,0.780212
cs,153,2001,2023,22,0.213809,0.786191
cs,153,2001,2024,23,0.170284,0.829716
cs,153,2001,2025,24,0.170284,0.829716
cs,154,2004,2004,0,1.0,0.0
cs,154,2004,2005,1,0.507399,0.492601
cs,154,2004,2006,2,0.400339,0.599661
cs,154,2004,2007,3,0.252551,0.747449
cs,154,2004,2009,5,0.379311,0.620689
cs,154,2004,2010,6,0.379311,0.620689
cs,154,2004,2011,7,0.428814,0.571186
cs,154,2004,2012,8,0.377836,0.622164
cs,154,2004,2013,9,0.334311,0.665689
cs,154,2004,2014,10,0.334311,0.665689
cs,154,2004,2015,11,0.334311,0.665689
cs,154,2004,2016,12,0.334311,0.665689
cs,154,2004,2017,13,0.334311,0.665689
cs,154,2004,2018,14,0.334311,0.665689
cs,154,2004,2019,15,0.334311,0.665689
cs,154,2004,2020,16,0.334311,0.665689
cs,154,2004,2021,17,0.334311,0.665689
cs,154,2004,2022,18,0.334311,0.665689
cs,154,2004,2023,19,0.334311,0.665689
cs,154,2004,2024,20,0.334311,0.665689
cs,154,2004,2025,21,0.334311,0.665689
cs,155,2013,2013,0,1.0,0.0
cs,155,2013,2016,3,0.268568,0.731432
cs,155,2013,2017,4,0.268568,0.731432
cs,155,2013,2018,5,0.165221,0.834779
cs,155,2013,2019,6,0.098284,0.901716
cs,155,2013,2020,7,0.141809,0.858191
cs,155,2013,2021,8,0.098284,0.901716
cs,155,2013,2022,9,0.147788,0.852212
cs,155,2013,2023,10,0.141809,0.858191
cs,155,2013,2024,11,0.098284,0.901716
cs,155,2013,2025,12,0.098284,0.901716
cs,156,2000,2000,0,1.0,0.0
cs,156,2000,2001,1,0.835279,0.164721
cs,156,2000,2002,2,0.623416,0.376584
cs,156,2000,2004,4,0.347601,0.652399
cs,156,2000,2005,5,0.246072,0.753928
cs,156,2000,2006,6,0.043525,0.956475
cs,156,2000,2007,7,0.0,1.0
cs,156,2000,2008,8,0.0,1.0
cs,156,2000,2009,9,0.0,1.0
cs,156,2000,2010,10,0.0,1.0
cs,156,2000,2011,11,0.0,1.0
cs,156,2000,2012,12,0.125284,0.874716
cs,156,2000,2013,13,0.270284,0.729716
cs,156,2000,2014,14,0.098284,0.901716
cs,156,2000,2015,15,0.105679,0.894321
cs,156,2000,2016,16,0.116441,0.883559
cs,156,2000,2017,17,0.116441,0.883559
cs,156,2000,2018,18,0.116441,0.883559
cs,156,2000,2019,19,0.105679,0.894321
cs,156,2000,2020,20,0.038742,0.961258
cs,156,2000,2021,21,0.038742,0.961258
cs,156,2000,2022,22,0.038742,0.961258
cs,156,2000,2023,23,0.0,1.0
cs,156,2000,2024,24,0.049504,0.950496
cs,156,2000,2025,25,0.057096,0.942904
cs,157,2002,2002,0,1.0,0.0
cs,157,2002,2003,1,0.560906,0.439094
cs,157,2002,2004,2,0.190522,0.809478
cs,157,2002,2005,3,0.116441,0.883559
cs,157,2002,2006,4,0.0,1.0
cs,157,2002,2007,5,0.057096,0.942904
cs,157,2002,2008,6,0.0,1.0
cs,157,2002,2009,7,0.066937,0.933063
cs,157,2002,2010,8,0.123584,0.876416
cs,157,2002,2011,9,0.080059,0.919941
cs,157,2002,2012,10,0.080059,0.919941
cs,157,2002,2013,11,0.080059,0.919941
cs,157,2002,2014,12,0.080059,0.919941
cs,157,2002,2015,13,0.080059,0.919941
cs,157,2002,2016,14,0.129563,0.870437
cs,157,2002,2017,15,0.129563,0.870437
cs,157,2002,2018,16,0.080059,0.919941
cs,157,2002,2019,17,0.080059,0.919941
cs,157,2002,2020,18,0.080059,0.919941
cs,157,2002,2021,19,0.080059,0.919941
cs,157,2002,2022,20,0.080059,0.919941
cs,157,2002,2023,21,0.080059,0.919941
cs,157,2002,2024,22,0.080059,0.919941
cs,157,2002,2025,23,0.080059,0.919941
cs,158,2004,2004,0,1.0,0.0
cs,158,2004,2005,1,0.824933,0.175067
cs,158,2004,2006,2,0.386725,0.613275
cs,158,2004,2007,3,0.057096,0.942904
cs,158,2004,2008,4,0.066937,0.933063
cs,158,2004,2009,5,0.170284,0.829716
cs,158,2004,2010,6,0.098284,0.901716
cs,158,2004,2011,7,0.125284,0.874716
cs,158,2004,2012,8,0.125284,0.874716
cs,158,2004,2013,9,0.178343,0.821657
cs,158,2004,2014,10,0.205343,0.794657
cs,158,2004,2015,11,0.178343,0.821657
cs,158,2004,2016,12,0.223568,0.776432
cs,158,2004,2017,13,0.124033,0.875967
cs,158,2004,2018,14,0.066937,0.933063
cs,158,2004,2019,15,0.080059,0.919941
cs,158,2004,2020,16,0.129563,0.870437
cs,158,2004,2021,17,0.147788,0.852212
cs,158,2004,2022,18,0.141809,0.858191
cs,158,2004,2023,19,0.137026,0.862974
cs,158,2004,2024,20,0.118801,0.881199
cs,158,2004,2025,21,0.080059,0.919941
cs,159,2012,2012,0,1.0,0.0
cs,159,2012,2014,2,0.318072,0.681928
cs,159,2012,2015,3,0.343821,0.656179
cs,159,2012,2016,4,0.432723,0.567277
cs,159,2012,2017,5,0.432723,0.567277
cs,159,2012,2018,6,0.432723,0.567277
cs,159,2012,2019,7,0.432723,0.567277
cs,159,2012,2020,8,0.432723,0.567277
cs,159,2012,2021,9,0.432723,0.567277
cs,159,2012,2022,10,0.432723,0.567277
cs,159,2012,2023,11,0.432723,0.567277
cs,159,2012,2024,12,0.432723,0.567277
cs,159,2012,2025,13,0.432723,0.567277
cs,160,2014,2014,0,1.0,0.0
cs,160,2014,2015,1,0.769261,0.230739
cs,160,2014,2016,2,0.292338,0.707662
cs,160,2014,2017,3,0.331277,0.668723
cs,160,2014,2018,4,0.280664,0.719336
cs,160,2014,2019,5,0.280664,0.719336
cs,160,2014,2020,6,0.249317,0.750683
cs,160,2014,2021,7,0.222317,0.777683
cs,160,2014,2022,8,0.222317,0.777683
cs,160,2014,2023,9,0.204092,0.795908
cs,160,2014,2024,10,0.222317,0.777683
cs,160,2014,2025,11,0.222317,0.777683
cs,161,2000,2000,0,1.0,0.0
cs,161,2000,2001,1,0.44091,0.55909
cs,161,2000,2003,3,0.0,1.0
cs,161,2000,2005,5,0.049504,0.950496
cs,161,2000,2006,6,0.038742,0.961258
cs,161,2000,2007,7,0.043525,0.956475
cs,161,2000,2008,8,0.043525,0.956475
cs,161,2000,2009,9,0.0,1.0
cs,161,2000,2010,10,0.0,1.0
cs,161,2000,2011,11,0.049504,0.950496
cs,161,2000,2012,12,0.043525,0.956475
cs,161,2000,2013,13,0.043525,0.956475
cs,161,2000,2014,14,0.049504,0.950496
cs,161,2000,2015,15,0.057096,0.942904
cs,161,2000,2016,16,0.049504,0.950496
cs,161,2000,2017,17,0.057096,0.942904
cs,161,2000,2018,18,0.066937,0.933063
cs,161,2000,2019,19,0.105679,0.894321
cs,161,2000,2020,20,0.066937,0.933063
cs,161,2000,2021,21,0.066937,0.933063
cs,161,2000,2022,22,0.141809,0.858191
cs,161,2000,2023,23,0.168809,0.831191
cs,161,2000,2024,24,0.170284,0.829716
cs,161,2000,2025,25,0.110462,0.889538
cs,162,2000,2000,0,1.0,0.0
cs,162,2000,2002,2,0.0,1.0
cs,162,2000,2003,3,0.043525,0.956475
cs,162,2000,2004,4,0.066937,0.933063
cs,162,2000,2005,5,0.174788,0.825212
cs,162,2000,2006,6,0.043525,0.956475
cs,162,2000,2007,7,0.0,1.0
cs,162,2000,2008,8,0.125284,0.874716
cs,162,2000,2009,9,0.125284,0.874716
cs,162,2000,2010,10,0.319788,0.680212
cs,162,2000,2011,11,0.170284,0.829716
cs,162,2000,2012,12,0.313809,0.686191
cs,162,2000,2013,13,0.219788,0.780212
cs,162,2000,2014,14,0.219788,0.780212
cs,162,2000,2015,15,0.219788,0.780212
cs,162,2000,2016,16,0.219788,0.780212
cs,162,2000,2017,17,0.219788,0.780212
cs,162,2000,2018,18,0.219788,0.780212
cs,162,2000,2019,19,0.219788,0.780212
cs,162,2000,2020,20,0.219788,0.780212
cs,162,2000,2021,21,0.168809,0.831191
cs,162,2000,2022,22,0.219788,0.780212
cs,162,2000,2023,23,0.219788,0.780212
cs,162,2000,2024,24,0.219788,0.780212
cs,162,2000,2025,25,0.219788,0.780212
cs,163,2002,2002,0,1.0,0.0
cs,163,2002,2004,2,0.0,1.0
cs,163,2002,2005,3,0.0,1.0
cs,163,2002,2006,4,0.0,1.0
cs,163,2002,2007,5,0.0,1.0
cs,163,2002,2008,6,0.0,1.0
cs,163,2002,2009,7,0.0,1.0
cs,163,2002,2010,8,0.043525,0.956475
cs,163,2002,2011,9,0.043525,0.956475
cs,163,2002,2012,10,0.082267,0.917733
cs,163,2002,2013,11,0.038742,0.961258
cs,163,2002,2014,12,0.038742,0.961258
cs,163,2002,2015,13,0.057096,0.942904
cs,163,2002,2016,14,0.066937,0.933063
cs,163,2002,2017,15,0.043525,0.956475
cs,163,2002,2018,16,0.066937,0.933063
cs,163,2002,2019,17,0.049504,0.950496
cs,163,2002,2020,18,0.057096,0.942904
cs,163,2002,2021,19,0.049504,0.950496
cs,163,2002,2022,20,0.095838,0.904162
cs,163,2002,2023,21,0.049504,0.950496
cs,163,2002,2024,22,0.066937,0.933063
cs,163,2002,2025,23,0.057096,0.942904
cs,164,2000,2000,0,1.0,0.0
cs,164,2000,2005,5,0.164026,0.835974
cs,164,2000,2009,9,0.088246,0.911754
cs,164,2000,2011,11,0.118801,0.881199
cs,164,2000,2012,12,0.137026,0.862974
cs,164,2000,2013,13,0.164026,0.835974
cs,164,2000,2014,14,0.164026,0.835974
cs,164,2000,2015,15,0.164026,0.835974
cs,164,2000,2016,16,0.164026,0.835974
cs,164,2000,2017,17,0.164026,0.835974
cs,164,2000,2018,18,0.164026,0.835974
cs,164,2000,2019,19,0.164026,0.835974
cs,164,2000,2020,20,0.164026,0.835974
cs,164,2000,2021,21,0.164026,0.835974
cs,164,2000,2022,22,0.164026,0.835974
cs,164,2000,2023,23,0.164026,0.835974
cs,164,2000,2024,24,0.164026,0.835974
cs,164,2000,2025,25,0.164026,0.835974
cs,165,2000,2000,0,1.0,0.0
cs,165,2000,2012,12,0.313809,0.686191
cs,165,2000,2013,13,0.380747,0.619253
cs,165,2000,2014,14,0.352551,0.647449
cs,165,2000,2015,15,0.270284,0.729716
cs,165,2000,2016,16,0.270284,0.729716
cs,165,2000,2017,17,0.270284,0.729716
cs,165,2000,2018,18,0.270284,0.729716
cs,165,2000,2019,19,0.270284,0.729716
cs,165,2000,2020,20,0.270284,0.729716
cs,165,2000,2021,21,0.270284,0.729716
cs,165,2000,2022,22,0.270284,0.729716
cs,165,2000,2023,23,0.270284,0.729716
cs,165,2000,2024,24,0.270284,0.729716
cs,165,2000,2025,25,0.270284,0.729716
cs,166,2000,2000,0,1.0,0.0
cs,166,2000,2001,1,0.666941,0.333059
cs,166,2000,2002,2,0.420409,0.579591
cs,166,2000,2003,3,0.213809,0.786191
cs,166,2000,2004,4,0.098284,0.901716
cs,166,2000,2005,5,0.0,1.0
cs,166,2000,2006,6,0.043525,0.956475
cs,166,2000,2007,7,0.0,1.0
cs,166,2000,2008,8,0.0,1.0
cs,166,2000,2009,9,0.0,1.0
cs,166,2000,2010,10,0.0,1.0
cs,166,2000,2011,11,0.043525,0.956475
cs,166,2000,2012,12,0.0,1.0
cs,166,2000,2013,13,0.0,1.0
cs,166,2000,2014,14,0.0,1.0
cs,166,2000,2015,15,0.0,1.0
cs,166,2000,2016,16,0.0,1.0
cs,166,2000,2017,17,0.0,1.0
cs,166,2000,2018,18,0.0,1.0
cs,166,2000,2019,19,0.0,1.0
cs,166,2000,2020,20,0.0,1.0
cs,166,2000,2021,21,0.0,1.0
cs,166,2000,2022,22,0.0,1.0
cs,166,2000,2023,23,0.0,1.0
cs,166,2000,2024,24,0.0,1.0
cs,166,2000,2025,25,0.0,1.0
cs,167,2007,2007,0,1.0,0.0
cs,167,2007,2008,1,0.356023,0.643977
cs,167,2007,2010,3,0.093029,0.906971
cs,167,2007,2014,7,0.0,1.0
cs,167,2007,2015,8,0.043525,0.956475
cs,167,2007,2016,9,0.0,1.0
cs,167,2007,2017,10,0.043525,0.956475
cs,167,2007,2018,11,0.066937,0.933063
cs,167,2007,2019,12,0.066937,0.933063
cs,167,2007,2020,13,0.066937,0.933063
cs,167,2007,2021,14,0.066937,0.933063
cs,167,2007,2022,15,0.066937,0.933063
cs,167,2007,2023,16,0.066937,0.933063
cs,167,2007,2024,17,0.057096,0.942904
cs,167,2007,2025,18,0.057096,0.942904
cs,168,2004,2004,0,1.0,0.0
cs,168,2004,2005,1,0.417281,0.582719
cs,168,2004,2012,8,0.0,1.0
cs,168,2004,2013,9,0.0,1.0
cs,168,2004,2014,10,0.0,1.0
cs,168,2004,2015,11,0.0,1.0
cs,168,2004,2016,12,0.0,1.0
cs,168,2004,2017,13,0.0,1.0
cs,168,2004,2018,14,0.0,1.0
cs,168,2004,2019,15,0.0,1.0
cs,168,2004,2020,16,0.0,1.0
cs,168,2004,2021,17,0.0,1.0
cs,168,2004,2022,18,0.0,1.0
cs,168,2004,2023,19,0.0,1.0
cs,168,2004,2024,20,0.0,1.0
cs,168,2004,2025,21,0.0,1.0
cs,169,2000,2000,0,1.0,0.0
cs,169,2000,2003,3,0.0,1.0
cs,169,2000,2005,5,0.0,1.0
cs,169,2000,2006,6,0.0,1.0
cs,169,2000,2010,10,0.0,1.0
cs,169,2000,2011,11,0.0,1.0
cs,169,2000,2012,12,0.0,1.0
cs,169,2000,2013,13,0.0,1.0
cs,169,2000,2014,14,0.0,1.0
cs,169,2000,2015,15,0.0,1.0
cs,169,2000,2016,16,0.0,1.0
cs,169,2000,2017,17,0.0,1.0
cs,169,2000,2018,18,0.0,1.0
cs,169,2000,2019,19,0.0,1.0
cs,169,2000,2020,20,0.0,1.0
cs,169,2000,2021,21,0.0,1.0
cs,169,2000,2022,22,0.0,1.0
cs,169,2000,2023,23,0.0,1.0
cs,169,2000,2024,24,0.0,1.0
cs,169,2000,2025,25,0.0,1.0
cs,170,2008,2008,0,1.0,0.0
cs,170,2008,2009,1,0.320084,0.679916
cs,170,2008,2011,3,0.080059,0.919941
cs,170,2008,2012,4,0.080059,0.919941
cs,170,2008,2014,6,0.043525,0.956475
cs,170,2008,2015,7,0.080059,0.919941
cs,170,2008,2016,8,0.080059,0.919941
cs,170,2008,2017,9,0.080059,0.919941
cs,170,2008,2018,10,0.080059,0.919941
cs,170,2008,2019,11,0.080059,0.919941
cs,170,2008,2020,12,0.080059,0.919941
cs,170,2008,2021,13,0.080059,0.919941
cs,170,2008,2022,14,0.080059,0.919941
cs,170,2008,2023,15,0.080059,0.919941
cs,170,2008,2024,16,0.080059,0.919941
cs,170,2008,2025,17,0.080059,0.919941
cs,171,2000,2000,0,1.0,0.0
cs,171,2000,2001,1,0.545934,0.454066
cs,171,2000,2002,2,0.297121,0.702879
cs,171,2000,2003,3,0.253596,0.746404
cs,171,2000,2004,4,0.204092,0.795908
cs,171,2000,2005,5,0.204092,0.795908
cs,171,2000,2006,6,0.186659,0.813341
cs,171,2000,2007,7,0.253596,0.746404
cs,171,2000,2008,8,0.204092,0.795908
cs,171,2000,2009,9,0.204092,0.795908
cs,171,2000,2010,10,0.292338,0.707662
cs,171,2000,2011,11,0.253596,0.746404
cs,171,2000,2012,12,0.253596,0.746404
cs,171,2000,2013,13,0.247617,0.752383
cs,171,2000,2014,14,0.204092,0.795908
cs,171,2000,2015,15,0.204092,0.795908
cs,171,2000,2016,16,0.242834,0.757166
cs,171,2000,2017,17,0.204092,0.795908
cs,171,2000,2018,18,0.242834,0.757166
cs,171,2000,2019,19,0.247617,0.752383
cs,171,2000,2020,20,0.204092,0.795908
cs,171,2000,2021,21,0.242834,0.757166
cs,171,2000,2022,22,0.242834,0.757166
cs,171,2000,2023,23,0.204092,0.795908
cs,171,2000,2024,24,0.204092,0.795908
cs,171,2000,2025,25,0.204092,0.795908
cs,172,2015,2015,0,1.0,0.0
cs,172,2015,2016,1,0.542105,0.457895
cs,172,2015,2017,2,0.178343,0.821657
cs,172,2015,2018,3,0.098284,0.901716
cs,172,2015,2019,4,0.098284,0.901716
cs,172,2015,2020,5,0.098284,0.901716
cs,172,2015,2021,6,0.098284,0.901716
cs,172,2015,2022,7,0.098284,0.901716
cs,172,2015,2023,8,0.098284,0.901716
cs,172,2015,2024,9,0.098284,0.901716
cs,172,2015,2025,10,0.098284,0.901716
cs,173,2002,2002,0,1.0,0.0
cs,173,2002,2003,1,0.313009,0.686991
cs,173,2002,2004,2,0.235439,0.764561
cs,173,2002,2006,4,0.080059,0.919941
cs,173,2002,2007,5,0.137155,0.862845
cs,173,2002,2008,6,0.129563,0.870437
cs,173,2002,2009,7,0.0,1.0
cs,173,2002,2011,9,0.110462,0.889538
cs,173,2002,2012,10,0.137155,0.862845
cs,173,2002,2013,11,0.129563,0.870437
cs,173,2002,2014,12,0.118801,0.881199
cs,173,2002,2015,13,0.080059,0.919941
cs,173,2002,2016,14,0.080059,0.919941
cs,173,2002,2017,15,0.080059,0.919941
cs,173,2002,2018,16,0.080059,0.919941
cs,173,2002,2019,17,0.080059,0.919941
cs,173,2002,2020,18,0.080059,0.919941
cs,173,2002,2021,19,0.080059,0.919941
cs,173,2002,2022,20,0.080059,0.919941
cs,173,2002,2023,21,0.080059,0.919941
cs,173,2002,2024,22,0.080059,0.919941
cs,173,2002,2025,23,0.080059,0.919941
cs,174,2000,2000,0,1.0,0.0
cs,174,2000,2001,1,0.711941,0.288059
cs,174,2000,2002,2,0.417281,0.582719
cs,174,2000,2003,3,0.272281,0.727719
cs,174,2000,2004,4,0.299847,0.700153
cs,174,2000,2005,5,0.317281,0.682719
cs,174,2000,2006,6,0.417281,0.582719
cs,174,2000,2008,8,0.066937,0.933063
cs,174,2000,2009,9,0.218313,0.781687
cs,174,2000,2010,10,0.248869,0.751131
cs,174,2000,2012,12,0.313809,0.686191
cs,174,2000,2013,13,0.366122,0.633878
cs,174,2000,2014,14,0.394317,0.605683
cs,174,2000,2015,15,0.394317,0.605683
cs,174,2000,2016,16,0.417281,0.582719
cs,174,2000,2017,17,0.417281,0.582719
cs,174,2000,2018,18,0.417281,0.582719
cs,174,2000,2019,19,0.425467,0.574533
cs,174,2000,2020,20,0.460806,0.539194
cs,174,2000,2021,21,0.442901,0.557099
cs,174,2000,2022,22,0.456023,0.543977
cs,174,2000,2023,23,0.417281,0.582719
cs,174,2000,2024,24,0.417281,0.582719
cs,174,2000,2025,25,0.417281,0.582719
cs,175,2004,2004,0,1.0,0.0
cs,175,2004,2009,5,0.178343,0.821657
cs,175,2004,2011,7,0.080059,0.919941
cs,175,2004,2012,8,0.066937,0.933063
cs,175,2004,2013,9,0.057096,0.942904
cs,175,2004,2014,10,0.0,1.0
cs,175,2004,2015,11,0.057096,0.942904
cs,175,2004,2016,12,0.125284,0.874716
cs,175,2004,2017,13,0.147788,0.852212
cs,175,2004,2018,14,0.098284,0.901716
cs,175,2004,2019,15,0.098284,0.901716
cs,175,2004,2020,16,0.080059,0.919941
cs,175,2004,2021,17,0.098284,0.901716
cs,175,2004,2022,18,0.098284,0.901716
cs,175,2004,2023,19,0.098284,0.901716
cs,175,2004,2024,20,0.066937,0.933063
cs,175,2004,2025,21,0.066937,0.933063
cs,176,2010,2010,0,1.0,0.0
cs,176,2010,2012,2,0.213809,0.786191
cs,176,2010,2014,4,0.315626,0.684374
cs,176,2010,2015,5,0.318072,0.681928
cs,176,2010,2016,6,0.340009,0.659991
cs,176,2010,2017,7,0.423752,0.576248
cs,176,2010,2018,8,0.428534,0.571466
cs,176,2010,2019,9,0.428534,0.571466
cs,176,2010,2020,10,0.428534,0.571466
cs,176,2010,2021,11,0.428534,0.571466
cs,176,2010,2022,12,0.428534,0.571466
cs,176,2010,2023,13,0.428534,0.571466
cs,176,2010,2024,14,0.428534,0.571466
cs,176,2010,2025,15,0.423752,0.576248
cs,177,2001,2001,0,1.0,0.0
cs,177,2001,2002,1,0.654099,0.345901
cs,177,2001,2004,3,0.170284,0.829716
cs,177,2001,2005,4,0.270284,0.729716
cs,177,2001,2006,5,0.213809,0.786191
cs,177,2001,2008,7,0.049504,0.950496
cs,177,2001,2011,10,0.270284,0.729716
cs,177,2001,2012,11,0.270284,0.729716
cs,177,2001,2013,12,0.270284,0.729716
cs,177,2001,2014,13,0.270284,0.729716
cs,177,2001,2015,14,0.270284,0.729716
cs,177,2001,2017,16,0.270284,0.729716
cs,177,2001,2018,17,0.270284,0.729716
cs,177,2001,2019,18,0.270284,0.729716
cs,177,2001,2020,19,0.313809,0.686191
cs,177,2001,2021,20,0.313809,0.686191
cs,177,2001,2022,21,0.313809,0.686191
cs,177,2001,2023,22,0.309026,0.690974
cs,177,2001,2024,23,0.270284,0.729716
cs,177,2001,2025,24,0.270284,0.729716
cs,178,2011,2011,0,1.0,0.0
cs,178,2011,2014,3,0.250343,0.749657
cs,178,2011,2015,4,0.395568,0.604432
cs,178,2011,2016,5,0.490072,0.509928
cs,178,2011,2017,6,0.484094,0.515906
cs,178,2011,2018,7,0.440568,0.559432
cs,178,2011,2019,8,0.440568,0.559432
cs,178,2011,2020,9,0.395568,0.604432
cs,178,2011,2021,10,0.395568,0.604432
cs,178,2011,2022,11,0.368568,0.631432
cs,178,2011,2023,12,0.368568,0.631432
cs,178,2011,2024,13,0.395568,0.604432
cs,178,2011,2025,14,0.395568,0.604432
cs,179,2009,2009,0,1.0,0.0
cs,179,2009,2010,1,0.611403,0.388597
cs,179,2009,2011,2,0.168809,0.831191
cs,179,2009,2013,4,0.0,1.0
cs,179,2009,2014,5,0.0,1.0
cs,179,2009,2015,6,0.0,1.0
cs,179,2009,2016,7,0.0,1.0
cs,179,2009,2017,8,0.0,1.0
cs,179,2009,2018,9,0.0,1.0
cs,179,2009,2019,10,0.0,1.0
cs,179,2009,2020,11,0.0,1.0
cs,179,2009,2021,12,0.0,1.0
cs,179,2009,2022,13,0.0,1.0
cs,179,2009,2023,14,0.0,1.0
cs,179,2009,2024,15,0.0,1.0
cs,179,2009,2025,16,0.0,1.0
cs,180,2003,2003,0,1.0,0.0
cs,180,2003,2006,3,0.038742,0.961258
cs,180,2003,2009,6,0.098284,0.901716
cs,180,2003,2010,7,0.057096,0.942904
cs,180,2003,2012,9,0.043525,0.956475
cs,180,2003,2014,11,0.191313,0.808687
cs,180,2003,2016,13,0.137026,0.862974
cs,180,2003,2017,14,0.162326,0.837674
cs,180,2003,2018,15,0.160118,0.839882
cs,180,2003,2019,16,0.118801,0.881199
cs,180,2003,2020,17,0.118801,0.881199
cs,180,2003,2021,18,0.080059,0.919941
cs,180,2003,2022,19,0.080059,0.919941
cs,180,2003,2023,20,0.118801,0.881199
cs,180,2003,2024,21,0.080059,0.919941
cs,180,2003,2025,22,0.066937,0.933063
cs,181,2000,2000,0,1.0,0.0
cs,181,2000,2001,1,0.609619,0.390381
cs,181,2000,2002,2,0.320533,0.679467
cs,181,2000,2003,3,0.361722,0.638278
cs,181,2000,2004,4,0.235242,0.764758
cs,181,2000,2005,5,0.236162,0.763838
cs,181,2000,2006,6,0.181275,0.818725
cs,181,2000,2007,7,0.1965,0.8035
cs,181,2000,2008,8,0.1965,0.8035
cs,181,2000,2009,9,0.235242,0.764758
cs,181,2000,2010,10,0.1965,0.8035
cs,181,2000,2011,11,0.232882,0.767118
cs,181,2000,2012,12,0.1965,0.8035
cs,181,2000,2013,13,0.1965,0.8035
cs,181,2000,2014,14,0.279216,0.720784
cs,181,2000,2015,15,0.292338,0.707662
cs,181,2000,2016,16,0.306962,0.693038
cs,181,2000,2017,17,0.315346,0.684654
cs,181,2000,2018,18,0.328468,0.671532
cs,181,2000,2019,19,0.35188,0.64812
cs,181,2000,2020,20,0.35188,0.64812
cs,181,2000,2021,21,0.326063,0.673937
cs,181,2000,2022,22,0.333655,0.666345
cs,181,2000,2023,23,0.333655,0.666345
cs,181,2000,2024,24,0.333655,0.666345
cs,181,2000,2025,25,0.326063,0.673937
cs,182,2003,2003,0,1.0,0.0
cs,182,2003,2004,1,0.528433,0.471567
cs,182,2003,2005,2,0.260611,0.739389
cs,182,2003,2006,3,0.207551,0.792449
cs,182,2003,2007,4,0.149204,0.850796
cs,182,2003,2008,5,0.168305,0.831695
cs,182,2003,2009,6,0.18653,0.81347
cs,182,2003,2010,7,0.21353,0.78647
cs,182,2003,2011,8,0.194122,0.805878
cs,182,2003,2012,9,0.180551,0.819449
cs,182,2003,2013,10,0.325467,0.674533
cs,182,2003,2014,11,0.261059,0.738941
cs,182,2003,2015,12,0.247489,0.752511
cs,182,2003,2016,13,0.237647,0.762353
cs,182,2003,2017,14,0.280467,0.719533
cs,182,2003,2018,15,0.274489,0.725511
cs,182,2003,2019,16,0.288059,0.711941
cs,182,2003,2020,17,0.311023,0.688977
cs,182,2003,2021,18,0.311023,0.688977
cs,182,2003,2022,19,0.288059,0.711941
cs,182,2003,2023,20,0.284023,0.715977
cs,182,2003,2024,21,0.266589,0.733411
cs,182,2003,2025,22,0.253467,0.746533
cs,183,2002,2002,0,1.0,0.0
cs,183,2002,2003,1,0.721349,0.278651
cs,183,2002,2005,3,0.038742,0.961258
cs,183,2002,2006,4,0.038742,0.961258
cs,183,2002,2007,5,0.038742,0.961258
cs,183,2002,2008,6,0.105679,0.894321
cs,183,2002,2009,7,0.144421,0.855579
cs,183,2002,2010,8,0.145342,0.854658
cs,183,2002,2011,9,0.145342,0.854658
cs,183,2002,2012,10,0.105679,0.894321
cs,183,2002,2013,11,0.105679,0.894321
cs,183,2002,2014,12,0.095838,0.904162
cs,183,2002,2015,13,0.13458,0.86542
cs,183,2002,2016,14,0.095838,0.904162
cs,183,2002,2017,15,0.145342,0.854658
cs,183,2002,2018,16,0.145342,0.854658
cs,183,2002,2019,17,0.105679,0.894321
cs,183,2002,2020,18,0.095838,0.904162
cs,183,2002,2021,19,0.105679,0.894321
cs,183,2002,2022,20,0.088246,0.911754
cs,183,2002,2023,21,0.131771,0.868229
cs,183,2002,2024,22,0.088246,0.911754
cs,183,2002,2025,23,0.105679,0.894321
cs,184,2001,2001,0,1.0,0.0
cs,184,2001,2003,2,0.0,1.0
cs,184,2001,2009,8,0.368568,0.631432
cs,184,2001,2010,9,0.268568,0.731432
cs,184,2001,2011,10,0.368568,0.631432
cs,184,2001,2012,11,0.368568,0.631432
cs,184,2001,2013,12,0.368568,0.631432
cs,184,2001,2014,13,0.368568,0.631432
cs,184,2001,2015,14,0.368568,0.631432
cs,184,2001,2016,15,0.368568,0.631432
cs,184,2001,2017,16,0.268568,0.731432
cs,184,2001,2018,17,0.268568,0.731432
cs,184,2001,2019,18,0.368568,0.631432
cs,184,2001,2020,19,0.368568,0.631432
cs,184,2001,2021,20,0.368568,0.631432
cs,184,2001,2022,21,0.368568,0.631432
cs,184,2001,2023,22,0.368568,0.631432
cs,184,2001,2024,23,0.407311,0.592689
cs,184,2001,2025,24,0.418072,0.581928
cs,185,2002,2002,0,1.0,0.0
cs,185,2002,2003,1,0.543473,0.456527
cs,185,2002,2004,2,0.18068,0.81932
cs,185,2002,2005,3,0.038742,0.961258
cs,185,2002,2006,4,0.0,1.0
cs,185,2002,2008,6,0.0,1.0
cs,185,2002,2009,7,0.0,1.0
cs,185,2002,2010,8,0.066937,0.933063
cs,185,2002,2011,9,0.0,1.0
cs,185,2002,2012,10,0.049504,0.950496
cs,185,2002,2013,11,0.049504,0.950496
cs,185,2002,2014,12,0.0,1.0
cs,185,2002,2015,13,0.0,1.0
cs,185,2002,2016,14,0.043525,0.956475
cs,185,2002,2017,15,0.125284,0.874716
cs,185,2002,2018,16,0.125284,0.874716
cs,185,2002,2019,17,0.125284,0.874716
cs,185,2002,2020,18,0.125284,0.874716
cs,185,2002,2021,19,0.125284,0.874716
cs,185,2002,2022,20,0.125284,0.874716
cs,185,2002,2023,21,0.098284,0.901716
cs,185,2002,2024,22,0.098284,0.901716
cs,185,2002,2025,23,0.098284,0.901716
cs,186,2004,2004,0,1.0,0.0
cs,186,2004,2007,3,0.0,1.0
cs,186,2004,2011,7,0.043525,0.956475
cs,186,2004,2012,8,0.043525,0.956475
cs,186,2004,2015,11,0.043525,0.956475
cs,186,2004,2016,12,0.043525,0.956475
cs,186,2004,2017,13,0.043525,0.956475
cs,186,2004,2018,14,0.043525,0.956475
cs,186,2004,2019,15,0.043525,0.956475
cs,186,2004,2020,16,0.043525,0.956475
cs,186,2004,2021,17,0.043525,0.956475
cs,186,2004,2022,18,0.043525,0.956475
cs,186,2004,2023,19,0.043525,0.956475
cs,186,2004,2024,20,0.043525,0.956475
cs,186,2004,2025,21,0.043525,0.956475
cs,187,2007,2007,0,1.0,0.0
cs,187,2007,2009,2,0.124033,0.875967
cs,187,2007,2013,6,0.057096,0.942904
cs,187,2007,2015,8,0.057096,0.942904
cs,187,2007,2018,11,0.098284,0.901716
cs,187,2007,2019,12,0.098284,0.901716
cs,187,2007,2020,13,0.137155,0.862845
cs,187,2007,2021,14,0.124033,0.875967
cs,187,2007,2022,15,0.137155,0.862845
cs,187,2007,2023,16,0.147788,0.852212
cs,187,2007,2024,17,0.098284,0.901716
cs,187,2007,2025,18,0.098284,0.901716
cs,188,2012,2012,0,1.0,0.0
cs,188,2012,2014,2,0.262439,0.737561
cs,188,2012,2015,3,0.262439,0.737561
cs,188,2012,2016,4,0.280664,0.719336
cs,188,2012,2017,5,0.325664,0.674336
cs,188,2012,2018,6,0.253664,0.746336
cs,188,2012,2019,7,0.235439,0.764561
cs,188,2012,2020,8,0.194122,0.805878
cs,188,2012,2021,9,0.15538,0.84462
cs,188,2012,2022,10,0.15538,0.84462
cs,188,2012,2023,11,0.15538,0.84462
cs,188,2012,2024,12,0.15538,0.84462
cs,188,2012,2025,13,0.15538,0.84462
cs,189,2001,2001,0,1.0,0.0
cs,189,2001,2002,1,0.391406,0.608594
cs,189,2001,2003,2,0.178105,0.821895
cs,189,2001,2004,3,0.131771,0.868229
cs,189,2001,2005,4,0.224076,0.775924
cs,189,2001,2006,5,0.08705,0.91295
cs,189,2001,2007,6,0.066937,0.933063
cs,189,2001,2008,7,0.141809,0.858191
cs,189,2001,2009,8,0.191313,0.808687
cs,189,2001,2010,9,0.185334,0.814666
cs,189,2001,2011,10,0.141809,0.858191
cs,189,2001,2012,11,0.191313,0.808687
cs,189,2001,2013,12,0.191313,0.808687
cs,189,2001,2014,13,0.123584,0.876416
cs,189,2001,2015,14,0.141809,0.858191
cs,189,2001,2016,15,0.141809,0.858191
cs,189,2001,2017,16,0.141809,0.858191
cs,189,2001,2018,17,0.141809,0.858191
cs,189,2001,2019,18,0.141809,0.858191
cs,189,2001,2020,19,0.141809,0.858191
cs,189,2001,2021,20,0.110462,0.889538
cs,189,2001,2022,21,0.100621,0.899379
cs,189,2001,2023,22,0.100621,0.899379
cs,189,2001,2024,23,0.110462,0.889538
cs,189,2001,2025,24,0.123584,0.876416
cs,190,2000,2000,0,1.0,0.0
cs,190,2000,2001,1,0.573912,0.426088
cs,190,2000,2002,2,0.55909,0.44091
cs,190,2000,2003,3,0.196568,0.803432
cs,190,2000,2004,4,0.098284,0.901716
cs,190,2000,2005,5,0.116441,0.883559
cs,190,2000,2006,6,0.038742,0.961258
cs,190,2000,2007,7,0.0,1.0
cs,190,2000,2008,8,0.223568,0.776432
cs,190,2000,2009,9,0.223568,0.776432
cs,190,2000,2010,10,0.049504,0.950496
cs,190,2000,2011,11,0.137155,0.862845
cs,190,2000,2012,12,0.223568,0.776432
cs,190,2000,2013,13,0.205343,0.794657
cs,190,2000,2014,14,0.165221,0.834779
cs,190,2000,2015,15,0.098284,0.901716
cs,190,2000,2016,16,0.080059,0.919941
cs,190,2000,2017,17,0.178343,0.821657
cs,190,2000,2018,18,0.223568,0.776432
cs,190,2000,2019,19,0.196568,0.803432
cs,190,2000,2020,20,0.165221,0.834779
cs,190,2000,2021,21,0.15538,0.84462
cs,190,2000,2022,22,0.178343,0.821657
cs,190,2000,2023,23,0.165221,0.834779
cs,190,2000,2024,24,0.223568,0.776432
cs,190,2000,2025,25,0.178343,0.821657
cs,191,2002,2002,0,1.0,0.0
cs,191,2002,2003,1,0.67216,0.32784
cs,191,2002,2006,4,0.098284,0.901716
cs,191,2002,2007,5,0.098284,0.901716
cs,191,2002,2011,9,0.098284,0.901716
cs,191,2002,2012,10,0.098284,0.901716
cs,191,2002,2013,11,0.098284,0.901716
cs,191,2002,2014,12,0.098284,0.901716
cs,191,2002,2015,13,0.098284,0.901716
cs,191,2002,2016,14,0.098284,0.901716
cs,191,2002,2017,15,0.098284,0.901716
cs,191,2002,2018,16,0.098284,0.901716
cs,191,2002,2019,17,0.098284,0.901716
cs,191,2002,2020,18,0.098284,0.901716
cs,191,2002,2021,19,0.098284,0.901716
cs,191,2002,2022,20,0.098284,0.901716
cs,191,2002,2023,21,0.098284,0.901716
cs,191,2002,2024,22,0.098284,0.901716
cs,191,2002,2025,23,0.098284,0.901716
cs,192,2001,2001,0,1.0,0.0
cs,192,2001,2009,8,0.095838,0.904162
cs,192,2001,2012,11,0.423948,0.576052
cs,192,2001,2013,12,0.423948,0.576052
cs,192,2001,2014,13,0.423948,0.576052
cs,192,2001,2015,14,0.423948,0.576052
cs,192,2001,2016,15,0.423948,0.576052
cs,192,2001,2017,16,0.450948,0.549052
cs,192,2001,2018,17,0.450948,0.549052
cs,192,2001,2019,18,0.450948,0.549052
cs,192,2001,2020,19,0.450948,0.549052
cs,192,2001,2021,20,0.450948,0.549052
cs,192,2001,2022,21,0.450948,0.549052
cs,192,2001,2023,22,0.450948,0.549052
cs,192,2001,2024,23,0.450948,0.549052
cs,192,2001,2025,24,0.450948,0.549052
cs,193,2000,2000,0,1.0,0.0
cs,193,2000,2001,1,0.268568,0.731432
cs,193,2000,2002,2,0.237221,0.762779
cs,193,2000,2004,4,0.0,1.0
cs,193,2000,2005,5,0.0,1.0
cs,193,2000,2006,6,0.0,1.0
cs,193,2000,2008,8,0.0,1.0
cs,193,2000,2009,9,0.0,1.0
cs,193,2000,2010,10,0.0,1.0
cs,193,2000,2011,11,0.0,1.0
cs,193,2000,2012,12,0.043525,0.956475
cs,193,2000,2013,13,0.043525,0.956475
cs,193,2000,2014,14,0.043525,0.956475
cs,193,2000,2015,15,0.043525,0.956475
cs,193,2000,2016,16,0.043525,0.956475
cs,193,2000,2017,17,0.043525,0.956475
cs,193,2000,2018,18,0.043525,0.956475
cs,193,2000,2019,19,0.043525,0.956475
cs,193,2000,2020,20,0.043525,0.956475
cs,193,2000,2021,21,0.043525,0.956475
cs,193,2000,2022,22,0.043525,0.956475
cs,193,2000,2023,23,0.043525,0.956475
cs,193,2000,2024,24,0.043525,0.956475
cs,193,2000,2025,25,0.043525,0.956475
cs,194,2002,2002,0,1.0,0.0
cs,194,2002,2003,1,0.51437,0.48563
cs,194,2002,2010,8,0.066937,0.933063
cs,194,2002,2011,9,0.066937,0.933063
cs,194,2002,2013,11,0.049504,0.950496
cs,194,2002,2014,12,0.066937,0.933063
cs,194,2002,2015,13,0.098284,0.901716
cs,194,2002,2016,14,0.066937,0.933063
cs,194,2002,2017,15,0.098284,0.901716
cs,194,2002,2018,16,0.137026,0.862974
cs,194,2002,2019,17,0.098284,0.901716
cs,194,2002,2020,18,0.137026,0.862974
cs,194,2002,2021,19,0.147788,0.852212
cs,194,2002,2022,20,0.147788,0.852212
cs,194,2002,2023,21,0.165221,0.834779
cs,194,2002,2024,22,0.165221,0.834779
cs,194,2002,2025,23,0.165221,0.834779
cs,195,2004,2004,0,1.0,0.0
cs,195,2004,2007,3,0.0,1.0
cs,195,2004,2009,5,0.0,1.0
cs,195,2004,2010,6,0.0,1.0
cs,195,2004,2011,7,0.038742,0.961258
cs,195,2004,2012,8,0.0,1.0
cs,195,2004,2013,9,0.0,1.0
cs,195,2004,2014,10,0.0,1.0
cs,195,2004,2015,11,0.0,1.0
cs,195,2004,2016,12,0.0,1.0
cs,195,2004,2017,13,0.049504,0.950496
cs,195,2004,2018,14,0.049504,0.950496
cs,195,2004,2019,15,0.0,1.0
cs,195,2004,2020,16,0.0,1.0
cs,195,2004,2021,17,0.0,1.0
cs,195,2004,2022,18,0.038742,0.961258
cs,195,2004,2023,19,0.038742,0.961258
cs,195,2004,2024,20,0.082267,0.917733
cs,195,2004,2025,21,0.038742,0.961258
cs,196,2006,2006,0,1.0,0.0
cs,196,2006,2012,6,0.270905,0.729095
cs,196,2006,2013,7,0.375168,0.624832
cs,196,2006,2015,9,0.397664,0.602336
cs,196,2006,2016,10,0.352664,0.647336
cs,196,2006,2017,11,0.397664,0.602336
cs,196,2006,2018,12,0.45476,0.54524
cs,196,2006,2019,13,0.464601,0.535399
cs,196,2006,2020,14,0.40976,0.59024
cs,196,2006,2021,15,0.40976,0.59024
cs,196,2006,2022,16,0.40976,0.59024
cs,196,2006,2023,17,0.402168,0.597832
cs,196,2006,2024,18,0.402168,0.597832
cs,196,2006,2025,19,0.396189,0.603811
cs,197,2010,2010,0,1.0,0.0
cs,197,2010,2011,1,0.420409,0.579591
cs,197,2010,2012,2,0.320409,0.679591
cs,197,2010,2013,3,0.31443,0.68557
cs,197,2010,2014,4,0.309647,0.690353
cs,197,2010,2015,5,0.450964,0.549036
cs,197,2010,2016,6,0.469189,0.530811
cs,197,2010,2017,7,0.450964,0.549036
cs,197,2010,2018,8,0.450964,0.549036
cs,197,2010,2019,9,0.437842,0.562158
cs,197,2010,2020,10,0.437842,0.562158
cs,197,2010,2021,11,0.437842,0.562158
cs,197,2010,2022,12,0.450964,0.549036
cs,197,2010,2023,13,0.450964,0.549036
cs,197,2010,2024,14,0.450964,0.549036
cs,197,2010,2025,15,0.469189,0.530811
cs,198,2003,2003,0,1.0,0.0
cs,198,2003,2005,2,0.066937,0.933063
cs,198,2003,2007,4,0.116441,0.883559
cs,198,2003,2008,5,0.116441,0.883559
cs,198,2003,2009,6,0.116441,0.883559
cs,198,2003,2010,7,0.066937,0.933063
cs,198,2003,2012,9,0.116441,0.883559
cs,198,2003,2013,10,0.159966,0.840034
cs,198,2003,2014,11,0.159966,0.840034
cs,198,2003,2015,12,0.159966,0.840034
cs,198,2003,2016,13,0.116441,0.883559
cs,198,2003,2017,14,0.116441,0.883559
cs,198,2003,2018,15,0.116441,0.883559
cs,198,2003,2019,16,0.116441,0.883559
cs,198,2003,2020,17,0.116441,0.883559
cs,198,2003,2021,18,0.116441,0.883559
cs,198,2003,2022,19,0.116441,0.883559
cs,198,2003,2023,20,0.116441,0.883559
cs,198,2003,2024,21,0.155183,0.844817
cs,198,2003,2025,22,0.116441,0.883559
cs,199,2000,2000,0,1.0,0.0
cs,199,2000,2002,2,0.0,1.0
cs,199,2000,2004,4,0.0,1.0
cs,199,2000,2010,10,0.0,1.0
cs,199,2000,2013,13,0.0,1.0
cs,199,2000,2017,17,0.0,1.0
cs,199,2000,2018,18,0.0,1.0
cs,199,2000,2019,19,0.0,1.0
cs,199,2000,2020,20,0.0,1.0
cs,199,2000,2021,21,0.0,1.0
cs,199,2000,2022,22,0.0,1.0
cs,199,2000,2023,23,0.0,1.0
cs,199,2000,2024,24,0.0,1.0
cs,199,2000,2025,25,0.0,1.0
cs,200,2001,2001,0,1.0,0.0
cs,200,2001,2002,1,0.61263,0.38737
cs,200,2001,2004,3,0.116441,0.883559
cs,200,2001,2005,4,0.116441,0.883559
cs,200,2001,2007,6,0.146996,0.853004
cs,200,2001,2008,7,0.1965,0.8035
cs,200,2001,2009,8,0.1965,0.8035
cs,200,2001,2010,9,0.1965,0.8035
cs,200,2001,2011,10,0.173537,0.826463
cs,200,2001,2012,11,0.165945,0.834055
cs,200,2001,2013,12,0.165945,0.834055
cs,200,2001,2014,13,0.183378,0.816622
cs,200,2001,2015,14,0.159966,0.840034
cs,200,2001,2016,15,0.165945,0.834055
cs,200,2001,2017,16,0.159966,0.840034
cs,200,2001,2018,17,0.159966,0.840034
cs,200,2001,2019,18,0.173537,0.826463
cs,200,2001,2020,19,0.173537,0.826463
cs,200,2001,2021,20,0.165945,0.834055
cs,200,2001,2022,21,0.173537,0.826463
cs,200,2001,2023,22,0.165945,0.834055
cs,200,2001,2024,23,0.173537,0.826463
cs,200,2001,2025,24,0.173537,0.826463
cs,201,2013,2013,0,1.0,0.0
cs,201,2013,2016,3,0.098284,0.901716
cs,201,2013,2017,4,0.049504,0.950496
cs,201,2013,2018,5,0.057096,0.942904
cs,201,2013,2019,6,0.0,1.0
cs,201,2013,2020,7,0.0,1.0
cs,201,2013,2021,8,0.0,1.0
cs,201,2013,2022,9,0.0,1.0
cs,201,2013,2023,10,0.0,1.0
cs,201,2013,2024,11,0.0,1.0
cs,201,2013,2025,12,0.0,1.0
cs,202,2002,2002,0,1.0,0.0
cs,202,2002,2003,1,0.530148,0.469852
cs,202,2002,2004,2,0.415626,0.584374
cs,202,2002,2005,3,0.095838,0.904162
cs,202,2002,2006,4,0.038742,0.961258
cs,202,2002,2007,5,0.038742,0.961258
cs,202,2002,2008,6,0.038742,0.961258
cs,202,2002,2010,8,0.0,1.0
cs,202,2002,2011,9,0.038742,0.961258
cs,202,2002,2012,10,0.038742,0.961258
cs,202,2002,2013,11,0.038742,0.961258
cs,202,2002,2014,12,0.038742,0.961258
cs,202,2002,2015,13,0.038742,0.961258
cs,202,2002,2016,14,0.038742,0.961258
cs,202,2002,2017,15,0.038742,0.961258
cs,202,2002,2018,16,0.038742,0.961258
cs,202,2002,2019,17,0.038742,0.961258
cs,202,2002,2020,18,0.038742,0.961258
cs,202,2002,2021,19,0.038742,0.961258
cs,202,2002,2022,20,0.038742,0.961258
cs,202,2002,2023,21,0.038742,0.961258
cs,202,2002,2024,22,0.038742,0.961258
cs,202,2002,2025,23,0.038742,0.961258
cs,203,2000,2000,0,1.0,0.0
cs,203,2000,2002,2,0.276559,0.723441
cs,203,2000,2003,3,0.21183,0.78817
cs,203,2000,2004,4,0.129563,0.870437
cs,203,2000,2005,5,0.129563,0.870437
cs,203,2000,2006,6,0.129563,0.870437
cs,203,2000,2007,7,0.129563,0.870437
cs,203,2000,2010,10,0.129563,0.870437
cs,203,2000,2011,11,0.129563,0.870437
cs,203,2000,2012,12,0.129563,0.870437
cs,203,2000,2013,13,0.1965,0.8035
cs,203,2000,2014,14,0.1965,0.8035
cs,203,2000,2015,15,0.186659,0.813341
cs,203,2000,2016,16,0.186659,0.813341
cs,203,2000,2017,17,0.186659,0.813341
cs,203,2000,2018,18,0.186659,0.813341
cs,203,2000,2019,19,0.186659,0.813341
cs,203,2000,2020,20,0.186659,0.813341
cs,203,2000,2021,21,0.253596,0.746404
cs,203,2000,2022,22,0.236162,0.763838
cs,203,2000,2023,23,0.1965,0.8035
cs,203,2000,2024,24,0.1965,0.8035
cs,203,2000,2025,25,0.186659,0.813341
cs,204,2004,2004,0,1.0,0.0
cs,204,2004,2006,2,0.137026,0.862974
cs,204,2004,2008,4,0.223568,0.776432
cs,204,2004,2009,5,0.268568,0.731432
cs,204,2004,2011,7,0.350343,0.649657
cs,204,2004,2012,8,0.368568,0.631432
cs,204,2004,2013,9,0.368568,0.631432
cs,204,2004,2014,10,0.268568,0.731432
cs,204,2004,2015,11,0.368568,0.631432
cs,204,2004,2016,12,0.368568,0.631432
cs,204,2004,2017,13,0.368568,0.631432
cs,204,2004,2018,14,0.368568,0.631432
cs,204,2004,2019,15,0.368568,0.631432
cs,204,2004,2020,16,0.368568,0.631432
cs,204,2004,2021,17,0.368568,0.631432
cs,204,2004,2022,18,0.368568,0.631432
cs,204,2004,2023,19,0.368568,0.631432
cs,204,2004,2024,20,0.368568,0.631432
cs,204,2004,2025,21,0.368568,0.631432
cs,205,2001,2001,0,1.0,0.0
cs,205,2001,2002,1,0.723839,0.276161
cs,205,2001,2003,2,0.488597,0.511403
cs,205,2001,2004,3,0.488597,0.511403
cs,205,2001,2005,4,0.488597,0.511403
cs,205,2001,2006,5,0.461597,0.538403
cs,205,2001,2007,6,0.43025,0.56975
cs,205,2001,2008,7,0.461597,0.538403
cs,205,2001,2009,8,0.443372,0.556628
cs,205,2001,2010,9,0.443372,0.556628
cs,205,2001,2011,10,0.443372,0.556628
cs,205,2001,2012,11,0.461597,0.538403
cs,205,2001,2013,12,0.443372,0.556628
cs,205,2001,2014,13,0.43025,0.56975
cs,205,2001,2015,14,0.461597,0.538403
cs,205,2001,2016,15,0.443372,0.556628
cs,205,2001,2017,16,0.437394,0.562606
cs,205,2001,2018,17,0.443372,0.556628
cs,205,2001,2019,18,0.461597,0.538403
cs,205,2001,2020,19,0.488597,0.511403
cs,205,2001,2021,20,0.461597,0.538403
cs,205,2001,2022,21,0.461597,0.538403
cs,205,2001,2023,22,0.488597,0.511403
cs,205,2001,2024,23,0.461597,0.538403
cs,205,2001,2025,24,0.488597,0.511403
cs,206,2000,2000,0,1.0,0.0
cs,206,2000,2001,1,0.735353,0.264647
cs,206,2000,2002,2,0.352664,0.647336
cs,206,2000,2003,3,0.379906,0.620094
cs,206,2000,2004,4,0.330403,0.669597
cs,206,2000,2005,5,0.250343,0.749657
cs,206,2000,2006,6,0.080059,0.919941
cs,206,2000,2007,7,0.0,1.0
cs,206,2000,2008,8,0.22738,0.77262
cs,206,2000,2009,9,0.250343,0.749657
cs,206,2000,2010,10,0.335506,0.664494
cs,206,2000,2011,11,0.335506,0.664494
cs,206,2000,2012,12,0.335506,0.664494
cs,206,2000,2013,13,0.398131,0.601869
cs,206,2000,2014,14,0.348628,0.651372
cs,206,2000,2015,15,0.299847,0.700153
cs,206,2000,2016,16,0.317281,0.682719
cs,206,2000,2017,17,0.348628,0.651372
cs,206,2000,2018,18,0.330403,0.669597
cs,206,2000,2019,19,0.348628,0.651372
cs,206,2000,2020,20,0.348628,0.651372
cs,206,2000,2021,21,0.299847,0.700153
cs,206,2000,2022,22,0.213809,0.786191
cs,206,2000,2023,23,0.330403,0.669597
cs,206,2000,2024,24,0.330403,0.669597
cs,206,2000,2025,25,0.348628,0.651372
cs,207,2000,2000,0,1.0,0.0
cs,207,2000,2003,3,0.080059,0.919941
cs,207,2000,2004,4,0.080059,0.919941
cs,207,2000,2005,5,0.080059,0.919941
cs,207,2000,2006,6,0.080059,0.919941
cs,207,2000,2007,7,0.080059,0.919941
cs,207,2000,2009,9,0.392601,0.607399
cs,207,2000,2010,10,0.446912,0.553088
cs,207,2000,2011,11,0.370565,0.629435
cs,207,2000,2012,12,0.258403,0.741597
cs,207,2000,2013,13,0.34237,0.65763
cs,207,2000,2014,14,0.276628,0.723372
cs,207,2000,2015,15,0.276628,0.723372
cs,207,2000,2016,16,0.303628,0.696372
cs,207,2000,2017,17,0.276628,0.723372
cs,207,2000,2018,18,0.276628,0.723372
cs,207,2000,2019,19,0.276628,0.723372
cs,207,2000,2020,20,0.258403,0.741597
cs,207,2000,2021,21,0.258403,0.741597
cs,207,2000,2022,22,0.258403,0.741597
cs,207,2000,2023,23,0.276628,0.723372
cs,207,2000,2024,24,0.276628,0.723372
cs,207,2000,2025,25,0.276628,0.723372
cs,208,2001,2001,0,1.0,0.0
cs,208,2001,2004,3,0.043525,0.956475
cs,208,2001,2005,4,0.338589,0.661411
cs,208,2001,2006,5,0.186659,0.813341
cs,208,2001,2007,6,0.129563,0.870437
cs,208,2001,2008,7,0.129563,0.870437
cs,208,2001,2009,8,0.129563,0.870437
cs,208,2001,2010,9,0.129563,0.870437
cs,208,2001,2011,10,0.129563,0.870437
cs,208,2001,2012,11,0.129563,0.870437
cs,208,2001,2014,13,0.129563,0.870437
cs,208,2001,2015,14,0.129563,0.870437
cs,208,2001,2016,15,0.129563,0.870437
cs,208,2001,2017,16,0.129563,0.870437
cs,208,2001,2018,17,0.129563,0.870437
cs,208,2001,2019,18,0.129563,0.870437
cs,208,2001,2020,19,0.129563,0.870437
cs,208,2001,2021,20,0.129563,0.870437
cs,208,2001,2022,21,0.129563,0.870437
cs,208,2001,2023,22,0.129563,0.870437
cs,208,2001,2024,23,0.129563,0.870437
cs,208,2001,2025,24,0.129563,0.870437
cs,209,2005,2005,0,1.0,0.0
cs,209,2005,2010,5,0.22738,0.77262
cs,209,2005,2013,8,0.293869,0.706131
cs,209,2005,2014,9,0.266122,0.733878
cs,209,2005,2015,10,0.250343,0.749657
cs,209,2005,2016,11,0.250343,0.749657
cs,209,2005,2017,12,0.293869,0.706131
cs,209,2005,2018,13,0.293869,0.706131
cs,209,2005,2019,14,0.318072,0.681928
cs,209,2005,2020,15,0.318072,0.681928
cs,209,2005,2021,16,0.299847,0.700153
cs,209,2005,2022,17,0.286725,0.713275
cs,209,2005,2023,18,0.286725,0.713275
cs,209,2005,2024,19,0.286725,0.713275
cs,209,2005,2025,20,0.286725,0.713275
cs,210,2001,2001,0,1.0,0.0
cs,210,2001,2002,1,0.340568,0.659432
cs,210,2001,2003,2,0.125284,0.874716
cs,210,2001,2004,3,0.049504,0.950496
cs,210,2001,2005,4,0.170284,0.829716
cs,210,2001,2006,5,0.170284,0.829716
cs,210,2001,2007,6,0.170284,0.829716
cs,210,2001,2008,7,0.170284,0.829716
cs,210,2001,2009,8,0.170284,0.829716
cs,210,2001,2010,9,0.170284,0.829716
cs,210,2001,2011,10,0.170284,0.829716
cs,210,2001,2012,11,0.170284,0.829716
cs,210,2001,2013,12,0.170284,0.829716
cs,210,2001,2014,13,0.170284,0.829716
cs,210,2001,2015,14,0.170284,0.829716
cs,210,2001,2016,15,0.170284,0.829716
cs,210,2001,2017,16,0.170284,0.829716
cs,210,2001,2018,17,0.170284,0.829716
cs,210,2001,2019,18,0.170284,0.829716
cs,210,2001,2020,19,0.170284,0.829716
cs,210,2001,2021,20,0.170284,0.829716
cs,210,2001,2022,21,0.170284,0.829716
cs,210,2001,2023,22,0.170284,0.829716
cs,210,2001,2024,23,0.170284,0.829716
cs,210,2001,2025,24,0.170284,0.829716
cs,211,2002,2002,0,1.0,0.0
cs,211,2002,2003,1,0.423948,0.576052
cs,211,2002,2005,3,0.118801,0.881199
cs,211,2002,2006,4,0.147788,0.852212
cs,211,2002,2007,5,0.196568,0.803432
cs,211,2002,2008,6,0.178343,0.821657
cs,211,2002,2009,7,0.268568,0.731432
cs,211,2002,2010,8,0.268568,0.731432
cs,211,2002,2011,9,0.268568,0.731432
cs,211,2002,2012,10,0.268568,0.731432
cs,211,2002,2013,11,0.268568,0.731432
cs,211,2002,2014,12,0.268568,0.731432
cs,211,2002,2015,13,0.312094,0.687906
cs,211,2002,2016,14,0.307311,0.692689
cs,211,2002,2017,15,0.268568,0.731432
cs,211,2002,2018,16,0.268568,0.731432
cs,211,2002,2019,17,0.268568,0.731432
cs,211,2002,2020,18,0.268568,0.731432
cs,211,2002,2021,19,0.268568,0.731432
cs,211,2002,2022,20,0.268568,0.731432
cs,211,2002,2023,21,0.235311,0.764689
cs,211,2002,2024,22,0.307311,0.692689
cs,211,2002,2025,23,0.307311,0.692689
cs,212,2000,2000,0,1.0,0.0
cs,212,2000,2003,3,0.0,1.0
cs,212,2000,2004,4,0.0,1.0
cs,212,2000,2005,5,0.141809,0.858191
cs,212,2000,2006,6,0.066937,0.933063
cs,212,2000,2007,7,0.057096,0.942904
cs,212,2000,2008,8,0.066937,0.933063
cs,212,2000,2009,9,0.125284,0.874716
cs,212,2000,2010,10,0.170284,0.829716
cs,212,2000,2011,11,0.170284,0.829716
cs,212,2000,2012,12,0.125284,0.874716
cs,212,2000,2013,13,0.125284,0.874716
cs,212,2000,2014,14,0.125284,0.874716
cs,212,2000,2015,15,0.125284,0.874716
cs,212,2000,2016,16,0.125284,0.874716
cs,212,2000,2017,17,0.125284,0.874716
cs,212,2000,2018,18,0.125284,0.874716
cs,212,2000,2019,19,0.125284,0.874716
cs,212,2000,2020,20,0.125284,0.874716
cs,212,2000,2021,21,0.125284,0.874716
cs,212,2000,2022,22,0.125284,0.874716
cs,212,2000,2023,23,0.125284,0.874716
cs,212,2000,2024,24,0.125284,0.874716
cs,212,2000,2025,25,0.098284,0.901716
cs,213,2006,2006,0,1.0,0.0
cs,213,2006,2009,3,0.366122,0.633878
cs,213,2006,2010,4,0.474376,0.525624
cs,213,2006,2011,5,0.500468,0.499532
cs,213,2006,2012,6,0.514039,0.485961
cs,213,2006,2013,7,0.532723,0.467277
cs,213,2006,2014,8,0.532723,0.467277
cs,213,2006,2015,9,0.532723,0.467277
cs,213,2006,2016,10,0.571466,0.428534
cs,213,2006,2017,11,0.532723,0.467277
cs,213,2006,2018,12,0.532723,0.467277
cs,213,2006,2019,13,0.532723,0.467277
cs,213,2006,2020,14,0.532723,0.467277
cs,213,2006,2021,15,0.532723,0.467277
cs,213,2006,2022,16,0.505723,0.494277
cs,213,2006,2023,17,0.505723,0.494277
cs,213,2006,2024,18,0.532723,0.467277
cs,213,2006,2025,19,0.532723,0.467277
cs,214,2001,2001,0,1.0,0.0
cs,214,2001,2003,2,0.174788,0.825212
cs,214,2001,2004,3,0.174788,0.825212
cs,214,2001,2005,4,0.276884,0.723116
cs,214,2001,2007,6,0.203964,0.796036
cs,214,2001,2008,7,0.318072,0.681928
cs,214,2001,2009,8,0.318072,0.681928
cs,214,2001,2010,9,0.361597,0.638403
cs,214,2001,2011,10,0.361597,0.638403
cs,214,2001,2012,11,0.361597,0.638403
cs,214,2001,2013,12,0.312094,0.687906
cs,214,2001,2014,13,0.312094,0.687906
cs,214,2001,2015,14,0.312094,0.687906
cs,214,2001,2016,15,0.312094,0.687906
cs,214,2001,2017,16,0.312094,0.687906
cs,214,2001,2018,17,0.312094,0.687906
cs,214,2001,2019,18,0.312094,0.687906
cs,214,2001,2020,19,0.312094,0.687906
cs,214,2001,2021,20,0.312094,0.687906
cs,214,2001,2022,21,0.312094,0.687906
cs,214,2001,2023,22,0.312094,0.687906
cs,214,2001,2024,23,0.312094,0.687906
cs,214,2001,2025,24,0.350836,0.649164
cs,215,2015,2015,0,1.0,0.0
cs,215,2015,2016,1,0.586582,0.413418
cs,215,2015,2017,2,0.472968,0.527032
cs,215,2015,2018,3,0.406031,0.593969
cs,215,2015,2019,4,0.406031,0.593969
cs,215,2015,2020,5,0.406031,0.593969
cs,215,2015,2021,6,0.406031,0.593969
cs,215,2015,2022,7,0.406031,0.593969
cs,215,2015,2023,8,0.406031,0.593969
cs,215,2015,2024,9,0.406031,0.593969
cs,215,2015,2025,10,0.406031,0.593969
cs,216,2008,2008,0,1.0,0.0
cs,216,2008,2009,1,0.455534,0.544466
cs,216,2008,2011,3,0.057096,0.942904
cs,216,2008,2012,4,0.125284,0.874716
cs,216,2008,2014,6,0.080059,0.919941
cs,216,2008,2015,7,0.192221,0.807779
cs,216,2008,2016,8,0.205343,0.794657
cs,216,2008,2017,9,0.192221,0.807779
cs,216,2008,2018,10,0.125284,0.874716
cs,216,2008,2019,11,0.125284,0.874716
cs,216,2008,2020,12,0.125284,0.874716
cs,216,2008,2021,13,0.125284,0.874716
cs,216,2008,2022,14,0.125284,0.874716
cs,216,2008,2023,15,0.125284,0.874716
cs,216,2008,2024,16,0.125284,0.874716
cs,216,2008,2025,17,0.125284,0.874716
cs,217,2000,2000,0,1.0,0.0
cs,217,2000,2001,1,0.739389,0.260611
cs,217,2000,2002,2,0.64812,0.35188
cs,217,2000,2003,3,0.565853,0.434147
cs,217,2000,2004,4,0.565853,0.434147
cs,217,2000,2005,5,0.565853,0.434147
cs,217,2000,2006,6,0.507506,0.492494
cs,217,2000,2007,7,0.497664,0.502336
cs,217,2000,2008,8,0.497664,0.502336
cs,217,2000,2009,9,0.565853,0.434147
cs,217,2000,2010,10,0.538853,0.461147
cs,217,2000,2011,11,0.565853,0.434147
cs,217,2000,2012,12,0.565853,0.434147
cs,217,2000,2013,13,0.520628,0.479372
cs,217,2000,2014,14,0.538853,0.461147
cs,217,2000,2015,15,0.538853,0.461147
cs,217,2000,2016,16,0.520628,0.479372
cs,217,2000,2017,17,0.565853,0.434147
cs,217,2000,2018,18,0.565853,0.434147
cs,217,2000,2019,19,0.565853,0.434147
cs,217,2000,2020,20,0.565853,0.434147
cs,217,2000,2021,21,0.538853,0.461147
cs,217,2000,2022,22,0.538853,0.461147
cs,217,2000,2023,23,0.565853,0.434147
cs,217,2000,2024,24,0.565853,0.434147
cs,217,2000,2025,25,0.565853,0.434147
cs,218,2001,2001,0,1.0,0.0
cs,218,2001,2005,4,0.038742,0.961258
cs,218,2001,2006,5,0.049504,0.950496
cs,218,2001,2007,6,0.049504,0.950496
cs,218,2001,2008,7,0.049504,0.950496
cs,218,2001,2009,8,0.049504,0.950496
cs,218,2001,2010,9,0.049504,0.950496
cs,218,2001,2011,10,0.049504,0.950496
cs,218,2001,2012,11,0.049504,0.950496
cs,218,2001,2013,12,0.088246,0.911754
cs,218,2001,2014,13,0.049504,0.950496
cs,218,2001,2015,14,0.099007,0.900993
cs,218,2001,2016,15,0.147788,0.852212
cs,218,2001,2017,16,0.106599,0.893401
cs,218,2001,2018,17,0.088246,0.911754
cs,218,2001,2019,18,0.093029,0.906971
cs,218,2001,2020,19,0.116441,0.883559
cs,218,2001,2021,20,0.116441,0.883559
cs,218,2001,2022,21,0.129563,0.870437
cs,218,2001,2023,22,0.129563,0.870437
cs,218,2001,2024,23,0.106599,0.893401
cs,218,2001,2025,24,0.116441,0.883559
cs,219,2010,2010,0,1.0,0.0
cs,219,2010,2013,3,0.0,1.0
cs,219,2010,2019,9,0.0,1.0
cs,219,2010,2021,11,0.0,1.0
cs,219,2010,2022,12,0.0,1.0
cs,219,2010,2023,13,0.0,1.0
cs,219,2010,2024,14,0.0,1.0
cs,219,2010,2025,15,0.0,1.0
cs,220,2002,2002,0,1.0,0.0
cs,220,2002,2007,5,0.0,1.0
cs,220,2002,2008,6,0.049504,0.950496
cs,220,2002,2010,8,0.049504,0.950496
cs,220,2002,2011,9,0.147788,0.852212
cs,220,2002,2012,10,0.219788,0.780212
cs,220,2002,2013,11,0.116441,0.883559
cs,220,2002,2014,12,0.129563,0.870437
cs,220,2002,2015,13,0.174788,0.825212
cs,220,2002,2016,14,0.106599,0.893401
cs,220,2002,2018,16,0.219788,0.780212
cs,220,2002,2019,17,0.18653,0.81347
cs,220,2002,2020,18,0.191313,0.808687
cs,220,2002,2021,19,0.18653,0.81347
cs,220,2002,2022,20,0.191313,0.808687
cs,220,2002,2023,21,0.18653,0.81347
cs,220,2002,2024,22,0.147788,0.852212
cs,220,2002,2025,23,0.147788,0.852212
cs,221,2000,2000,0,1.0,0.0
cs,221,2000,2001,1,0.544773,0.455227
cs,221,2000,2002,2,0.432611,0.567389
cs,221,2000,2003,3,0.477836,0.522164
cs,221,2000,2004,4,0.491406,0.508594
cs,221,2000,2005,5,0.434311,0.565689
cs,221,2000,2006,6,0.434311,0.565689
cs,221,2000,2007,7,0.407311,0.592689
cs,221,2000,2008,8,0.407311,0.592689
cs,221,2000,2009,9,0.375964,0.624036
cs,221,2000,2010,10,0.407311,0.592689
cs,221,2000,2011,11,0.407311,0.592689
cs,221,2000,2012,12,0.434311,0.565689
cs,221,2000,2013,13,0.434311,0.565689
cs,221,2000,2014,14,0.434311,0.565689
cs,221,2000,2015,15,0.434311,0.565689
cs,221,2000,2016,16,0.434311,0.565689
cs,221,2000,2017,17,0.434311,0.565689
cs,221,2000,2018,18,0.434311,0.565689
cs,221,2000,2019,19,0.434311,0.565689
cs,221,2000,2020,20,0.434311,0.565689
cs,221,2000,2021,21,0.407311,0.592689
cs,221,2000,2022,22,0.477836,0.522164
cs,221,2000,2023,23,0.434311,0.565689
cs,221,2000,2024,24,0.434311,0.565689
cs,221,2000,2025,25,0.434311,0.565689
cs,222,2000,2000,0,1.0,0.0
cs,222,2000,2001,1,0.649785,0.350215
cs,222,2000,2002,2,0.156103,0.843897
cs,222,2000,2003,3,0.174788,0.825212
cs,222,2000,2004,4,0.231884,0.768116
cs,222,2000,2005,5,0.263034,0.736966
cs,222,2000,2006,6,0.270626,0.729374
cs,222,2000,2007,7,0.174788,0.825212
cs,222,2000,2008,8,0.231884,0.768116
cs,222,2000,2009,9,0.21353,0.78647
cs,222,2000,2010,10,0.218313,0.781687
cs,222,2000,2011,11,0.174788,0.825212
cs,222,2000,2012,12,0.21353,0.78647
cs,222,2000,2013,13,0.174788,0.825212
cs,222,2000,2014,14,0.174788,0.825212
cs,222,2000,2015,15,0.174788,0.825212
cs,222,2000,2016,16,0.174788,0.825212
cs,222,2000,2017,17,0.174788,0.825212
cs,222,2000,2018,18,0.174788,0.825212
cs,222,2000,2019,19,0.224292,0.775708
cs,222,2000,2020,20,0.174788,0.825212
cs,222,2000,2021,21,0.174788,0.825212
cs,222,2000,2022,22,0.174788,0.825212
cs,222,2000,2023,23,0.224292,0.775708
cs,222,2000,2024,24,0.218313,0.781687
cs,222,2000,2025,25,0.21353,0.78647
cs,223,2013,2013,0,1.0,0.0
cs,223,2013,2014,1,0.662779,0.337221
cs,223,2013,2015,2,0.328271,0.671729
cs,223,2013,2016,3,0.129563,0.870437
cs,223,2013,2017,4,0.129563,0.870437
cs,223,2013,2018,5,0.129563,0.870437
cs,223,2013,2019,6,0.129563,0.870437
cs,223,2013,2020,7,0.129563,0.870437
cs,223,2013,2021,8,0.129563,0.870437
cs,223,2013,2022,9,0.129563,0.870437
cs,223,2013,2023,10,0.173088,0.826912
cs,223,2013,2024,11,0.173088,0.826912
cs,223,2013,2025,12,0.173088,0.826912
cs,224,2011,2011,0,1.0,0.0
cs,224,2011,2017,6,0.170284,0.829716
cs,224,2011,2018,7,0.270284,0.729716
cs,224,2011,2019,8,0.270284,0.729716
cs,224,2011,2020,9,0.32738,0.67262
cs,224,2011,2021,10,0.32738,0.67262
cs,224,2011,2022,11,0.32738,0.67262
cs,224,2011,2023,12,0.32738,0.67262
cs,224,2011,2024,13,0.32738,0.67262
cs,224,2011,2025,14,0.32738,0.67262
cs,225,2001,2001,0,1.0,0.0
cs,225,2001,2004,3,0.0,1.0
cs,225,2001,2005,4,0.0,1.0
cs,225,2001,2006,5,0.0,1.0
cs,225,2001,2007,6,0.0,1.0
cs,225,2001,2008,7,0.0,1.0
cs,225,2001,2012,11,0.0,1.0
cs,225,2001,2013,12,0.038742,0.961258
cs,225,2001,2015,14,0.0,1.0
cs,225,2001,2017,16,0.0,1.0
cs,225,2001,2018,17,0.0,1.0
cs,225,2001,2019,18,0.0,1.0
cs,225,2001,2020,19,0.0,1.0
cs,225,2001,2021,20,0.0,1.0
cs,225,2001,2022,21,0.0,1.0
cs,225,2001,2023,22,0.0,1.0
cs,225,2001,2024,23,0.0,1.0
cs,225,2001,2025,24,0.0,1.0
cs,226,2001,2001,0,1.0,0.0
cs,226,2001,2003,2,0.066937,0.933063
cs,226,2001,2004,3,0.049504,0.950496
cs,226,2001,2005,4,0.106599,0.893401
cs,226,2001,2007,6,0.066937,0.933063
cs,226,2001,2008,7,0.057096,0.942904
cs,226,2001,2009,8,0.066937,0.933063
cs,226,2001,2010,9,0.116441,0.883559
cs,226,2001,2011,10,0.192221,0.807779
cs,226,2001,2012,11,0.165221,0.834779
cs,226,2001,2013,12,0.146996,0.853004
cs,226,2001,2014,13,0.165221,0.834779
cs,226,2001,2015,14,0.165221,0.834779
cs,226,2001,2016,15,0.124033,0.875967
cs,226,2001,2017,16,0.110462,0.889538
cs,226,2001,2018,17,0.105679,0.894321
cs,226,2001,2019,18,0.105679,0.894321
cs,226,2001,2020,19,0.110462,0.889538
cs,226,2001,2021,20,0.066937,0.933063
cs,226,2001,2022,21,0.066937,0.933063
cs,226,2001,2023,22,0.066937,0.933063
cs,226,2001,2024,23,0.066937,0.933063
cs,226,2001,2025,24,0.105679,0.894321
cs,227,2014,2014,0,1.0,0.0
cs,227,2014,2016,2,0.18068,0.81932
cs,227,2014,2017,3,0.276884,0.723116
cs,227,2014,2018,4,0.376884,0.623116
cs,227,2014,2019,5,0.415626,0.584374
cs,227,2014,2020,6,0.376884,0.623116
cs,227,2014,2021,7,0.376884,0.623116
cs,227,2014,2022,8,0.376884,0.623116
cs,227,2014,2023,9,0.376884,0.623116
cs,227,2014,2024,10,0.376884,0.623116
cs,227,2014,2025,11,0.376884,0.623116
cs,228,2004,2004,0,1.0,0.0
cs,228,2004,2006,2,0.0,1.0
cs,228,2004,2008,4,0.0,1.0
cs,228,2004,2010,6,0.0,1.0
cs,228,2004,2012,8,0.0,1.0
cs,228,2004,2013,9,0.0,1.0
cs,228,2004,2014,10,0.0,1.0
cs,228,2004,2015,11,0.0,1.0
cs,228,2004,2016,12,0.0,1.0
cs,228,2004,2017,13,0.0,1.0
cs,228,2004,2018,14,0.0,1.0
cs,228,2004,2019,15,0.0,1.0
cs,228,2004,2020,16,0.0,1.0
cs,228,2004,2021,17,0.0,1.0
cs,228,2004,2022,18,0.0,1.0
cs,228,2004,2023,19,0.0,1.0
cs,228,2004,2024,20,0.0,1.0
cs,228,2004,2025,21,0.0,1.0
cs,229,2013,2013,0,1.0,0.0
cs,229,2013,2014,1,0.623416,0.376584
cs,229,2013,2015,2,0.209026,0.790974
cs,229,2013,2016,3,0.038742,0.961258
cs,229,2013,2017,4,0.0,1.0
cs,229,2013,2018,5,0.0,1.0
cs,229,2013,2019,6,0.0,1.0
cs,229,2013,2020,7,0.0,1.0
cs,229,2013,2021,8,0.0,1.0
cs,229,2013,2022,9,0.0,1.0
cs,229,2013,2023,10,0.0,1.0
cs,229,2013,2024,11,0.0,1.0
cs,229,2013,2025,12,0.0,1.0
cs,230,2005,2005,0,1.0,0.0
cs,230,2005,2006,1,0.797904,0.202096
cs,230,2005,2007,2,0.462847,0.537153
cs,230,2005,2010,5,0.125284,0.874716
cs,230,2005,2012,7,0.395568,0.604432
cs,230,2005,2015,10,0.125284,0.874716
cs,230,2005,2016,11,0.164026,0.835974
cs,230,2005,2017,12,0.207551,0.792449
cs,230,2005,2018,13,0.212334,0.787666
cs,230,2005,2019,14,0.218313,0.781687
cs,230,2005,2020,15,0.218313,0.781687
cs,230,2005,2021,16,0.218313,0.781687
cs,230,2005,2022,17,0.218313,0.781687
cs,230,2005,2023,18,0.174788,0.825212
cs,230,2005,2024,19,0.21353,0.78647
cs,230,2005,2025,20,0.207551,0.792449
cs,231,2000,2000,0,1.0,0.0
cs,231,2000,2001,1,0.470864,0.529136
cs,231,2000,2003,3,0.162326,0.837674
cs,231,2000,2004,4,0.198708,0.801292
cs,231,2000,2006,6,0.139363,0.860637
cs,231,2000,2008,8,0.038742,0.961258
cs,231,2000,2009,9,0.213809,0.786191
cs,231,2000,2010,10,0.149204,0.850796
cs,231,2000,2011,11,0.082267,0.917733
cs,231,2000,2012,12,0.149204,0.850796
cs,231,2000,2013,13,0.188867,0.811133
cs,231,2000,2015,15,0.139363,0.860637
cs,231,2000,2016,16,0.162326,0.837674
cs,231,2000,2017,17,0.205851,0.794149
cs,231,2000,2018,18,0.2063,0.7937
cs,231,2000,2019,19,0.247489,0.752511
cs,231,2000,2020,20,0.287611,0.712389
cs,231,2000,2021,21,0.274489,0.725511
cs,231,2000,2022,22,0.274489,0.725511
cs,231,2000,2023,23,0.287611,0.712389
cs,231,2000,2024,24,0.287611,0.712389
cs,231,2000,2025,25,0.287611,0.712389
cs,232,2001,2001,0,1.0,0.0
cs,232,2001,2002,1,0.564153,0.435847
cs,232,2001,2006,5,0.0,1.0
cs,232,2001,2007,6,0.250343,0.749657
cs,232,2001,2008,7,0.250343,0.749657
cs,232,2001,2010,9,0.049504,0.950496
cs,232,2001,2013,12,0.080059,0.919941
cs,232,2001,2014,13,0.178343,0.821657
cs,232,2001,2015,14,0.167109,0.832891
cs,232,2001,2016,15,0.080059,0.919941
cs,232,2001,2017,16,0.205343,0.794657
cs,232,2001,2018,17,0.205343,0.794657
cs,232,2001,2019,18,0.250343,0.749657
cs,232,2001,2020,19,0.250343,0.749657
cs,232,2001,2021,20,0.250343,0.749657
cs,232,2001,2022,21,0.250343,0.749657
cs,232,2001,2023,22,0.250343,0.749657
cs,232,2001,2024,23,0.250343,0.749657
cs,232,2001,2025,24,0.250343,0.749657
cs,233,2000,2000,0,1.0,0.0
cs,233,2000,2001,1,0.727719,0.272281
cs,233,2000,2003,3,0.270905,0.729095
cs,233,2000,2004,4,0.370905,0.629095
cs,233,2000,2005,5,0.294317,0.705683
cs,233,2000,2008,8,0.536406,0.463594
cs,233,2000,2009,9,0.425664,0.574336
cs,233,2000,2010,10,0.452664,0.547336
cs,233,2000,2011,11,0.366122,0.633878
cs,233,2000,2012,12,0.366122,0.633878
cs,233,2000,2013,13,0.22738,0.77262
cs,233,2000,2014,14,0.22738,0.77262
cs,233,2000,2015,15,0.22738,0.77262
cs,233,2000,2016,16,0.18238,0.81762
cs,233,2000,2017,17,0.18238,0.81762
cs,233,2000,2018,18,0.18238,0.81762
cs,233,2000,2019,19,0.22738,0.77262
cs,233,2000,2020,20,0.18238,0.81762
cs,233,2000,2021,21,0.137155,0.862845
cs,233,2000,2022,22,0.18238,0.81762
cs,233,2000,2023,23,0.137155,0.862845
cs,233,2000,2024,24,0.124033,0.875967
cs,233,2000,2025,25,0.137155,0.862845
cs,234,2002,2002,0,1.0,0.0
cs,234,2002,2003,1,0.544773,0.455227
cs,234,2002,2004,2,0.250568,0.749432
cs,234,2002,2005,3,0.125284,0.874716
cs,234,2002,2006,4,0.0,1.0
cs,234,2002,2007,5,0.0,1.0
cs,234,2002,2010,8,0.098284,0.901716
cs,234,2002,2012,10,0.0,1.0
cs,234,2002,2013,11,0.0,1.0
cs,234,2002,2014,12,0.0,1.0
cs,234,2002,2015,13,0.0,1.0
cs,234,2002,2016,14,0.098284,0.901716
cs,234,2002,2017,15,0.098284,0.901716
cs,234,2002,2018,16,0.105679,0.894321
cs,234,2002,2019,17,0.168809,0.831191
cs,234,2002,2020,18,0.168809,0.831191
cs,234,2002,2021,19,0.164026,0.835974
cs,234,2002,2022,20,0.168809,0.831191
cs,234,2002,2023,21,0.168809,0.831191
cs,234,2002,2024,22,0.125284,0.874716
cs,234,2002,2025,23,0.164026,0.835974
cs,235,2008,2008,0,1.0,0.0
cs,235,2008,2015,7,0.174788,0.825212
cs,235,2008,2016,8,0.174788,0.825212
cs,235,2008,2017,9,0.219788,0.780212
cs,235,2008,2018,10,0.219788,0.780212
cs,235,2008,2019,11,0.219788,0.780212
cs,235,2008,2020,12,0.219788,0.780212
cs,235,2008,2021,13,0.174788,0.825212
cs,235,2008,2022,14,0.219788,0.780212
cs,235,2008,2023,15,0.219788,0.780212
cs,235,2008,2024,16,0.219788,0.780212
cs,235,2008,2025,17,0.219788,0.780212
cs,236,2000,2000,0,1.0,0.0
cs,236,2000,2001,1,0.807779,0.192221
cs,236,2000,2002,2,0.545452,0.454548
cs,236,2000,2003,3,0.544661,0.455339
cs,236,2000,2004,4,0.390072,0.609928
cs,236,2000,2005,5,0.457009,0.542991
cs,236,2000,2006,6,0.58591,0.41409
cs,236,2000,2007,7,0.655294,0.344706
cs,236,2000,2008,8,0.608126,0.391874
cs,236,2000,2009,9,0.440568,0.559432
cs,236,2000,2010,10,0.490072,0.509928
cs,236,2000,2011,11,0.340568,0.659432
cs,236,2000,2012,12,0.379311,0.620689
cs,236,2000,2013,13,0.55937,0.44063
cs,236,2000,2014,14,0.520628,0.479372
cs,236,2000,2015,15,0.497664,0.502336
cs,236,2000,2016,16,0.572339,0.427661
cs,236,2000,2017,17,0.595948,0.404052
cs,236,2000,2018,18,0.48591,0.51409
cs,236,2000,2019,19,0.514105,0.485895
cs,236,2000,2020,20,0.504264,0.495736
cs,236,2000,2021,21,0.634819,0.365181
cs,236,2000,2022,22,0.544661,0.455339
cs,236,2000,2023,23,0.644661,0.355339
cs,236,2000,2024,24,0.627227,0.372773
cs,236,2000,2025,25,0.616466,0.383534
cs,237,2013,2013,0,1.0,0.0
cs,237,2013,2014,1,0.885349,0.114651
cs,237,2013,2015,2,0.737478,0.262522
cs,237,2013,2016,3,0.725511,0.274489
cs,237,2013,2017,4,0.704797,0.295203
cs,237,2013,2018,5,0.559797,0.440203
cs,237,2013,2019,6,0.659797,0.340203
cs,237,2013,2020,7,0.649956,0.350044
cs,237,2013,2021,8,0.549956,0.450044
cs,237,2013,2022,9,0.672919,0.327081
cs,237,2013,2023,10,0.717919,0.282081
cs,237,2013,2024,11,0.694956,0.305044
cs,237,2013,2025,12,0.688977,0.311023
cs,238,2011,2011,0,1.0,0.0
cs,238,2011,2012,1,0.523416,0.476584
cs,238,2011,2013,2,0.481307,0.518693
cs,238,2011,2014,3,0.345072,0.654928
cs,238,2011,2015,4,0.345072,0.654928
cs,238,2011,2016,5,0.345072,0.654928
cs,238,2011,2017,6,0.345072,0.654928
cs,238,2011,2018,7,0.345072,0.654928
cs,238,2011,2019,8,0.388597,0.611403
cs,238,2011,2020,9,0.383814,0.616186
cs,238,2011,2021,10,0.383814,0.616186
cs,238,2011,2022,11,0.345072,0.654928
cs,238,2011,2023,12,0.345072,0.654928
cs,238,2011,2024,13,0.345072,0.654928
cs,238,2011,2025,14,0.388597,0.611403
cs,239,2006,2006,0,1.0,0.0
cs,239,2006,2011,5,0.295568,0.704432
cs,239,2006,2012,6,0.295568,0.704432
cs,239,2006,2013,7,0.295568,0.704432
cs,239,2006,2014,8,0.339094,0.660906
cs,239,2006,2015,9,0.425131,0.574869
cs,239,2006,2016,10,0.442565,0.557435
cs,239,2006,2017,11,0.432723,0.567277
cs,239,2006,2018,12,0.442565,0.557435
cs,239,2006,2019,13,0.425131,0.574869
cs,239,2006,2020,14,0.41437,0.58563
cs,239,2006,2021,15,0.442565,0.557435
cs,239,2006,2022,16,0.442565,0.557435
cs,239,2006,2023,17,0.419153,0.580847
cs,239,2006,2024,18,0.41437,0.58563
cs,239,2006,2025,19,0.375628,0.624372
cs,240,2016,2016,0,1.0,0.0
cs,240,2016,2017,1,0.785275,0.214725
cs,240,2016,2018,2,0.649036,0.350964
cs,240,2016,2019,3,0.715721,0.284279
cs,240,2016,2020,4,0.787721,0.212279
cs,240,2016,2021,5,0.769496,0.230504
cs,240,2016,2022,6,0.769496,0.230504
cs,240,2016,2023,7,0.756374,0.243626
cs,240,2016,2024,8,0.756374,0.243626
cs,240,2016,2025,9,0.756374,0.243626
cs,241,2000,2000,0,1.0,0.0
cs,241,2000,2004,4,0.098284,0.901716
cs,241,2000,2007,7,0.098284,0.901716
cs,241,2000,2008,8,0.098284,0.901716
cs,241,2000,2009,9,0.098284,0.901716
cs,241,2000,2010,10,0.098284,0.901716
cs,241,2000,2011,11,0.098284,0.901716
cs,241,2000,2012,12,0.098284,0.901716
cs,241,2000,2013,13,0.098284,0.901716
cs,241,2000,2014,14,0.098284,0.901716
cs,241,2000,2015,15,0.098284,0.901716
cs,241,2000,2016,16,0.098284,0.901716
cs,241,2000,2017,17,0.098284,0.901716
cs,241,2000,2018,18,0.098284,0.901716
cs,241,2000,2019,19,0.098284,0.901716
cs,241,2000,2020,20,0.098284,0.901716
cs,241,2000,2021,21,0.098284,0.901716
cs,241,2000,2022,22,0.098284,0.901716
cs,241,2000,2023,23,0.098284,0.901716
cs,241,2000,2024,24,0.098284,0.901716
cs,241,2000,2025,25,0.098284,0.901716
cs,242,2001,2001,0,1.0,0.0
cs,242,2001,2002,1,0.816425,0.183575
cs,242,2001,2009,8,0.129563,0.870437
cs,242,2001,2010,9,0.129563,0.870437
cs,242,2001,2011,10,0.179067,0.820933
cs,242,2001,2012,11,0.179067,0.820933
cs,242,2001,2013,12,0.425131,0.574869
cs,242,2001,2014,13,0.366784,0.633216
cs,242,2001,2015,14,0.425131,0.574869
cs,242,2001,2016,15,0.253147,0.746853
cs,242,2001,2017,16,0.379906,0.620094
cs,242,2001,2018,17,0.398131,0.601869
cs,242,2001,2019,18,0.425131,0.574869
cs,242,2001,2020,19,0.353131,0.646869
cs,242,2001,2021,20,0.353131,0.646869
cs,242,2001,2022,21,0.321784,0.678216
cs,242,2001,2023,22,0.353131,0.646869
cs,242,2001,2024,23,0.334906,0.665094
cs,242,2001,2025,24,0.311943,0.688057
cs,243,2000,2000,0,1.0,0.0
cs,243,2000,2003,3,0.162326,0.837674
cs,243,2000,2007,7,0.080059,0.919941
cs,243,2000,2008,8,0.038742,0.961258
cs,243,2000,2010,10,0.080059,0.919941
cs,243,2000,2012,12,0.080059,0.919941
cs,243,2000,2013,13,0.080059,0.919941
cs,243,2000,2014,14,0.080059,0.919941
cs,243,2000,2015,15,0.080059,0.919941
cs,243,2000,2016,16,0.080059,0.919941
cs,243,2000,2017,17,0.080059,0.919941
cs,243,2000,2018,18,0.080059,0.919941
cs,243,2000,2019,19,0.080059,0.919941
cs,243,2000,2020,20,0.080059,0.919941
cs,243,2000,2021,21,0.080059,0.919941
cs,243,2000,2022,22,0.080059,0.919941
cs,243,2000,2023,23,0.080059,0.919941
cs,243,2000,2024,24,0.080059,0.919941
cs,243,2000,2025,25,0.080059,0.919941
cs,244,2004,2004,0,1.0,0.0
cs,244,2004,2018,14,0.137155,0.862845
cs,244,2004,2019,15,0.106599,0.893401
cs,244,2004,2020,16,0.095838,0.904162
cs,244,2004,2021,17,0.057096,0.942904
cs,244,2004,2022,18,0.057096,0.942904
cs,244,2004,2023,19,0.057096,0.942904
cs,244,2004,2024,20,0.095838,0.904162
cs,244,2004,2025,21,0.057096,0.942904
cs,245,2011,2011,0,1.0,0.0
cs,245,2011,2012,1,0.217809,0.782191
cs,245,2011,2013,2,0.093029,0.906971
cs,245,2011,2014,3,0.049504,0.950496
cs,245,2011,2015,4,0.049504,0.950496
cs,245,2011,2016,5,0.049504,0.950496
cs,245,2011,2017,6,0.049504,0.950496
cs,245,2011,2018,7,0.049504,0.950496
cs,245,2011,2019,8,0.049504,0.950496
cs,245,2011,2020,9,0.049504,0.950496
cs,245,2011,2021,10,0.049504,0.950496
cs,245,2011,2022,11,0.049504,0.950496
cs,245,2011,2023,12,0.049504,0.950496
cs,245,2011,2024,13,0.049504,0.950496
cs,245,2011,2025,14,0.049504,0.950496
cs,246,2006,2006,0,1.0,0.0
cs,246,2006,2010,4,0.125284,0.874716
cs,246,2006,2012,6,0.170284,0.829716
cs,246,2006,2015,9,0.170284,0.829716
cs,246,2006,2016,10,0.170284,0.829716
cs,246,2006,2017,11,0.170284,0.829716
cs,246,2006,2018,12,0.170284,0.829716
cs,246,2006,2019,13,0.170284,0.829716
cs,246,2006,2020,14,0.170284,0.829716
cs,246,2006,2021,15,0.170284,0.829716
cs,246,2006,2022,16,0.170284,0.829716
cs,246,2006,2023,17,0.170284,0.829716
cs,246,2006,2024,18,0.170284,0.829716
cs,246,2006,2025,19,0.170284,0.829716
cs,247,2011,2011,0,1.0,0.0
cs,247,2011,2012,1,0.35188,0.64812
cs,247,2011,2013,2,0.129563,0.870437
cs,247,2011,2015,4,0.205343,0.794657
cs,247,2011,2016,5,0.178343,0.821657
cs,247,2011,2017,6,0.123584,0.876416
cs,247,2011,2018,7,0.080059,0.919941
cs,247,2011,2019,8,0.080059,0.919941
cs,247,2011,2020,9,0.080059,0.919941
cs,247,2011,2021,10,0.080059,0.919941
cs,247,2011,2022,11,0.080059,0.919941
cs,247,2011,2023,12,0.137155,0.862845
cs,247,2011,2024,13,0.129563,0.870437
cs,247,2011,2025,14,0.080059,0.919941
cs,248,2010,2010,0,1.0,0.0
cs,248,2010,2012,2,0.219788,0.780212
cs,248,2010,2013,3,0.219788,0.780212
cs,248,2010,2014,4,0.219788,0.780212
cs,248,2010,2015,5,0.286725,0.713275
cs,248,2010,2016,6,0.219788,0.780212
cs,248,2010,2017,7,0.219788,0.780212
cs,248,2010,2018,8,0.219788,0.780212
cs,248,2010,2019,9,0.219788,0.780212
cs,248,2010,2020,10,0.286725,0.713275
cs,248,2010,2021,11,0.219788,0.780212
cs,248,2010,2022,12,0.219788,0.780212
cs,248,2010,2023,13,0.219788,0.780212
cs,248,2010,2024,14,0.219788,0.780212
cs,248,2010,2025,15,0.219788,0.780212
cs,249,2001,2001,0,1.0,0.0
cs,249,2001,2002,1,0.328339,0.671661
cs,249,2001,2005,4,0.057096,0.942904
cs,249,2001,2008,7,0.038742,0.961258
cs,249,2001,2010,9,0.098284,0.901716
cs,249,2001,2012,11,0.098284,0.901716
cs,249,2001,2014,13,0.066937,0.933063
cs,249,2001,2018,17,0.098284,0.901716
cs,249,2001,2019,18,0.098284,0.901716
cs,249,2001,2020,19,0.098284,0.901716
cs,249,2001,2021,20,0.098284,0.901716
cs,249,2001,2022,21,0.098284,0.901716
cs,249,2001,2023,22,0.098284,0.901716
cs,249,2001,2024,23,0.098284,0.901716
cs,249,2001,2025,24,0.098284,0.901716
cs,250,2007,2007,0,1.0,0.0
cs,250,2007,2012,5,0.435506,0.564494
cs,250,2007,2013,6,0.393853,0.606147
cs,250,2007,2015,8,0.432595,0.567405
cs,250,2007,2016,9,0.443356,0.556644
cs,250,2007,2017,10,0.393853,0.606147
cs,250,2007,2018,11,0.493853,0.506147
cs,250,2007,2019,12,0.493853,0.506147
cs,250,2007,2020,13,0.493853,0.506147
cs,250,2007,2021,14,0.493853,0.506147
cs,250,2007,2022,15,0.493853,0.506147
cs,250,2007,2023,16,0.493853,0.506147
cs,250,2007,2024,17,0.493853,0.506147
cs,250,2007,2025,18,0.493853,0.506147
cs,251,2001,2001,0,1.0,0.0
cs,251,2001,2005,4,0.223568,0.776432
cs,251,2001,2014,13,0.440568,0.559432
cs,251,2001,2016,15,0.098284,0.901716
cs,251,2001,2017,16,0.080059,0.919941
cs,251,2001,2018,17,0.368568,0.631432
cs,251,2001,2019,18,0.368568,0.631432
cs,251,2001,2020,19,0.395568,0.604432
cs,251,2001,2021,20,0.368568,0.631432
cs,251,2001,2022,21,0.395568,0.604432
cs,251,2001,2023,22,0.395568,0.604432
cs,251,2001,2024,23,0.395568,0.604432
cs,251,2001,2025,24,0.395568,0.604432
cs,252,2015,2015,0,1.0,0.0
cs,252,2015,2017,2,0.219788,0.780212
cs,252,2015,2018,3,0.250343,0.749657
cs,252,2015,2019,4,0.237221,0.762779
cs,252,2015,2020,5,0.219788,0.780212
cs,252,2015,2021,6,0.170284,0.829716
cs,252,2015,2022,7,0.22738,0.77262
cs,252,2015,2023,8,0.22738,0.77262
cs,252,2015,2024,9,0.170284,0.829716
cs,252,2015,2025,10,0.170284,0.829716
cs,253,2014,2014,0,1.0,0.0
cs,253,2014,2015,1,0.437378,0.562622
cs,253,2014,2016,2,0.482099,0.517901
cs,253,2014,2017,3,0.482099,0.517901
cs,253,2014,2018,4,0.419153,0.580847
cs,253,2014,2019,5,0.433318,0.566682
cs,253,2014,2020,6,0.419153,0.580847
cs,253,2014,2021,7,0.402168,0.597832
cs,253,2014,2022,8,0.388597,0.611403
cs,253,2014,2023,9,0.47612,0.52388
cs,253,2014,2024,10,0.393853,0.606147
cs,253,2014,2025,11,0.41437,0.58563
cs,254,2014,2014,0,1.0,0.0
cs,254,2014,2015,1,0.838362,0.161638
cs,254,2014,2016,2,0.301776,0.698224
cs,254,2014,2017,3,0.243626,0.756374
cs,254,2014,2018,4,0.131771,0.868229
cs,254,2014,2019,5,0.088246,0.911754
cs,254,2014,2020,6,0.088246,0.911754
cs,254,2014,2021,7,0.088246,0.911754
cs,254,2014,2022,8,0.088246,0.911754
cs,254,2014,2023,9,0.088246,0.911754
cs,254,2014,2024,10,0.088246,0.911754
cs,254,2014,2025,11,0.088246,0.911754
cs,255,2013,2013,0,1.0,0.0
cs,255,2013,2015,2,0.137026,0.862974
cs,255,2013,2016,3,0.137026,0.862974
cs,255,2013,2017,4,0.137026,0.862974
cs,255,2013,2018,5,0.098284,0.901716
cs,255,2013,2019,6,0.098284,0.901716
cs,255,2013,2020,7,0.098284,0.901716
cs,255,2013,2021,8,0.098284,0.901716
cs,255,2013,2022,9,0.098284,0.901716
cs,255,2013,2023,10,0.098284,0.901716
cs,255,2013,2024,11,0.098284,0.901716
cs,255,2013,2025,12,0.098284,0.901716
cs,256,2005,2005,0,1.0,0.0
cs,256,2005,2014,9,0.393869,0.606131
cs,256,2005,2016,11,0.270284,0.729716
cs,256,2005,2017,12,0.270284,0.729716
cs,256,2005,2018,13,0.309026,0.690974
cs,256,2005,2019,14,0.380747,0.619253
cs,256,2005,2020,15,0.370905,0.629095
cs,256,2005,2021,16,0.460806,0.539194
cs,256,2005,2022,17,0.450964,0.549036
cs,256,2005,2023,18,0.352551,0.647449
cs,256,2005,2024,19,0.393869,0.606131
cs,256,2005,2025,20,0.43025,0.56975
cs,257,2001,2001,0,1.0,0.0
cs,257,2001,2003,2,0.0,1.0
cs,257,2001,2004,3,0.0,1.0
cs,257,2001,2007,6,0.0,1.0
cs,257,2001,2008,7,0.0,1.0
cs,257,2001,2009,8,0.0,1.0
cs,257,2001,2010,9,0.0,1.0
cs,257,2001,2011,10,0.0,1.0
cs,257,2001,2012,11,0.0,1.0
cs,257,2001,2013,12,0.0,1.0
cs,257,2001,2014,13,0.0,1.0
cs,257,2001,2015,14,0.0,1.0
cs,257,2001,2016,15,0.0,1.0
cs,257,2001,2017,16,0.0,1.0
cs,257,2001,2018,17,0.0,1.0
cs,257,2001,2019,18,0.0,1.0
cs,257,2001,2020,19,0.0,1.0
cs,257,2001,2021,20,0.0,1.0
cs,257,2001,2022,21,0.0,1.0
cs,257,2001,2023,22,0.0,1.0
cs,257,2001,2024,23,0.0,1.0
cs,257,2001,2025,24,0.0,1.0
cs,258,2000,2000,0,1.0,0.0
cs,258,2000,2003,3,0.395568,0.604432
cs,258,2000,2006,6,0.395568,0.604432
cs,258,2000,2007,7,0.395568,0.604432
cs,258,2000,2008,8,0.395568,0.604432
cs,258,2000,2009,9,0.395568,0.604432
cs,258,2000,2010,10,0.395568,0.604432
cs,258,2000,2011,11,0.395568,0.604432
cs,258,2000,2012,12,0.395568,0.604432
cs,258,2000,2013,13,0.295568,0.704432
cs,258,2000,2014,14,0.295568,0.704432
cs,258,2000,2015,15,0.295568,0.704432
cs,258,2000,2016,16,0.294094,0.705906
cs,258,2000,2017,17,0.395568,0.604432
cs,258,2000,2018,18,0.395568,0.604432
cs,258,2000,2019,19,0.395568,0.604432
cs,258,2000,2020,20,0.295568,0.704432
cs,258,2000,2022,22,0.223568,0.776432
cs,258,2000,2023,23,0.395568,0.604432
cs,258,2000,2024,24,0.395568,0.604432
cs,258,2000,2025,25,0.395568,0.604432
