subject,topic_id,baseline_year,year,years_elapsed,cosine_sim_to_baseline,drift_from_baseline
physics,0,2000,2000,0,1.0,0.0
physics,0,2000,2001,1,0.725819,0.274181
physics,0,2000,2002,2,0.678939,0.321061
physics,0,2000,2003,3,0.626201,0.373799
physics,0,2000,2004,4,0.469189,0.530811
physics,0,2000,2005,5,0.524672,0.475328
physics,0,2000,2006,6,0.612126,0.387874
physics,0,2000,2007,7,0.720705,0.279295
physics,0,2000,2008,8,0.688977,0.311023
physics,0,2000,2009,9,0.598752,0.401248
physics,0,2000,2010,10,0.619718,0.380282
physics,0,2000,2011,11,0.573384,0.426616
physics,0,2000,2012,12,0.580976,0.419024
physics,0,2000,2013,13,0.549972,0.450028
physics,0,2000,2014,14,0.580976,0.419024
physics,0,2000,2015,15,0.612126,0.387874
physics,0,2000,2016,16,0.55042,0.44958
physics,0,2000,2017,17,0.55042,0.44958
physics,0,2000,2018,18,0.55042,0.44958
physics,0,2000,2019,19,0.563542,0.436458
physics,0,2000,2020,20,0.53685,0.46315
physics,0,2000,2021,21,0.549972,0.450028
physics,0,2000,2022,22,0.557564,0.442436
physics,0,2000,2023,23,0.527008,0.472992
physics,0,2000,2024,24,0.53685,0.46315
physics,0,2000,2025,25,0.500917,0.499083
physics,1,2000,2000,0,1.0,0.0
physics,1,2000,2001,1,0.657654,0.342346
physics,1,2000,2002,2,0.505723,0.494277
physics,1,2000,2003,3,0.368568,0.631432
physics,1,2000,2004,4,0.368568,0.631432
physics,1,2000,2005,5,0.368568,0.631432
physics,1,2000,2006,6,0.368568,0.631432
physics,1,2000,2007,7,0.368568,0.631432
physics,1,2000,2008,8,0.368568,0.631432
physics,1,2000,2009,9,0.368568,0.631432
physics,1,2000,2010,10,0.368568,0.631432
physics,1,2000,2011,11,0.368568,0.631432
physics,1,2000,2012,12,0.368568,0.631432
physics,1,2000,2013,13,0.368568,0.631432
physics,1,2000,2014,14,0.368568,0.631432
physics,1,2000,2015,15,0.368568,0.631432
physics,1,2000,2016,16,0.368568,0.631432
physics,1,2000,2017,17,0.368568,0.631432
physics,1,2000,2018,18,0.368568,0.631432
physics,1,2000,2019,19,0.368568,0.631432
physics,1,2000,2020,20,0.368568,0.631432
physics,1,2000,2021,21,0.368568,0.631432
physics,1,2000,2022,22,0.368568,0.631432
physics,1,2000,2023,23,0.368568,0.631432
physics,1,2000,2024,24,0.368568,0.631432
physics,1,2000,2025,25,0.368568,0.631432
physics,2,2000,2000,0,1.0,0.0
physics,2,2000,2001,1,0.8035,0.1965
physics,2,2000,2002,2,0.751328,0.248672
physics,2,2000,2003,3,0.632975,0.367025
physics,2,2000,2004,4,0.594233,0.405767
physics,2,2000,2005,5,0.564137,0.435863
physics,2,2000,2006,6,0.602879,0.397121
physics,2,2000,2007,7,0.621233,0.378767
physics,2,2000,2008,8,0.621233,0.378767
physics,2,2000,2009,9,0.621233,0.378767
physics,2,2000,2010,10,0.621233,0.378767
physics,2,2000,2011,11,0.621233,0.378767
physics,2,2000,2012,12,0.621233,0.378767
physics,2,2000,2013,13,0.621233,0.378767
physics,2,2000,2014,14,0.607662,0.392338
physics,2,2000,2015,15,0.568641,0.431359
physics,2,2000,2016,16,0.613641,0.386359
physics,2,2000,2017,17,0.602879,0.397121
physics,2,2000,2018,18,0.702879,0.297121
physics,2,2000,2019,19,0.702879,0.297121
physics,2,2000,2020,20,0.702879,0.297121
physics,2,2000,2021,21,0.707662,0.292338
physics,2,2000,2022,22,0.721233,0.278767
physics,2,2000,2023,23,0.721233,0.278767
physics,2,2000,2024,24,0.664137,0.335863
physics,2,2000,2025,25,0.702879,0.297121
physics,3,2000,2000,0,1.0,0.0
physics,3,2000,2001,1,0.799184,0.200816
physics,3,2000,2002,2,0.674404,0.325596
physics,3,2000,2003,3,0.389086,0.610914
physics,3,2000,2004,4,0.651396,0.348604
physics,3,2000,2005,5,0.599532,0.400468
physics,3,2000,2006,6,0.599532,0.400468
physics,3,2000,2007,7,0.638274,0.361726
physics,3,2000,2008,8,0.630879,0.369121
physics,3,2000,2009,9,0.669621,0.330379
physics,3,2000,2010,10,0.680383,0.319617
physics,3,2000,2011,11,0.674404,0.325596
physics,3,2000,2012,12,0.674404,0.325596
physics,3,2000,2013,13,0.680383,0.319617
physics,3,2000,2014,14,0.680383,0.319617
physics,3,2000,2015,15,0.680383,0.319617
physics,3,2000,2016,16,0.662158,0.337842
physics,3,2000,2017,17,0.656179,0.343821
physics,3,2000,2018,18,0.656179,0.343821
physics,3,2000,2019,19,0.680383,0.319617
physics,3,2000,2020,20,0.674404,0.325596
physics,3,2000,2021,21,0.674404,0.325596
physics,3,2000,2022,22,0.680383,0.319617
physics,3,2000,2023,23,0.680383,0.319617
physics,3,2000,2024,24,0.674404,0.325596
physics,3,2000,2025,25,0.680383,0.319617
physics,4,2000,2000,0,1.0,0.0
physics,4,2000,2002,2,0.0,1.0
physics,4,2000,2003,3,0.0,1.0
physics,4,2000,2004,4,0.0,1.0
physics,4,2000,2005,5,0.043525,0.956475
physics,4,2000,2007,7,0.0,1.0
physics,4,2000,2009,9,0.098284,0.901716
physics,4,2000,2010,10,0.098284,0.901716
physics,4,2000,2011,11,0.098284,0.901716
physics,4,2000,2012,12,0.15538,0.84462
physics,4,2000,2013,13,0.141809,0.858191
physics,4,2000,2014,14,0.098284,0.901716
physics,4,2000,2015,15,0.098284,0.901716
physics,4,2000,2016,16,0.098284,0.901716
physics,4,2000,2017,17,0.137026,0.862974
physics,4,2000,2018,18,0.137026,0.862974
physics,4,2000,2019,19,0.098284,0.901716
physics,4,2000,2020,20,0.098284,0.901716
physics,4,2000,2021,21,0.098284,0.901716
physics,4,2000,2022,22,0.098284,0.901716
physics,4,2000,2023,23,0.137026,0.862974
physics,4,2000,2024,24,0.098284,0.901716
physics,4,2000,2025,25,0.098284,0.901716
physics,5,2000,2000,0,1.0,0.0
physics,5,2000,2001,1,0.726244,0.273756
physics,5,2000,2002,2,0.637623,0.362377
physics,5,2000,2003,3,0.575789,0.424211
physics,5,2000,2004,4,0.461597,0.538403
physics,5,2000,2005,5,0.500339,0.499661
physics,5,2000,2006,6,0.461597,0.538403
physics,5,2000,2007,7,0.443372,0.556628
physics,5,2000,2008,8,0.402055,0.597945
physics,5,2000,2009,9,0.363313,0.636687
physics,5,2000,2010,10,0.402055,0.597945
physics,5,2000,2011,11,0.363313,0.636687
physics,5,2000,2012,12,0.363313,0.636687
physics,5,2000,2013,13,0.363313,0.636687
physics,5,2000,2014,14,0.402055,0.597945
physics,5,2000,2015,15,0.363313,0.636687
physics,5,2000,2016,16,0.406838,0.593162
physics,5,2000,2017,17,0.402055,0.597945
physics,5,2000,2018,18,0.420409,0.579591
physics,5,2000,2019,19,0.402055,0.597945
physics,5,2000,2020,20,0.363313,0.636687
physics,5,2000,2021,21,0.363313,0.636687
physics,5,2000,2022,22,0.363313,0.636687
physics,5,2000,2023,23,0.363313,0.636687
physics,5,2000,2024,24,0.363313,0.636687
physics,5,2000,2025,25,0.363313,0.636687
physics,6,2000,2000,0,1.0,0.0
physics,6,2000,2001,1,0.098284,0.901716
physics,6,2000,2002,2,0.049504,0.950496
physics,6,2000,2003,3,0.095838,0.904162
physics,6,2000,2004,4,0.038742,0.961258
physics,6,2000,2005,5,0.0,1.0
physics,6,2000,2006,6,0.0,1.0
physics,6,2000,2007,7,0.057096,0.942904
physics,6,2000,2008,8,0.049504,0.950496
physics,6,2000,2009,9,0.057096,0.942904
physics,6,2000,2010,10,0.038742,0.961258
physics,6,2000,2011,11,0.057096,0.942904
physics,6,2000,2012,12,0.098284,0.901716
physics,6,2000,2013,13,0.080059,0.919941
physics,6,2000,2014,14,0.066937,0.933063
physics,6,2000,2015,15,0.066937,0.933063
physics,6,2000,2016,16,0.057096,0.942904
physics,6,2000,2017,17,0.066937,0.933063
physics,6,2000,2018,18,0.066937,0.933063
physics,6,2000,2019,19,0.066937,0.933063
physics,6,2000,2020,20,0.066937,0.933063
physics,6,2000,2021,21,0.080059,0.919941
physics,6,2000,2022,22,0.080059,0.919941
physics,6,2000,2023,23,0.057096,0.942904
physics,6,2000,2024,24,0.066937,0.933063
physics,6,2000,2025,25,0.066937,0.933063
physics,7,2000,2000,0,1.0,0.0
physics,7,2000,2001,1,0.781214,0.218786
physics,7,2000,2002,2,0.309647,0.690353
physics,7,2000,2003,3,0.198708,0.801292
physics,7,2000,2004,4,0.123584,0.876416
physics,7,2000,2005,5,0.100621,0.899379
physics,7,2000,2006,6,0.100621,0.899379
physics,7,2000,2007,7,0.082267,0.917733
physics,7,2000,2008,8,0.08705,0.91295
physics,7,2000,2009,9,0.043525,0.956475
physics,7,2000,2010,10,0.082267,0.917733
physics,7,2000,2011,11,0.043525,0.956475
physics,7,2000,2012,12,0.043525,0.956475
physics,7,2000,2013,13,0.043525,0.956475
physics,7,2000,2014,14,0.043525,0.956475
physics,7,2000,2015,15,0.043525,0.956475
physics,7,2000,2016,16,0.043525,0.956475
physics,7,2000,2017,17,0.08705,0.91295
physics,7,2000,2018,18,0.043525,0.956475
physics,7,2000,2019,19,0.043525,0.956475
physics,7,2000,2020,20,0.043525,0.956475
physics,7,2000,2021,21,0.043525,0.956475
physics,7,2000,2022,22,0.043525,0.956475
physics,7,2000,2023,23,0.043525,0.956475
physics,7,2000,2024,24,0.043525,0.956475
physics,7,2000,2025,25,0.043525,0.956475
physics,8,2000,2000,0,1.0,0.0
physics,8,2000,2001,1,0.845989,0.154011
physics,8,2000,2002,2,0.764253,0.235747
physics,8,2000,2003,3,0.720481,0.279519
physics,8,2000,2004,4,0.716893,0.283107
physics,8,2000,2005,5,0.649956,0.350044
physics,8,2000,2006,6,0.59286,0.40714
physics,8,2000,2007,7,0.631602,0.368398
physics,8,2000,2008,8,0.618609,0.381391
physics,8,2000,2009,9,0.625752,0.374248
physics,8,2000,2010,10,0.631731,0.368269
physics,8,2000,2011,11,0.595197,0.404803
physics,8,2000,2012,12,0.662134,0.337866
physics,8,2000,2013,13,0.732223,0.267777
physics,8,2000,2014,14,0.694389,0.305611
physics,8,2000,2015,15,0.69629,0.30371
physics,8,2000,2016,16,0.676956,0.323044
physics,8,2000,2017,17,0.676956,0.323044
physics,8,2000,2018,18,0.715698,0.284302
physics,8,2000,2019,19,0.728073,0.271927
physics,8,2000,2020,20,0.600452,0.399548
physics,8,2000,2021,21,0.620969,0.379031
physics,8,2000,2022,22,0.688698,0.311302
physics,8,2000,2023,23,0.728073,0.271927
physics,8,2000,2024,24,0.706131,0.293869
physics,8,2000,2025,25,0.737607,0.262393
physics,9,2000,2000,0,1.0,0.0
physics,9,2000,2001,1,0.229264,0.770736
physics,9,2000,2003,3,0.0,1.0
physics,9,2000,2004,4,0.0,1.0
physics,9,2000,2005,5,0.038742,0.961258
physics,9,2000,2006,6,0.057096,0.942904
physics,9,2000,2007,7,0.057096,0.942904
physics,9,2000,2008,8,0.038742,0.961258
physics,9,2000,2009,9,0.043525,0.956475
physics,9,2000,2010,10,0.080059,0.919941
physics,9,2000,2011,11,0.066937,0.933063
physics,9,2000,2012,12,0.080059,0.919941
physics,9,2000,2013,13,0.080059,0.919941
physics,9,2000,2014,14,0.080059,0.919941
physics,9,2000,2015,15,0.080059,0.919941
physics,9,2000,2016,16,0.080059,0.919941
physics,9,2000,2017,17,0.080059,0.919941
physics,9,2000,2018,18,0.080059,0.919941
physics,9,2000,2019,19,0.080059,0.919941
physics,9,2000,2020,20,0.080059,0.919941
physics,9,2000,2021,21,0.080059,0.919941
physics,9,2000,2022,22,0.080059,0.919941
physics,9,2000,2023,23,0.080059,0.919941
physics,9,2000,2024,24,0.080059,0.919941
physics,9,2000,2025,25,0.080059,0.919941
physics,10,2000,2000,0,1.0,0.0
physics,10,2000,2001,1,0.556308,0.443692
physics,10,2000,2002,2,0.440181,0.559819
physics,10,2000,2003,3,0.498186,0.501814
physics,10,2000,2004,4,0.475222,0.524778
physics,10,2000,2005,5,0.556308,0.443692
physics,10,2000,2006,6,0.533344,0.466656
physics,10,2000,2007,7,0.476248,0.523752
physics,10,2000,2008,8,0.514991,0.485009
physics,10,2000,2009,9,0.514991,0.485009
physics,10,2000,2010,10,0.455227,0.544773
physics,10,2000,2011,11,0.444594,0.555406
physics,10,2000,2012,12,0.465069,0.534931
physics,10,2000,2013,13,0.499661,0.500339
physics,10,2000,2014,14,0.492069,0.507931
physics,10,2000,2015,15,0.430895,0.569105
physics,10,2000,2016,16,0.417819,0.582181
physics,10,2000,2017,17,0.410227,0.589773
physics,10,2000,2018,18,0.431248,0.568752
physics,10,2000,2019,19,0.420069,0.579931
physics,10,2000,2020,20,0.437227,0.562773
physics,10,2000,2021,21,0.426466,0.573534
physics,10,2000,2022,22,0.387723,0.612277
physics,10,2000,2023,23,0.483561,0.516439
physics,10,2000,2024,24,0.493403,0.506597
physics,10,2000,2025,25,0.483561,0.516439
physics,11,2000,2000,0,1.0,0.0
physics,11,2000,2001,1,0.715653,0.284347
physics,11,2000,2002,2,0.592069,0.407931
physics,11,2000,2003,3,0.502443,0.497557
physics,11,2000,2004,4,0.484218,0.515782
physics,11,2000,2005,5,0.485009,0.514991
physics,11,2000,2006,6,0.510309,0.489691
physics,11,2000,2007,7,0.484218,0.515782
physics,11,2000,2008,8,0.484218,0.515782
physics,11,2000,2009,9,0.360806,0.639194
physics,11,2000,2010,10,0.33025,0.66975
physics,11,2000,2011,11,0.361254,0.638746
physics,11,2000,2012,12,0.342901,0.657099
physics,11,2000,2013,13,0.347684,0.652316
physics,11,2000,2014,14,0.447684,0.552316
physics,11,2000,2015,15,0.447684,0.552316
physics,11,2000,2016,16,0.342901,0.657099
physics,11,2000,2017,17,0.433059,0.566941
physics,11,2000,2018,18,0.342901,0.657099
physics,11,2000,2019,19,0.325467,0.674533
physics,11,2000,2020,20,0.319489,0.680511
physics,11,2000,2021,21,0.325467,0.674533
physics,11,2000,2022,22,0.325467,0.674533
physics,11,2000,2023,23,0.333059,0.666941
physics,11,2000,2024,24,0.333059,0.666941
physics,11,2000,2025,25,0.342901,0.657099
physics,12,2000,2000,0,1.0,0.0
physics,12,2000,2003,3,0.0,1.0
physics,12,2000,2005,5,0.0,1.0
physics,12,2000,2006,6,0.0,1.0
physics,12,2000,2007,7,0.0,1.0
physics,12,2000,2008,8,0.0,1.0
physics,12,2000,2009,9,0.0,1.0
physics,12,2000,2010,10,0.0,1.0
physics,12,2000,2014,14,0.0,1.0
physics,12,2000,2015,15,0.0,1.0
physics,12,2000,2016,16,0.0,1.0
physics,12,2000,2017,17,0.0,1.0
physics,12,2000,2018,18,0.0,1.0
physics,12,2000,2019,19,0.0,1.0
physics,12,2000,2020,20,0.0,1.0
physics,12,2000,2021,21,0.0,1.0
physics,12,2000,2022,22,0.0,1.0
physics,12,2000,2023,23,0.0,1.0
physics,12,2000,2024,24,0.0,1.0
physics,12,2000,2025,25,0.0,1.0
physics,13,2000,2000,0,1.0,0.0
physics,13,2000,2001,1,0.875176,0.124824
physics,13,2000,2002,2,0.733411,0.266589
physics,13,2000,2003,3,0.770736,0.229264
physics,13,2000,2004,4,0.739389,0.260611
physics,13,2000,2005,5,0.777683,0.222317
physics,13,2000,2006,6,0.711194,0.288806
physics,13,2000,2007,7,0.711194,0.288806
physics,13,2000,2008,8,0.611194,0.388806
physics,13,2000,2009,9,0.611194,0.388806
physics,13,2000,2010,10,0.711194,0.288806
physics,13,2000,2011,11,0.672452,0.327548
physics,13,2000,2012,12,0.711194,0.288806
physics,13,2000,2013,13,0.703602,0.296398
physics,13,2000,2014,14,0.703602,0.296398
physics,13,2000,2015,15,0.711194,0.288806
physics,13,2000,2016,16,0.684194,0.315806
physics,13,2000,2017,17,0.703602,0.296398
physics,13,2000,2018,18,0.603602,0.396398
physics,13,2000,2019,19,0.697624,0.302376
physics,13,2000,2020,20,0.684194,0.315806
physics,13,2000,2021,21,0.676602,0.323398
physics,13,2000,2022,22,0.665841,0.334159
physics,13,2000,2023,23,0.692841,0.307159
physics,13,2000,2024,24,0.684194,0.315806
physics,13,2000,2025,25,0.684194,0.315806
physics,14,2000,2000,0,1.0,0.0
physics,14,2000,2001,1,0.612166,0.387834
physics,14,2000,2002,2,0.129563,0.870437
physics,14,2000,2003,3,0.125284,0.874716
physics,14,2000,2004,4,0.125284,0.874716
physics,14,2000,2005,5,0.192221,0.807779
physics,14,2000,2006,6,0.190522,0.809478
physics,14,2000,2007,7,0.118801,0.881199
physics,14,2000,2008,8,0.098284,0.901716
physics,14,2000,2009,9,0.098284,0.901716
physics,14,2000,2010,10,0.098284,0.901716
physics,14,2000,2011,11,0.098284,0.901716
physics,14,2000,2012,12,0.147788,0.852212
physics,14,2000,2013,13,0.174788,0.825212
physics,14,2000,2014,14,0.178343,0.821657
physics,14,2000,2015,15,0.221869,0.778131
physics,14,2000,2016,16,0.175897,0.824103
physics,14,2000,2017,17,0.162775,0.837225
physics,14,2000,2018,18,0.190522,0.809478
physics,14,2000,2019,19,0.18068,0.81932
physics,14,2000,2020,20,0.219422,0.780578
physics,14,2000,2021,21,0.190522,0.809478
physics,14,2000,2022,22,0.229264,0.770736
physics,14,2000,2023,23,0.247489,0.752511
physics,14,2000,2024,24,0.274489,0.725511
physics,14,2000,2025,25,0.190522,0.809478
physics,15,2000,2000,0,1.0,0.0
physics,15,2000,2001,1,0.383814,0.616186
physics,15,2000,2002,2,0.173088,0.826912
physics,15,2000,2003,3,0.106599,0.893401
physics,15,2000,2004,4,0.057096,0.942904
physics,15,2000,2005,5,0.057096,0.942904
physics,15,2000,2006,6,0.159966,0.840034
physics,15,2000,2007,7,0.15538,0.84462
physics,15,2000,2008,8,0.137026,0.862974
physics,15,2000,2009,9,0.066937,0.933063
physics,15,2000,2010,10,0.088246,0.911754
physics,15,2000,2011,11,0.105679,0.894321
physics,15,2000,2012,12,0.100621,0.899379
physics,15,2000,2013,13,0.066937,0.933063
physics,15,2000,2014,14,0.066937,0.933063
physics,15,2000,2015,15,0.066937,0.933063
physics,15,2000,2016,16,0.080059,0.919941
physics,15,2000,2017,17,0.066937,0.933063
physics,15,2000,2018,18,0.080059,0.919941
physics,15,2000,2019,19,0.116441,0.883559
physics,15,2000,2020,20,0.105679,0.894321
physics,15,2000,2021,21,0.066937,0.933063
physics,15,2000,2022,22,0.080059,0.919941
physics,15,2000,2023,23,0.123584,0.876416
physics,15,2000,2024,24,0.080059,0.919941
physics,15,2000,2025,25,0.080059,0.919941
physics,16,2000,2000,0,1.0,0.0
physics,16,2000,2001,1,0.702879,0.297121
physics,16,2000,2002,2,0.392601,0.607399
physics,16,2000,2003,3,0.080059,0.919941
physics,16,2000,2005,5,0.080059,0.919941
physics,16,2000,2006,6,0.137026,0.862974
physics,16,2000,2007,7,0.15538,0.84462
physics,16,2000,2008,8,0.268568,0.731432
physics,16,2000,2009,9,0.237221,0.762779
physics,16,2000,2010,10,0.22738,0.77262
physics,16,2000,2011,11,0.174788,0.825212
physics,16,2000,2012,12,0.165221,0.834779
physics,16,2000,2013,13,0.178343,0.821657
physics,16,2000,2014,14,0.196568,0.803432
physics,16,2000,2015,15,0.165221,0.834779
physics,16,2000,2016,16,0.178343,0.821657
physics,16,2000,2017,17,0.223568,0.776432
physics,16,2000,2018,18,0.196568,0.803432
physics,16,2000,2019,19,0.196568,0.803432
physics,16,2000,2020,20,0.178343,0.821657
physics,16,2000,2021,21,0.178343,0.821657
physics,16,2000,2022,22,0.178343,0.821657
physics,16,2000,2023,23,0.165221,0.834779
physics,16,2000,2024,24,0.15538,0.84462
physics,16,2000,2025,25,0.178343,0.821657
physics,17,2000,2000,0,1.0,0.0
physics,17,2000,2001,1,0.837674,0.162326
physics,17,2000,2002,2,0.456943,0.543057
physics,17,2000,2003,3,0.098284,0.901716
physics,17,2000,2004,4,0.057096,0.942904
physics,17,2000,2005,5,0.049504,0.950496
physics,17,2000,2006,6,0.043525,0.956475
physics,17,2000,2007,7,0.038742,0.961258
physics,17,2000,2008,8,0.0,1.0
physics,17,2000,2009,9,0.038742,0.961258
physics,17,2000,2010,10,0.0,1.0
physics,17,2000,2011,11,0.0,1.0
physics,17,2000,2012,12,0.0,1.0
physics,17,2000,2013,13,0.043525,0.956475
physics,17,2000,2014,14,0.057096,0.942904
physics,17,2000,2015,15,0.095838,0.904162
physics,17,2000,2016,16,0.095838,0.904162
physics,17,2000,2017,17,0.057096,0.942904
physics,17,2000,2018,18,0.057096,0.942904
physics,17,2000,2019,19,0.049504,0.950496
physics,17,2000,2020,20,0.043525,0.956475
physics,17,2000,2021,21,0.043525,0.956475
physics,17,2000,2022,22,0.049504,0.950496
physics,17,2000,2023,23,0.049504,0.950496
physics,17,2000,2024,24,0.0,1.0
physics,17,2000,2025,25,0.038742,0.961258
physics,18,2000,2000,0,1.0,0.0
physics,18,2000,2001,1,0.432595,0.567405
physics,18,2000,2002,2,0.249317,0.750683
physics,18,2000,2004,4,0.168809,0.831191
physics,18,2000,2005,5,0.125284,0.874716
physics,18,2000,2006,6,0.125284,0.874716
physics,18,2000,2007,7,0.098284,0.901716
physics,18,2000,2008,8,0.125284,0.874716
physics,18,2000,2010,10,0.174788,0.825212
physics,18,2000,2011,11,0.174788,0.825212
physics,18,2000,2012,12,0.125284,0.874716
physics,18,2000,2013,13,0.125284,0.874716
physics,18,2000,2014,14,0.125284,0.874716
physics,18,2000,2015,15,0.125284,0.874716
physics,18,2000,2016,16,0.125284,0.874716
physics,18,2000,2017,17,0.125284,0.874716
physics,18,2000,2018,18,0.125284,0.874716
physics,18,2000,2019,19,0.125284,0.874716
physics,18,2000,2020,20,0.125284,0.874716
physics,18,2000,2021,21,0.125284,0.874716
physics,18,2000,2022,22,0.125284,0.874716
physics,18,2000,2023,23,0.125284,0.874716
physics,18,2000,2024,24,0.125284,0.874716
physics,18,2000,2025,25,0.125284,0.874716
physics,19,2000,2000,0,1.0,0.0
physics,19,2000,2001,1,0.656823,0.343177
physics,19,2000,2002,2,0.530811,0.469189
physics,19,2000,2003,3,0.499661,0.500339
physics,19,2000,2004,4,0.492069,0.507931
physics,19,2000,2005,5,0.499661,0.500339
physics,19,2000,2006,6,0.492069,0.507931
physics,19,2000,2007,7,0.478947,0.521053
physics,19,2000,2008,8,0.450752,0.549248
physics,19,2000,2009,9,0.458344,0.541656
physics,19,2000,2010,10,0.429443,0.570557
physics,19,2000,2011,11,0.458344,0.541656
physics,19,2000,2012,12,0.469105,0.530895
physics,19,2000,2013,13,0.478947,0.521053
physics,19,2000,2014,14,0.442565,0.557435
physics,19,2000,2015,15,0.481307,0.518693
physics,19,2000,2016,16,0.442565,0.557435
physics,19,2000,2017,17,0.442565,0.557435
physics,19,2000,2018,18,0.429443,0.570557
physics,19,2000,2019,19,0.442565,0.557435
physics,19,2000,2020,20,0.442565,0.557435
physics,19,2000,2021,21,0.442565,0.557435
physics,19,2000,2022,22,0.442565,0.557435
physics,19,2000,2023,23,0.442565,0.557435
physics,19,2000,2024,24,0.442565,0.557435
physics,19,2000,2025,25,0.442565,0.557435
physics,20,2000,2000,0,1.0,0.0
physics,20,2000,2001,1,0.788893,0.211107
physics,20,2000,2002,2,0.626201,0.373799
physics,20,2000,2003,3,0.629435,0.370565
physics,20,2000,2004,4,0.643006,0.356994
physics,20,2000,2005,5,0.58591,0.41409
physics,20,2000,2006,6,0.596672,0.403328
physics,20,2000,2007,7,0.646869,0.353131
physics,20,2000,2008,8,0.621697,0.378303
physics,20,2000,2009,9,0.709943,0.290057
physics,20,2000,2010,10,0.704711,0.295289
physics,20,2000,2011,11,0.675769,0.324231
physics,20,2000,2012,12,0.642086,0.357914
physics,20,2000,2013,13,0.639473,0.360527
physics,20,2000,2014,14,0.639473,0.360527
physics,20,2000,2015,15,0.711194,0.288806
physics,20,2000,2016,16,0.672452,0.327548
physics,20,2000,2017,17,0.666473,0.333527
physics,20,2000,2018,18,0.666473,0.333527
physics,20,2000,2019,19,0.684194,0.315806
physics,20,2000,2020,20,0.678216,0.321784
physics,20,2000,2021,21,0.639473,0.360527
physics,20,2000,2022,22,0.639473,0.360527
physics,20,2000,2023,23,0.666473,0.333527
physics,20,2000,2024,24,0.672452,0.327548
physics,20,2000,2025,25,0.689886,0.310114
physics,21,2000,2000,0,1.0,0.0
physics,21,2000,2001,1,0.633878,0.366122
physics,21,2000,2002,2,0.530811,0.469189
physics,21,2000,2003,3,0.442565,0.557435
physics,21,2000,2004,4,0.425131,0.574869
physics,21,2000,2005,5,0.442565,0.557435
physics,21,2000,2006,6,0.442565,0.557435
physics,21,2000,2007,7,0.415565,0.584435
physics,21,2000,2008,8,0.384218,0.615782
physics,21,2000,2009,9,0.415565,0.584435
physics,21,2000,2010,10,0.415565,0.584435
physics,21,2000,2011,11,0.442565,0.557435
physics,21,2000,2012,12,0.415565,0.584435
physics,21,2000,2013,13,0.415565,0.584435
physics,21,2000,2014,14,0.415565,0.584435
physics,21,2000,2015,15,0.442565,0.557435
physics,21,2000,2016,16,0.442565,0.557435
physics,21,2000,2017,17,0.442565,0.557435
physics,21,2000,2018,18,0.415565,0.584435
physics,21,2000,2019,19,0.442565,0.557435
physics,21,2000,2020,20,0.415565,0.584435
physics,21,2000,2021,21,0.415565,0.584435
physics,21,2000,2022,22,0.442565,0.557435
physics,21,2000,2023,23,0.442565,0.557435
physics,21,2000,2024,24,0.39734,0.60266
physics,21,2000,2025,25,0.415565,0.584435
physics,22,2000,2000,0,1.0,0.0
physics,22,2000,2001,1,0.597816,0.402184
physics,22,2000,2002,2,0.517886,0.482114
physics,22,2000,2003,3,0.46079,0.53921
physics,22,2000,2004,4,0.442565,0.557435
physics,22,2000,2005,5,0.429443,0.570557
physics,22,2000,2006,6,0.429443,0.570557
physics,22,2000,2007,7,0.406031,0.593969
physics,22,2000,2008,8,0.429443,0.570557
physics,22,2000,2009,9,0.450948,0.549052
physics,22,2000,2010,10,0.46079,0.53921
physics,22,2000,2011,11,0.46079,0.53921
physics,22,2000,2012,12,0.46079,0.53921
physics,22,2000,2013,13,0.442565,0.557435
physics,22,2000,2014,14,0.442565,0.557435
physics,22,2000,2015,15,0.442565,0.557435
physics,22,2000,2016,16,0.429443,0.570557
physics,22,2000,2017,17,0.442565,0.557435
physics,22,2000,2018,18,0.442565,0.557435
physics,22,2000,2019,19,0.442565,0.557435
physics,22,2000,2020,20,0.442565,0.557435
physics,22,2000,2021,21,0.429443,0.570557
physics,22,2000,2022,22,0.442565,0.557435
physics,22,2000,2023,23,0.442565,0.557435
physics,22,2000,2024,24,0.442565,0.557435
physics,22,2000,2025,25,0.442565,0.557435
physics,23,2000,2000,0,1.0,0.0
physics,23,2000,2001,1,0.694036,0.305964
physics,23,2000,2002,2,0.616337,0.383663
physics,23,2000,2003,3,0.616337,0.383663
physics,23,2000,2004,4,0.60579,0.39421
physics,23,2000,2005,5,0.616337,0.383663
physics,23,2000,2006,6,0.627099,0.372901
physics,23,2000,2007,7,0.688057,0.311943
physics,23,2000,2008,8,0.62112,0.37888
physics,23,2000,2009,9,0.62112,0.37888
physics,23,2000,2010,10,0.58499,0.41501
physics,23,2000,2011,11,0.575148,0.424852
physics,23,2000,2012,12,0.55937,0.44063
physics,23,2000,2013,13,0.616337,0.383663
physics,23,2000,2014,14,0.616337,0.383663
physics,23,2000,2015,15,0.62112,0.37888
physics,23,2000,2016,16,0.616337,0.383663
physics,23,2000,2017,17,0.616337,0.383663
physics,23,2000,2018,18,0.616337,0.383663
physics,23,2000,2019,19,0.616337,0.383663
physics,23,2000,2020,20,0.616337,0.383663
physics,23,2000,2021,21,0.616337,0.383663
physics,23,2000,2022,22,0.616337,0.383663
physics,23,2000,2023,23,0.616337,0.383663
physics,23,2000,2024,24,0.616337,0.383663
physics,23,2000,2025,25,0.616337,0.383663
physics,24,2000,2000,0,1.0,0.0
physics,24,2000,2001,1,0.837588,0.162412
physics,24,2000,2002,2,0.727719,0.272281
physics,24,2000,2003,3,0.50976,0.49024
physics,24,2000,2004,4,0.497664,0.502336
physics,24,2000,2005,5,0.497664,0.502336
physics,24,2000,2006,6,0.497664,0.502336
physics,24,2000,2007,7,0.497664,0.502336
physics,24,2000,2008,8,0.497664,0.502336
physics,24,2000,2009,9,0.490072,0.509928
physics,24,2000,2010,10,0.445072,0.554928
physics,24,2000,2011,11,0.497664,0.502336
physics,24,2000,2012,12,0.497664,0.502336
physics,24,2000,2013,13,0.452664,0.547336
physics,24,2000,2014,14,0.452664,0.547336
physics,24,2000,2015,15,0.452664,0.547336
physics,24,2000,2016,16,0.497664,0.502336
physics,24,2000,2017,17,0.452664,0.547336
physics,24,2000,2018,18,0.452664,0.547336
physics,24,2000,2019,19,0.452664,0.547336
physics,24,2000,2020,20,0.452664,0.547336
physics,24,2000,2021,21,0.452664,0.547336
physics,24,2000,2022,22,0.497664,0.502336
physics,24,2000,2023,23,0.497664,0.502336
physics,24,2000,2024,24,0.497664,0.502336
physics,24,2000,2025,25,0.497664,0.502336
physics,25,2000,2000,0,1.0,0.0
physics,25,2000,2001,1,0.885658,0.114342
physics,25,2000,2002,2,0.856716,0.143284
physics,25,2000,2003,3,0.751933,0.248067
physics,25,2000,2004,4,0.726313,0.273687
physics,25,2000,2005,5,0.676809,0.323191
physics,25,2000,2006,6,0.707212,0.292788
physics,25,2000,2007,7,0.684996,0.315004
physics,25,2000,2008,8,0.702429,0.297571
physics,25,2000,2009,9,0.663687,0.336313
physics,25,2000,2010,10,0.713191,0.286809
physics,25,2000,2011,11,0.697371,0.302629
physics,25,2000,2012,12,0.697371,0.302629
physics,25,2000,2013,13,0.692588,0.307412
physics,25,2000,2014,14,0.742091,0.257909
physics,25,2000,2015,15,0.746874,0.253126
physics,25,2000,2016,16,0.715091,0.284909
physics,25,2000,2017,17,0.709113,0.290887
physics,25,2000,2018,18,0.736113,0.263887
physics,25,2000,2019,19,0.697371,0.302629
physics,25,2000,2020,20,0.707212,0.292788
physics,25,2000,2021,21,0.713191,0.286809
physics,25,2000,2022,22,0.686191,0.313809
physics,25,2000,2023,23,0.675429,0.324571
physics,25,2000,2024,24,0.591687,0.408313
physics,25,2000,2025,25,0.636687,0.363313
physics,26,2001,2001,0,1.0,0.0
physics,26,2001,2002,1,0.614273,0.385727
physics,26,2001,2003,2,0.333527,0.666473
physics,26,2001,2004,3,0.165221,0.834779
physics,26,2001,2005,4,0.165221,0.834779
physics,26,2001,2006,5,0.165221,0.834779
physics,26,2001,2007,6,0.165221,0.834779
physics,26,2001,2008,7,0.165221,0.834779
physics,26,2001,2009,8,0.165221,0.834779
physics,26,2001,2010,9,0.165221,0.834779
physics,26,2001,2011,10,0.165221,0.834779
physics,26,2001,2012,11,0.165221,0.834779
physics,26,2001,2013,12,0.165221,0.834779
physics,26,2001,2014,13,0.165221,0.834779
physics,26,2001,2015,14,0.165221,0.834779
physics,26,2001,2016,15,0.165221,0.834779
physics,26,2001,2017,16,0.165221,0.834779
physics,26,2001,2018,17,0.165221,0.834779
physics,26,2001,2019,18,0.165221,0.834779
physics,26,2001,2020,19,0.165221,0.834779
physics,26,2001,2021,20,0.165221,0.834779
physics,26,2001,2022,21,0.165221,0.834779
physics,26,2001,2023,22,0.165221,0.834779
physics,26,2001,2024,23,0.165221,0.834779
physics,26,2001,2025,24,0.165221,0.834779
physics,27,2000,2000,0,1.0,0.0
physics,27,2000,2001,1,0.774095,0.225905
physics,27,2000,2002,2,0.81932,0.18068
physics,27,2000,2003,3,0.79232,0.20768
physics,27,2000,2004,4,0.852083,0.147917
physics,27,2000,2005,5,0.81932,0.18068
physics,27,2000,2006,6,0.782478,0.217522
physics,27,2000,2007,7,0.829866,0.170134
physics,27,2000,2008,8,0.742816,0.257184
physics,27,2000,2009,9,0.763333,0.236667
physics,27,2000,2010,10,0.736558,0.263442
physics,27,2000,2011,11,0.74732,0.25268
physics,27,2000,2012,12,0.697816,0.302184
physics,27,2000,2013,13,0.781558,0.218442
physics,27,2000,2014,14,0.781558,0.218442
physics,27,2000,2015,15,0.741341,0.258659
physics,27,2000,2016,16,0.74732,0.25268
physics,27,2000,2017,17,0.774095,0.225905
physics,27,2000,2018,18,0.774095,0.225905
physics,27,2000,2019,19,0.774095,0.225905
physics,27,2000,2020,20,0.79232,0.20768
physics,27,2000,2021,21,0.729095,0.270905
physics,27,2000,2022,22,0.79232,0.20768
physics,27,2000,2023,23,0.741341,0.258659
physics,27,2000,2024,24,0.723116,0.276884
physics,27,2000,2025,25,0.79232,0.20768
physics,28,2000,2000,0,1.0,0.0
physics,28,2000,2001,1,0.553971,0.446029
physics,28,2000,2002,2,0.299847,0.700153
physics,28,2000,2003,3,0.250343,0.749657
physics,28,2000,2004,4,0.250343,0.749657
physics,28,2000,2005,5,0.250343,0.749657
physics,28,2000,2006,6,0.22738,0.77262
physics,28,2000,2007,7,0.250343,0.749657
physics,28,2000,2008,8,0.250343,0.749657
physics,28,2000,2009,9,0.250343,0.749657
physics,28,2000,2010,10,0.289086,0.710914
physics,28,2000,2011,11,0.250343,0.749657
physics,28,2000,2012,12,0.250343,0.749657
physics,28,2000,2013,13,0.250343,0.749657
physics,28,2000,2014,14,0.250343,0.749657
physics,28,2000,2015,15,0.250343,0.749657
physics,28,2000,2016,16,0.250343,0.749657
physics,28,2000,2017,17,0.250343,0.749657
physics,28,2000,2018,18,0.289086,0.710914
physics,28,2000,2019,19,0.250343,0.749657
physics,28,2000,2020,20,0.250343,0.749657
physics,28,2000,2021,21,0.250343,0.749657
physics,28,2000,2022,22,0.289086,0.710914
physics,28,2000,2023,23,0.299847,0.700153
physics,28,2000,2024,24,0.307439,0.692561
physics,28,2000,2025,25,0.289086,0.710914
physics,29,2000,2000,0,1.0,0.0
physics,29,2000,2001,1,0.808687,0.191313
physics,29,2000,2002,2,0.777852,0.222148
physics,29,2000,2003,3,0.786191,0.213809
physics,29,2000,2004,4,0.773069,0.226931
physics,29,2000,2005,5,0.759627,0.240373
physics,29,2000,2006,6,0.727844,0.272156
physics,29,2000,2007,7,0.727844,0.272156
physics,29,2000,2008,8,0.698668,0.301332
physics,29,2000,2009,9,0.685546,0.314454
physics,29,2000,2010,10,0.698668,0.301332
physics,29,2000,2011,11,0.747252,0.252748
physics,29,2000,2012,12,0.716102,0.283898
physics,29,2000,2013,13,0.716102,0.283898
physics,29,2000,2014,14,0.716102,0.283898
physics,29,2000,2015,15,0.710123,0.289877
physics,29,2000,2016,16,0.716102,0.283898
physics,29,2000,2017,17,0.747252,0.252748
physics,29,2000,2018,18,0.716102,0.283898
physics,29,2000,2019,19,0.754844,0.245156
physics,29,2000,2020,20,0.716102,0.283898
physics,29,2000,2021,21,0.716102,0.283898
physics,29,2000,2022,22,0.754844,0.245156
physics,29,2000,2023,23,0.754844,0.245156
physics,29,2000,2024,24,0.747252,0.252748
physics,29,2000,2025,25,0.754844,0.245156
physics,30,2000,2000,0,1.0,0.0
physics,30,2000,2001,1,0.752383,0.247617
physics,30,2000,2002,2,0.752383,0.247617
physics,30,2000,2003,3,0.634158,0.365842
physics,30,2000,2004,4,0.513377,0.486623
physics,30,2000,2005,5,0.482099,0.517901
physics,30,2000,2006,6,0.482099,0.517901
physics,30,2000,2007,7,0.570344,0.429656
physics,30,2000,2008,8,0.543344,0.456656
physics,30,2000,2009,9,0.571539,0.428461
physics,30,2000,2010,10,0.587778,0.412222
physics,30,2000,2011,11,0.539194,0.460806
physics,30,2000,2012,12,0.580383,0.419617
physics,30,2000,2013,13,0.543057,0.456943
physics,30,2000,2014,14,0.455099,0.544901
physics,30,2000,2015,15,0.482099,0.517901
physics,30,2000,2016,16,0.525624,0.474376
physics,30,2000,2017,17,0.525624,0.474376
physics,30,2000,2018,18,0.520841,0.479159
physics,30,2000,2019,19,0.493841,0.506159
physics,30,2000,2020,20,0.520841,0.479159
physics,30,2000,2021,21,0.539194,0.460806
physics,30,2000,2022,22,0.539194,0.460806
physics,30,2000,2023,23,0.575127,0.424873
physics,30,2000,2024,24,0.552119,0.447881
physics,30,2000,2025,25,0.513377,0.486623
physics,31,2000,2000,0,1.0,0.0
physics,31,2000,2001,1,0.452664,0.547336
physics,31,2000,2002,2,0.462506,0.537494
physics,31,2000,2003,3,0.395568,0.604432
physics,31,2000,2004,4,0.395568,0.604432
physics,31,2000,2005,5,0.395568,0.604432
physics,31,2000,2006,6,0.395568,0.604432
physics,31,2000,2007,7,0.395568,0.604432
physics,31,2000,2008,8,0.395568,0.604432
physics,31,2000,2009,9,0.439094,0.560906
physics,31,2000,2010,10,0.439094,0.560906
physics,31,2000,2011,11,0.439094,0.560906
physics,31,2000,2012,12,0.439094,0.560906
physics,31,2000,2013,13,0.439094,0.560906
physics,31,2000,2014,14,0.439094,0.560906
physics,31,2000,2015,15,0.439094,0.560906
physics,31,2000,2016,16,0.439094,0.560906
physics,31,2000,2017,17,0.439094,0.560906
physics,31,2000,2018,18,0.439094,0.560906
physics,31,2000,2019,19,0.439094,0.560906
physics,31,2000,2020,20,0.439094,0.560906
physics,31,2000,2021,21,0.439094,0.560906
physics,31,2000,2022,22,0.439094,0.560906
physics,31,2000,2023,23,0.439094,0.560906
physics,31,2000,2024,24,0.439094,0.560906
physics,31,2000,2025,25,0.439094,0.560906
physics,32,2000,2000,0,1.0,0.0
physics,32,2000,2001,1,0.789779,0.210221
physics,32,2000,2002,2,0.7009,0.2991
physics,32,2000,2003,3,0.690267,0.309733
physics,32,2000,2004,4,0.777683,0.222317
physics,32,2000,2005,5,0.708492,0.291508
physics,32,2000,2006,6,0.656179,0.343821
physics,32,2000,2007,7,0.633171,0.366829
physics,32,2000,2008,8,0.612654,0.387346
physics,32,2000,2009,9,0.638403,0.361597
physics,32,2000,2010,10,0.628561,0.371439
physics,32,2000,2011,11,0.610208,0.389792
physics,32,2000,2012,12,0.638403,0.361597
physics,32,2000,2013,13,0.695499,0.304501
physics,32,2000,2014,14,0.656756,0.343244
physics,32,2000,2015,15,0.708621,0.291379
physics,32,2000,2016,16,0.620969,0.379031
physics,32,2000,2017,17,0.651525,0.348475
physics,32,2000,2018,18,0.651525,0.348475
physics,32,2000,2019,19,0.690267,0.309733
physics,32,2000,2020,20,0.66975,0.33025
physics,32,2000,2021,21,0.66975,0.33025
physics,32,2000,2022,22,0.662158,0.337842
physics,32,2000,2023,23,0.66975,0.33025
physics,32,2000,2024,24,0.638403,0.361597
physics,32,2000,2025,25,0.713275,0.286725
physics,33,2002,2002,0,1.0,0.0
physics,33,2002,2003,1,0.474869,0.525131
physics,33,2002,2004,2,0.168809,0.831191
physics,33,2002,2005,3,0.038742,0.961258
physics,33,2002,2006,4,0.038742,0.961258
physics,33,2002,2007,5,0.0,1.0
physics,33,2002,2008,6,0.0,1.0
physics,33,2002,2009,7,0.0,1.0
physics,33,2002,2010,8,0.049504,0.950496
physics,33,2002,2011,9,0.0,1.0
physics,33,2002,2012,10,0.0,1.0
physics,33,2002,2013,11,0.038742,0.961258
physics,33,2002,2014,12,0.038742,0.961258
physics,33,2002,2015,13,0.0,1.0
physics,33,2002,2016,14,0.0,1.0
physics,33,2002,2017,15,0.0,1.0
physics,33,2002,2018,16,0.0,1.0
physics,33,2002,2019,17,0.0,1.0
physics,33,2002,2020,18,0.0,1.0
physics,33,2002,2021,19,0.0,1.0
physics,33,2002,2022,20,0.0,1.0
physics,33,2002,2023,21,0.038742,0.961258
physics,33,2002,2024,22,0.038742,0.961258
physics,33,2002,2025,23,0.038742,0.961258
physics,34,2000,2000,0,1.0,0.0
physics,34,2000,2001,1,0.261059,0.738941
physics,34,2000,2002,2,0.414506,0.585494
physics,34,2000,2003,3,0.235311,0.764689
physics,34,2000,2004,4,0.175897,0.824103
physics,34,2000,2005,5,0.316597,0.683403
physics,34,2000,2006,6,0.35234,0.64766
physics,34,2000,2007,7,0.21353,0.78647
physics,34,2000,2008,8,0.164026,0.835974
physics,34,2000,2009,9,0.249317,0.750683
physics,34,2000,2010,10,0.221122,0.778878
physics,34,2000,2011,11,0.272281,0.727719
physics,34,2000,2012,12,0.290506,0.709494
physics,34,2000,2013,13,0.303628,0.696372
physics,34,2000,2014,14,0.273072,0.726928
physics,34,2000,2015,15,0.290506,0.709494
physics,34,2000,2016,16,0.317506,0.682494
physics,34,2000,2017,17,0.307664,0.692336
physics,34,2000,2018,18,0.303628,0.696372
physics,34,2000,2019,19,0.330628,0.669372
physics,34,2000,2020,20,0.303628,0.696372
physics,34,2000,2021,21,0.280664,0.719336
physics,34,2000,2022,22,0.375628,0.624372
physics,34,2000,2023,23,0.362506,0.637494
physics,34,2000,2024,24,0.290506,0.709494
physics,34,2000,2025,25,0.272281,0.727719
physics,35,2000,2000,0,1.0,0.0
physics,35,2000,2001,1,0.412094,0.587906
physics,35,2000,2002,2,0.205343,0.794657
physics,35,2000,2003,3,0.174788,0.825212
physics,35,2000,2004,4,0.218313,0.781687
physics,35,2000,2005,5,0.218313,0.781687
physics,35,2000,2006,6,0.174788,0.825212
physics,35,2000,2007,7,0.174788,0.825212
physics,35,2000,2008,8,0.174788,0.825212
physics,35,2000,2009,9,0.174788,0.825212
physics,35,2000,2010,10,0.174788,0.825212
physics,35,2000,2011,11,0.174788,0.825212
physics,35,2000,2012,12,0.174788,0.825212
physics,35,2000,2013,13,0.21353,0.78647
physics,35,2000,2014,14,0.218313,0.781687
physics,35,2000,2015,15,0.174788,0.825212
physics,35,2000,2016,16,0.174788,0.825212
physics,35,2000,2017,17,0.174788,0.825212
physics,35,2000,2018,18,0.174788,0.825212
physics,35,2000,2019,19,0.174788,0.825212
physics,35,2000,2020,20,0.174788,0.825212
physics,35,2000,2021,21,0.174788,0.825212
physics,35,2000,2022,22,0.174788,0.825212
physics,35,2000,2023,23,0.174788,0.825212
physics,35,2000,2024,24,0.174788,0.825212
physics,35,2000,2025,25,0.174788,0.825212
physics,36,2000,2000,0,1.0,0.0
physics,36,2000,2001,1,0.690845,0.309155
physics,36,2000,2002,2,0.641341,0.358659
physics,36,2000,2003,3,0.636558,0.363442
physics,36,2000,2004,4,0.597816,0.402184
physics,36,2000,2005,5,0.584374,0.415626
physics,36,2000,2006,6,0.602599,0.397401
physics,36,2000,2007,7,0.641341,0.358659
physics,36,2000,2008,8,0.641341,0.358659
physics,36,2000,2009,9,0.641341,0.358659
physics,36,2000,2010,10,0.641341,0.358659
physics,36,2000,2011,11,0.584374,0.415626
physics,36,2000,2012,12,0.641341,0.358659
physics,36,2000,2013,13,0.641341,0.358659
physics,36,2000,2014,14,0.641341,0.358659
physics,36,2000,2015,15,0.602599,0.397401
physics,36,2000,2016,16,0.641341,0.358659
physics,36,2000,2017,17,0.602599,0.397401
physics,36,2000,2018,18,0.602599,0.397401
physics,36,2000,2019,19,0.602599,0.397401
physics,36,2000,2020,20,0.584374,0.415626
physics,36,2000,2021,21,0.623116,0.376884
physics,36,2000,2022,22,0.584374,0.415626
physics,36,2000,2023,23,0.602599,0.397401
physics,36,2000,2024,24,0.602599,0.397401
physics,36,2000,2025,25,0.602599,0.397401
physics,37,2000,2000,0,1.0,0.0
physics,37,2000,2001,1,0.307311,0.692689
physics,37,2000,2002,2,0.427743,0.572257
physics,37,2000,2003,3,0.427743,0.572257
physics,37,2000,2004,4,0.391209,0.608791
physics,37,2000,2005,5,0.347684,0.652316
physics,37,2000,2006,6,0.347684,0.652316
physics,37,2000,2007,7,0.360806,0.639194
physics,37,2000,2008,8,0.347684,0.652316
physics,37,2000,2009,9,0.347684,0.652316
physics,37,2000,2010,10,0.391209,0.608791
physics,37,2000,2011,11,0.347684,0.652316
physics,37,2000,2012,12,0.347684,0.652316
physics,37,2000,2013,13,0.347684,0.652316
physics,37,2000,2014,14,0.347684,0.652316
physics,37,2000,2015,15,0.347684,0.652316
physics,37,2000,2016,16,0.33025,0.66975
physics,37,2000,2017,17,0.324272,0.675728
physics,37,2000,2018,18,0.337842,0.662158
physics,37,2000,2019,19,0.33025,0.66975
physics,37,2000,2020,20,0.33025,0.66975
physics,37,2000,2021,21,0.33025,0.66975
physics,37,2000,2022,22,0.337842,0.662158
physics,37,2000,2023,23,0.337842,0.662158
physics,37,2000,2024,24,0.337842,0.662158
physics,37,2000,2025,25,0.337842,0.662158
physics,38,2000,2000,0,1.0,0.0
physics,38,2000,2001,1,0.786191,0.213809
physics,38,2000,2002,2,0.419153,0.580847
physics,38,2000,2003,3,0.280664,0.719336
physics,38,2000,2004,4,0.239476,0.760524
physics,38,2000,2005,5,0.352664,0.647336
physics,38,2000,2006,6,0.250568,0.749432
physics,38,2000,2007,7,0.250568,0.749432
physics,38,2000,2008,8,0.174788,0.825212
physics,38,2000,2009,9,0.192221,0.807779
physics,38,2000,2010,10,0.250568,0.749432
physics,38,2000,2011,11,0.205343,0.794657
physics,38,2000,2012,12,0.205343,0.794657
physics,38,2000,2013,13,0.18238,0.81762
physics,38,2000,2014,14,0.221122,0.778878
physics,38,2000,2015,15,0.300072,0.699928
physics,38,2000,2016,16,0.267094,0.732906
physics,38,2000,2017,17,0.223568,0.776432
physics,38,2000,2018,18,0.223568,0.776432
physics,38,2000,2019,19,0.223568,0.776432
physics,38,2000,2020,20,0.223568,0.776432
physics,38,2000,2021,21,0.223568,0.776432
physics,38,2000,2022,22,0.205343,0.794657
physics,38,2000,2023,23,0.223568,0.776432
physics,38,2000,2024,24,0.205343,0.794657
physics,38,2000,2025,25,0.192221,0.807779
physics,39,2000,2000,0,1.0,0.0
physics,39,2000,2001,1,0.710466,0.289534
physics,39,2000,2002,2,0.57612,0.42388
physics,39,2000,2003,3,0.452664,0.547336
physics,39,2000,2004,4,0.493853,0.506147
physics,39,2000,2005,5,0.493853,0.506147
physics,39,2000,2006,6,0.493853,0.506147
physics,39,2000,2007,7,0.493853,0.506147
physics,39,2000,2008,8,0.493853,0.506147
physics,39,2000,2009,9,0.493853,0.506147
physics,39,2000,2010,10,0.493853,0.506147
physics,39,2000,2011,11,0.493853,0.506147
physics,39,2000,2012,12,0.493853,0.506147
physics,39,2000,2013,13,0.493853,0.506147
physics,39,2000,2014,14,0.493853,0.506147
physics,39,2000,2015,15,0.493853,0.506147
physics,39,2000,2016,16,0.493853,0.506147
physics,39,2000,2017,17,0.493853,0.506147
physics,39,2000,2018,18,0.493853,0.506147
physics,39,2000,2019,19,0.493853,0.506147
physics,39,2000,2020,20,0.493853,0.506147
physics,39,2000,2021,21,0.493853,0.506147
physics,39,2000,2022,22,0.493853,0.506147
physics,39,2000,2023,23,0.493853,0.506147
physics,39,2000,2024,24,0.493853,0.506147
physics,39,2000,2025,25,0.493853,0.506147
physics,40,2000,2000,0,1.0,0.0
physics,40,2000,2001,1,0.847941,0.152059
physics,40,2000,2002,2,0.763974,0.236026
physics,40,2000,2003,3,0.826907,0.173093
physics,40,2000,2004,4,0.834499,0.165501
physics,40,2000,2005,5,0.789594,0.210406
physics,40,2000,2006,6,0.735755,0.264245
physics,40,2000,2007,7,0.727371,0.272629
physics,40,2000,2008,8,0.758718,0.241282
physics,40,2000,2009,9,0.745596,0.254404
physics,40,2000,2010,10,0.803943,0.196057
physics,40,2000,2011,11,0.803943,0.196057
physics,40,2000,2012,12,0.821377,0.178623
physics,40,2000,2013,13,0.821377,0.178623
physics,40,2000,2014,14,0.803943,0.196057
physics,40,2000,2015,15,0.776943,0.223057
physics,40,2000,2016,16,0.794102,0.205898
physics,40,2000,2017,17,0.776943,0.223057
physics,40,2000,2018,18,0.776943,0.223057
physics,40,2000,2019,19,0.794102,0.205898
physics,40,2000,2020,20,0.703943,0.296057
physics,40,2000,2021,21,0.703943,0.296057
physics,40,2000,2022,22,0.703943,0.296057
physics,40,2000,2023,23,0.803943,0.196057
physics,40,2000,2024,24,0.703943,0.296057
physics,40,2000,2025,25,0.676943,0.323057
physics,41,2000,2000,0,1.0,0.0
physics,41,2000,2001,1,0.654479,0.345521
physics,41,2000,2002,2,0.450836,0.549164
physics,41,2000,2003,3,0.407311,0.592689
physics,41,2000,2004,4,0.366122,0.633878
physics,41,2000,2005,5,0.366122,0.633878
physics,41,2000,2006,6,0.407311,0.592689
physics,41,2000,2007,7,0.415626,0.584374
physics,41,2000,2008,8,0.415626,0.584374
physics,41,2000,2009,9,0.396076,0.603924
physics,41,2000,2010,10,0.450836,0.549164
physics,41,2000,2011,11,0.450836,0.549164
physics,41,2000,2012,12,0.450836,0.549164
physics,41,2000,2013,13,0.450836,0.549164
physics,41,2000,2014,14,0.489578,0.510422
physics,41,2000,2015,15,0.450836,0.549164
physics,41,2000,2016,16,0.450836,0.549164
physics,41,2000,2017,17,0.450836,0.549164
physics,41,2000,2018,18,0.450836,0.549164
physics,41,2000,2019,19,0.450836,0.549164
physics,41,2000,2020,20,0.450836,0.549164
physics,41,2000,2021,21,0.450836,0.549164
physics,41,2000,2022,22,0.450836,0.549164
physics,41,2000,2023,23,0.446053,0.553947
physics,41,2000,2024,24,0.450836,0.549164
physics,41,2000,2025,25,0.450836,0.549164
physics,42,2000,2000,0,1.0,0.0
physics,42,2000,2001,1,0.829587,0.170413
physics,42,2000,2002,2,0.680383,0.319617
physics,42,2000,2003,3,0.625624,0.374376
physics,42,2000,2004,4,0.625624,0.374376
physics,42,2000,2005,5,0.639194,0.360806
physics,42,2000,2006,6,0.662158,0.337842
physics,42,2000,2007,7,0.631602,0.368398
physics,42,2000,2008,8,0.649036,0.350964
physics,42,2000,2009,9,0.631602,0.368398
physics,42,2000,2010,10,0.631602,0.368398
physics,42,2000,2011,11,0.623416,0.376584
physics,42,2000,2012,12,0.623416,0.376584
physics,42,2000,2013,13,0.672919,0.327081
physics,42,2000,2014,14,0.610294,0.389706
physics,42,2000,2015,15,0.623416,0.376584
physics,42,2000,2016,16,0.596416,0.403584
physics,42,2000,2017,17,0.596416,0.403584
physics,42,2000,2018,18,0.623416,0.376584
physics,42,2000,2019,19,0.623416,0.376584
physics,42,2000,2020,20,0.623416,0.376584
physics,42,2000,2021,21,0.662158,0.337842
physics,42,2000,2022,22,0.649036,0.350964
physics,42,2000,2023,23,0.649036,0.350964
physics,42,2000,2024,24,0.635158,0.364842
physics,42,2000,2025,25,0.600452,0.399548
physics,43,2000,2000,0,1.0,0.0
physics,43,2000,2001,1,0.368568,0.631432
physics,43,2000,2002,2,0.407311,0.592689
physics,43,2000,2003,3,0.270284,0.729716
physics,43,2000,2004,4,0.337221,0.662779
physics,43,2000,2005,5,0.337221,0.662779
physics,43,2000,2006,6,0.313809,0.686191
physics,43,2000,2007,7,0.337221,0.662779
physics,43,2000,2008,8,0.350343,0.649657
physics,43,2000,2009,9,0.337221,0.662779
physics,43,2000,2010,10,0.337221,0.662779
physics,43,2000,2011,11,0.337221,0.662779
physics,43,2000,2012,12,0.350343,0.649657
physics,43,2000,2013,13,0.32738,0.67262
physics,43,2000,2014,14,0.309026,0.690974
physics,43,2000,2015,15,0.309026,0.690974
physics,43,2000,2016,16,0.270284,0.729716
physics,43,2000,2017,17,0.270284,0.729716
physics,43,2000,2018,18,0.309026,0.690974
physics,43,2000,2019,19,0.270284,0.729716
physics,43,2000,2020,20,0.313809,0.686191
physics,43,2000,2021,21,0.309026,0.690974
physics,43,2000,2022,22,0.270284,0.729716
physics,43,2000,2023,23,0.319788,0.680212
physics,43,2000,2024,24,0.313809,0.686191
physics,43,2000,2025,25,0.319788,0.680212
physics,44,2000,2000,0,1.0,0.0
physics,44,2000,2001,1,0.644437,0.355563
physics,44,2000,2002,2,0.494473,0.505527
physics,44,2000,2003,3,0.248869,0.751131
physics,44,2000,2004,4,0.248869,0.751131
physics,44,2000,2005,5,0.267094,0.732906
physics,44,2000,2006,6,0.267094,0.732906
physics,44,2000,2007,7,0.235747,0.764253
physics,44,2000,2008,8,0.337619,0.662381
physics,44,2000,2009,9,0.305836,0.694164
physics,44,2000,2010,10,0.361031,0.638969
physics,44,2000,2011,11,0.406031,0.593969
physics,44,2000,2012,12,0.464378,0.535622
physics,44,2000,2013,13,0.419153,0.580847
physics,44,2000,2014,14,0.432122,0.567878
physics,44,2000,2015,15,0.343597,0.656403
physics,44,2000,2016,16,0.305836,0.694164
physics,44,2000,2017,17,0.392378,0.607622
physics,44,2000,2018,18,0.437378,0.562622
physics,44,2000,2019,19,0.374153,0.625847
physics,44,2000,2020,20,0.392378,0.607622
physics,44,2000,2021,21,0.388597,0.611403
physics,44,2000,2022,22,0.361031,0.638969
physics,44,2000,2023,23,0.396189,0.603811
physics,44,2000,2024,24,0.419153,0.580847
physics,44,2000,2025,25,0.437378,0.562622
physics,45,2000,2000,0,1.0,0.0
physics,45,2000,2001,1,0.624832,0.375168
physics,45,2000,2002,2,0.573912,0.426088
physics,45,2000,2003,3,0.542565,0.457435
physics,45,2000,2004,4,0.474376,0.525624
physics,45,2000,2005,5,0.49734,0.50266
physics,45,2000,2006,6,0.515565,0.484435
physics,45,2000,2007,7,0.505723,0.494277
physics,45,2000,2008,8,0.515565,0.484435
physics,45,2000,2009,9,0.515565,0.484435
physics,45,2000,2010,10,0.498131,0.501869
physics,45,2000,2011,11,0.448628,0.551372
physics,45,2000,2012,12,0.505723,0.494277
physics,45,2000,2013,13,0.505723,0.494277
physics,45,2000,2014,14,0.473928,0.526072
physics,45,2000,2015,15,0.417281,0.582719
physics,45,2000,2016,16,0.399847,0.600153
physics,45,2000,2017,17,0.407439,0.592561
physics,45,2000,2018,18,0.417281,0.582719
physics,45,2000,2019,19,0.399847,0.600153
physics,45,2000,2020,20,0.389086,0.610914
physics,45,2000,2021,21,0.399847,0.600153
physics,45,2000,2022,22,0.389086,0.610914
physics,45,2000,2023,23,0.393869,0.606131
physics,45,2000,2024,24,0.399847,0.600153
physics,45,2000,2025,25,0.430403,0.569597
physics,46,2003,2003,0,1.0,0.0
physics,46,2003,2005,2,0.038742,0.961258
physics,46,2003,2006,3,0.0,1.0
physics,46,2003,2007,4,0.0,1.0
physics,46,2003,2008,5,0.0,1.0
physics,46,2003,2009,6,0.0,1.0
physics,46,2003,2010,7,0.0,1.0
physics,46,2003,2011,8,0.0,1.0
physics,46,2003,2012,9,0.0,1.0
physics,46,2003,2013,10,0.0,1.0
physics,46,2003,2014,11,0.0,1.0
physics,46,2003,2015,12,0.0,1.0
physics,46,2003,2016,13,0.0,1.0
physics,46,2003,2017,14,0.0,1.0
physics,46,2003,2018,15,0.0,1.0
physics,46,2003,2019,16,0.0,1.0
physics,46,2003,2020,17,0.0,1.0
physics,46,2003,2021,18,0.0,1.0
physics,46,2003,2022,19,0.0,1.0
physics,46,2003,2023,20,0.0,1.0
physics,46,2003,2024,21,0.0,1.0
physics,46,2003,2025,22,0.0,1.0
physics,47,2000,2000,0,1.0,0.0
physics,47,2000,2001,1,0.711067,0.288933
physics,47,2000,2003,3,0.571466,0.428534
physics,47,2000,2004,4,0.568656,0.431344
physics,47,2000,2005,5,0.629615,0.370385
physics,47,2000,2006,6,0.666941,0.333059
physics,47,2000,2007,7,0.656179,0.343821
physics,47,2000,2008,8,0.705683,0.294317
physics,47,2000,2009,9,0.660962,0.339038
physics,47,2000,2010,10,0.556179,0.443821
physics,47,2000,2011,11,0.718058,0.281942
physics,47,2000,2012,12,0.560962,0.439038
physics,47,2000,2013,13,0.517437,0.482563
physics,47,2000,2014,14,0.617437,0.382563
physics,47,2000,2015,15,0.674533,0.325467
physics,47,2000,2016,16,0.666941,0.333059
physics,47,2000,2017,17,0.617437,0.382563
physics,47,2000,2018,18,0.617437,0.382563
physics,47,2000,2019,19,0.617437,0.382563
physics,47,2000,2020,20,0.617437,0.382563
physics,47,2000,2021,21,0.617437,0.382563
physics,47,2000,2022,22,0.617437,0.382563
physics,47,2000,2023,23,0.617437,0.382563
physics,47,2000,2024,24,0.617437,0.382563
physics,47,2000,2025,25,0.617437,0.382563
physics,48,2002,2002,0,1.0,0.0
physics,48,2002,2003,1,0.658881,0.341119
physics,48,2002,2004,2,0.450964,0.549036
physics,48,2002,2005,3,0.164026,0.835974
physics,48,2002,2006,4,0.125284,0.874716
physics,48,2002,2007,5,0.080059,0.919941
physics,48,2002,2008,6,0.080059,0.919941
physics,48,2002,2009,7,0.066937,0.933063
physics,48,2002,2010,8,0.049504,0.950496
physics,48,2002,2011,9,0.057096,0.942904
physics,48,2002,2012,10,0.057096,0.942904
physics,48,2002,2013,11,0.0,1.0
physics,48,2002,2014,12,0.043525,0.956475
physics,48,2002,2015,13,0.038742,0.961258
physics,48,2002,2016,14,0.043525,0.956475
physics,48,2002,2017,15,0.038742,0.961258
physics,48,2002,2018,16,0.057096,0.942904
physics,48,2002,2019,17,0.043525,0.956475
physics,48,2002,2020,18,0.049504,0.950496
physics,48,2002,2021,19,0.043525,0.956475
physics,48,2002,2022,20,0.066937,0.933063
physics,48,2002,2023,21,0.057096,0.942904
physics,48,2002,2024,22,0.057096,0.942904
physics,48,2002,2025,23,0.057096,0.942904
physics,49,2001,2001,0,1.0,0.0
physics,49,2001,2002,1,0.337563,0.662437
physics,49,2001,2006,5,0.0,1.0
physics,49,2001,2007,6,0.0,1.0
physics,49,2001,2008,7,0.0,1.0
physics,49,2001,2009,8,0.125284,0.874716
physics,49,2001,2010,9,0.125284,0.874716
physics,49,2001,2011,10,0.0,1.0
physics,49,2001,2012,11,0.0,1.0
physics,49,2001,2013,12,0.0,1.0
physics,49,2001,2014,13,0.0,1.0
physics,49,2001,2015,14,0.0,1.0
physics,49,2001,2016,15,0.0,1.0
physics,49,2001,2017,16,0.0,1.0
physics,49,2001,2018,17,0.0,1.0
physics,49,2001,2019,18,0.0,1.0
physics,49,2001,2020,19,0.0,1.0
physics,49,2001,2021,20,0.0,1.0
physics,49,2001,2022,21,0.0,1.0
physics,49,2001,2023,22,0.0,1.0
physics,49,2001,2024,23,0.0,1.0
physics,49,2001,2025,24,0.0,1.0
physics,50,2000,2000,0,1.0,0.0
physics,50,2000,2001,1,0.789929,0.210071
physics,50,2000,2002,2,0.095838,0.904162
physics,50,2000,2003,3,0.137026,0.862974
physics,50,2000,2004,4,0.137026,0.862974
physics,50,2000,2005,5,0.137026,0.862974
physics,50,2000,2006,6,0.137026,0.862974
physics,50,2000,2007,7,0.137026,0.862974
physics,50,2000,2008,8,0.175768,0.824232
physics,50,2000,2009,9,0.175768,0.824232
physics,50,2000,2010,10,0.137026,0.862974
physics,50,2000,2011,11,0.137026,0.862974
physics,50,2000,2012,12,0.18653,0.81347
physics,50,2000,2013,13,0.194122,0.805878
physics,50,2000,2014,14,0.237647,0.762353
physics,50,2000,2015,15,0.237647,0.762353
physics,50,2000,2016,16,0.237647,0.762353
physics,50,2000,2017,17,0.232864,0.767136
physics,50,2000,2018,18,0.194122,0.805878
physics,50,2000,2019,19,0.194122,0.805878
physics,50,2000,2020,20,0.194122,0.805878
physics,50,2000,2021,21,0.194122,0.805878
physics,50,2000,2022,22,0.180551,0.819449
physics,50,2000,2023,23,0.175768,0.824232
physics,50,2000,2024,24,0.137026,0.862974
physics,50,2000,2025,25,0.137026,0.862974
physics,51,2000,2000,0,1.0,0.0
physics,51,2000,2001,1,0.635594,0.364406
physics,51,2000,2002,2,0.641572,0.358428
physics,51,2000,2003,3,0.549556,0.450444
physics,51,2000,2004,4,0.624832,0.375168
physics,51,2000,2005,5,0.501248,0.498752
physics,51,2000,2006,6,0.462506,0.537494
physics,51,2000,2007,7,0.501248,0.498752
physics,51,2000,2008,8,0.544773,0.455227
physics,51,2000,2009,9,0.439094,0.560906
physics,51,2000,2010,10,0.462506,0.537494
physics,51,2000,2011,11,0.434311,0.565689
physics,51,2000,2012,12,0.434311,0.565689
physics,51,2000,2013,13,0.434311,0.565689
physics,51,2000,2014,14,0.434311,0.565689
physics,51,2000,2015,15,0.473053,0.526947
physics,51,2000,2016,16,0.491406,0.508594
physics,51,2000,2017,17,0.491406,0.508594
physics,51,2000,2018,18,0.473053,0.526947
physics,51,2000,2019,19,0.491406,0.508594
physics,51,2000,2020,20,0.501248,0.498752
physics,51,2000,2021,21,0.439094,0.560906
physics,51,2000,2022,22,0.439094,0.560906
physics,51,2000,2023,23,0.368568,0.631432
physics,51,2000,2024,24,0.435506,0.564494
physics,51,2000,2025,25,0.418072,0.581928
physics,52,2000,2000,0,1.0,0.0
physics,52,2000,2001,1,0.628433,0.371567
physics,52,2000,2002,2,0.098284,0.901716
physics,52,2000,2003,3,0.0,1.0
physics,52,2000,2004,4,0.0,1.0
physics,52,2000,2005,5,0.0,1.0
physics,52,2000,2006,6,0.0,1.0
physics,52,2000,2007,7,0.0,1.0
physics,52,2000,2008,8,0.0,1.0
physics,52,2000,2009,9,0.0,1.0
physics,52,2000,2010,10,0.0,1.0
physics,52,2000,2011,11,0.0,1.0
physics,52,2000,2012,12,0.0,1.0
physics,52,2000,2013,13,0.0,1.0
physics,52,2000,2014,14,0.0,1.0
physics,52,2000,2015,15,0.0,1.0
physics,52,2000,2016,16,0.0,1.0
physics,52,2000,2017,17,0.0,1.0
physics,52,2000,2018,18,0.0,1.0
physics,52,2000,2019,19,0.0,1.0
physics,52,2000,2020,20,0.0,1.0
physics,52,2000,2021,21,0.0,1.0
physics,52,2000,2022,22,0.0,1.0
physics,52,2000,2023,23,0.0,1.0
physics,52,2000,2024,24,0.0,1.0
physics,52,2000,2025,25,0.0,1.0
physics,53,2000,2000,0,1.0,0.0
physics,53,2000,2001,1,0.606344,0.393656
physics,53,2000,2002,2,0.32738,0.67262
physics,53,2000,2003,3,0.22738,0.77262
physics,53,2000,2004,4,0.32738,0.67262
physics,53,2000,2005,5,0.32738,0.67262
physics,53,2000,2006,6,0.32738,0.67262
physics,53,2000,2007,7,0.32738,0.67262
physics,53,2000,2008,8,0.32738,0.67262
physics,53,2000,2009,9,0.32738,0.67262
physics,53,2000,2010,10,0.32738,0.67262
physics,53,2000,2011,11,0.32738,0.67262
physics,53,2000,2012,12,0.32738,0.67262
physics,53,2000,2013,13,0.32738,0.67262
physics,53,2000,2014,14,0.32738,0.67262
physics,53,2000,2015,15,0.366122,0.633878
physics,53,2000,2016,16,0.32738,0.67262
physics,53,2000,2017,17,0.32738,0.67262
physics,53,2000,2018,18,0.32738,0.67262
physics,53,2000,2019,19,0.32738,0.67262
physics,53,2000,2020,20,0.32738,0.67262
physics,53,2000,2021,21,0.32738,0.67262
physics,53,2000,2022,22,0.32738,0.67262
physics,53,2000,2023,23,0.32738,0.67262
physics,53,2000,2024,24,0.32738,0.67262
physics,53,2000,2025,25,0.32738,0.67262
physics,54,2001,2001,0,1.0,0.0
physics,54,2001,2002,1,0.808687,0.191313
physics,54,2001,2003,2,0.295568,0.704432
physics,54,2001,2005,4,0.295568,0.704432
physics,54,2001,2006,5,0.295568,0.704432
physics,54,2001,2007,6,0.368568,0.631432
physics,54,2001,2008,7,0.337221,0.662779
physics,54,2001,2009,8,0.319788,0.680212
physics,54,2001,2010,9,0.32738,0.67262
physics,54,2001,2011,10,0.319788,0.680212
physics,54,2001,2012,11,0.337221,0.662779
physics,54,2001,2013,12,0.319788,0.680212
physics,54,2001,2014,13,0.270284,0.729716
physics,54,2001,2015,14,0.32738,0.67262
physics,54,2001,2016,15,0.337221,0.662779
physics,54,2001,2017,16,0.337221,0.662779
physics,54,2001,2018,17,0.32738,0.67262
physics,54,2001,2019,18,0.32738,0.67262
physics,54,2001,2020,19,0.313809,0.686191
physics,54,2001,2021,20,0.319788,0.680212
physics,54,2001,2022,21,0.32738,0.67262
physics,54,2001,2023,22,0.319788,0.680212
physics,54,2001,2024,23,0.350343,0.649657
physics,54,2001,2025,24,0.350343,0.649657
physics,55,2000,2000,0,1.0,0.0
physics,55,2000,2001,1,0.842242,0.157758
physics,55,2000,2002,2,0.717929,0.282071
physics,55,2000,2003,3,0.694921,0.305079
physics,55,2000,2004,4,0.625624,0.374376
physics,55,2000,2005,5,0.705683,0.294317
physics,55,2000,2006,6,0.705683,0.294317
physics,55,2000,2007,7,0.721461,0.278539
physics,55,2000,2008,8,0.707891,0.292109
physics,55,2000,2009,9,0.519645,0.480355
physics,55,2000,2010,10,0.525624,0.474376
physics,55,2000,2011,11,0.564366,0.435634
physics,55,2000,2012,12,0.564366,0.435634
physics,55,2000,2013,13,0.664366,0.335634
physics,55,2000,2014,14,0.533216,0.466784
physics,55,2000,2015,15,0.525624,0.474376
physics,55,2000,2016,16,0.525624,0.474376
physics,55,2000,2017,17,0.564366,0.435634
physics,55,2000,2018,18,0.571958,0.428042
physics,55,2000,2019,19,0.519645,0.480355
physics,55,2000,2020,20,0.658387,0.341613
physics,55,2000,2021,21,0.598624,0.401376
physics,55,2000,2022,22,0.671958,0.328042
physics,55,2000,2023,23,0.633216,0.366784
physics,55,2000,2024,24,0.699704,0.300296
physics,55,2000,2025,25,0.613146,0.386854
physics,56,2000,2000,0,1.0,0.0
physics,56,2000,2001,1,0.364209,0.635791
physics,56,2000,2002,2,0.088246,0.911754
physics,56,2000,2003,3,0.276884,0.723116
physics,56,2000,2004,4,0.302055,0.697945
physics,56,2000,2005,5,0.18653,0.81347
physics,56,2000,2006,6,0.049504,0.950496
physics,56,2000,2007,7,0.049504,0.950496
physics,56,2000,2008,8,0.145342,0.854658
physics,56,2000,2009,9,0.155183,0.844817
physics,56,2000,2010,10,0.105679,0.894321
physics,56,2000,2011,11,0.159966,0.840034
physics,56,2000,2012,12,0.129563,0.870437
physics,56,2000,2013,13,0.118801,0.881199
physics,56,2000,2014,14,0.165945,0.834055
physics,56,2000,2015,15,0.162775,0.837225
physics,56,2000,2016,16,0.173088,0.826912
physics,56,2000,2017,17,0.175897,0.824103
physics,56,2000,2018,18,0.118801,0.881199
physics,56,2000,2019,19,0.080059,0.919941
physics,56,2000,2020,20,0.095838,0.904162
physics,56,2000,2021,21,0.049504,0.950496
physics,56,2000,2022,22,0.057096,0.942904
physics,56,2000,2023,23,0.157717,0.842283
physics,56,2000,2024,24,0.095838,0.904162
physics,56,2000,2025,25,0.095838,0.904162
physics,57,2000,2000,0,1.0,0.0
physics,57,2000,2001,1,0.567277,0.432723
physics,57,2000,2002,2,0.35853,0.64147
physics,57,2000,2003,3,0.174788,0.825212
physics,57,2000,2004,4,0.263313,0.736687
physics,57,2000,2005,5,0.263313,0.736687
physics,57,2000,2006,6,0.218313,0.781687
physics,57,2000,2007,7,0.263313,0.736687
physics,57,2000,2008,8,0.174788,0.825212
physics,57,2000,2009,9,0.263313,0.736687
physics,57,2000,2010,10,0.363313,0.636687
physics,57,2000,2011,11,0.263313,0.736687
physics,57,2000,2012,12,0.363313,0.636687
physics,57,2000,2013,13,0.363313,0.636687
physics,57,2000,2014,14,0.363313,0.636687
physics,57,2000,2015,15,0.363313,0.636687
physics,57,2000,2016,16,0.35853,0.64147
physics,57,2000,2017,17,0.363313,0.636687
physics,57,2000,2018,18,0.263313,0.736687
physics,57,2000,2019,19,0.263313,0.736687
physics,57,2000,2020,20,0.363313,0.636687
physics,57,2000,2021,21,0.263313,0.736687
physics,57,2000,2022,22,0.363313,0.636687
physics,57,2000,2023,23,0.319788,0.680212
physics,57,2000,2024,24,0.363313,0.636687
physics,57,2000,2025,25,0.363313,0.636687
physics,58,2000,2000,0,1.0,0.0
physics,58,2000,2001,1,0.778878,0.221122
physics,58,2000,2002,2,0.765674,0.234326
physics,58,2000,2003,3,0.456814,0.543186
physics,58,2000,2004,4,0.572532,0.427468
physics,58,2000,2005,5,0.546912,0.453088
physics,58,2000,2006,6,0.567473,0.432527
physics,58,2000,2007,7,0.515565,0.484435
physics,58,2000,2008,8,0.515565,0.484435
physics,58,2000,2009,9,0.573912,0.426088
physics,58,2000,2010,10,0.592137,0.407863
physics,58,2000,2011,11,0.592137,0.407863
physics,58,2000,2012,12,0.592137,0.407863
physics,58,2000,2013,13,0.592137,0.407863
physics,58,2000,2014,14,0.592137,0.407863
physics,58,2000,2015,15,0.592137,0.407863
physics,58,2000,2016,16,0.573912,0.426088
physics,58,2000,2017,17,0.612654,0.387346
physics,58,2000,2018,18,0.623416,0.376584
physics,58,2000,2019,19,0.631008,0.368992
physics,58,2000,2020,20,0.596416,0.403584
physics,58,2000,2021,21,0.617437,0.382563
physics,58,2000,2022,22,0.546912,0.453088
physics,58,2000,2023,23,0.573912,0.426088
physics,58,2000,2024,24,0.617437,0.382563
physics,58,2000,2025,25,0.590437,0.409563
physics,59,2000,2000,0,1.0,0.0
physics,59,2000,2001,1,0.393325,0.606675
physics,59,2000,2002,2,0.129563,0.870437
physics,59,2000,2003,3,0.219788,0.780212
physics,59,2000,2004,4,0.174788,0.825212
physics,59,2000,2005,5,0.224292,0.775708
physics,59,2000,2006,6,0.197292,0.802708
physics,59,2000,2007,7,0.204884,0.795116
physics,59,2000,2008,8,0.254847,0.745153
physics,59,2000,2009,9,0.173088,0.826912
physics,59,2000,2010,10,0.129563,0.870437
physics,59,2000,2011,11,0.18653,0.81347
physics,59,2000,2012,12,0.191313,0.808687
physics,59,2000,2013,13,0.18653,0.81347
physics,59,2000,2014,14,0.147788,0.852212
physics,59,2000,2015,15,0.174788,0.825212
physics,59,2000,2016,16,0.174788,0.825212
physics,59,2000,2017,17,0.197292,0.802708
physics,59,2000,2018,18,0.191313,0.808687
physics,59,2000,2019,19,0.191313,0.808687
physics,59,2000,2020,20,0.191313,0.808687
physics,59,2000,2021,21,0.197292,0.802708
physics,59,2000,2022,22,0.21353,0.78647
physics,59,2000,2023,23,0.204884,0.795116
physics,59,2000,2024,24,0.186659,0.813341
physics,59,2000,2025,25,0.159966,0.840034
physics,60,2002,2002,0,1.0,0.0
physics,60,2002,2005,3,0.0,1.0
physics,60,2002,2006,4,0.0,1.0
physics,60,2002,2007,5,0.0,1.0
physics,60,2002,2008,6,0.0,1.0
physics,60,2002,2009,7,0.0,1.0
physics,60,2002,2010,8,0.0,1.0
physics,60,2002,2011,9,0.0,1.0
physics,60,2002,2012,10,0.0,1.0
physics,60,2002,2013,11,0.0,1.0
physics,60,2002,2014,12,0.0,1.0
physics,60,2002,2015,13,0.0,1.0
physics,60,2002,2016,14,0.0,1.0
physics,60,2002,2017,15,0.0,1.0
physics,60,2002,2018,16,0.0,1.0
physics,60,2002,2019,17,0.0,1.0
physics,60,2002,2020,18,0.0,1.0
physics,60,2002,2021,19,0.0,1.0
physics,60,2002,2022,20,0.0,1.0
physics,60,2002,2023,21,0.0,1.0
physics,60,2002,2024,22,0.0,1.0
physics,60,2002,2025,23,0.0,1.0
physics,61,2000,2000,0,1.0,0.0
physics,61,2000,2001,1,0.821853,0.178147
physics,61,2000,2002,2,0.59675,0.40325
physics,61,2000,2003,3,0.600452,0.399548
physics,61,2000,2004,4,0.450948,0.549052
physics,61,2000,2005,5,0.517886,0.482114
physics,61,2000,2006,6,0.378948,0.621052
physics,61,2000,2007,7,0.374601,0.625399
physics,61,2000,2008,8,0.360723,0.639277
physics,61,2000,2009,9,0.360723,0.639277
physics,61,2000,2010,10,0.360723,0.639277
physics,61,2000,2011,11,0.305964,0.694036
physics,61,2000,2012,12,0.324189,0.675811
physics,61,2000,2013,13,0.292842,0.707158
physics,61,2000,2014,14,0.311943,0.688057
physics,61,2000,2015,15,0.319535,0.680465
physics,61,2000,2016,16,0.292842,0.707158
physics,61,2000,2017,17,0.249317,0.750683
physics,61,2000,2018,18,0.249317,0.750683
physics,61,2000,2019,19,0.324189,0.675811
physics,61,2000,2020,20,0.319406,0.680594
physics,61,2000,2021,21,0.292842,0.707158
physics,61,2000,2022,22,0.324189,0.675811
physics,61,2000,2023,23,0.324189,0.675811
physics,61,2000,2024,24,0.280664,0.719336
physics,61,2000,2025,25,0.319406,0.680594
physics,62,2000,2000,0,1.0,0.0
physics,62,2000,2001,1,0.69232,0.30768
physics,62,2000,2002,2,0.643736,0.356264
physics,62,2000,2003,3,0.653578,0.346422
physics,62,2000,2004,4,0.69232,0.30768
physics,62,2000,2005,5,0.670736,0.329264
physics,62,2000,2006,6,0.653578,0.346422
physics,62,2000,2007,7,0.653578,0.346422
physics,62,2000,2008,8,0.653578,0.346422
physics,62,2000,2009,9,0.636144,0.363856
physics,62,2000,2010,10,0.643736,0.356264
physics,62,2000,2011,11,0.643736,0.356264
physics,62,2000,2012,12,0.636144,0.363856
physics,62,2000,2013,13,0.643736,0.356264
physics,62,2000,2014,14,0.69232,0.30768
physics,62,2000,2015,15,0.682478,0.317522
physics,62,2000,2016,16,0.643736,0.356264
physics,62,2000,2017,17,0.674886,0.325114
physics,62,2000,2018,18,0.636144,0.363856
physics,62,2000,2019,19,0.643736,0.356264
physics,62,2000,2020,20,0.743736,0.256264
physics,62,2000,2021,21,0.682478,0.317522
physics,62,2000,2022,22,0.643736,0.356264
physics,62,2000,2023,23,0.636144,0.363856
physics,62,2000,2024,24,0.674886,0.325114
physics,62,2000,2025,25,0.643736,0.356264
physics,63,2000,2000,0,1.0,0.0
physics,63,2000,2001,1,0.162326,0.837674
physics,63,2000,2003,3,0.0,1.0
physics,63,2000,2004,4,0.125284,0.874716
physics,63,2000,2005,5,0.125284,0.874716
physics,63,2000,2006,6,0.125284,0.874716
physics,63,2000,2007,7,0.164026,0.835974
physics,63,2000,2009,9,0.0,1.0
physics,63,2000,2010,10,0.0,1.0
physics,63,2000,2011,11,0.098284,0.901716
physics,63,2000,2012,12,0.066937,0.933063
physics,63,2000,2013,13,0.0,1.0
physics,63,2000,2014,14,0.038742,0.961258
physics,63,2000,2015,15,0.125284,0.874716
physics,63,2000,2016,16,0.125284,0.874716
physics,63,2000,2017,17,0.164026,0.835974
physics,63,2000,2018,18,0.168809,0.831191
physics,63,2000,2019,19,0.192221,0.807779
physics,63,2000,2020,20,0.168809,0.831191
physics,63,2000,2021,21,0.174788,0.825212
physics,63,2000,2022,22,0.174788,0.825212
physics,63,2000,2023,23,0.18238,0.81762
physics,63,2000,2024,24,0.164026,0.835974
physics,63,2000,2025,25,0.168809,0.831191
physics,64,2000,2000,0,1.0,0.0
physics,64,2000,2002,2,0.170284,0.829716
physics,64,2000,2003,3,0.170284,0.829716
physics,64,2000,2004,4,0.319788,0.680212
physics,64,2000,2005,5,0.319788,0.680212
physics,64,2000,2006,6,0.209026,0.790974
physics,64,2000,2007,7,0.170284,0.829716
physics,64,2000,2008,8,0.170284,0.829716
physics,64,2000,2009,9,0.170284,0.829716
physics,64,2000,2010,10,0.170284,0.829716
physics,64,2000,2011,11,0.170284,0.829716
physics,64,2000,2012,12,0.270284,0.729716
physics,64,2000,2013,13,0.270284,0.729716
physics,64,2000,2014,14,0.170284,0.829716
physics,64,2000,2015,15,0.270284,0.729716
physics,64,2000,2016,16,0.270284,0.729716
physics,64,2000,2017,17,0.170284,0.829716
physics,64,2000,2018,18,0.170284,0.829716
physics,64,2000,2019,19,0.170284,0.829716
physics,64,2000,2020,20,0.170284,0.829716
physics,64,2000,2021,21,0.170284,0.829716
physics,64,2000,2022,22,0.170284,0.829716
physics,64,2000,2023,23,0.170284,0.829716
physics,64,2000,2024,24,0.170284,0.829716
physics,64,2000,2025,25,0.270284,0.729716
physics,65,2000,2000,0,1.0,0.0
physics,65,2000,2001,1,0.750532,0.249468
physics,65,2000,2002,2,0.583184,0.416816
physics,65,2000,2003,3,0.276884,0.723116
physics,65,2000,2004,4,0.276884,0.723116
physics,65,2000,2005,5,0.276884,0.723116
physics,65,2000,2006,6,0.276884,0.723116
physics,65,2000,2007,7,0.276884,0.723116
physics,65,2000,2008,8,0.343821,0.656179
physics,65,2000,2009,9,0.276884,0.723116
physics,65,2000,2010,10,0.276884,0.723116
physics,65,2000,2011,11,0.276884,0.723116
physics,65,2000,2012,12,0.276884,0.723116
physics,65,2000,2013,13,0.276884,0.723116
physics,65,2000,2014,14,0.276884,0.723116
physics,65,2000,2015,15,0.276884,0.723116
physics,65,2000,2016,16,0.276884,0.723116
physics,65,2000,2017,17,0.276884,0.723116
physics,65,2000,2018,18,0.276884,0.723116
physics,65,2000,2019,19,0.276884,0.723116
physics,65,2000,2020,20,0.276884,0.723116
physics,65,2000,2021,21,0.276884,0.723116
physics,65,2000,2022,22,0.276884,0.723116
physics,65,2000,2023,23,0.276884,0.723116
physics,65,2000,2024,24,0.276884,0.723116
physics,65,2000,2025,25,0.276884,0.723116
physics,66,2000,2000,0,1.0,0.0
physics,66,2000,2001,1,0.851804,0.148196
physics,66,2000,2002,2,0.284814,0.715186
physics,66,2000,2003,3,0.15538,0.84462
physics,66,2000,2004,4,0.147788,0.852212
physics,66,2000,2005,5,0.098284,0.901716
physics,66,2000,2006,6,0.137026,0.862974
physics,66,2000,2007,7,0.098284,0.901716
physics,66,2000,2008,8,0.098284,0.901716
physics,66,2000,2009,9,0.098284,0.901716
physics,66,2000,2010,10,0.098284,0.901716
physics,66,2000,2011,11,0.098284,0.901716
physics,66,2000,2012,12,0.098284,0.901716
physics,66,2000,2013,13,0.098284,0.901716
physics,66,2000,2014,14,0.098284,0.901716
physics,66,2000,2015,15,0.098284,0.901716
physics,66,2000,2016,16,0.098284,0.901716
physics,66,2000,2017,17,0.098284,0.901716
physics,66,2000,2018,18,0.098284,0.901716
physics,66,2000,2019,19,0.098284,0.901716
physics,66,2000,2020,20,0.098284,0.901716
physics,66,2000,2021,21,0.098284,0.901716
physics,66,2000,2022,22,0.098284,0.901716
physics,66,2000,2023,23,0.098284,0.901716
physics,66,2000,2024,24,0.098284,0.901716
physics,66,2000,2025,25,0.098284,0.901716
physics,67,2000,2000,0,1.0,0.0
physics,67,2000,2001,1,0.704223,0.295777
physics,67,2000,2002,2,0.552847,0.447153
physics,67,2000,2003,3,0.434427,0.565573
physics,67,2000,2004,4,0.323218,0.676782
physics,67,2000,2005,5,0.266122,0.733878
physics,67,2000,2006,6,0.315626,0.684374
physics,67,2000,2007,7,0.359151,0.640849
physics,67,2000,2008,8,0.493969,0.506031
physics,67,2000,2009,9,0.444466,0.555534
physics,67,2000,2010,10,0.403277,0.596723
physics,67,2000,2011,11,0.480847,0.519153
physics,67,2000,2012,12,0.506147,0.493853
physics,67,2000,2013,13,0.366743,0.633257
physics,67,2000,2014,14,0.315626,0.684374
physics,67,2000,2015,15,0.315626,0.684374
physics,67,2000,2016,16,0.315626,0.684374
physics,67,2000,2017,17,0.266122,0.733878
physics,67,2000,2018,18,0.315626,0.684374
physics,67,2000,2019,19,0.315626,0.684374
physics,67,2000,2020,20,0.359151,0.640849
physics,67,2000,2021,21,0.304864,0.695136
physics,67,2000,2022,22,0.309647,0.690353
physics,67,2000,2023,23,0.354368,0.645632
physics,67,2000,2024,24,0.304864,0.695136
physics,67,2000,2025,25,0.365129,0.634871
physics,68,2000,2000,0,1.0,0.0
physics,68,2000,2001,1,0.268568,0.731432
physics,68,2000,2002,2,0.098284,0.901716
physics,68,2000,2003,3,0.170284,0.829716
physics,68,2000,2004,4,0.170284,0.829716
physics,68,2000,2005,5,0.170284,0.829716
physics,68,2000,2006,6,0.170284,0.829716
physics,68,2000,2007,7,0.170284,0.829716
physics,68,2000,2008,8,0.170284,0.829716
physics,68,2000,2009,9,0.170284,0.829716
physics,68,2000,2010,10,0.22738,0.77262
physics,68,2000,2011,11,0.170284,0.829716
physics,68,2000,2012,12,0.170284,0.829716
physics,68,2000,2013,13,0.170284,0.829716
physics,68,2000,2014,14,0.170284,0.829716
physics,68,2000,2015,15,0.170284,0.829716
physics,68,2000,2016,16,0.170284,0.829716
physics,68,2000,2017,17,0.170284,0.829716
physics,68,2000,2018,18,0.170284,0.829716
physics,68,2000,2019,19,0.170284,0.829716
physics,68,2000,2020,20,0.170284,0.829716
physics,68,2000,2021,21,0.170284,0.829716
physics,68,2000,2022,22,0.170284,0.829716
physics,68,2000,2023,23,0.170284,0.829716
physics,68,2000,2024,24,0.170284,0.829716
physics,68,2000,2025,25,0.170284,0.829716
physics,69,2000,2000,0,1.0,0.0
physics,69,2000,2001,1,0.839282,0.160718
physics,69,2000,2002,2,0.639194,0.360806
physics,69,2000,2003,3,0.682719,0.317281
physics,69,2000,2004,4,0.606652,0.393348
physics,69,2000,2005,5,0.671958,0.328042
physics,69,2000,2006,6,0.669553,0.330447
physics,69,2000,2007,7,0.571466,0.428534
physics,69,2000,2008,8,0.557895,0.442105
physics,69,2000,2009,9,0.557895,0.442105
physics,69,2000,2010,10,0.637954,0.362046
physics,69,2000,2011,11,0.648716,0.351284
physics,69,2000,2012,12,0.642737,0.357263
physics,69,2000,2013,13,0.667389,0.332611
physics,69,2000,2014,14,0.762779,0.237221
physics,69,2000,2015,15,0.693481,0.306519
physics,69,2000,2016,16,0.649956,0.350044
physics,69,2000,2017,17,0.693481,0.306519
physics,69,2000,2018,18,0.719253,0.280747
physics,69,2000,2019,19,0.680511,0.319489
physics,69,2000,2020,20,0.680511,0.319489
physics,69,2000,2021,21,0.719253,0.280747
physics,69,2000,2022,22,0.701028,0.298972
physics,69,2000,2023,23,0.672086,0.327914
physics,69,2000,2024,24,0.705683,0.294317
physics,69,2000,2025,25,0.637954,0.362046
physics,70,2000,2000,0,1.0,0.0
physics,70,2000,2001,1,0.558097,0.441903
physics,70,2000,2002,2,0.656902,0.343098
physics,70,2000,2003,3,0.686275,0.313725
physics,70,2000,2004,4,0.767837,0.232163
physics,70,2000,2005,5,0.378948,0.621052
physics,70,2000,2006,6,0.671958,0.328042
physics,70,2000,2007,7,0.713275,0.286725
physics,70,2000,2008,8,0.686191,0.313809
physics,70,2000,2009,9,0.563114,0.436886
physics,70,2000,2010,10,0.542553,0.457447
physics,70,2000,2011,11,0.637561,0.362439
physics,70,2000,2012,12,0.800635,0.199365
physics,70,2000,2013,13,0.720127,0.279873
physics,70,2000,2014,14,0.691333,0.308667
physics,70,2000,2015,15,0.737478,0.262522
physics,70,2000,2016,16,0.781004,0.218996
physics,70,2000,2017,17,0.749657,0.250343
physics,70,2000,2018,18,0.7315,0.2685
physics,70,2000,2019,19,0.750683,0.249317
physics,70,2000,2020,20,0.72744,0.27256
physics,70,2000,2021,21,0.749657,0.250343
physics,70,2000,2022,22,0.757996,0.242004
physics,70,2000,2023,23,0.813757,0.186243
physics,70,2000,2024,24,0.768757,0.231243
physics,70,2000,2025,25,0.773411,0.226589
physics,71,2000,2000,0,1.0,0.0
physics,71,2000,2001,1,0.697017,0.302983
physics,71,2000,2002,2,0.673433,0.326567
physics,71,2000,2003,3,0.656628,0.343372
physics,71,2000,2004,4,0.562819,0.437181
physics,71,2000,2005,5,0.657783,0.342217
physics,71,2000,2006,6,0.639429,0.360571
physics,71,2000,2007,7,0.645452,0.354548
physics,71,2000,2008,8,0.539473,0.460527
physics,71,2000,2009,9,0.684323,0.315677
physics,71,2000,2010,10,0.621248,0.378752
physics,71,2000,2011,11,0.645452,0.354548
physics,71,2000,2012,12,0.645452,0.354548
physics,71,2000,2013,13,0.63786,0.36214
physics,71,2000,2014,14,0.645452,0.354548
physics,71,2000,2015,15,0.634691,0.365309
physics,71,2000,2016,16,0.559991,0.440009
physics,71,2000,2017,17,0.521248,0.478752
physics,71,2000,2018,18,0.534691,0.465309
physics,71,2000,2019,19,0.531881,0.468119
physics,71,2000,2020,20,0.513656,0.486344
physics,71,2000,2021,21,0.488356,0.511644
physics,71,2000,2022,22,0.488356,0.511644
physics,71,2000,2023,23,0.52112,0.47888
physics,71,2000,2024,24,0.488356,0.511644
physics,71,2000,2025,25,0.488356,0.511644
physics,72,2000,2000,0,1.0,0.0
physics,72,2000,2001,1,0.309026,0.690974
physics,72,2000,2002,2,0.170284,0.829716
physics,72,2000,2003,3,0.434311,0.565689
physics,72,2000,2004,4,0.376884,0.623116
physics,72,2000,2005,5,0.32738,0.67262
physics,72,2000,2006,6,0.32738,0.67262
physics,72,2000,2007,7,0.370905,0.629095
physics,72,2000,2008,8,0.32738,0.67262
physics,72,2000,2009,9,0.384476,0.615524
physics,72,2000,2010,10,0.32738,0.67262
physics,72,2000,2011,11,0.32738,0.67262
physics,72,2000,2012,12,0.376884,0.623116
physics,72,2000,2013,13,0.352551,0.647449
physics,72,2000,2014,14,0.399847,0.600153
physics,72,2000,2015,15,0.370905,0.629095
physics,72,2000,2016,16,0.32738,0.67262
physics,72,2000,2017,17,0.319788,0.680212
physics,72,2000,2018,18,0.352551,0.647449
physics,72,2000,2019,19,0.375964,0.624036
physics,72,2000,2020,20,0.319788,0.680212
physics,72,2000,2021,21,0.319788,0.680212
physics,72,2000,2022,22,0.319788,0.680212
physics,72,2000,2023,23,0.32738,0.67262
physics,72,2000,2024,24,0.319788,0.680212
physics,72,2000,2025,25,0.319788,0.680212
physics,73,2000,2000,0,1.0,0.0
physics,73,2000,2001,1,0.661691,0.338309
physics,73,2000,2002,2,0.470131,0.529869
physics,73,2000,2003,3,0.528814,0.471186
physics,73,2000,2004,4,0.389086,0.610914
physics,73,2000,2005,5,0.268568,0.731432
physics,73,2000,2006,6,0.223568,0.776432
physics,73,2000,2007,7,0.383814,0.616186
physics,73,2000,2008,8,0.252551,0.747449
physics,73,2000,2009,9,0.25853,0.74147
physics,73,2000,2010,10,0.25853,0.74147
physics,73,2000,2011,11,0.304864,0.695136
physics,73,2000,2012,12,0.325467,0.674533
physics,73,2000,2013,13,0.209026,0.790974
physics,73,2000,2014,14,0.275964,0.724036
physics,73,2000,2015,15,0.389086,0.610914
physics,73,2000,2016,16,0.275964,0.724036
physics,73,2000,2017,17,0.247768,0.752232
physics,73,2000,2018,18,0.252551,0.747449
physics,73,2000,2019,19,0.307311,0.692689
physics,73,2000,2020,20,0.307311,0.692689
physics,73,2000,2021,21,0.302055,0.697945
physics,73,2000,2022,22,0.25853,0.74147
physics,73,2000,2023,23,0.209026,0.790974
physics,73,2000,2024,24,0.209026,0.790974
physics,73,2000,2025,25,0.252551,0.747449
physics,74,2000,2000,0,1.0,0.0
physics,74,2000,2001,1,0.759975,0.240025
physics,74,2000,2002,2,0.577948,0.422052
physics,74,2000,2003,3,0.497664,0.502336
physics,74,2000,2004,4,0.475628,0.524372
physics,74,2000,2005,5,0.439094,0.560906
physics,74,2000,2006,6,0.434311,0.565689
physics,74,2000,2007,7,0.532723,0.467277
physics,74,2000,2008,8,0.519601,0.480399
physics,74,2000,2009,9,0.50976,0.49024
physics,74,2000,2010,10,0.532723,0.467277
physics,74,2000,2011,11,0.488597,0.511403
physics,74,2000,2012,12,0.491406,0.508594
physics,74,2000,2013,13,0.502168,0.497832
physics,74,2000,2014,14,0.502168,0.497832
physics,74,2000,2015,15,0.519601,0.480399
physics,74,2000,2016,16,0.532723,0.467277
physics,74,2000,2017,17,0.532723,0.467277
physics,74,2000,2018,18,0.505723,0.494277
physics,74,2000,2019,19,0.50976,0.49024
physics,74,2000,2020,20,0.50976,0.49024
physics,74,2000,2021,21,0.502168,0.497832
physics,74,2000,2022,22,0.502168,0.497832
physics,74,2000,2023,23,0.50976,0.49024
physics,74,2000,2024,24,0.50976,0.49024
physics,74,2000,2025,25,0.50976,0.49024
physics,75,2001,2001,0,1.0,0.0
physics,75,2001,2002,1,0.619561,0.380439
physics,75,2001,2003,2,0.168809,0.831191
physics,75,2001,2004,3,0.168809,0.831191
physics,75,2001,2005,4,0.168809,0.831191
physics,75,2001,2006,5,0.168809,0.831191
physics,75,2001,2007,6,0.168809,0.831191
physics,75,2001,2008,7,0.168809,0.831191
physics,75,2001,2009,8,0.168809,0.831191
physics,75,2001,2010,9,0.168809,0.831191
physics,75,2001,2011,10,0.168809,0.831191
physics,75,2001,2012,11,0.168809,0.831191
physics,75,2001,2013,12,0.168809,0.831191
physics,75,2001,2014,13,0.168809,0.831191
physics,75,2001,2015,14,0.168809,0.831191
physics,75,2001,2016,15,0.168809,0.831191
physics,75,2001,2017,16,0.168809,0.831191
physics,75,2001,2018,17,0.168809,0.831191
physics,75,2001,2019,18,0.168809,0.831191
physics,75,2001,2020,19,0.168809,0.831191
physics,75,2001,2021,20,0.168809,0.831191
physics,75,2001,2022,21,0.168809,0.831191
physics,75,2001,2023,22,0.141809,0.858191
physics,75,2001,2024,23,0.168809,0.831191
physics,75,2001,2025,24,0.168809,0.831191
physics,76,2000,2000,0,1.0,0.0
physics,76,2000,2001,1,0.529028,0.470972
physics,76,2000,2002,2,0.254847,0.745153
physics,76,2000,2003,3,0.254847,0.745153
physics,76,2000,2004,4,0.129563,0.870437
physics,76,2000,2005,5,0.129563,0.870437
physics,76,2000,2006,6,0.116441,0.883559
physics,76,2000,2007,7,0.049504,0.950496
physics,76,2000,2008,8,0.209622,0.790378
physics,76,2000,2009,9,0.186659,0.813341
physics,76,2000,2010,10,0.129563,0.870437
physics,76,2000,2011,11,0.173088,0.826912
physics,76,2000,2012,12,0.159966,0.840034
physics,76,2000,2013,13,0.145342,0.854658
physics,76,2000,2014,14,0.116441,0.883559
physics,76,2000,2015,15,0.116441,0.883559
physics,76,2000,2016,16,0.186659,0.813341
physics,76,2000,2017,17,0.116441,0.883559
physics,76,2000,2018,18,0.168305,0.831695
physics,76,2000,2019,19,0.186659,0.813341
physics,76,2000,2020,20,0.186659,0.813341
physics,76,2000,2021,21,0.155183,0.844817
physics,76,2000,2022,22,0.116441,0.883559
physics,76,2000,2023,23,0.116441,0.883559
physics,76,2000,2024,24,0.155183,0.844817
physics,76,2000,2025,25,0.116441,0.883559
physics,77,2000,2000,0,1.0,0.0
physics,77,2000,2001,1,0.728764,0.271236
physics,77,2000,2002,2,0.482563,0.517437
physics,77,2000,2003,3,0.472722,0.527278
physics,77,2000,2004,4,0.372722,0.627278
physics,77,2000,2005,5,0.472722,0.527278
physics,77,2000,2006,6,0.459151,0.540849
physics,77,2000,2007,7,0.465129,0.534871
physics,77,2000,2008,8,0.465129,0.534871
physics,77,2000,2009,9,0.465129,0.534871
physics,77,2000,2010,10,0.443821,0.556179
physics,77,2000,2011,11,0.443821,0.556179
physics,77,2000,2012,12,0.482563,0.517437
physics,77,2000,2013,13,0.482563,0.517437
physics,77,2000,2014,14,0.433979,0.566021
physics,77,2000,2015,15,0.472722,0.527278
physics,77,2000,2016,16,0.482563,0.517437
physics,77,2000,2017,17,0.443821,0.556179
physics,77,2000,2018,18,0.443821,0.556179
physics,77,2000,2019,19,0.472722,0.527278
physics,77,2000,2020,20,0.482563,0.517437
physics,77,2000,2021,21,0.465129,0.534871
physics,77,2000,2022,22,0.459151,0.540849
physics,77,2000,2023,23,0.454368,0.545632
physics,77,2000,2024,24,0.459151,0.540849
physics,77,2000,2025,25,0.459151,0.540849
physics,78,2000,2000,0,1.0,0.0
physics,78,2000,2001,1,0.588374,0.411626
physics,78,2000,2002,2,0.396152,0.603848
physics,78,2000,2003,3,0.129563,0.870437
physics,78,2000,2004,4,0.080059,0.919941
physics,78,2000,2005,5,0.080059,0.919941
physics,78,2000,2006,6,0.173088,0.826912
physics,78,2000,2007,7,0.129563,0.870437
physics,78,2000,2008,8,0.080059,0.919941
physics,78,2000,2009,9,0.129563,0.870437
physics,78,2000,2010,10,0.179067,0.820933
physics,78,2000,2011,11,0.179067,0.820933
physics,78,2000,2012,12,0.173088,0.826912
physics,78,2000,2013,13,0.179067,0.820933
physics,78,2000,2014,14,0.179067,0.820933
physics,78,2000,2015,15,0.186659,0.813341
physics,78,2000,2016,16,0.179067,0.820933
physics,78,2000,2017,17,0.173088,0.826912
physics,78,2000,2018,18,0.179067,0.820933
physics,78,2000,2019,19,0.173088,0.826912
physics,78,2000,2020,20,0.179067,0.820933
physics,78,2000,2021,21,0.179067,0.820933
physics,78,2000,2022,22,0.179067,0.820933
physics,78,2000,2023,23,0.179067,0.820933
physics,78,2000,2024,24,0.1965,0.8035
physics,78,2000,2025,25,0.1965,0.8035
physics,79,2001,2001,0,1.0,0.0
physics,79,2001,2002,1,0.786386,0.213614
physics,79,2001,2003,2,0.170284,0.829716
physics,79,2001,2004,3,0.170284,0.829716
physics,79,2001,2005,4,0.170284,0.829716
physics,79,2001,2006,5,0.170284,0.829716
physics,79,2001,2007,6,0.170284,0.829716
physics,79,2001,2008,7,0.170284,0.829716
physics,79,2001,2009,8,0.170284,0.829716
physics,79,2001,2010,9,0.170284,0.829716
physics,79,2001,2011,10,0.170284,0.829716
physics,79,2001,2012,11,0.170284,0.829716
physics,79,2001,2013,12,0.170284,0.829716
physics,79,2001,2014,13,0.170284,0.829716
physics,79,2001,2015,14,0.170284,0.829716
physics,79,2001,2016,15,0.170284,0.829716
physics,79,2001,2017,16,0.170284,0.829716
physics,79,2001,2018,17,0.170284,0.829716
physics,79,2001,2019,18,0.170284,0.829716
physics,79,2001,2020,19,0.170284,0.829716
physics,79,2001,2021,20,0.170284,0.829716
physics,79,2001,2022,21,0.170284,0.829716
physics,79,2001,2023,22,0.170284,0.829716
physics,79,2001,2024,23,0.170284,0.829716
physics,79,2001,2025,24,0.170284,0.829716
physics,80,2001,2001,0,1.0,0.0
physics,80,2001,2005,4,0.0,1.0
physics,80,2001,2006,5,0.0,1.0
physics,80,2001,2007,6,0.0,1.0
physics,80,2001,2008,7,0.0,1.0
physics,80,2001,2009,8,0.0,1.0
physics,80,2001,2010,9,0.0,1.0
physics,80,2001,2011,10,0.0,1.0
physics,80,2001,2012,11,0.0,1.0
physics,80,2001,2013,12,0.043525,0.956475
physics,80,2001,2014,13,0.077484,0.922516
physics,80,2001,2015,14,0.038742,0.961258
physics,80,2001,2016,15,0.043525,0.956475
physics,80,2001,2017,16,0.0,1.0
physics,80,2001,2018,17,0.0,1.0
physics,80,2001,2019,18,0.0,1.0
physics,80,2001,2020,19,0.0,1.0
physics,80,2001,2021,20,0.0,1.0
physics,80,2001,2022,21,0.0,1.0
physics,80,2001,2023,22,0.0,1.0
physics,80,2001,2024,23,0.0,1.0
physics,80,2001,2025,24,0.0,1.0
physics,81,2004,2004,0,1.0,0.0
physics,81,2004,2007,3,0.223568,0.776432
physics,81,2004,2008,4,0.223568,0.776432
physics,81,2004,2010,6,0.147788,0.852212
physics,81,2004,2011,7,0.147788,0.852212
physics,81,2004,2012,8,0.147788,0.852212
physics,81,2004,2013,9,0.147788,0.852212
physics,81,2004,2014,10,0.147788,0.852212
physics,81,2004,2015,11,0.147788,0.852212
physics,81,2004,2016,12,0.147788,0.852212
physics,81,2004,2017,13,0.147788,0.852212
physics,81,2004,2018,14,0.147788,0.852212
physics,81,2004,2019,15,0.147788,0.852212
physics,81,2004,2020,16,0.147788,0.852212
physics,81,2004,2021,17,0.147788,0.852212
physics,81,2004,2022,18,0.147788,0.852212
physics,81,2004,2023,19,0.147788,0.852212
physics,81,2004,2024,20,0.147788,0.852212
physics,81,2004,2025,21,0.147788,0.852212
physics,82,2001,2001,0,1.0,0.0
physics,82,2001,2002,1,0.690974,0.309026
physics,82,2001,2003,2,0.0,1.0
physics,82,2001,2004,3,0.0,1.0
physics,82,2001,2005,4,0.0,1.0
physics,82,2001,2006,5,0.0,1.0
physics,82,2001,2007,6,0.0,1.0
physics,82,2001,2008,7,0.0,1.0
physics,82,2001,2009,8,0.0,1.0
physics,82,2001,2010,9,0.0,1.0
physics,82,2001,2011,10,0.0,1.0
physics,82,2001,2012,11,0.0,1.0
physics,82,2001,2013,12,0.0,1.0
physics,82,2001,2014,13,0.0,1.0
physics,82,2001,2015,14,0.0,1.0
physics,82,2001,2016,15,0.0,1.0
physics,82,2001,2017,16,0.0,1.0
physics,82,2001,2018,17,0.0,1.0
physics,82,2001,2019,18,0.0,1.0
physics,82,2001,2020,19,0.0,1.0
physics,82,2001,2021,20,0.0,1.0
physics,82,2001,2022,21,0.0,1.0
physics,82,2001,2023,22,0.0,1.0
physics,82,2001,2024,23,0.0,1.0
physics,82,2001,2025,24,0.0,1.0
physics,83,2000,2000,0,1.0,0.0
physics,83,2000,2001,1,0.299353,0.700647
physics,83,2000,2002,2,0.302376,0.697624
physics,83,2000,2003,3,0.278964,0.721036
physics,83,2000,2004,4,0.203964,0.796036
physics,83,2000,2005,5,0.281662,0.718338
physics,83,2000,2006,6,0.320405,0.679595
physics,83,2000,2007,7,0.297189,0.702811
physics,83,2000,2008,8,0.284943,0.715057
physics,83,2000,2009,9,0.297189,0.702811
physics,83,2000,2010,10,0.253664,0.746336
physics,83,2000,2011,11,0.280664,0.719336
physics,83,2000,2012,12,0.324189,0.675811
physics,83,2000,2013,13,0.253664,0.746336
physics,83,2000,2014,14,0.319406,0.680594
physics,83,2000,2015,15,0.324189,0.675811
physics,83,2000,2016,16,0.324189,0.675811
physics,83,2000,2017,17,0.280664,0.719336
physics,83,2000,2018,18,0.319406,0.680594
physics,83,2000,2019,19,0.253664,0.746336
physics,83,2000,2020,20,0.324189,0.675811
physics,83,2000,2021,21,0.292406,0.707594
physics,83,2000,2022,22,0.297189,0.702811
physics,83,2000,2023,23,0.297189,0.702811
physics,83,2000,2024,24,0.31076,0.68924
physics,83,2000,2025,25,0.297189,0.702811
physics,84,2000,2000,0,1.0,0.0
physics,84,2000,2001,1,0.451413,0.548587
physics,84,2000,2002,2,0.270284,0.729716
physics,84,2000,2003,3,0.270284,0.729716
physics,84,2000,2005,5,0.0,1.0
physics,84,2000,2006,6,0.098284,0.901716
physics,84,2000,2007,7,0.270284,0.729716
physics,84,2000,2008,8,0.32738,0.67262
physics,84,2000,2009,9,0.32738,0.67262
physics,84,2000,2010,10,0.32738,0.67262
physics,84,2000,2011,11,0.32738,0.67262
physics,84,2000,2012,12,0.32738,0.67262
physics,84,2000,2013,13,0.32738,0.67262
physics,84,2000,2014,14,0.32738,0.67262
physics,84,2000,2015,15,0.32738,0.67262
physics,84,2000,2016,16,0.32738,0.67262
physics,84,2000,2017,17,0.32738,0.67262
physics,84,2000,2018,18,0.32738,0.67262
physics,84,2000,2019,19,0.32738,0.67262
physics,84,2000,2020,20,0.32738,0.67262
physics,84,2000,2021,21,0.32738,0.67262
physics,84,2000,2022,22,0.32738,0.67262
physics,84,2000,2023,23,0.32738,0.67262
physics,84,2000,2024,24,0.32738,0.67262
physics,84,2000,2025,25,0.32738,0.67262
physics,85,2001,2001,0,1.0,0.0
physics,85,2001,2002,1,0.541641,0.458359
physics,85,2001,2003,2,0.482227,0.517773
physics,85,2001,2004,3,0.469105,0.530895
physics,85,2001,2005,4,0.500452,0.499548
physics,85,2001,2006,5,0.443356,0.556644
physics,85,2001,2007,6,0.443356,0.556644
physics,85,2001,2008,7,0.443356,0.556644
physics,85,2001,2009,8,0.443356,0.556644
physics,85,2001,2010,9,0.443356,0.556644
physics,85,2001,2011,10,0.443356,0.556644
physics,85,2001,2012,11,0.416356,0.583644
physics,85,2001,2013,12,0.443356,0.556644
physics,85,2001,2014,13,0.416356,0.583644
physics,85,2001,2015,14,0.443356,0.556644
physics,85,2001,2016,15,0.443356,0.556644
physics,85,2001,2017,16,0.49286,0.50714
physics,85,2001,2018,17,0.500452,0.499548
physics,85,2001,2019,18,0.46586,0.53414
physics,85,2001,2020,19,0.46586,0.53414
physics,85,2001,2021,20,0.416356,0.583644
physics,85,2001,2022,21,0.416356,0.583644
physics,85,2001,2023,22,0.46586,0.53414
physics,85,2001,2024,23,0.455099,0.544901
physics,85,2001,2025,24,0.459881,0.540119
physics,86,2000,2000,0,1.0,0.0
physics,86,2000,2001,1,0.723116,0.276884
physics,86,2000,2002,2,0.673153,0.326847
physics,86,2000,2003,3,0.260611,0.739389
physics,86,2000,2004,4,0.684374,0.315626
physics,86,2000,2005,5,0.683466,0.316534
physics,86,2000,2006,6,0.758742,0.241258
physics,86,2000,2007,7,0.72,0.28
physics,86,2000,2008,8,0.752763,0.247237
physics,86,2000,2009,9,0.665713,0.334287
physics,86,2000,2010,10,0.753959,0.246041
physics,86,2000,2011,11,0.709238,0.290762
physics,86,2000,2012,12,0.752763,0.247237
physics,86,2000,2013,13,0.74798,0.25202
physics,86,2000,2014,14,0.74798,0.25202
physics,86,2000,2015,15,0.74798,0.25202
physics,86,2000,2016,16,0.709238,0.290762
physics,86,2000,2017,17,0.709238,0.290762
physics,86,2000,2018,18,0.709238,0.290762
physics,86,2000,2019,19,0.709238,0.290762
physics,86,2000,2020,20,0.709238,0.290762
physics,86,2000,2021,21,0.74798,0.25202
physics,86,2000,2022,22,0.74798,0.25202
physics,86,2000,2023,23,0.709238,0.290762
physics,86,2000,2024,24,0.709238,0.290762
physics,86,2000,2025,25,0.709238,0.290762
physics,87,2009,2009,0,1.0,0.0
physics,87,2009,2010,1,0.84384,0.15616
physics,87,2009,2011,2,0.683722,0.316278
physics,87,2009,2012,3,0.488597,0.511403
physics,87,2009,2013,4,0.363313,0.636687
physics,87,2009,2014,5,0.270284,0.729716
physics,87,2009,2015,6,0.270284,0.729716
physics,87,2009,2016,7,0.270284,0.729716
physics,87,2009,2017,8,0.270284,0.729716
physics,87,2009,2018,9,0.270284,0.729716
physics,87,2009,2019,10,0.270284,0.729716
physics,87,2009,2020,11,0.270284,0.729716
physics,87,2009,2021,12,0.270284,0.729716
physics,87,2009,2022,13,0.270284,0.729716
physics,87,2009,2023,14,0.270284,0.729716
physics,87,2009,2024,15,0.270284,0.729716
physics,87,2009,2025,16,0.270284,0.729716
physics,88,2000,2000,0,1.0,0.0
physics,88,2000,2001,1,0.740813,0.259187
physics,88,2000,2002,2,0.367576,0.632424
physics,88,2000,2003,3,0.423197,0.576803
physics,88,2000,2004,4,0.295576,0.704424
physics,88,2000,2005,5,0.227847,0.772153
physics,88,2000,2006,6,0.318072,0.681928
physics,88,2000,2007,7,0.375168,0.624832
physics,88,2000,2008,8,0.385009,0.614991
physics,88,2000,2009,9,0.295576,0.704424
physics,88,2000,2010,10,0.295576,0.704424
physics,88,2000,2011,11,0.316093,0.683907
physics,88,2000,2012,12,0.273072,0.726928
physics,88,2000,2013,13,0.305331,0.694669
physics,88,2000,2014,14,0.339101,0.660899
physics,88,2000,2015,15,0.330168,0.669832
physics,88,2000,2016,16,0.375168,0.624832
physics,88,2000,2017,17,0.330168,0.669832
physics,88,2000,2018,18,0.418414,0.581586
physics,88,2000,2019,19,0.366101,0.633899
physics,88,2000,2020,20,0.379672,0.620328
physics,88,2000,2021,21,0.277351,0.722649
physics,88,2000,2022,22,0.266589,0.733411
physics,88,2000,2023,23,0.303168,0.696832
physics,88,2000,2024,24,0.266589,0.733411
physics,88,2000,2025,25,0.311814,0.688186
physics,89,2000,2000,0,1.0,0.0
physics,89,2000,2001,1,0.684374,0.315626
physics,89,2000,2002,2,0.043525,0.956475
physics,89,2000,2003,3,0.043525,0.956475
physics,89,2000,2004,4,0.043525,0.956475
physics,89,2000,2005,5,0.123584,0.876416
physics,89,2000,2006,6,0.0,1.0
physics,89,2000,2007,7,0.0,1.0
physics,89,2000,2008,8,0.0,1.0
physics,89,2000,2009,9,0.0,1.0
physics,89,2000,2010,10,0.080059,0.919941
physics,89,2000,2011,11,0.066937,0.933063
physics,89,2000,2012,12,0.057096,0.942904
physics,89,2000,2013,13,0.082267,0.917733
physics,89,2000,2014,14,0.066937,0.933063
physics,89,2000,2015,15,0.0,1.0
physics,89,2000,2016,16,0.0,1.0
physics,89,2000,2017,17,0.082267,0.917733
physics,89,2000,2018,18,0.043525,0.956475
physics,89,2000,2019,19,0.043525,0.956475
physics,89,2000,2020,20,0.043525,0.956475
physics,89,2000,2021,21,0.043525,0.956475
physics,89,2000,2022,22,0.043525,0.956475
physics,89,2000,2023,23,0.043525,0.956475
physics,89,2000,2024,24,0.08705,0.91295
physics,89,2000,2025,25,0.043525,0.956475
physics,90,2000,2000,0,1.0,0.0
physics,90,2000,2001,1,0.395865,0.604135
physics,90,2000,2002,2,0.137155,0.862845
physics,90,2000,2003,3,0.146996,0.853004
physics,90,2000,2004,4,0.137155,0.862845
physics,90,2000,2005,5,0.146996,0.853004
physics,90,2000,2006,6,0.178343,0.821657
physics,90,2000,2007,7,0.160118,0.839882
physics,90,2000,2008,8,0.160118,0.839882
physics,90,2000,2009,9,0.146996,0.853004
physics,90,2000,2010,10,0.129563,0.870437
physics,90,2000,2011,11,0.118801,0.881199
physics,90,2000,2012,12,0.080059,0.919941
physics,90,2000,2013,13,0.080059,0.919941
physics,90,2000,2014,14,0.080059,0.919941
physics,90,2000,2015,15,0.080059,0.919941
physics,90,2000,2016,16,0.080059,0.919941
physics,90,2000,2017,17,0.080059,0.919941
physics,90,2000,2018,18,0.080059,0.919941
physics,90,2000,2019,19,0.080059,0.919941
physics,90,2000,2020,20,0.080059,0.919941
physics,90,2000,2021,21,0.080059,0.919941
physics,90,2000,2022,22,0.080059,0.919941
physics,90,2000,2023,23,0.080059,0.919941
physics,90,2000,2024,24,0.080059,0.919941
physics,90,2000,2025,25,0.080059,0.919941
physics,91,2000,2000,0,1.0,0.0
physics,91,2000,2001,1,0.636385,0.363615
physics,91,2000,2002,2,0.539714,0.460286
physics,91,2000,2003,3,0.396189,0.603811
physics,91,2000,2004,4,0.396189,0.603811
physics,91,2000,2005,5,0.534931,0.465069
physics,91,2000,2006,6,0.534931,0.465069
physics,91,2000,2007,7,0.532122,0.467878
physics,91,2000,2008,8,0.488597,0.511403
physics,91,2000,2009,9,0.496189,0.503811
physics,91,2000,2010,10,0.496189,0.503811
physics,91,2000,2011,11,0.534931,0.465069
physics,91,2000,2012,12,0.545693,0.454307
physics,91,2000,2013,13,0.534931,0.465069
physics,91,2000,2014,14,0.539714,0.460286
physics,91,2000,2015,15,0.527339,0.472661
physics,91,2000,2016,16,0.527339,0.472661
physics,91,2000,2017,17,0.488597,0.511403
physics,91,2000,2018,18,0.496189,0.503811
physics,91,2000,2019,19,0.496189,0.503811
physics,91,2000,2020,20,0.545693,0.454307
physics,91,2000,2021,21,0.521361,0.478639
physics,91,2000,2022,22,0.532122,0.467878
physics,91,2000,2023,23,0.534931,0.465069
physics,91,2000,2024,24,0.539714,0.460286
physics,91,2000,2025,25,0.532122,0.467878
physics,92,2000,2000,0,1.0,0.0
physics,92,2000,2001,1,0.72472,0.27528
physics,92,2000,2002,2,0.65671,0.34329
physics,92,2000,2003,3,0.65763,0.34237
physics,92,2000,2004,4,0.556756,0.443244
physics,92,2000,2005,5,0.688186,0.311814
physics,92,2000,2006,6,0.630064,0.369936
physics,92,2000,2007,7,0.538403,0.461597
physics,92,2000,2008,8,0.517968,0.482032
physics,92,2000,2009,9,0.442565,0.557435
physics,92,2000,2010,10,0.492069,0.507931
physics,92,2000,2011,11,0.538403,0.461597
physics,92,2000,2012,12,0.548244,0.451756
physics,92,2000,2013,13,0.654502,0.345498
physics,92,2000,2014,14,0.509502,0.490498
physics,92,2000,2015,15,0.509502,0.490498
physics,92,2000,2016,16,0.654502,0.345498
physics,92,2000,2017,17,0.554502,0.445498
physics,92,2000,2018,18,0.522624,0.477376
physics,92,2000,2019,19,0.509502,0.490498
physics,92,2000,2020,20,0.509502,0.490498
physics,92,2000,2021,21,0.522624,0.477376
physics,92,2000,2022,22,0.522624,0.477376
physics,92,2000,2023,23,0.509502,0.490498
physics,92,2000,2024,24,0.509502,0.490498
physics,92,2000,2025,25,0.509502,0.490498
physics,93,2004,2004,0,1.0,0.0
physics,93,2004,2005,1,0.198708,0.801292
physics,93,2004,2009,5,0.0,1.0
physics,93,2004,2010,6,0.0,1.0
physics,93,2004,2011,7,0.0,1.0
physics,93,2004,2012,8,0.0,1.0
physics,93,2004,2013,9,0.0,1.0
physics,93,2004,2014,10,0.0,1.0
physics,93,2004,2015,11,0.0,1.0
physics,93,2004,2016,12,0.0,1.0
physics,93,2004,2017,13,0.0,1.0
physics,93,2004,2018,14,0.0,1.0
physics,93,2004,2019,15,0.0,1.0
physics,93,2004,2020,16,0.0,1.0
physics,93,2004,2021,17,0.0,1.0
physics,93,2004,2022,18,0.0,1.0
physics,93,2004,2023,19,0.0,1.0
physics,93,2004,2024,20,0.0,1.0
physics,93,2004,2025,21,0.0,1.0
physics,94,2000,2000,0,1.0,0.0
physics,94,2000,2001,1,0.354088,0.645912
physics,94,2000,2002,2,0.389086,0.610914
physics,94,2000,2003,3,0.506031,0.493969
physics,94,2000,2004,4,0.439094,0.560906
physics,94,2000,2005,5,0.439094,0.560906
physics,94,2000,2006,6,0.533597,0.466403
physics,94,2000,2007,7,0.479311,0.520689
physics,94,2000,2008,8,0.484094,0.515906
physics,94,2000,2009,9,0.440568,0.559432
physics,94,2000,2010,10,0.440568,0.559432
physics,94,2000,2011,11,0.484094,0.515906
physics,94,2000,2012,12,0.484094,0.515906
physics,94,2000,2013,13,0.484094,0.515906
physics,94,2000,2014,14,0.484094,0.515906
physics,94,2000,2015,15,0.484094,0.515906
physics,94,2000,2016,16,0.484094,0.515906
physics,94,2000,2017,17,0.484094,0.515906
physics,94,2000,2018,18,0.484094,0.515906
physics,94,2000,2019,19,0.484094,0.515906
physics,94,2000,2020,20,0.484094,0.515906
physics,94,2000,2021,21,0.484094,0.515906
physics,94,2000,2022,22,0.484094,0.515906
physics,94,2000,2023,23,0.484094,0.515906
physics,94,2000,2024,24,0.479311,0.520689
physics,94,2000,2025,25,0.484094,0.515906
physics,95,2000,2000,0,1.0,0.0
physics,95,2000,2001,1,0.711941,0.288059
physics,95,2000,2002,2,0.563874,0.436126
physics,95,2000,2004,4,0.0,1.0
physics,95,2000,2005,5,0.0,1.0
physics,95,2000,2006,6,0.0,1.0
physics,95,2000,2007,7,0.0,1.0
physics,95,2000,2008,8,0.0,1.0
physics,95,2000,2009,9,0.0,1.0
physics,95,2000,2010,10,0.0,1.0
physics,95,2000,2011,11,0.0,1.0
physics,95,2000,2012,12,0.0,1.0
physics,95,2000,2013,13,0.0,1.0
physics,95,2000,2014,14,0.038742,0.961258
physics,95,2000,2015,15,0.049504,0.950496
physics,95,2000,2016,16,0.049504,0.950496
physics,95,2000,2017,17,0.049504,0.950496
physics,95,2000,2018,18,0.049504,0.950496
physics,95,2000,2019,19,0.049504,0.950496
physics,95,2000,2020,20,0.049504,0.950496
physics,95,2000,2021,21,0.0,1.0
physics,95,2000,2022,22,0.0,1.0
physics,95,2000,2023,23,0.0,1.0
physics,95,2000,2024,24,0.0,1.0
physics,95,2000,2025,25,0.0,1.0
physics,96,2000,2000,0,1.0,0.0
physics,96,2000,2001,1,0.164026,0.835974
physics,96,2000,2002,2,0.207551,0.792449
physics,96,2000,2003,3,0.125284,0.874716
physics,96,2000,2004,4,0.164026,0.835974
physics,96,2000,2005,5,0.207551,0.792449
physics,96,2000,2006,6,0.207551,0.792449
physics,96,2000,2007,7,0.164026,0.835974
physics,96,2000,2008,8,0.164026,0.835974
physics,96,2000,2009,9,0.164026,0.835974
physics,96,2000,2010,10,0.164026,0.835974
physics,96,2000,2011,11,0.164026,0.835974
physics,96,2000,2012,12,0.164026,0.835974
physics,96,2000,2013,13,0.164026,0.835974
physics,96,2000,2014,14,0.202768,0.797232
physics,96,2000,2015,15,0.164026,0.835974
physics,96,2000,2016,16,0.164026,0.835974
physics,96,2000,2017,17,0.164026,0.835974
physics,96,2000,2018,18,0.207551,0.792449
physics,96,2000,2019,19,0.202768,0.797232
physics,96,2000,2020,20,0.207551,0.792449
physics,96,2000,2021,21,0.207551,0.792449
physics,96,2000,2022,22,0.207551,0.792449
physics,96,2000,2023,23,0.207551,0.792449
physics,96,2000,2024,24,0.202768,0.797232
physics,96,2000,2025,25,0.164026,0.835974
physics,97,2001,2001,0,1.0,0.0
physics,97,2001,2002,1,0.592561,0.407439
physics,97,2001,2003,2,0.129563,0.870437
physics,97,2001,2005,4,0.0,1.0
physics,97,2001,2007,6,0.0,1.0
physics,97,2001,2008,7,0.0,1.0
physics,97,2001,2009,8,0.0,1.0
physics,97,2001,2010,9,0.057096,0.942904
physics,97,2001,2011,10,0.0,1.0
physics,97,2001,2012,11,0.0,1.0
physics,97,2001,2013,12,0.0,1.0
physics,97,2001,2014,13,0.0,1.0
physics,97,2001,2015,14,0.0,1.0
physics,97,2001,2016,15,0.0,1.0
physics,97,2001,2017,16,0.0,1.0
physics,97,2001,2018,17,0.0,1.0
physics,97,2001,2019,18,0.0,1.0
physics,97,2001,2020,19,0.0,1.0
physics,97,2001,2021,20,0.0,1.0
physics,97,2001,2022,21,0.0,1.0
physics,97,2001,2023,22,0.0,1.0
physics,97,2001,2024,23,0.0,1.0
physics,97,2001,2025,24,0.0,1.0
physics,98,2000,2000,0,1.0,0.0
physics,98,2000,2001,1,0.820149,0.179851
physics,98,2000,2002,2,0.526668,0.473332
physics,98,2000,2003,3,0.411644,0.588356
physics,98,2000,2004,4,0.294784,0.705216
physics,98,2000,2005,5,0.302376,0.697624
physics,98,2000,2006,6,0.213934,0.786066
physics,98,2000,2007,7,0.320084,0.679916
physics,98,2000,2008,8,0.314554,0.685446
physics,98,2000,2009,9,0.284151,0.715849
physics,98,2000,2010,10,0.270581,0.729419
physics,98,2000,2011,11,0.309323,0.690677
physics,98,2000,2012,12,0.322894,0.677106
physics,98,2000,2013,13,0.333655,0.666345
physics,98,2000,2014,14,0.322894,0.677106
physics,98,2000,2015,15,0.327676,0.672324
physics,98,2000,2016,16,0.341119,0.658881
physics,98,2000,2017,17,0.302376,0.697624
physics,98,2000,2018,18,0.372901,0.627099
physics,98,2000,2019,19,0.345901,0.654099
physics,98,2000,2020,20,0.372901,0.627099
physics,98,2000,2021,21,0.368119,0.631881
physics,98,2000,2022,22,0.284151,0.715849
physics,98,2000,2023,23,0.284151,0.715849
physics,98,2000,2024,24,0.284151,0.715849
physics,98,2000,2025,25,0.327676,0.672324
physics,99,2000,2000,0,1.0,0.0
physics,99,2000,2001,1,0.507399,0.492601
physics,99,2000,2003,3,0.0,1.0
physics,99,2000,2004,4,0.192221,0.807779
physics,99,2000,2005,5,0.345072,0.654928
physics,99,2000,2006,6,0.345072,0.654928
physics,99,2000,2007,7,0.345072,0.654928
physics,99,2000,2008,8,0.345072,0.654928
physics,99,2000,2009,9,0.345072,0.654928
physics,99,2000,2010,10,0.383814,0.616186
physics,99,2000,2011,11,0.383814,0.616186
physics,99,2000,2012,12,0.345072,0.654928
physics,99,2000,2013,13,0.345072,0.654928
physics,99,2000,2014,14,0.345072,0.654928
physics,99,2000,2015,15,0.345072,0.654928
physics,99,2000,2016,16,0.345072,0.654928
physics,99,2000,2017,17,0.345072,0.654928
physics,99,2000,2018,18,0.345072,0.654928
physics,99,2000,2019,19,0.345072,0.654928
physics,99,2000,2020,20,0.345072,0.654928
physics,99,2000,2021,21,0.345072,0.654928
physics,99,2000,2022,22,0.345072,0.654928
physics,99,2000,2023,23,0.345072,0.654928
physics,99,2000,2024,24,0.345072,0.654928
physics,99,2000,2025,25,0.345072,0.654928
physics,100,2000,2000,0,1.0,0.0
physics,100,2000,2001,1,0.095838,0.904162
physics,100,2000,2002,2,0.080059,0.919941
physics,100,2000,2003,3,0.0,1.0
physics,100,2000,2004,4,0.038742,0.961258
physics,100,2000,2005,5,0.0,1.0
physics,100,2000,2006,6,0.0,1.0
physics,100,2000,2007,7,0.0,1.0
physics,100,2000,2008,8,0.0,1.0
physics,100,2000,2009,9,0.0,1.0
physics,100,2000,2010,10,0.0,1.0
physics,100,2000,2011,11,0.0,1.0
physics,100,2000,2012,12,0.0,1.0
physics,100,2000,2013,13,0.0,1.0
physics,100,2000,2014,14,0.0,1.0
physics,100,2000,2015,15,0.0,1.0
physics,100,2000,2016,16,0.0,1.0
physics,100,2000,2017,17,0.0,1.0
physics,100,2000,2018,18,0.043525,0.956475
physics,100,2000,2019,19,0.0,1.0
physics,100,2000,2020,20,0.0,1.0
physics,100,2000,2021,21,0.0,1.0
physics,100,2000,2022,22,0.0,1.0
physics,100,2000,2023,23,0.0,1.0
physics,100,2000,2024,24,0.0,1.0
physics,100,2000,2025,25,0.0,1.0
physics,101,2000,2000,0,1.0,0.0
physics,101,2000,2001,1,0.703236,0.296764
physics,101,2000,2002,2,0.562174,0.437826
physics,101,2000,2003,3,0.438589,0.561411
physics,101,2000,2004,4,0.479906,0.520094
physics,101,2000,2005,5,0.438589,0.561411
physics,101,2000,2006,6,0.399847,0.600153
physics,101,2000,2007,7,0.386725,0.613275
physics,101,2000,2008,8,0.319788,0.680212
physics,101,2000,2009,9,0.376884,0.623116
physics,101,2000,2010,10,0.443372,0.556628
physics,101,2000,2011,11,0.438589,0.561411
physics,101,2000,2012,12,0.466784,0.533216
physics,101,2000,2013,13,0.399847,0.600153
physics,101,2000,2014,14,0.399847,0.600153
physics,101,2000,2015,15,0.399847,0.600153
physics,101,2000,2016,16,0.438589,0.561411
physics,101,2000,2017,17,0.399847,0.600153
physics,101,2000,2018,18,0.399847,0.600153
physics,101,2000,2019,19,0.438589,0.561411
physics,101,2000,2020,20,0.399847,0.600153
physics,101,2000,2021,21,0.399847,0.600153
physics,101,2000,2022,22,0.399847,0.600153
physics,101,2000,2023,23,0.399847,0.600153
physics,101,2000,2024,24,0.399847,0.600153
physics,101,2000,2025,25,0.399847,0.600153
physics,102,2000,2000,0,1.0,0.0
physics,102,2000,2001,1,0.430616,0.569384
physics,102,2000,2003,3,0.038742,0.961258
physics,102,2000,2004,4,0.088246,0.911754
physics,102,2000,2005,5,0.095838,0.904162
physics,102,2000,2006,6,0.157543,0.842457
physics,102,2000,2007,7,0.088246,0.911754
physics,102,2000,2008,8,0.118801,0.881199
physics,102,2000,2009,9,0.105679,0.894321
physics,102,2000,2010,10,0.149204,0.850796
physics,102,2000,2011,11,0.144421,0.855579
physics,102,2000,2012,12,0.095838,0.904162
physics,102,2000,2013,13,0.137026,0.862974
physics,102,2000,2014,14,0.118801,0.881199
physics,102,2000,2015,15,0.137026,0.862974
physics,102,2000,2016,16,0.118801,0.881199
physics,102,2000,2017,17,0.137026,0.862974
physics,102,2000,2018,18,0.137026,0.862974
physics,102,2000,2019,19,0.137026,0.862974
physics,102,2000,2020,20,0.137026,0.862974
physics,102,2000,2021,21,0.175768,0.824232
physics,102,2000,2022,22,0.137026,0.862974
physics,102,2000,2023,23,0.137026,0.862974
physics,102,2000,2024,24,0.105679,0.894321
physics,102,2000,2025,25,0.105679,0.894321
physics,103,2000,2000,0,1.0,0.0
physics,103,2000,2001,1,0.61475,0.38525
physics,103,2000,2002,2,0.508126,0.491874
physics,103,2000,2003,3,0.407506,0.592494
physics,103,2000,2004,4,0.379311,0.620689
physics,103,2000,2005,5,0.384094,0.615906
physics,103,2000,2006,6,0.340568,0.659432
physics,103,2000,2007,7,0.340568,0.659432
physics,103,2000,2008,8,0.340568,0.659432
physics,103,2000,2009,9,0.340568,0.659432
physics,103,2000,2010,10,0.407506,0.592494
physics,103,2000,2011,11,0.397664,0.602336
physics,103,2000,2012,12,0.379311,0.620689
physics,103,2000,2013,13,0.340568,0.659432
physics,103,2000,2014,14,0.340568,0.659432
physics,103,2000,2015,15,0.340568,0.659432
physics,103,2000,2016,16,0.340568,0.659432
physics,103,2000,2017,17,0.340568,0.659432
physics,103,2000,2018,18,0.340568,0.659432
physics,103,2000,2019,19,0.340568,0.659432
physics,103,2000,2020,20,0.340568,0.659432
physics,103,2000,2021,21,0.340568,0.659432
physics,103,2000,2022,22,0.340568,0.659432
physics,103,2000,2023,23,0.340568,0.659432
physics,103,2000,2024,24,0.384094,0.615906
physics,103,2000,2025,25,0.379311,0.620689
physics,104,2002,2002,0,1.0,0.0
physics,104,2002,2007,5,0.125284,0.874716
physics,104,2002,2009,7,0.18238,0.81762
physics,104,2002,2010,8,0.168809,0.831191
physics,104,2002,2011,9,0.125284,0.874716
physics,104,2002,2012,10,0.125284,0.874716
physics,104,2002,2013,11,0.125284,0.874716
physics,104,2002,2014,12,0.125284,0.874716
physics,104,2002,2015,13,0.125284,0.874716
physics,104,2002,2016,14,0.125284,0.874716
physics,104,2002,2017,15,0.125284,0.874716
physics,104,2002,2018,16,0.125284,0.874716
physics,104,2002,2019,17,0.125284,0.874716
physics,104,2002,2020,18,0.125284,0.874716
physics,104,2002,2021,19,0.125284,0.874716
physics,104,2002,2022,20,0.125284,0.874716
physics,104,2002,2023,21,0.125284,0.874716
physics,104,2002,2024,22,0.125284,0.874716
physics,104,2002,2025,23,0.125284,0.874716
physics,105,2002,2002,0,1.0,0.0
physics,105,2002,2004,2,0.0,1.0
physics,105,2002,2005,3,0.129563,0.870437
physics,105,2002,2006,4,0.0,1.0
physics,105,2002,2007,5,0.0,1.0
physics,105,2002,2008,6,0.043525,0.956475
physics,105,2002,2009,7,0.0,1.0
physics,105,2002,2010,8,0.038742,0.961258
physics,105,2002,2011,9,0.049504,0.950496
physics,105,2002,2012,10,0.116441,0.883559
physics,105,2002,2013,11,0.105679,0.894321
physics,105,2002,2014,12,0.057096,0.942904
physics,105,2002,2015,13,0.080059,0.919941
physics,105,2002,2016,14,0.129563,0.870437
physics,105,2002,2017,15,0.146996,0.853004
physics,105,2002,2018,16,0.080059,0.919941
physics,105,2002,2019,17,0.123584,0.876416
physics,105,2002,2020,18,0.066937,0.933063
physics,105,2002,2021,19,0.049504,0.950496
physics,105,2002,2022,20,0.057096,0.942904
physics,105,2002,2023,21,0.049504,0.950496
physics,105,2002,2024,22,0.080059,0.919941
physics,105,2002,2025,23,0.057096,0.942904
physics,106,2002,2002,0,1.0,0.0
physics,106,2002,2004,2,0.452664,0.547336
physics,106,2002,2005,3,0.532723,0.467277
physics,106,2002,2006,4,0.589819,0.410181
physics,106,2002,2007,5,0.676008,0.323992
physics,106,2002,2008,6,0.608044,0.391956
physics,106,2002,2009,7,0.572661,0.427339
physics,106,2002,2010,8,0.662886,0.337114
physics,106,2002,2011,9,0.676008,0.323992
physics,106,2002,2012,10,0.604008,0.395992
physics,106,2002,2013,11,0.631008,0.368992
physics,106,2002,2014,12,0.631008,0.368992
physics,106,2002,2015,13,0.604008,0.395992
physics,106,2002,2016,14,0.590886,0.409114
physics,106,2002,2017,15,0.604008,0.395992
physics,106,2002,2018,16,0.604008,0.395992
physics,106,2002,2019,17,0.590886,0.409114
physics,106,2002,2020,18,0.590886,0.409114
physics,106,2002,2021,19,0.590886,0.409114
physics,106,2002,2022,20,0.604008,0.395992
physics,106,2002,2023,21,0.631008,0.368992
physics,106,2002,2024,22,0.649233,0.350767
physics,106,2002,2025,23,0.649233,0.350767
physics,107,2001,2001,0,1.0,0.0
physics,107,2001,2002,1,0.043525,0.956475
physics,107,2001,2003,2,0.0,1.0
physics,107,2001,2004,3,0.0,1.0
physics,107,2001,2005,4,0.080059,0.919941
physics,107,2001,2006,5,0.080059,0.919941
physics,107,2001,2007,6,0.080059,0.919941
physics,107,2001,2008,7,0.105679,0.894321
physics,107,2001,2009,8,0.080059,0.919941
physics,107,2001,2010,9,0.118801,0.881199
physics,107,2001,2011,10,0.080059,0.919941
physics,107,2001,2012,11,0.080059,0.919941
physics,107,2001,2013,12,0.080059,0.919941
physics,107,2001,2014,13,0.080059,0.919941
physics,107,2001,2015,14,0.080059,0.919941
physics,107,2001,2016,15,0.080059,0.919941
physics,107,2001,2017,16,0.080059,0.919941
physics,107,2001,2018,17,0.080059,0.919941
physics,107,2001,2019,18,0.080059,0.919941
physics,107,2001,2020,19,0.080059,0.919941
physics,107,2001,2021,20,0.080059,0.919941
physics,107,2001,2022,21,0.080059,0.919941
physics,107,2001,2023,22,0.080059,0.919941
physics,107,2001,2024,23,0.080059,0.919941
physics,107,2001,2025,24,0.080059,0.919941
physics,108,2000,2000,0,1.0,0.0
physics,108,2000,2001,1,0.595752,0.404248
physics,108,2000,2002,2,0.577723,0.422277
physics,108,2000,2003,3,0.519153,0.480847
physics,108,2000,2004,4,0.376884,0.623116
physics,108,2000,2005,5,0.445072,0.554928
physics,108,2000,2006,6,0.497664,0.502336
physics,108,2000,2007,7,0.507506,0.492494
physics,108,2000,2008,8,0.395568,0.604432
physics,108,2000,2009,9,0.345072,0.654928
physics,108,2000,2010,10,0.395568,0.604432
physics,108,2000,2011,11,0.440568,0.559432
physics,108,2000,2012,12,0.340568,0.659432
physics,108,2000,2013,13,0.395568,0.604432
physics,108,2000,2014,14,0.479311,0.520689
physics,108,2000,2015,15,0.295568,0.704432
physics,108,2000,2016,16,0.506031,0.493969
physics,108,2000,2017,17,0.506031,0.493969
physics,108,2000,2018,18,0.445072,0.554928
physics,108,2000,2019,19,0.473053,0.526947
physics,108,2000,2020,20,0.407439,0.592561
physics,108,2000,2021,21,0.395568,0.604432
physics,108,2000,2022,22,0.368568,0.631432
physics,108,2000,2023,23,0.250343,0.749657
physics,108,2000,2024,24,0.368568,0.631432
physics,108,2000,2025,25,0.386725,0.613275
physics,109,2000,2000,0,1.0,0.0
physics,109,2000,2001,1,0.782186,0.217814
physics,109,2000,2002,2,0.459813,0.540187
physics,109,2000,2003,3,0.222592,0.777408
physics,109,2000,2004,4,0.118801,0.881199
physics,109,2000,2005,5,0.080059,0.919941
physics,109,2000,2006,6,0.080059,0.919941
physics,109,2000,2007,7,0.129563,0.870437
physics,109,2000,2008,8,0.186659,0.813341
physics,109,2000,2009,9,0.186659,0.813341
physics,109,2000,2010,10,0.186659,0.813341
physics,109,2000,2011,11,0.179067,0.820933
physics,109,2000,2012,12,0.186659,0.813341
physics,109,2000,2013,13,0.173088,0.826912
physics,109,2000,2014,14,0.129563,0.870437
physics,109,2000,2015,15,0.186659,0.813341
physics,109,2000,2016,16,0.186659,0.813341
physics,109,2000,2017,17,0.186659,0.813341
physics,109,2000,2018,18,0.186659,0.813341
physics,109,2000,2019,19,0.186659,0.813341
physics,109,2000,2020,20,0.186659,0.813341
physics,109,2000,2021,21,0.186659,0.813341
physics,109,2000,2022,22,0.186659,0.813341
physics,109,2000,2023,23,0.186659,0.813341
physics,109,2000,2024,24,0.186659,0.813341
physics,109,2000,2025,25,0.186659,0.813341
physics,110,2000,2000,0,1.0,0.0
physics,110,2000,2001,1,0.805418,0.194582
physics,110,2000,2002,2,0.795565,0.204435
physics,110,2000,2003,3,0.633344,0.366656
physics,110,2000,2004,4,0.599661,0.400339
physics,110,2000,2005,5,0.599661,0.400339
physics,110,2000,2006,6,0.599661,0.400339
physics,110,2000,2007,7,0.644661,0.355339
physics,110,2000,2008,8,0.625281,0.374719
physics,110,2000,2009,9,0.714726,0.285274
physics,110,2000,2010,10,0.621697,0.378303
physics,110,2000,2011,11,0.644661,0.355339
physics,110,2000,2012,12,0.634819,0.365181
physics,110,2000,2013,13,0.589819,0.410181
physics,110,2000,2014,14,0.599661,0.400339
physics,110,2000,2015,15,0.562819,0.437181
physics,110,2000,2016,16,0.656756,0.343244
physics,110,2000,2017,17,0.622164,0.377836
physics,110,2000,2018,18,0.644661,0.355339
physics,110,2000,2019,19,0.644661,0.355339
physics,110,2000,2020,20,0.631539,0.368461
physics,110,2000,2021,21,0.554436,0.445564
physics,110,2000,2022,22,0.629756,0.370244
physics,110,2000,2023,23,0.603939,0.396061
physics,110,2000,2024,24,0.644661,0.355339
physics,110,2000,2025,25,0.586539,0.413461
physics,111,2001,2001,0,1.0,0.0
physics,111,2001,2002,1,0.386725,0.613275
physics,111,2001,2004,3,0.057096,0.942904
physics,111,2001,2005,4,0.043525,0.956475
physics,111,2001,2006,5,0.22738,0.77262
physics,111,2001,2007,6,0.219788,0.780212
physics,111,2001,2008,7,0.170284,0.829716
physics,111,2001,2009,8,0.080059,0.919941
physics,111,2001,2010,9,0.270284,0.729716
physics,111,2001,2011,10,0.270284,0.729716
physics,111,2001,2012,11,0.270284,0.729716
physics,111,2001,2013,12,0.270284,0.729716
physics,111,2001,2014,13,0.270284,0.729716
physics,111,2001,2015,14,0.270284,0.729716
physics,111,2001,2016,15,0.270284,0.729716
physics,111,2001,2017,16,0.270284,0.729716
physics,111,2001,2018,17,0.270284,0.729716
physics,111,2001,2019,18,0.270284,0.729716
physics,111,2001,2020,19,0.319788,0.680212
physics,111,2001,2021,20,0.313809,0.686191
physics,111,2001,2022,21,0.313809,0.686191
physics,111,2001,2023,22,0.319788,0.680212
physics,111,2001,2024,23,0.32738,0.67262
physics,111,2001,2025,24,0.309026,0.690974
physics,112,2000,2000,0,1.0,0.0
physics,112,2000,2001,1,0.655294,0.344706
physics,112,2000,2002,2,0.562886,0.437114
physics,112,2000,2003,3,0.464153,0.535847
physics,112,2000,2004,4,0.50579,0.49421
physics,112,2000,2005,5,0.627727,0.372273
physics,112,2000,2006,6,0.617886,0.382114
physics,112,2000,2007,7,0.610294,0.389706
physics,112,2000,2008,8,0.46079,0.53921
physics,112,2000,2009,9,0.510294,0.489706
physics,112,2000,2010,10,0.627727,0.372273
physics,112,2000,2011,11,0.627727,0.372273
physics,112,2000,2012,12,0.627727,0.372273
physics,112,2000,2013,13,0.617886,0.382114
physics,112,2000,2014,14,0.617886,0.382114
physics,112,2000,2015,15,0.627727,0.372273
physics,112,2000,2016,16,0.627727,0.372273
physics,112,2000,2017,17,0.640849,0.359151
physics,112,2000,2018,18,0.640849,0.359151
physics,112,2000,2019,19,0.640849,0.359151
physics,112,2000,2020,20,0.640849,0.359151
physics,112,2000,2021,21,0.640849,0.359151
physics,112,2000,2022,22,0.640849,0.359151
physics,112,2000,2023,23,0.640849,0.359151
physics,112,2000,2024,24,0.640849,0.359151
physics,112,2000,2025,25,0.640849,0.359151
physics,113,2000,2000,0,1.0,0.0
physics,113,2000,2001,1,0.936926,0.063074
physics,113,2000,2003,3,0.0,1.0
physics,113,2000,2004,4,0.0,1.0
physics,113,2000,2005,5,0.0,1.0
physics,113,2000,2006,6,0.043525,0.956475
physics,113,2000,2007,7,0.043525,0.956475
physics,113,2000,2008,8,0.043525,0.956475
physics,113,2000,2009,9,0.043525,0.956475
physics,113,2000,2010,10,0.043525,0.956475
physics,113,2000,2011,11,0.043525,0.956475
physics,113,2000,2012,12,0.043525,0.956475
physics,113,2000,2013,13,0.043525,0.956475
physics,113,2000,2014,14,0.043525,0.956475
physics,113,2000,2015,15,0.043525,0.956475
physics,113,2000,2016,16,0.043525,0.956475
physics,113,2000,2017,17,0.043525,0.956475
physics,113,2000,2018,18,0.043525,0.956475
physics,113,2000,2019,19,0.043525,0.956475
physics,113,2000,2020,20,0.043525,0.956475
physics,113,2000,2021,21,0.043525,0.956475
physics,113,2000,2022,22,0.043525,0.956475
physics,113,2000,2023,23,0.043525,0.956475
physics,113,2000,2024,24,0.043525,0.956475
physics,113,2000,2025,25,0.043525,0.956475
physics,114,2001,2001,0,1.0,0.0
physics,114,2001,2002,1,0.5865,0.4135
physics,114,2001,2003,2,0.399466,0.600534
physics,114,2001,2004,3,0.223568,0.776432
physics,114,2001,2005,4,0.223568,0.776432
physics,114,2001,2006,5,0.290506,0.709494
physics,114,2001,2007,6,0.232159,0.767841
physics,114,2001,2008,7,0.290506,0.709494
physics,114,2001,2009,8,0.290506,0.709494
physics,114,2001,2010,9,0.290506,0.709494
physics,114,2001,2011,10,0.290506,0.709494
physics,114,2001,2012,11,0.290506,0.709494
physics,114,2001,2013,12,0.290506,0.709494
physics,114,2001,2014,13,0.290506,0.709494
physics,114,2001,2015,14,0.290506,0.709494
physics,114,2001,2016,15,0.290506,0.709494
physics,114,2001,2017,16,0.290506,0.709494
physics,114,2001,2018,17,0.329248,0.670752
physics,114,2001,2019,18,0.329248,0.670752
physics,114,2001,2020,19,0.290506,0.709494
physics,114,2001,2021,20,0.290506,0.709494
physics,114,2001,2022,21,0.290506,0.709494
physics,114,2001,2023,22,0.290506,0.709494
physics,114,2001,2024,23,0.290506,0.709494
physics,114,2001,2025,24,0.290506,0.709494
physics,115,2000,2000,0,1.0,0.0
physics,115,2000,2003,3,0.170284,0.829716
physics,115,2000,2005,5,0.0,1.0
physics,115,2000,2006,6,0.049504,0.950496
physics,115,2000,2007,7,0.049504,0.950496
physics,115,2000,2008,8,0.098284,0.901716
physics,115,2000,2009,9,0.170284,0.829716
physics,115,2000,2010,10,0.170284,0.829716
physics,115,2000,2011,11,0.170284,0.829716
physics,115,2000,2012,12,0.170284,0.829716
physics,115,2000,2013,13,0.170284,0.829716
physics,115,2000,2014,14,0.170284,0.829716
physics,115,2000,2015,15,0.098284,0.901716
physics,115,2000,2016,16,0.098284,0.901716
physics,115,2000,2017,17,0.170284,0.829716
physics,115,2000,2018,18,0.170284,0.829716
physics,115,2000,2019,19,0.125284,0.874716
physics,115,2000,2020,20,0.170284,0.829716
physics,115,2000,2021,21,0.170284,0.829716
physics,115,2000,2022,22,0.170284,0.829716
physics,115,2000,2023,23,0.170284,0.829716
physics,115,2000,2024,24,0.170284,0.829716
physics,115,2000,2025,25,0.170284,0.829716
physics,116,2000,2000,0,1.0,0.0
physics,116,2000,2001,1,0.627099,0.372901
physics,116,2000,2002,2,0.550948,0.449052
physics,116,2000,2003,3,0.435506,0.564494
physics,116,2000,2004,4,0.466853,0.533147
physics,116,2000,2005,5,0.165221,0.834779
physics,116,2000,2006,6,0.368568,0.631432
physics,116,2000,2007,7,0.368568,0.631432
physics,116,2000,2008,8,0.435506,0.564494
physics,116,2000,2009,9,0.466853,0.533147
physics,116,2000,2010,10,0.466853,0.533147
physics,116,2000,2011,11,0.466853,0.533147
physics,116,2000,2012,12,0.466853,0.533147
physics,116,2000,2013,13,0.466853,0.533147
physics,116,2000,2014,14,0.448628,0.551372
physics,116,2000,2015,15,0.493853,0.506147
physics,116,2000,2016,16,0.493853,0.506147
physics,116,2000,2017,17,0.493853,0.506147
physics,116,2000,2018,18,0.466853,0.533147
physics,116,2000,2019,19,0.466853,0.533147
physics,116,2000,2020,20,0.493853,0.506147
physics,116,2000,2021,21,0.493853,0.506147
physics,116,2000,2022,22,0.493853,0.506147
physics,116,2000,2023,23,0.493853,0.506147
physics,116,2000,2024,24,0.493853,0.506147
physics,116,2000,2025,25,0.466853,0.533147
physics,117,2000,2000,0,1.0,0.0
physics,117,2000,2001,1,0.473928,0.526072
physics,117,2000,2002,2,0.293869,0.706131
physics,117,2000,2003,3,0.293869,0.706131
physics,117,2000,2004,4,0.221869,0.778131
physics,117,2000,2005,5,0.18068,0.81932
physics,117,2000,2006,6,0.257334,0.742666
physics,117,2000,2007,7,0.213809,0.786191
physics,117,2000,2008,8,0.252551,0.747449
physics,117,2000,2009,9,0.252551,0.747449
physics,117,2000,2010,10,0.313809,0.686191
physics,117,2000,2011,11,0.363313,0.636687
physics,117,2000,2012,12,0.357334,0.642666
physics,117,2000,2013,13,0.293869,0.706131
physics,117,2000,2014,14,0.313809,0.686191
physics,117,2000,2015,15,0.313809,0.686191
physics,117,2000,2016,16,0.313809,0.686191
physics,117,2000,2017,17,0.313809,0.686191
physics,117,2000,2018,18,0.213809,0.786191
physics,117,2000,2019,19,0.313809,0.686191
physics,117,2000,2020,20,0.213809,0.786191
physics,117,2000,2021,21,0.213809,0.786191
physics,117,2000,2022,22,0.213809,0.786191
physics,117,2000,2023,23,0.257334,0.742666
physics,117,2000,2024,24,0.313809,0.686191
physics,117,2000,2025,25,0.313809,0.686191
physics,118,2001,2001,0,1.0,0.0
physics,118,2001,2002,1,0.240025,0.759975
physics,118,2001,2005,4,0.0,1.0
physics,118,2001,2006,5,0.0,1.0
physics,118,2001,2007,6,0.049504,0.950496
physics,118,2001,2008,7,0.057096,0.942904
physics,118,2001,2009,8,0.057096,0.942904
physics,118,2001,2010,9,0.057096,0.942904
physics,118,2001,2011,10,0.057096,0.942904
physics,118,2001,2012,11,0.057096,0.942904
physics,118,2001,2013,12,0.057096,0.942904
physics,118,2001,2014,13,0.057096,0.942904
physics,118,2001,2015,14,0.057096,0.942904
physics,118,2001,2016,15,0.057096,0.942904
physics,118,2001,2017,16,0.057096,0.942904
physics,118,2001,2018,17,0.057096,0.942904
physics,118,2001,2019,18,0.057096,0.942904
physics,118,2001,2020,19,0.057096,0.942904
physics,118,2001,2021,20,0.057096,0.942904
physics,118,2001,2022,21,0.057096,0.942904
physics,118,2001,2023,22,0.057096,0.942904
physics,118,2001,2024,23,0.057096,0.942904
physics,118,2001,2025,24,0.057096,0.942904
physics,119,2000,2000,0,1.0,0.0
physics,119,2000,2001,1,0.567389,0.432611
physics,119,2000,2002,2,0.393853,0.606147
physics,119,2000,2003,3,0.223568,0.776432
physics,119,2000,2004,4,0.295568,0.704432
physics,119,2000,2005,5,0.295568,0.704432
physics,119,2000,2006,6,0.395568,0.604432
physics,119,2000,2007,7,0.395568,0.604432
physics,119,2000,2008,8,0.395568,0.604432
physics,119,2000,2009,9,0.295568,0.704432
physics,119,2000,2010,10,0.250568,0.749432
physics,119,2000,2011,11,0.295568,0.704432
physics,119,2000,2012,12,0.295568,0.704432
physics,119,2000,2013,13,0.250568,0.749432
physics,119,2000,2014,14,0.205343,0.794657
physics,119,2000,2015,15,0.223568,0.776432
physics,119,2000,2016,16,0.223568,0.776432
physics,119,2000,2017,17,0.205343,0.794657
physics,119,2000,2018,18,0.223568,0.776432
physics,119,2000,2019,19,0.295568,0.704432
physics,119,2000,2020,20,0.295568,0.704432
physics,119,2000,2021,21,0.295568,0.704432
physics,119,2000,2022,22,0.250568,0.749432
physics,119,2000,2023,23,0.250568,0.749432
physics,119,2000,2024,24,0.250568,0.749432
physics,119,2000,2025,25,0.250568,0.749432
physics,120,2000,2000,0,1.0,0.0
physics,120,2000,2001,1,0.617886,0.382114
physics,120,2000,2002,2,0.270284,0.729716
physics,120,2000,2003,3,0.270284,0.729716
physics,120,2000,2004,4,0.270284,0.729716
physics,120,2000,2005,5,0.270284,0.729716
physics,120,2000,2006,6,0.270284,0.729716
physics,120,2000,2007,7,0.270284,0.729716
physics,120,2000,2008,8,0.270284,0.729716
physics,120,2000,2009,9,0.270284,0.729716
physics,120,2000,2010,10,0.270284,0.729716
physics,120,2000,2011,11,0.270284,0.729716
physics,120,2000,2012,12,0.270284,0.729716
physics,120,2000,2013,13,0.270284,0.729716
physics,120,2000,2014,14,0.270284,0.729716
physics,120,2000,2015,15,0.270284,0.729716
physics,120,2000,2016,16,0.270284,0.729716
physics,120,2000,2017,17,0.270284,0.729716
physics,120,2000,2018,18,0.270284,0.729716
physics,120,2000,2019,19,0.270284,0.729716
physics,120,2000,2020,20,0.270284,0.729716
physics,120,2000,2021,21,0.270284,0.729716
physics,120,2000,2022,22,0.270284,0.729716
physics,120,2000,2023,23,0.270284,0.729716
physics,120,2000,2024,24,0.270284,0.729716
physics,120,2000,2025,25,0.270284,0.729716
physics,121,2000,2000,0,1.0,0.0
physics,121,2000,2001,1,0.276884,0.723116
physics,121,2000,2002,2,0.376884,0.623116
physics,121,2000,2003,3,0.32738,0.67262
physics,121,2000,2004,4,0.32738,0.67262
physics,121,2000,2005,5,0.125284,0.874716
physics,121,2000,2006,6,0.313809,0.686191
physics,121,2000,2007,7,0.35853,0.64147
physics,121,2000,2008,8,0.313809,0.686191
physics,121,2000,2009,9,0.319788,0.680212
physics,121,2000,2010,10,0.319788,0.680212
physics,121,2000,2011,11,0.35853,0.64147
physics,121,2000,2012,12,0.313809,0.686191
physics,121,2000,2013,13,0.270284,0.729716
physics,121,2000,2014,14,0.270284,0.729716
physics,121,2000,2015,15,0.309026,0.690974
physics,121,2000,2016,16,0.309026,0.690974
physics,121,2000,2017,17,0.309026,0.690974
physics,121,2000,2018,18,0.313809,0.686191
physics,121,2000,2019,19,0.270284,0.729716
physics,121,2000,2020,20,0.270284,0.729716
physics,121,2000,2021,21,0.309026,0.690974
physics,121,2000,2022,22,0.319788,0.680212
physics,121,2000,2023,23,0.313809,0.686191
physics,121,2000,2024,24,0.309026,0.690974
physics,121,2000,2025,25,0.352551,0.647449
physics,122,2000,2000,0,1.0,0.0
physics,122,2000,2001,1,0.082267,0.917733
physics,122,2000,2002,2,0.0,1.0
physics,122,2000,2003,3,0.0,1.0
physics,122,2000,2004,4,0.0,1.0
physics,122,2000,2005,5,0.0,1.0
physics,122,2000,2006,6,0.0,1.0
physics,122,2000,2007,7,0.049504,0.950496
physics,122,2000,2008,8,0.049504,0.950496
physics,122,2000,2009,9,0.0,1.0
physics,122,2000,2010,10,0.0,1.0
physics,122,2000,2011,11,0.0,1.0
physics,122,2000,2012,12,0.038742,0.961258
physics,122,2000,2013,13,0.049504,0.950496
physics,122,2000,2014,14,0.066937,0.933063
physics,122,2000,2015,15,0.080059,0.919941
physics,122,2000,2016,16,0.057096,0.942904
physics,122,2000,2017,17,0.066937,0.933063
physics,122,2000,2018,18,0.066937,0.933063
physics,122,2000,2019,19,0.057096,0.942904
physics,122,2000,2020,20,0.0,1.0
physics,122,2000,2021,21,0.0,1.0
physics,122,2000,2022,22,0.0,1.0
physics,122,2000,2023,23,0.0,1.0
physics,122,2000,2024,24,0.0,1.0
physics,122,2000,2025,25,0.0,1.0
physics,123,2001,2001,0,1.0,0.0
physics,123,2001,2002,1,0.175897,0.824103
physics,123,2001,2003,2,0.203964,0.796036
physics,123,2001,2004,3,0.235311,0.764689
physics,123,2001,2005,4,0.137026,0.862974
physics,123,2001,2006,5,0.137026,0.862974
physics,123,2001,2007,6,0.137026,0.862974
physics,123,2001,2008,7,0.137026,0.862974
physics,123,2001,2009,8,0.137026,0.862974
physics,123,2001,2010,9,0.137026,0.862974
physics,123,2001,2011,10,0.137026,0.862974
physics,123,2001,2012,11,0.137026,0.862974
physics,123,2001,2013,12,0.137026,0.862974
physics,123,2001,2014,13,0.137026,0.862974
physics,123,2001,2015,14,0.137026,0.862974
physics,123,2001,2016,15,0.137026,0.862974
physics,123,2001,2017,16,0.175768,0.824232
physics,123,2001,2018,17,0.137026,0.862974
physics,123,2001,2019,18,0.137026,0.862974
physics,123,2001,2020,19,0.137026,0.862974
physics,123,2001,2021,20,0.137026,0.862974
physics,123,2001,2022,21,0.137026,0.862974
physics,123,2001,2023,22,0.137026,0.862974
physics,123,2001,2024,23,0.137026,0.862974
physics,123,2001,2025,24,0.137026,0.862974
physics,124,2000,2000,0,1.0,0.0
physics,124,2000,2002,2,0.057096,0.942904
physics,124,2000,2003,3,0.057096,0.942904
physics,124,2000,2005,5,0.0,1.0
physics,124,2000,2006,6,0.057096,0.942904
physics,124,2000,2007,7,0.066937,0.933063
physics,124,2000,2008,8,0.110462,0.889538
physics,124,2000,2009,9,0.105679,0.894321
physics,124,2000,2010,10,0.124033,0.875967
physics,124,2000,2011,11,0.162775,0.837225
physics,124,2000,2012,12,0.167558,0.832442
physics,124,2000,2013,13,0.124033,0.875967
physics,124,2000,2014,14,0.124033,0.875967
physics,124,2000,2015,15,0.124033,0.875967
physics,124,2000,2016,16,0.124033,0.875967
physics,124,2000,2017,17,0.124033,0.875967
physics,124,2000,2018,18,0.124033,0.875967
physics,124,2000,2019,19,0.124033,0.875967
physics,124,2000,2020,20,0.124033,0.875967
physics,124,2000,2021,21,0.124033,0.875967
physics,124,2000,2022,22,0.116441,0.883559
physics,124,2000,2023,23,0.105679,0.894321
physics,124,2000,2024,24,0.116441,0.883559
physics,124,2000,2025,25,0.124033,0.875967
physics,125,2000,2000,0,1.0,0.0
physics,125,2000,2001,1,0.794809,0.205191
physics,125,2000,2002,2,0.433191,0.566809
physics,125,2000,2003,3,0.093029,0.906971
physics,125,2000,2004,4,0.098284,0.901716
physics,125,2000,2005,5,0.098284,0.901716
physics,125,2000,2006,6,0.080059,0.919941
physics,125,2000,2007,7,0.160118,0.839882
physics,125,2000,2008,8,0.178343,0.821657
physics,125,2000,2009,9,0.178343,0.821657
physics,125,2000,2010,10,0.178343,0.821657
physics,125,2000,2011,11,0.178343,0.821657
physics,125,2000,2012,12,0.178343,0.821657
physics,125,2000,2013,13,0.178343,0.821657
physics,125,2000,2014,14,0.178343,0.821657
physics,125,2000,2015,15,0.178343,0.821657
physics,125,2000,2016,16,0.178343,0.821657
physics,125,2000,2017,17,0.178343,0.821657
physics,125,2000,2018,18,0.178343,0.821657
physics,125,2000,2019,19,0.178343,0.821657
physics,125,2000,2020,20,0.178343,0.821657
physics,125,2000,2021,21,0.178343,0.821657
physics,125,2000,2022,22,0.165221,0.834779
physics,125,2000,2023,23,0.178343,0.821657
physics,125,2000,2024,24,0.178343,0.821657
physics,125,2000,2025,25,0.178343,0.821657
physics,126,2000,2000,0,1.0,0.0
physics,126,2000,2001,1,0.465494,0.534506
physics,126,2000,2002,2,0.080059,0.919941
physics,126,2000,2004,4,0.0,1.0
physics,126,2000,2005,5,0.0,1.0
physics,126,2000,2006,6,0.0,1.0
physics,126,2000,2007,7,0.0,1.0
physics,126,2000,2008,8,0.0,1.0
physics,126,2000,2009,9,0.0,1.0
physics,126,2000,2010,10,0.038742,0.961258
physics,126,2000,2011,11,0.0,1.0
physics,126,2000,2012,12,0.0,1.0
physics,126,2000,2013,13,0.0,1.0
physics,126,2000,2014,14,0.0,1.0
physics,126,2000,2015,15,0.0,1.0
physics,126,2000,2016,16,0.0,1.0
physics,126,2000,2017,17,0.0,1.0
physics,126,2000,2018,18,0.0,1.0
physics,126,2000,2019,19,0.0,1.0
physics,126,2000,2020,20,0.0,1.0
physics,126,2000,2021,21,0.0,1.0
physics,126,2000,2022,22,0.057096,0.942904
physics,126,2000,2023,23,0.0,1.0
physics,126,2000,2024,24,0.038742,0.961258
physics,126,2000,2025,25,0.0,1.0
physics,127,2000,2000,0,1.0,0.0
physics,127,2000,2001,1,0.490072,0.509928
physics,127,2000,2002,2,0.588356,0.411644
physics,127,2000,2003,3,0.557009,0.442991
physics,127,2000,2004,4,0.497664,0.502336
physics,127,2000,2005,5,0.462506,0.537494
physics,127,2000,2006,6,0.609378,0.390622
physics,127,2000,2007,7,0.507506,0.492494
physics,127,2000,2008,8,0.541189,0.458811
physics,127,2000,2009,9,0.539576,0.460424
physics,127,2000,2010,10,0.588356,0.411644
physics,127,2000,2011,11,0.615356,0.384644
physics,127,2000,2012,12,0.615356,0.384644
physics,127,2000,2013,13,0.520628,0.479372
physics,127,2000,2014,14,0.615356,0.384644
physics,127,2000,2015,15,0.615356,0.384644
physics,127,2000,2016,16,0.615356,0.384644
physics,127,2000,2017,17,0.658881,0.341119
physics,127,2000,2018,18,0.658881,0.341119
physics,127,2000,2019,19,0.570131,0.429869
physics,127,2000,2020,20,0.570131,0.429869
physics,127,2000,2021,21,0.564153,0.435847
physics,127,2000,2022,22,0.582378,0.417622
physics,127,2000,2023,23,0.577595,0.422405
physics,127,2000,2024,24,0.588356,0.411644
physics,127,2000,2025,25,0.588356,0.411644
physics,128,2000,2000,0,1.0,0.0
physics,128,2000,2002,2,0.270284,0.729716
physics,128,2000,2003,3,0.270284,0.729716
physics,128,2000,2004,4,0.270284,0.729716
physics,128,2000,2005,5,0.170284,0.829716
physics,128,2000,2006,6,0.270284,0.729716
physics,128,2000,2007,7,0.270284,0.729716
physics,128,2000,2008,8,0.270284,0.729716
physics,128,2000,2009,9,0.270284,0.729716
physics,128,2000,2010,10,0.270284,0.729716
physics,128,2000,2011,11,0.270284,0.729716
physics,128,2000,2012,12,0.319788,0.680212
physics,128,2000,2013,13,0.270284,0.729716
physics,128,2000,2014,14,0.270284,0.729716
physics,128,2000,2015,15,0.270284,0.729716
physics,128,2000,2016,16,0.270284,0.729716
physics,128,2000,2017,17,0.270284,0.729716
physics,128,2000,2018,18,0.270284,0.729716
physics,128,2000,2019,19,0.270284,0.729716
physics,128,2000,2020,20,0.270284,0.729716
physics,128,2000,2021,21,0.270284,0.729716
physics,128,2000,2022,22,0.270284,0.729716
physics,128,2000,2023,23,0.270284,0.729716
physics,128,2000,2024,24,0.270284,0.729716
physics,128,2000,2025,25,0.270284,0.729716
physics,129,2002,2002,0,1.0,0.0
physics,129,2002,2003,1,0.553819,0.446181
physics,129,2002,2004,2,0.435847,0.564153
physics,129,2002,2005,3,0.694164,0.305836
physics,129,2002,2006,4,0.735353,0.264647
physics,129,2002,2007,5,0.774095,0.225905
physics,129,2002,2008,6,0.722231,0.277769
physics,129,2002,2009,7,0.712389,0.287611
physics,129,2002,2010,8,0.792449,0.207551
physics,129,2002,2011,9,0.661893,0.338107
physics,129,2002,2012,10,0.692449,0.307551
physics,129,2002,2013,11,0.692449,0.307551
physics,129,2002,2014,12,0.675015,0.324985
physics,129,2002,2015,13,0.692449,0.307551
physics,129,2002,2016,14,0.792449,0.207551
physics,129,2002,2017,15,0.684857,0.315143
physics,129,2002,2018,16,0.792449,0.207551
physics,129,2002,2019,17,0.778878,0.221122
physics,129,2002,2020,18,0.792449,0.207551
physics,129,2002,2021,19,0.792449,0.207551
physics,129,2002,2022,20,0.792449,0.207551
physics,129,2002,2023,21,0.792449,0.207551
physics,129,2002,2024,22,0.792449,0.207551
physics,129,2002,2025,23,0.792449,0.207551
physics,130,2000,2000,0,1.0,0.0
physics,130,2000,2001,1,0.817054,0.182946
physics,130,2000,2002,2,0.481307,0.518693
physics,130,2000,2003,3,0.53999,0.46001
physics,130,2000,2004,4,0.501248,0.498752
physics,130,2000,2005,5,0.383814,0.616186
physics,130,2000,2006,6,0.450752,0.549248
physics,130,2000,2007,7,0.550752,0.449248
physics,130,2000,2008,8,0.401248,0.598752
physics,130,2000,2009,9,0.501248,0.498752
physics,130,2000,2010,10,0.401248,0.598752
physics,130,2000,2011,11,0.444773,0.555227
physics,130,2000,2012,12,0.401248,0.598752
physics,130,2000,2013,13,0.43999,0.56001
physics,130,2000,2014,14,0.401248,0.598752
physics,130,2000,2015,15,0.401248,0.598752
physics,130,2000,2016,16,0.444773,0.555227
physics,130,2000,2017,17,0.43999,0.56001
physics,130,2000,2018,18,0.444773,0.555227
physics,130,2000,2019,19,0.458344,0.541656
physics,130,2000,2020,20,0.450752,0.549248
physics,130,2000,2021,21,0.43999,0.56001
physics,130,2000,2022,22,0.43999,0.56001
physics,130,2000,2023,23,0.444773,0.555227
physics,130,2000,2024,24,0.450752,0.549248
physics,130,2000,2025,25,0.450752,0.549248
physics,131,2000,2000,0,1.0,0.0
physics,131,2000,2001,1,0.777683,0.222317
physics,131,2000,2002,2,0.455534,0.544466
physics,131,2000,2003,3,0.285403,0.714597
physics,131,2000,2004,4,0.174788,0.825212
physics,131,2000,2005,5,0.205343,0.794657
physics,131,2000,2006,6,0.137026,0.862974
physics,131,2000,2007,7,0.080059,0.919941
physics,131,2000,2008,8,0.125284,0.874716
physics,131,2000,2009,9,0.205343,0.794657
physics,131,2000,2010,10,0.205343,0.794657
physics,131,2000,2011,11,0.205343,0.794657
physics,131,2000,2012,12,0.205343,0.794657
physics,131,2000,2013,13,0.205343,0.794657
physics,131,2000,2014,14,0.205343,0.794657
physics,131,2000,2015,15,0.205343,0.794657
physics,131,2000,2016,16,0.205343,0.794657
physics,131,2000,2017,17,0.205343,0.794657
physics,131,2000,2018,18,0.205343,0.794657
physics,131,2000,2019,19,0.205343,0.794657
physics,131,2000,2020,20,0.205343,0.794657
physics,131,2000,2021,21,0.205343,0.794657
physics,131,2000,2022,22,0.205343,0.794657
physics,131,2000,2023,23,0.205343,0.794657
physics,131,2000,2024,24,0.205343,0.794657
physics,131,2000,2025,25,0.205343,0.794657
physics,132,2000,2000,0,1.0,0.0
physics,132,2000,2001,1,0.750683,0.249317
physics,132,2000,2002,2,0.637069,0.362931
physics,132,2000,2003,3,0.608874,0.391126
physics,132,2000,2004,4,0.608874,0.391126
physics,132,2000,2005,5,0.570131,0.429869
physics,132,2000,2006,6,0.484094,0.515906
physics,132,2000,2007,7,0.520628,0.479372
physics,132,2000,2008,8,0.564153,0.435847
physics,132,2000,2009,9,0.570131,0.429869
physics,132,2000,2010,10,0.602895,0.397105
physics,132,2000,2011,11,0.547168,0.452832
physics,132,2000,2012,12,0.547168,0.452832
physics,132,2000,2013,13,0.490072,0.509928
physics,132,2000,2014,14,0.490072,0.509928
physics,132,2000,2015,15,0.490072,0.509928
physics,132,2000,2016,16,0.490072,0.509928
physics,132,2000,2017,17,0.490072,0.509928
physics,132,2000,2018,18,0.490072,0.509928
physics,132,2000,2019,19,0.490072,0.509928
physics,132,2000,2020,20,0.440568,0.559432
physics,132,2000,2021,21,0.490072,0.509928
physics,132,2000,2022,22,0.490072,0.509928
physics,132,2000,2023,23,0.490072,0.509928
physics,132,2000,2024,24,0.490072,0.509928
physics,132,2000,2025,25,0.490072,0.509928
physics,133,2000,2000,0,1.0,0.0
physics,133,2000,2001,1,0.829995,0.170005
physics,133,2000,2002,2,0.649315,0.350685
physics,133,2000,2004,4,0.538853,0.461147
physics,133,2000,2005,5,0.582378,0.417622
physics,133,2000,2006,6,0.60579,0.39421
physics,133,2000,2007,7,0.588356,0.411644
physics,133,2000,2008,8,0.595948,0.404052
physics,133,2000,2009,9,0.60579,0.39421
physics,133,2000,2010,10,0.60579,0.39421
physics,133,2000,2011,11,0.60579,0.39421
physics,133,2000,2012,12,0.60579,0.39421
physics,133,2000,2013,13,0.60579,0.39421
physics,133,2000,2014,14,0.60579,0.39421
physics,133,2000,2015,15,0.60579,0.39421
physics,133,2000,2016,16,0.60579,0.39421
physics,133,2000,2017,17,0.60579,0.39421
physics,133,2000,2018,18,0.60579,0.39421
physics,133,2000,2019,19,0.60579,0.39421
physics,133,2000,2020,20,0.60579,0.39421
physics,133,2000,2021,21,0.60579,0.39421
physics,133,2000,2022,22,0.60579,0.39421
physics,133,2000,2023,23,0.60579,0.39421
physics,133,2000,2024,24,0.60579,0.39421
physics,133,2000,2025,25,0.60579,0.39421
physics,134,2000,2000,0,1.0,0.0
physics,134,2000,2001,1,0.537069,0.462931
physics,134,2000,2002,2,0.510294,0.489706
physics,134,2000,2003,3,0.335506,0.664494
physics,134,2000,2004,4,0.362506,0.637494
physics,134,2000,2005,5,0.442565,0.557435
physics,134,2000,2006,6,0.442565,0.557435
physics,134,2000,2007,7,0.478947,0.521053
physics,134,2000,2008,8,0.472968,0.527032
physics,134,2000,2009,9,0.412009,0.587991
physics,134,2000,2010,10,0.406031,0.593969
physics,134,2000,2011,11,0.412009,0.587991
physics,134,2000,2012,12,0.450752,0.549248
physics,134,2000,2013,13,0.362506,0.637494
physics,134,2000,2014,14,0.362506,0.637494
physics,134,2000,2015,15,0.362506,0.637494
physics,134,2000,2016,16,0.362506,0.637494
physics,134,2000,2017,17,0.406031,0.593969
physics,134,2000,2018,18,0.362506,0.637494
physics,134,2000,2019,19,0.406031,0.593969
physics,134,2000,2020,20,0.406031,0.593969
physics,134,2000,2021,21,0.362506,0.637494
physics,134,2000,2022,22,0.362506,0.637494
physics,134,2000,2023,23,0.362506,0.637494
physics,134,2000,2024,24,0.362506,0.637494
physics,134,2000,2025,25,0.362506,0.637494
physics,135,2000,2000,0,1.0,0.0
physics,135,2000,2001,1,0.71762,0.28238
physics,135,2000,2002,2,0.436874,0.563126
physics,135,2000,2003,3,0.250343,0.749657
physics,135,2000,2004,4,0.250343,0.749657
physics,135,2000,2005,5,0.250343,0.749657
physics,135,2000,2006,6,0.250343,0.749657
physics,135,2000,2007,7,0.250343,0.749657
physics,135,2000,2008,8,0.250343,0.749657
physics,135,2000,2009,9,0.250343,0.749657
physics,135,2000,2010,10,0.250343,0.749657
physics,135,2000,2011,11,0.250343,0.749657
physics,135,2000,2012,12,0.250343,0.749657
physics,135,2000,2013,13,0.250343,0.749657
physics,135,2000,2014,14,0.250343,0.749657
physics,135,2000,2015,15,0.250343,0.749657
physics,135,2000,2016,16,0.250343,0.749657
physics,135,2000,2017,17,0.250343,0.749657
physics,135,2000,2018,18,0.250343,0.749657
physics,135,2000,2019,19,0.250343,0.749657
physics,135,2000,2020,20,0.250343,0.749657
physics,135,2000,2021,21,0.250343,0.749657
physics,135,2000,2022,22,0.250343,0.749657
physics,135,2000,2023,23,0.250343,0.749657
physics,135,2000,2024,24,0.250343,0.749657
physics,135,2000,2025,25,0.250343,0.749657
physics,136,2000,2000,0,1.0,0.0
physics,136,2000,2001,1,0.681042,0.318958
physics,136,2000,2002,2,0.530895,0.469105
physics,136,2000,2003,3,0.605191,0.394809
physics,136,2000,2004,4,0.669832,0.330168
physics,136,2000,2005,5,0.570131,0.429869
physics,136,2000,2006,6,0.562678,0.437322
physics,136,2000,2007,7,0.60142,0.39858
physics,136,2000,2008,8,0.557895,0.442105
physics,136,2000,2009,9,0.631008,0.368992
physics,136,2000,2010,10,0.565069,0.434931
physics,136,2000,2011,11,0.565069,0.434931
physics,136,2000,2012,12,0.565069,0.434931
physics,136,2000,2013,13,0.642737,0.357263
physics,136,2000,2014,14,0.639149,0.360851
physics,136,2000,2015,15,0.639149,0.360851
physics,136,2000,2016,16,0.648716,0.351284
physics,136,2000,2017,17,0.610954,0.389046
physics,136,2000,2018,18,0.610954,0.389046
physics,136,2000,2019,19,0.688933,0.311067
physics,136,2000,2020,20,0.612783,0.387217
physics,136,2000,2021,21,0.669832,0.330168
physics,136,2000,2022,22,0.637954,0.362046
physics,136,2000,2023,23,0.617437,0.382563
physics,136,2000,2024,24,0.651525,0.348475
physics,136,2000,2025,25,0.648716,0.351284
physics,137,2000,2000,0,1.0,0.0
physics,137,2000,2002,2,0.0,1.0
physics,137,2000,2004,4,0.0,1.0
physics,137,2000,2008,8,0.0,1.0
physics,137,2000,2009,9,0.0,1.0
physics,137,2000,2010,10,0.0,1.0
physics,137,2000,2011,11,0.0,1.0
physics,137,2000,2012,12,0.0,1.0
physics,137,2000,2013,13,0.0,1.0
physics,137,2000,2014,14,0.0,1.0
physics,137,2000,2015,15,0.0,1.0
physics,137,2000,2016,16,0.0,1.0
physics,137,2000,2017,17,0.0,1.0
physics,137,2000,2018,18,0.0,1.0
physics,137,2000,2019,19,0.0,1.0
physics,137,2000,2020,20,0.0,1.0
physics,137,2000,2021,21,0.0,1.0
physics,137,2000,2022,22,0.0,1.0
physics,137,2000,2023,23,0.0,1.0
physics,137,2000,2024,24,0.0,1.0
physics,137,2000,2025,25,0.0,1.0
physics,138,2000,2000,0,1.0,0.0
physics,138,2000,2001,1,0.664774,0.335226
physics,138,2000,2002,2,0.484094,0.515906
physics,138,2000,2003,3,0.520628,0.479372
physics,138,2000,2004,4,0.250343,0.749657
physics,138,2000,2005,5,0.387498,0.612502
physics,138,2000,2006,6,0.294317,0.705683
physics,138,2000,2007,7,0.213809,0.786191
physics,138,2000,2008,8,0.334311,0.665689
physics,138,2000,2009,9,0.129563,0.870437
physics,138,2000,2010,10,0.209026,0.790974
physics,138,2000,2011,11,0.250343,0.749657
physics,138,2000,2012,12,0.209026,0.790974
physics,138,2000,2013,13,0.170284,0.829716
physics,138,2000,2014,14,0.170284,0.829716
physics,138,2000,2015,15,0.237221,0.762779
physics,138,2000,2016,16,0.22738,0.77262
physics,138,2000,2017,17,0.237221,0.762779
physics,138,2000,2018,18,0.295568,0.704432
physics,138,2000,2019,19,0.268568,0.731432
physics,138,2000,2020,20,0.268568,0.731432
physics,138,2000,2021,21,0.268568,0.731432
physics,138,2000,2022,22,0.237221,0.762779
physics,138,2000,2023,23,0.219788,0.780212
physics,138,2000,2024,24,0.170284,0.829716
physics,138,2000,2025,25,0.22738,0.77262
physics,139,2002,2002,0,1.0,0.0
physics,139,2002,2004,2,0.0,1.0
physics,139,2002,2005,3,0.0,1.0
physics,139,2002,2006,4,0.038742,0.961258
physics,139,2002,2007,5,0.038742,0.961258
physics,139,2002,2008,6,0.0,1.0
physics,139,2002,2009,7,0.098284,0.901716
physics,139,2002,2010,8,0.100621,0.899379
physics,139,2002,2011,9,0.270284,0.729716
physics,139,2002,2012,10,0.0,1.0
physics,139,2002,2013,11,0.0,1.0
physics,139,2002,2014,12,0.049504,0.950496
physics,139,2002,2015,13,0.098284,0.901716
physics,139,2002,2016,14,0.0,1.0
physics,139,2002,2017,15,0.0,1.0
physics,139,2002,2018,16,0.0,1.0
physics,139,2002,2019,17,0.057096,0.942904
physics,139,2002,2020,18,0.057096,0.942904
physics,139,2002,2021,19,0.057096,0.942904
physics,139,2002,2022,20,0.057096,0.942904
physics,139,2002,2023,21,0.057096,0.942904
physics,139,2002,2024,22,0.057096,0.942904
physics,139,2002,2025,23,0.057096,0.942904
physics,140,2000,2000,0,1.0,0.0
physics,140,2000,2001,1,0.506318,0.493682
physics,140,2000,2002,2,0.351559,0.648441
physics,140,2000,2003,3,0.105679,0.894321
physics,140,2000,2004,4,0.038742,0.961258
physics,140,2000,2005,5,0.095838,0.904162
physics,140,2000,2006,6,0.118801,0.881199
physics,140,2000,2007,7,0.118801,0.881199
physics,140,2000,2008,8,0.095838,0.904162
physics,140,2000,2009,9,0.118801,0.881199
physics,140,2000,2010,10,0.118801,0.881199
physics,140,2000,2011,11,0.118801,0.881199
physics,140,2000,2012,12,0.118801,0.881199
physics,140,2000,2013,13,0.118801,0.881199
physics,140,2000,2014,14,0.118801,0.881199
physics,140,2000,2015,15,0.118801,0.881199
physics,140,2000,2016,16,0.118801,0.881199
physics,140,2000,2017,17,0.118801,0.881199
physics,140,2000,2018,18,0.105679,0.894321
physics,140,2000,2019,19,0.105679,0.894321
physics,140,2000,2020,20,0.118801,0.881199
physics,140,2000,2021,21,0.118801,0.881199
physics,140,2000,2022,22,0.118801,0.881199
physics,140,2000,2023,23,0.118801,0.881199
physics,140,2000,2024,24,0.118801,0.881199
physics,140,2000,2025,25,0.118801,0.881199
physics,141,2003,2003,0,1.0,0.0
physics,141,2003,2005,2,0.131771,0.868229
physics,141,2003,2006,3,0.302055,0.697945
physics,141,2003,2007,4,0.302055,0.697945
physics,141,2003,2008,5,0.302055,0.697945
physics,141,2003,2009,6,0.25853,0.74147
physics,141,2003,2010,7,0.25853,0.74147
physics,141,2003,2011,8,0.25853,0.74147
physics,141,2003,2012,9,0.297272,0.702728
physics,141,2003,2013,10,0.297272,0.702728
physics,141,2003,2014,11,0.25853,0.74147
physics,141,2003,2015,12,0.25853,0.74147
physics,141,2003,2016,13,0.25853,0.74147
physics,141,2003,2017,14,0.25853,0.74147
physics,141,2003,2018,15,0.25853,0.74147
physics,141,2003,2019,16,0.25853,0.74147
physics,141,2003,2020,17,0.25853,0.74147
physics,141,2003,2021,18,0.25853,0.74147
physics,141,2003,2022,19,0.25853,0.74147
physics,141,2003,2023,20,0.25853,0.74147
physics,141,2003,2024,21,0.25853,0.74147
physics,141,2003,2025,22,0.25853,0.74147
physics,142,2001,2001,0,1.0,0.0
physics,142,2001,2002,1,0.801095,0.198905
physics,142,2001,2004,3,0.0,1.0
physics,142,2001,2005,4,0.0,1.0
physics,142,2001,2006,5,0.043525,0.956475
physics,142,2001,2007,6,0.043525,0.956475
physics,142,2001,2008,7,0.043525,0.956475
physics,142,2001,2009,8,0.0,1.0
physics,142,2001,2010,9,0.0,1.0
physics,142,2001,2011,10,0.0,1.0
physics,142,2001,2012,11,0.0,1.0
physics,142,2001,2013,12,0.0,1.0
physics,142,2001,2014,13,0.0,1.0
physics,142,2001,2015,14,0.0,1.0
physics,142,2001,2016,15,0.0,1.0
physics,142,2001,2017,16,0.0,1.0
physics,142,2001,2018,17,0.0,1.0
physics,142,2001,2019,18,0.0,1.0
physics,142,2001,2020,19,0.0,1.0
physics,142,2001,2021,20,0.0,1.0
physics,142,2001,2022,21,0.0,1.0
physics,142,2001,2023,22,0.0,1.0
physics,142,2001,2024,23,0.0,1.0
physics,142,2001,2025,24,0.0,1.0
physics,143,2000,2000,0,1.0,0.0
physics,143,2000,2002,2,0.0,1.0
physics,143,2000,2003,3,0.0,1.0
physics,143,2000,2004,4,0.0,1.0
physics,143,2000,2005,5,0.0,1.0
physics,143,2000,2006,6,0.0,1.0
physics,143,2000,2007,7,0.0,1.0
physics,143,2000,2008,8,0.0,1.0
physics,143,2000,2009,9,0.0,1.0
physics,143,2000,2010,10,0.0,1.0
physics,143,2000,2011,11,0.0,1.0
physics,143,2000,2012,12,0.043525,0.956475
physics,143,2000,2013,13,0.0,1.0
physics,143,2000,2014,14,0.0,1.0
physics,143,2000,2015,15,0.0,1.0
physics,143,2000,2016,16,0.0,1.0
physics,143,2000,2017,17,0.0,1.0
physics,143,2000,2018,18,0.0,1.0
physics,143,2000,2019,19,0.0,1.0
physics,143,2000,2020,20,0.0,1.0
physics,143,2000,2021,21,0.0,1.0
physics,143,2000,2022,22,0.0,1.0
physics,143,2000,2023,23,0.0,1.0
physics,143,2000,2024,24,0.0,1.0
physics,143,2000,2025,25,0.0,1.0
physics,144,2002,2002,0,1.0,0.0
physics,144,2002,2003,1,0.596839,0.403161
physics,144,2002,2004,2,0.261334,0.738666
physics,144,2002,2005,3,0.118801,0.881199
physics,144,2002,2006,4,0.100621,0.899379
physics,144,2002,2007,5,0.0,1.0
physics,144,2002,2008,6,0.0,1.0
physics,144,2002,2009,7,0.0,1.0
physics,144,2002,2010,8,0.0,1.0
physics,144,2002,2011,9,0.0,1.0
physics,144,2002,2012,10,0.038742,0.961258
physics,144,2002,2013,11,0.0,1.0
physics,144,2002,2014,12,0.038742,0.961258
physics,144,2002,2015,13,0.049504,0.950496
physics,144,2002,2016,14,0.049504,0.950496
physics,144,2002,2017,15,0.049504,0.950496
physics,144,2002,2018,16,0.049504,0.950496
physics,144,2002,2019,17,0.049504,0.950496
physics,144,2002,2020,18,0.049504,0.950496
physics,144,2002,2021,19,0.049504,0.950496
physics,144,2002,2022,20,0.049504,0.950496
physics,144,2002,2023,21,0.049504,0.950496
physics,144,2002,2024,22,0.049504,0.950496
physics,144,2002,2025,23,0.049504,0.950496
physics,145,2000,2000,0,1.0,0.0
physics,145,2000,2001,1,0.763227,0.236773
physics,145,2000,2002,2,0.390155,0.609845
physics,145,2000,2003,3,0.275964,0.724036
physics,145,2000,2004,4,0.230964,0.769036
physics,145,2000,2005,5,0.18238,0.81762
physics,145,2000,2006,6,0.222317,0.777683
physics,145,2000,2007,7,0.265842,0.734158
physics,145,2000,2008,8,0.242834,0.757166
physics,145,2000,2009,9,0.167558,0.832442
physics,145,2000,2010,10,0.222317,0.777683
physics,145,2000,2011,11,0.222317,0.777683
physics,145,2000,2012,12,0.222317,0.777683
physics,145,2000,2013,13,0.249317,0.750683
physics,145,2000,2014,14,0.181129,0.818871
physics,145,2000,2015,15,0.222317,0.777683
physics,145,2000,2016,16,0.222317,0.777683
physics,145,2000,2017,17,0.222317,0.777683
physics,145,2000,2018,18,0.204092,0.795908
physics,145,2000,2019,19,0.249317,0.750683
physics,145,2000,2020,20,0.222317,0.777683
physics,145,2000,2021,21,0.222317,0.777683
physics,145,2000,2022,22,0.204092,0.795908
physics,145,2000,2023,23,0.204092,0.795908
physics,145,2000,2024,24,0.222317,0.777683
physics,145,2000,2025,25,0.249317,0.750683
physics,146,2000,2000,0,1.0,0.0
physics,146,2000,2001,1,0.417773,0.582227
physics,146,2000,2002,2,0.241725,0.758275
physics,146,2000,2003,3,0.270284,0.729716
physics,146,2000,2004,4,0.319788,0.680212
physics,146,2000,2005,5,0.337221,0.662779
physics,146,2000,2006,6,0.337221,0.662779
physics,146,2000,2007,7,0.337221,0.662779
physics,146,2000,2008,8,0.219788,0.780212
physics,146,2000,2009,9,0.192221,0.807779
physics,146,2000,2010,10,0.165221,0.834779
physics,146,2000,2011,11,0.337221,0.662779
physics,146,2000,2012,12,0.337221,0.662779
physics,146,2000,2013,13,0.337221,0.662779
physics,146,2000,2014,14,0.237221,0.762779
physics,146,2000,2015,15,0.237221,0.762779
physics,146,2000,2016,16,0.22738,0.77262
physics,146,2000,2017,17,0.237221,0.762779
physics,146,2000,2018,18,0.237221,0.762779
physics,146,2000,2019,19,0.237221,0.762779
physics,146,2000,2020,20,0.237221,0.762779
physics,146,2000,2021,21,0.337221,0.662779
physics,146,2000,2022,22,0.337221,0.662779
physics,146,2000,2023,23,0.337221,0.662779
physics,146,2000,2024,24,0.337221,0.662779
physics,146,2000,2025,25,0.337221,0.662779
physics,147,2000,2000,0,1.0,0.0
physics,147,2000,2005,5,0.0,1.0
physics,147,2000,2006,6,0.270284,0.729716
physics,147,2000,2007,7,0.270284,0.729716
physics,147,2000,2008,8,0.337221,0.662779
physics,147,2000,2009,9,0.350343,0.649657
physics,147,2000,2010,10,0.32738,0.67262
physics,147,2000,2011,11,0.393869,0.606131
physics,147,2000,2012,12,0.439094,0.560906
physics,147,2000,2013,13,0.32738,0.67262
physics,147,2000,2014,14,0.363313,0.636687
physics,147,2000,2015,15,0.380747,0.619253
physics,147,2000,2016,16,0.412094,0.587906
physics,147,2000,2017,17,0.484094,0.515906
physics,147,2000,2018,18,0.439094,0.560906
physics,147,2000,2019,19,0.439094,0.560906
physics,147,2000,2020,20,0.434311,0.565689
physics,147,2000,2021,21,0.395568,0.604432
physics,147,2000,2022,22,0.439094,0.560906
physics,147,2000,2023,23,0.439094,0.560906
physics,147,2000,2024,24,0.439094,0.560906
physics,147,2000,2025,25,0.439094,0.560906
physics,148,2000,2000,0,1.0,0.0
physics,148,2000,2001,1,0.445689,0.554311
physics,148,2000,2002,2,0.133874,0.866126
physics,148,2000,2003,3,0.252676,0.747324
physics,148,2000,2004,4,0.272281,0.727719
physics,148,2000,2005,5,0.297901,0.702099
physics,148,2000,2006,6,0.306413,0.693587
physics,148,2000,2007,7,0.261059,0.738941
physics,148,2000,2008,8,0.230964,0.769036
physics,148,2000,2009,9,0.292842,0.707158
physics,148,2000,2010,10,0.249317,0.750683
physics,148,2000,2011,11,0.259159,0.740841
physics,148,2000,2012,12,0.290506,0.709494
physics,148,2000,2013,13,0.272281,0.727719
physics,148,2000,2014,14,0.249317,0.750683
physics,148,2000,2015,15,0.249317,0.750683
physics,148,2000,2016,16,0.259159,0.740841
physics,148,2000,2017,17,0.290506,0.709494
physics,148,2000,2018,18,0.290506,0.709494
physics,148,2000,2019,19,0.272281,0.727719
physics,148,2000,2020,20,0.272281,0.727719
physics,148,2000,2021,21,0.272281,0.727719
physics,148,2000,2022,22,0.259159,0.740841
physics,148,2000,2023,23,0.259159,0.740841
physics,148,2000,2024,24,0.259159,0.740841
physics,148,2000,2025,25,0.259159,0.740841
physics,149,2000,2000,0,1.0,0.0
physics,149,2000,2001,1,0.344706,0.655294
physics,149,2000,2002,2,0.066937,0.933063
physics,149,2000,2004,4,0.0,1.0
physics,149,2000,2006,6,0.0,1.0
physics,149,2000,2007,7,0.0,1.0
physics,149,2000,2008,8,0.0,1.0
physics,149,2000,2009,9,0.0,1.0
physics,149,2000,2010,10,0.165221,0.834779
physics,149,2000,2011,11,0.080059,0.919941
physics,149,2000,2012,12,0.080059,0.919941
physics,149,2000,2013,13,0.057096,0.942904
physics,149,2000,2014,14,0.080059,0.919941
physics,149,2000,2015,15,0.098284,0.901716
physics,149,2000,2016,16,0.098284,0.901716
physics,149,2000,2017,17,0.137026,0.862974
physics,149,2000,2018,18,0.098284,0.901716
physics,149,2000,2019,19,0.098284,0.901716
physics,149,2000,2020,20,0.098284,0.901716
physics,149,2000,2021,21,0.098284,0.901716
physics,149,2000,2022,22,0.098284,0.901716
physics,149,2000,2023,23,0.066937,0.933063
physics,149,2000,2024,24,0.080059,0.919941
physics,149,2000,2025,25,0.098284,0.901716
physics,150,2001,2001,0,1.0,0.0
physics,150,2001,2004,3,0.057096,0.942904
physics,150,2001,2005,4,0.125284,0.874716
physics,150,2001,2006,5,0.043525,0.956475
physics,150,2001,2007,6,0.0,1.0
physics,150,2001,2008,7,0.0,1.0
physics,150,2001,2009,8,0.0,1.0
physics,150,2001,2010,9,0.057096,0.942904
physics,150,2001,2011,10,0.319788,0.680212
physics,150,2001,2012,11,0.350343,0.649657
physics,150,2001,2013,12,0.250343,0.749657
physics,150,2001,2014,13,0.165221,0.834779
physics,150,2001,2015,14,0.080059,0.919941
physics,150,2001,2016,15,0.270284,0.729716
physics,150,2001,2017,16,0.209026,0.790974
physics,150,2001,2018,17,0.313809,0.686191
physics,150,2001,2019,18,0.370905,0.629095
physics,150,2001,2020,19,0.309026,0.690974
physics,150,2001,2021,20,0.270284,0.729716
physics,150,2001,2022,21,0.270284,0.729716
physics,150,2001,2023,22,0.313809,0.686191
physics,150,2001,2024,23,0.098284,0.901716
physics,150,2001,2025,24,0.170284,0.829716
physics,151,2000,2000,0,1.0,0.0
physics,151,2000,2002,2,0.100621,0.899379
physics,151,2000,2003,3,0.110462,0.889538
physics,151,2000,2006,6,0.066937,0.933063
physics,151,2000,2007,7,0.066937,0.933063
physics,151,2000,2008,8,0.167558,0.832442
physics,151,2000,2009,9,0.124033,0.875967
physics,151,2000,2010,10,0.173537,0.826463
physics,151,2000,2011,11,0.203491,0.796509
physics,151,2000,2012,12,0.159966,0.840034
physics,151,2000,2013,13,0.159966,0.840034
physics,151,2000,2014,14,0.159966,0.840034
physics,151,2000,2015,15,0.159966,0.840034
physics,151,2000,2016,16,0.159966,0.840034
physics,151,2000,2017,17,0.159966,0.840034
physics,151,2000,2018,18,0.159966,0.840034
physics,151,2000,2019,19,0.159966,0.840034
physics,151,2000,2020,20,0.159966,0.840034
physics,151,2000,2021,21,0.159966,0.840034
physics,151,2000,2022,22,0.159966,0.840034
physics,151,2000,2023,23,0.159966,0.840034
physics,151,2000,2024,24,0.159966,0.840034
physics,151,2000,2025,25,0.159966,0.840034
physics,152,2001,2001,0,1.0,0.0
physics,152,2001,2002,1,0.719253,0.280747
physics,152,2001,2003,2,0.425467,0.574533
physics,152,2001,2004,3,0.319788,0.680212
physics,152,2001,2005,4,0.270284,0.729716
physics,152,2001,2006,5,0.309026,0.690974
physics,152,2001,2007,6,0.313809,0.686191
physics,152,2001,2008,7,0.313809,0.686191
physics,152,2001,2009,8,0.319788,0.680212
physics,152,2001,2010,9,0.319788,0.680212
physics,152,2001,2011,10,0.319788,0.680212
physics,152,2001,2012,11,0.319788,0.680212
physics,152,2001,2013,12,0.319788,0.680212
physics,152,2001,2014,13,0.319788,0.680212
physics,152,2001,2015,14,0.319788,0.680212
physics,152,2001,2016,15,0.319788,0.680212
physics,152,2001,2017,16,0.319788,0.680212
physics,152,2001,2018,17,0.319788,0.680212
physics,152,2001,2019,18,0.319788,0.680212
physics,152,2001,2020,19,0.319788,0.680212
physics,152,2001,2021,20,0.319788,0.680212
physics,152,2001,2022,21,0.319788,0.680212
physics,152,2001,2023,22,0.319788,0.680212
physics,152,2001,2024,23,0.319788,0.680212
physics,152,2001,2025,24,0.319788,0.680212
physics,153,2001,2001,0,1.0,0.0
physics,153,2001,2003,2,0.0,1.0
physics,153,2001,2004,3,0.038742,0.961258
physics,153,2001,2005,4,0.0,1.0
physics,153,2001,2007,6,0.0,1.0
physics,153,2001,2008,7,0.038742,0.961258
physics,153,2001,2009,8,0.095838,0.904162
physics,153,2001,2010,9,0.038742,0.961258
physics,153,2001,2011,10,0.038742,0.961258
physics,153,2001,2012,11,0.038742,0.961258
physics,153,2001,2013,12,0.038742,0.961258
physics,153,2001,2014,13,0.038742,0.961258
physics,153,2001,2015,14,0.038742,0.961258
physics,153,2001,2016,15,0.038742,0.961258
physics,153,2001,2017,16,0.038742,0.961258
physics,153,2001,2018,17,0.038742,0.961258
physics,153,2001,2019,18,0.038742,0.961258
physics,153,2001,2020,19,0.038742,0.961258
physics,153,2001,2021,20,0.038742,0.961258
physics,153,2001,2022,21,0.038742,0.961258
physics,153,2001,2023,22,0.038742,0.961258
physics,153,2001,2024,23,0.164026,0.835974
physics,153,2001,2025,24,0.038742,0.961258
physics,154,2000,2000,0,1.0,0.0
physics,154,2000,2001,1,0.434147,0.565853
physics,154,2000,2003,3,0.0,1.0
physics,154,2000,2004,4,0.0,1.0
physics,154,2000,2005,5,0.146996,0.853004
physics,154,2000,2006,6,0.173088,0.826912
physics,154,2000,2007,7,0.080059,0.919941
physics,154,2000,2008,8,0.106599,0.893401
physics,154,2000,2009,9,0.129563,0.870437
physics,154,2000,2010,10,0.209622,0.790378
physics,154,2000,2011,11,0.1965,0.8035
physics,154,2000,2012,12,0.227847,0.772153
physics,154,2000,2013,13,0.209622,0.790378
physics,154,2000,2014,14,0.266718,0.733282
physics,154,2000,2015,15,0.277351,0.722649
physics,154,2000,2016,16,0.284943,0.715057
physics,154,2000,2017,17,0.35188,0.64812
physics,154,2000,2018,18,0.3031,0.6969
physics,154,2000,2019,19,0.334447,0.665553
physics,154,2000,2020,20,0.310243,0.689757
physics,154,2000,2021,21,0.316222,0.683778
physics,154,2000,2022,22,0.284943,0.715057
physics,154,2000,2023,23,0.323685,0.676315
physics,154,2000,2024,24,0.323685,0.676315
physics,154,2000,2025,25,0.323685,0.676315
physics,155,2005,2005,0,1.0,0.0
physics,155,2005,2007,2,0.057096,0.942904
physics,155,2005,2008,3,0.057096,0.942904
physics,155,2005,2009,4,0.223568,0.776432
physics,155,2005,2010,5,0.268568,0.731432
physics,155,2005,2011,6,0.268568,0.731432
physics,155,2005,2012,7,0.268568,0.731432
physics,155,2005,2013,8,0.223568,0.776432
physics,155,2005,2014,9,0.196568,0.803432
physics,155,2005,2015,10,0.268568,0.731432
physics,155,2005,2016,11,0.268568,0.731432
physics,155,2005,2017,12,0.223568,0.776432
physics,155,2005,2018,13,0.268568,0.731432
physics,155,2005,2019,14,0.268568,0.731432
physics,155,2005,2020,15,0.268568,0.731432
physics,155,2005,2021,16,0.196568,0.803432
physics,155,2005,2022,17,0.223568,0.776432
physics,155,2005,2023,18,0.268568,0.731432
physics,155,2005,2024,19,0.223568,0.776432
physics,155,2005,2025,20,0.196568,0.803432
physics,156,2007,2007,0,1.0,0.0
physics,156,2007,2011,4,0.0,1.0
physics,156,2007,2012,5,0.0,1.0
physics,156,2007,2017,10,0.124033,0.875967
physics,156,2007,2018,11,0.116441,0.883559
physics,156,2007,2019,12,0.066937,0.933063
physics,156,2007,2020,13,0.066937,0.933063
physics,156,2007,2021,14,0.066937,0.933063
physics,156,2007,2022,15,0.066937,0.933063
physics,156,2007,2023,16,0.066937,0.933063
physics,156,2007,2024,17,0.105679,0.894321
physics,156,2007,2025,18,0.066937,0.933063
physics,157,2004,2004,0,1.0,0.0
physics,157,2004,2006,2,0.0,1.0
physics,157,2004,2007,3,0.0,1.0
physics,157,2004,2008,4,0.043525,0.956475
physics,157,2004,2010,6,0.043525,0.956475
physics,157,2004,2011,7,0.043525,0.956475
physics,157,2004,2012,8,0.098284,0.901716
physics,157,2004,2013,9,0.08705,0.91295
physics,157,2004,2014,10,0.043525,0.956475
physics,157,2004,2015,11,0.043525,0.956475
physics,157,2004,2016,12,0.043525,0.956475
physics,157,2004,2017,13,0.043525,0.956475
physics,157,2004,2018,14,0.043525,0.956475
physics,157,2004,2019,15,0.043525,0.956475
physics,157,2004,2020,16,0.043525,0.956475
physics,157,2004,2021,17,0.043525,0.956475
physics,157,2004,2022,18,0.043525,0.956475
physics,157,2004,2023,19,0.043525,0.956475
physics,157,2004,2024,20,0.043525,0.956475
physics,157,2004,2025,21,0.043525,0.956475
physics,158,2003,2003,0,1.0,0.0
physics,158,2003,2004,1,0.892941,0.107059
physics,158,2003,2005,2,0.304136,0.695864
physics,158,2003,2006,3,0.125284,0.874716
physics,158,2003,2007,4,0.066937,0.933063
physics,158,2003,2008,5,0.080059,0.919941
physics,158,2003,2009,6,0.0,1.0
physics,158,2003,2010,7,0.0,1.0
physics,158,2003,2011,8,0.043525,0.956475
physics,158,2003,2012,9,0.0,1.0
physics,158,2003,2013,10,0.0,1.0
physics,158,2003,2014,11,0.0,1.0
physics,158,2003,2015,12,0.038742,0.961258
physics,158,2003,2016,13,0.0,1.0
physics,158,2003,2017,14,0.0,1.0
physics,158,2003,2018,15,0.0,1.0
physics,158,2003,2019,16,0.0,1.0
physics,158,2003,2020,17,0.043525,0.956475
physics,158,2003,2021,18,0.043525,0.956475
physics,158,2003,2022,19,0.043525,0.956475
physics,158,2003,2023,20,0.0,1.0
physics,158,2003,2024,21,0.038742,0.961258
physics,158,2003,2025,22,0.0,1.0
physics,159,2001,2001,0,1.0,0.0
physics,159,2001,2002,1,0.48737,0.51263
physics,159,2001,2003,2,0.309026,0.690974
physics,159,2001,2004,3,0.270284,0.729716
physics,159,2001,2005,4,0.309026,0.690974
physics,159,2001,2006,5,0.309026,0.690974
physics,159,2001,2007,6,0.309026,0.690974
physics,159,2001,2008,7,0.309026,0.690974
physics,159,2001,2009,8,0.270284,0.729716
physics,159,2001,2010,9,0.309026,0.690974
physics,159,2001,2011,10,0.309026,0.690974
physics,159,2001,2013,12,0.309026,0.690974
physics,159,2001,2014,13,0.309026,0.690974
physics,159,2001,2015,14,0.309026,0.690974
physics,159,2001,2016,15,0.309026,0.690974
physics,159,2001,2017,16,0.309026,0.690974
physics,159,2001,2018,17,0.309026,0.690974
physics,159,2001,2019,18,0.309026,0.690974
physics,159,2001,2020,19,0.309026,0.690974
physics,159,2001,2021,20,0.309026,0.690974
physics,159,2001,2022,21,0.309026,0.690974
physics,159,2001,2023,22,0.309026,0.690974
physics,159,2001,2024,23,0.309026,0.690974
physics,159,2001,2025,24,0.309026,0.690974
physics,160,2000,2000,0,1.0,0.0
physics,160,2000,2002,2,0.192221,0.807779
physics,160,2000,2004,4,0.125284,0.874716
physics,160,2000,2005,5,0.250568,0.749432
physics,160,2000,2007,7,0.18238,0.81762
physics,160,2000,2008,8,0.224292,0.775708
physics,160,2000,2009,9,0.295568,0.704432
physics,160,2000,2010,10,0.223568,0.776432
physics,160,2000,2011,11,0.300072,0.699928
physics,160,2000,2012,12,0.300072,0.699928
physics,160,2000,2013,13,0.300072,0.699928
physics,160,2000,2014,14,0.289311,0.710689
physics,160,2000,2015,15,0.295568,0.704432
physics,160,2000,2016,16,0.295568,0.704432
physics,160,2000,2017,17,0.250568,0.749432
physics,160,2000,2018,18,0.250568,0.749432
physics,160,2000,2019,19,0.345072,0.654928
physics,160,2000,2020,20,0.345072,0.654928
physics,160,2000,2021,21,0.250568,0.749432
physics,160,2000,2022,22,0.345072,0.654928
physics,160,2000,2023,23,0.339094,0.660906
physics,160,2000,2024,24,0.295568,0.704432
physics,160,2000,2025,25,0.295568,0.704432
physics,161,2000,2000,0,1.0,0.0
physics,161,2000,2001,1,0.447069,0.552931
physics,161,2000,2002,2,0.397105,0.602895
physics,161,2000,2003,3,0.467323,0.532677
physics,161,2000,2004,4,0.37888,0.62112
physics,161,2000,2005,5,0.438294,0.561706
physics,161,2000,2006,6,0.423656,0.576344
physics,161,2000,2007,7,0.42086,0.57914
physics,161,2000,2008,8,0.383534,0.616466
physics,161,2000,2009,9,0.397105,0.602895
physics,161,2000,2010,10,0.340009,0.659991
physics,161,2000,2011,11,0.340009,0.659991
physics,161,2000,2012,12,0.340009,0.659991
physics,161,2000,2013,13,0.340009,0.659991
physics,161,2000,2014,14,0.322576,0.677424
physics,161,2000,2015,15,0.340009,0.659991
physics,161,2000,2016,16,0.340009,0.659991
physics,161,2000,2017,17,0.340009,0.659991
physics,161,2000,2018,18,0.340009,0.659991
physics,161,2000,2019,19,0.383534,0.616466
physics,161,2000,2020,20,0.273072,0.726928
physics,161,2000,2021,21,0.340009,0.659991
physics,161,2000,2022,22,0.267094,0.732906
physics,161,2000,2023,23,0.311814,0.688186
physics,161,2000,2024,24,0.340009,0.659991
physics,161,2000,2025,25,0.414881,0.585119
physics,162,2000,2000,0,1.0,0.0
physics,162,2000,2003,3,0.080059,0.919941
physics,162,2000,2004,4,0.178343,0.821657
physics,162,2000,2005,5,0.350964,0.649036
physics,162,2000,2006,6,0.375628,0.624372
physics,162,2000,2007,7,0.209622,0.790378
physics,162,2000,2008,8,0.294784,0.705216
physics,162,2000,2009,9,0.285403,0.714597
physics,162,2000,2010,10,0.272281,0.727719
physics,162,2000,2011,11,0.244086,0.755914
physics,162,2000,2012,12,0.205343,0.794657
physics,162,2000,2013,13,0.205343,0.794657
physics,162,2000,2014,14,0.205343,0.794657
physics,162,2000,2015,15,0.205343,0.794657
physics,162,2000,2016,16,0.205343,0.794657
physics,162,2000,2017,17,0.205343,0.794657
physics,162,2000,2018,18,0.205343,0.794657
physics,162,2000,2019,19,0.205343,0.794657
physics,162,2000,2020,20,0.244086,0.755914
physics,162,2000,2021,21,0.205343,0.794657
physics,162,2000,2022,22,0.244086,0.755914
physics,162,2000,2023,23,0.244086,0.755914
physics,162,2000,2024,24,0.262439,0.737561
physics,162,2000,2025,25,0.254847,0.745153
physics,163,2000,2000,0,1.0,0.0
physics,163,2000,2001,1,0.589773,0.410227
physics,163,2000,2002,2,0.680594,0.319406
physics,163,2000,2003,3,0.590216,0.409784
physics,163,2000,2004,4,0.661214,0.338786
physics,163,2000,2005,5,0.662134,0.337866
physics,163,2000,2006,6,0.737561,0.262439
physics,163,2000,2007,7,0.730097,0.269903
physics,163,2000,2008,8,0.716252,0.283748
physics,163,2000,2009,9,0.729374,0.270626
physics,163,2000,2010,10,0.685097,0.314903
physics,163,2000,2011,11,0.679119,0.320881
physics,163,2000,2012,12,0.702531,0.297469
physics,163,2000,2013,13,0.671219,0.328781
physics,163,2000,2014,14,0.733878,0.266122
physics,163,2000,2015,15,0.778878,0.221122
physics,163,2000,2016,16,0.744704,0.255296
physics,163,2000,2017,17,0.711941,0.288059
physics,163,2000,2018,18,0.705962,0.294038
physics,163,2000,2019,19,0.705962,0.294038
physics,163,2000,2020,20,0.662437,0.337563
physics,163,2000,2021,21,0.662437,0.337563
physics,163,2000,2022,22,0.719533,0.280467
physics,163,2000,2023,23,0.662437,0.337563
physics,163,2000,2024,24,0.705962,0.294038
physics,163,2000,2025,25,0.662437,0.337563
physics,164,2000,2000,0,1.0,0.0
physics,164,2000,2001,1,0.806304,0.193696
physics,164,2000,2003,3,0.0,1.0
physics,164,2000,2005,5,0.124033,0.875967
physics,164,2000,2006,6,0.116441,0.883559
physics,164,2000,2007,7,0.0,1.0
physics,164,2000,2008,8,0.066937,0.933063
physics,164,2000,2009,9,0.0,1.0
physics,164,2000,2010,10,0.0,1.0
physics,164,2000,2011,11,0.0,1.0
physics,164,2000,2012,12,0.114191,0.885809
physics,164,2000,2013,13,0.057096,0.942904
physics,164,2000,2014,14,0.057096,0.942904
physics,164,2000,2015,15,0.116441,0.883559
physics,164,2000,2016,16,0.116441,0.883559
physics,164,2000,2017,17,0.116441,0.883559
physics,164,2000,2018,18,0.124033,0.875967
physics,164,2000,2019,19,0.124033,0.875967
physics,164,2000,2020,20,0.124033,0.875967
physics,164,2000,2021,21,0.105679,0.894321
physics,164,2000,2022,22,0.124033,0.875967
physics,164,2000,2023,23,0.124033,0.875967
physics,164,2000,2024,24,0.124033,0.875967
physics,164,2000,2025,25,0.114191,0.885809
physics,165,2003,2003,0,1.0,0.0
physics,165,2003,2007,4,0.0,1.0
physics,165,2003,2008,5,0.0,1.0
physics,165,2003,2009,6,0.0,1.0
physics,165,2003,2010,7,0.0,1.0
physics,165,2003,2011,8,0.0,1.0
physics,165,2003,2012,9,0.0,1.0
physics,165,2003,2013,10,0.0,1.0
physics,165,2003,2014,11,0.0,1.0
physics,165,2003,2015,12,0.0,1.0
physics,165,2003,2016,13,0.0,1.0
physics,165,2003,2017,14,0.0,1.0
physics,165,2003,2018,15,0.0,1.0
physics,165,2003,2019,16,0.0,1.0
physics,165,2003,2020,17,0.0,1.0
physics,165,2003,2021,18,0.0,1.0
physics,165,2003,2022,19,0.0,1.0
physics,165,2003,2023,20,0.0,1.0
physics,165,2003,2024,21,0.0,1.0
physics,165,2003,2025,22,0.0,1.0
physics,166,2000,2000,0,1.0,0.0
physics,166,2000,2001,1,0.566473,0.433527
physics,166,2000,2002,2,0.572452,0.427548
physics,166,2000,2003,3,0.661691,0.338309
physics,166,2000,2004,4,0.420853,0.579147
physics,166,2000,2005,5,0.520853,0.479147
physics,166,2000,2006,6,0.565853,0.434147
physics,166,2000,2007,7,0.520853,0.479147
physics,166,2000,2008,8,0.564378,0.435622
physics,166,2000,2009,9,0.604595,0.395405
physics,166,2000,2010,10,0.564378,0.435622
physics,166,2000,2011,11,0.520853,0.479147
physics,166,2000,2012,12,0.559595,0.440405
physics,166,2000,2013,13,0.654099,0.345901
physics,166,2000,2014,14,0.582378,0.417622
physics,166,2000,2015,15,0.604595,0.395405
physics,166,2000,2016,16,0.564378,0.435622
physics,166,2000,2017,17,0.609378,0.390622
physics,166,2000,2018,18,0.604595,0.395405
physics,166,2000,2019,19,0.559595,0.440405
physics,166,2000,2020,20,0.559595,0.440405
physics,166,2000,2021,21,0.559595,0.440405
physics,166,2000,2022,22,0.532595,0.467405
physics,166,2000,2023,23,0.559595,0.440405
physics,166,2000,2024,24,0.537378,0.462622
physics,166,2000,2025,25,0.493853,0.506147
physics,167,2000,2000,0,1.0,0.0
physics,167,2000,2001,1,0.178343,0.821657
physics,167,2000,2004,4,0.098284,0.901716
physics,167,2000,2006,6,0.080059,0.919941
physics,167,2000,2007,7,0.098284,0.901716
physics,167,2000,2009,9,0.098284,0.901716
physics,167,2000,2010,10,0.098284,0.901716
physics,167,2000,2011,11,0.098284,0.901716
physics,167,2000,2012,12,0.098284,0.901716
physics,167,2000,2013,13,0.098284,0.901716
physics,167,2000,2014,14,0.098284,0.901716
physics,167,2000,2015,15,0.098284,0.901716
physics,167,2000,2016,16,0.098284,0.901716
physics,167,2000,2017,17,0.098284,0.901716
physics,167,2000,2018,18,0.098284,0.901716
physics,167,2000,2019,19,0.098284,0.901716
physics,167,2000,2020,20,0.098284,0.901716
physics,167,2000,2021,21,0.098284,0.901716
physics,167,2000,2022,22,0.098284,0.901716
physics,167,2000,2023,23,0.098284,0.901716
physics,167,2000,2024,24,0.098284,0.901716
physics,167,2000,2025,25,0.098284,0.901716
physics,168,2000,2000,0,1.0,0.0
physics,168,2000,2001,1,0.787193,0.212807
physics,168,2000,2002,2,0.319788,0.680212
physics,168,2000,2003,3,0.136554,0.863446
physics,168,2000,2004,4,0.043525,0.956475
physics,168,2000,2005,5,0.038742,0.961258
physics,168,2000,2006,6,0.049504,0.950496
physics,168,2000,2007,7,0.049504,0.950496
physics,168,2000,2008,8,0.049504,0.950496
physics,168,2000,2009,9,0.049504,0.950496
physics,168,2000,2010,10,0.049504,0.950496
physics,168,2000,2011,11,0.049504,0.950496
physics,168,2000,2012,12,0.049504,0.950496
physics,168,2000,2013,13,0.049504,0.950496
physics,168,2000,2014,14,0.049504,0.950496
physics,168,2000,2015,15,0.049504,0.950496
physics,168,2000,2016,16,0.049504,0.950496
physics,168,2000,2017,17,0.049504,0.950496
physics,168,2000,2018,18,0.049504,0.950496
physics,168,2000,2019,19,0.049504,0.950496
physics,168,2000,2020,20,0.049504,0.950496
physics,168,2000,2021,21,0.049504,0.950496
physics,168,2000,2022,22,0.049504,0.950496
physics,168,2000,2023,23,0.049504,0.950496
physics,168,2000,2024,24,0.049504,0.950496
physics,168,2000,2025,25,0.049504,0.950496
physics,169,2001,2001,0,1.0,0.0
physics,169,2001,2002,1,0.328468,0.671532
physics,169,2001,2003,2,0.105679,0.894321
physics,169,2001,2004,3,0.057096,0.942904
physics,169,2001,2005,4,0.038742,0.961258
physics,169,2001,2006,5,0.098284,0.901716
physics,169,2001,2007,6,0.080059,0.919941
physics,169,2001,2009,8,0.098284,0.901716
physics,169,2001,2010,9,0.066937,0.933063
physics,169,2001,2011,10,0.080059,0.919941
physics,169,2001,2012,11,0.066937,0.933063
physics,169,2001,2013,12,0.057096,0.942904
physics,169,2001,2014,13,0.066937,0.933063
physics,169,2001,2015,14,0.080059,0.919941
physics,169,2001,2016,15,0.080059,0.919941
physics,169,2001,2017,16,0.066937,0.933063
physics,169,2001,2018,17,0.080059,0.919941
physics,169,2001,2019,18,0.098284,0.901716
physics,169,2001,2020,19,0.098284,0.901716
physics,169,2001,2021,20,0.098284,0.901716
physics,169,2001,2022,21,0.098284,0.901716
physics,169,2001,2023,22,0.098284,0.901716
physics,169,2001,2024,23,0.098284,0.901716
physics,169,2001,2025,24,0.098284,0.901716
physics,170,2002,2002,0,1.0,0.0
physics,170,2002,2004,2,0.118801,0.881199
physics,170,2002,2005,3,0.214725,0.785275
physics,170,2002,2006,4,0.270284,0.729716
physics,170,2002,2007,5,0.250343,0.749657
physics,170,2002,2008,6,0.250343,0.749657
physics,170,2002,2009,7,0.170284,0.829716
physics,170,2002,2010,8,0.380747,0.619253
physics,170,2002,2011,9,0.266122,0.733878
physics,170,2002,2012,10,0.213809,0.786191
physics,170,2002,2013,11,0.294317,0.705683
physics,170,2002,2014,12,0.304159,0.695841
physics,170,2002,2015,13,0.294317,0.705683
physics,170,2002,2016,14,0.22738,0.77262
physics,170,2002,2017,15,0.170284,0.829716
physics,170,2002,2018,16,0.270284,0.729716
physics,170,2002,2019,17,0.386725,0.613275
physics,170,2002,2020,18,0.393869,0.606131
physics,170,2002,2021,19,0.350343,0.649657
physics,170,2002,2022,20,0.417281,0.582719
physics,170,2002,2023,21,0.407439,0.592561
physics,170,2002,2024,22,0.299847,0.700153
physics,170,2002,2025,23,0.407439,0.592561
physics,171,2003,2003,0,1.0,0.0
physics,171,2003,2005,2,0.0,1.0
physics,171,2003,2006,3,0.0,1.0
physics,171,2003,2007,4,0.038742,0.961258
physics,171,2003,2008,5,0.038742,0.961258
physics,171,2003,2009,6,0.0,1.0
physics,171,2003,2010,7,0.038742,0.961258
physics,171,2003,2011,8,0.0,1.0
physics,171,2003,2012,9,0.066937,0.933063
physics,171,2003,2013,10,0.043525,0.956475
physics,171,2003,2014,11,0.0,1.0
physics,171,2003,2015,12,0.0,1.0
physics,171,2003,2016,13,0.0,1.0
physics,171,2003,2017,14,0.043525,0.956475
physics,171,2003,2018,15,0.049504,0.950496
physics,171,2003,2019,16,0.066937,0.933063
physics,171,2003,2020,17,0.066937,0.933063
physics,171,2003,2021,18,0.038742,0.961258
physics,171,2003,2022,19,0.066937,0.933063
physics,171,2003,2023,20,0.080059,0.919941
physics,171,2003,2024,21,0.066937,0.933063
physics,171,2003,2025,22,0.057096,0.942904
physics,172,2001,2001,0,1.0,0.0
physics,172,2001,2002,1,0.455687,0.544313
physics,172,2001,2003,2,0.512654,0.487346
physics,172,2001,2007,6,0.289086,0.710914
physics,172,2001,2009,8,0.327828,0.672172
physics,172,2001,2010,9,0.457895,0.542105
physics,172,2001,2011,10,0.356023,0.643977
physics,172,2001,2012,11,0.457895,0.542105
physics,172,2001,2013,12,0.41437,0.58563
physics,172,2001,2014,13,0.453112,0.546888
physics,172,2001,2015,14,0.41437,0.58563
physics,172,2001,2016,15,0.38737,0.61263
physics,172,2001,2017,16,0.444466,0.555534
physics,172,2001,2018,17,0.471466,0.528534
physics,172,2001,2019,18,0.444466,0.555534
physics,172,2001,2020,19,0.454307,0.545693
physics,172,2001,2021,20,0.444466,0.555534
physics,172,2001,2022,21,0.436874,0.563126
physics,172,2001,2023,22,0.463874,0.536126
physics,172,2001,2024,23,0.463874,0.536126
physics,172,2001,2025,24,0.430895,0.569105
physics,173,2002,2002,0,1.0,0.0
physics,173,2002,2006,4,0.0,1.0
physics,173,2002,2007,5,0.0,1.0
physics,173,2002,2008,6,0.066937,0.933063
physics,173,2002,2009,7,0.0,1.0
physics,173,2002,2010,8,0.098284,0.901716
physics,173,2002,2011,9,0.049504,0.950496
physics,173,2002,2012,10,0.049504,0.950496
physics,173,2002,2013,11,0.049504,0.950496
physics,173,2002,2014,12,0.038742,0.961258
physics,173,2002,2015,13,0.0,1.0
physics,173,2002,2016,14,0.043525,0.956475
physics,173,2002,2017,15,0.0,1.0
physics,173,2002,2018,16,0.0,1.0
physics,173,2002,2019,17,0.043525,0.956475
physics,173,2002,2020,18,0.0,1.0
physics,173,2002,2021,19,0.0,1.0
physics,173,2002,2022,20,0.0,1.0
physics,173,2002,2023,21,0.0,1.0
physics,173,2002,2024,22,0.0,1.0
physics,173,2002,2025,23,0.038742,0.961258
physics,174,2000,2000,0,1.0,0.0
physics,174,2000,2001,1,0.770453,0.229547
physics,174,2000,2002,2,0.507033,0.492967
physics,174,2000,2003,3,0.082267,0.917733
physics,174,2000,2004,4,0.123584,0.876416
physics,174,2000,2005,5,0.149204,0.850796
physics,174,2000,2006,6,0.162326,0.837674
physics,174,2000,2007,7,0.110462,0.889538
physics,174,2000,2008,8,0.162326,0.837674
physics,174,2000,2009,9,0.162326,0.837674
physics,174,2000,2010,10,0.162326,0.837674
physics,174,2000,2011,11,0.162326,0.837674
physics,174,2000,2012,12,0.162326,0.837674
physics,174,2000,2013,13,0.162326,0.837674
physics,174,2000,2014,14,0.162326,0.837674
physics,174,2000,2015,15,0.162326,0.837674
physics,174,2000,2016,16,0.162326,0.837674
physics,174,2000,2017,17,0.162326,0.837674
physics,174,2000,2018,18,0.162326,0.837674
physics,174,2000,2019,19,0.162326,0.837674
physics,174,2000,2020,20,0.162326,0.837674
physics,174,2000,2021,21,0.162326,0.837674
physics,174,2000,2022,22,0.229264,0.770736
physics,174,2000,2023,23,0.162326,0.837674
physics,174,2000,2024,24,0.162326,0.837674
physics,174,2000,2025,25,0.162326,0.837674
physics,175,2004,2004,0,1.0,0.0
physics,175,2004,2005,1,0.624187,0.375813
physics,175,2004,2006,2,0.433597,0.566403
physics,175,2004,2007,3,0.384094,0.615906
physics,175,2004,2008,4,0.343372,0.656628
physics,175,2004,2009,5,0.343372,0.656628
physics,175,2004,2010,6,0.293869,0.706131
physics,175,2004,2011,7,0.293869,0.706131
physics,175,2004,2012,8,0.312094,0.687906
physics,175,2004,2013,9,0.312094,0.687906
physics,175,2004,2014,10,0.293869,0.706131
physics,175,2004,2015,11,0.263313,0.736687
physics,175,2004,2016,12,0.263313,0.736687
physics,175,2004,2017,13,0.263313,0.736687
physics,175,2004,2018,14,0.263313,0.736687
physics,175,2004,2019,15,0.280747,0.719253
physics,175,2004,2020,16,0.319489,0.680511
physics,175,2004,2021,17,0.280747,0.719253
physics,175,2004,2022,18,0.257334,0.742666
physics,175,2004,2023,19,0.270905,0.729095
physics,175,2004,2024,20,0.252551,0.747449
physics,175,2004,2025,21,0.257334,0.742666
physics,176,2001,2001,0,1.0,0.0
physics,176,2001,2004,3,0.0,1.0
physics,176,2001,2005,4,0.0,1.0
physics,176,2001,2006,5,0.0,1.0
physics,176,2001,2007,6,0.0,1.0
physics,176,2001,2008,7,0.0,1.0
physics,176,2001,2009,8,0.0,1.0
physics,176,2001,2010,9,0.0,1.0
physics,176,2001,2011,10,0.0,1.0
physics,176,2001,2012,11,0.0,1.0
physics,176,2001,2013,12,0.0,1.0
physics,176,2001,2014,13,0.0,1.0
physics,176,2001,2015,14,0.0,1.0
physics,176,2001,2016,15,0.0,1.0
physics,176,2001,2017,16,0.0,1.0
physics,176,2001,2018,17,0.0,1.0
physics,176,2001,2019,18,0.0,1.0
physics,176,2001,2020,19,0.0,1.0
physics,176,2001,2021,20,0.0,1.0
physics,176,2001,2022,21,0.0,1.0
physics,176,2001,2023,22,0.0,1.0
physics,176,2001,2024,23,0.0,1.0
physics,176,2001,2025,24,0.0,1.0
physics,177,2001,2001,0,1.0,0.0
physics,177,2001,2003,2,0.043525,0.956475
physics,177,2001,2004,3,0.043525,0.956475
physics,177,2001,2006,5,0.0,1.0
physics,177,2001,2007,6,0.043525,0.956475
physics,177,2001,2009,8,0.043525,0.956475
physics,177,2001,2010,9,0.043525,0.956475
physics,177,2001,2011,10,0.043525,0.956475
physics,177,2001,2012,11,0.043525,0.956475
physics,177,2001,2013,12,0.043525,0.956475
physics,177,2001,2014,13,0.043525,0.956475
physics,177,2001,2015,14,0.043525,0.956475
physics,177,2001,2016,15,0.043525,0.956475
physics,177,2001,2017,16,0.043525,0.956475
physics,177,2001,2018,17,0.043525,0.956475
physics,177,2001,2019,18,0.043525,0.956475
physics,177,2001,2020,19,0.043525,0.956475
physics,177,2001,2021,20,0.043525,0.956475
physics,177,2001,2022,21,0.043525,0.956475
physics,177,2001,2023,22,0.043525,0.956475
physics,177,2001,2024,23,0.043525,0.956475
physics,177,2001,2025,24,0.043525,0.956475
physics,178,2001,2001,0,1.0,0.0
physics,178,2001,2005,4,0.0,1.0
physics,178,2001,2006,5,0.247768,0.752232
physics,178,2001,2007,6,0.289086,0.710914
physics,178,2001,2008,7,0.289086,0.710914
physics,178,2001,2009,8,0.289086,0.710914
physics,178,2001,2010,9,0.289086,0.710914
physics,178,2001,2011,10,0.289086,0.710914
physics,178,2001,2012,11,0.289086,0.710914
physics,178,2001,2013,12,0.289086,0.710914
physics,178,2001,2014,13,0.289086,0.710914
physics,178,2001,2015,14,0.289086,0.710914
physics,178,2001,2016,15,0.250343,0.749657
physics,178,2001,2017,16,0.289086,0.710914
physics,178,2001,2018,17,0.289086,0.710914
physics,178,2001,2019,18,0.289086,0.710914
physics,178,2001,2020,19,0.289086,0.710914
physics,178,2001,2021,20,0.250343,0.749657
physics,178,2001,2022,21,0.250343,0.749657
physics,178,2001,2023,22,0.250343,0.749657
physics,178,2001,2024,23,0.289086,0.710914
physics,178,2001,2025,24,0.289086,0.710914
physics,179,2000,2000,0,1.0,0.0
physics,179,2000,2003,3,0.043525,0.956475
physics,179,2000,2004,4,0.170284,0.829716
physics,179,2000,2006,6,0.170284,0.829716
physics,179,2000,2008,8,0.0,1.0
physics,179,2000,2009,9,0.098284,0.901716
physics,179,2000,2010,10,0.170284,0.829716
physics,179,2000,2011,11,0.170284,0.829716
physics,179,2000,2012,12,0.125284,0.874716
physics,179,2000,2013,13,0.170284,0.829716
physics,179,2000,2014,14,0.170284,0.829716
physics,179,2000,2015,15,0.170284,0.829716
physics,179,2000,2016,16,0.170284,0.829716
physics,179,2000,2017,17,0.170284,0.829716
physics,179,2000,2018,18,0.170284,0.829716
physics,179,2000,2019,19,0.170284,0.829716
physics,179,2000,2020,20,0.170284,0.829716
physics,179,2000,2021,21,0.170284,0.829716
physics,179,2000,2022,22,0.170284,0.829716
physics,179,2000,2023,23,0.170284,0.829716
physics,179,2000,2024,24,0.170284,0.829716
physics,179,2000,2025,25,0.170284,0.829716
physics,180,2003,2003,0,1.0,0.0
physics,180,2003,2004,1,0.612389,0.387611
physics,180,2003,2006,3,0.275964,0.724036
physics,180,2003,2007,4,0.275964,0.724036
physics,180,2003,2008,5,0.356023,0.643977
physics,180,2003,2009,6,0.333059,0.666941
physics,180,2003,2010,7,0.376584,0.623416
physics,180,2003,2011,8,0.342901,0.657099
physics,180,2003,2012,9,0.275964,0.724036
physics,180,2003,2013,10,0.275964,0.724036
physics,180,2003,2014,11,0.275964,0.724036
physics,180,2003,2015,12,0.275964,0.724036
physics,180,2003,2016,13,0.275964,0.724036
physics,180,2003,2017,14,0.275964,0.724036
physics,180,2003,2018,15,0.275964,0.724036
physics,180,2003,2019,16,0.275964,0.724036
physics,180,2003,2020,17,0.275964,0.724036
physics,180,2003,2021,18,0.275964,0.724036
physics,180,2003,2022,19,0.275964,0.724036
physics,180,2003,2023,20,0.275964,0.724036
physics,180,2003,2024,21,0.275964,0.724036
physics,180,2003,2025,22,0.275964,0.724036
physics,181,2001,2001,0,1.0,0.0
physics,181,2001,2005,4,0.049504,0.950496
physics,181,2001,2006,5,0.147788,0.852212
physics,181,2001,2007,6,0.219788,0.780212
physics,181,2001,2008,7,0.219788,0.780212
physics,181,2001,2009,8,0.219788,0.780212
physics,181,2001,2010,9,0.219788,0.780212
physics,181,2001,2011,10,0.219788,0.780212
physics,181,2001,2012,11,0.219788,0.780212
physics,181,2001,2013,12,0.219788,0.780212
physics,181,2001,2014,13,0.219788,0.780212
physics,181,2001,2015,14,0.219788,0.780212
physics,181,2001,2016,15,0.219788,0.780212
physics,181,2001,2017,16,0.219788,0.780212
physics,181,2001,2018,17,0.219788,0.780212
physics,181,2001,2019,18,0.219788,0.780212
physics,181,2001,2020,19,0.219788,0.780212
physics,181,2001,2021,20,0.219788,0.780212
physics,181,2001,2022,21,0.219788,0.780212
physics,181,2001,2023,22,0.219788,0.780212
physics,181,2001,2024,23,0.219788,0.780212
physics,181,2001,2025,24,0.219788,0.780212
physics,182,2001,2001,0,1.0,0.0
physics,182,2001,2003,2,0.125284,0.874716
physics,182,2001,2005,4,0.170284,0.829716
physics,182,2001,2006,5,0.066937,0.933063
physics,182,2001,2007,6,0.125284,0.874716
physics,182,2001,2008,7,0.170284,0.829716
physics,182,2001,2009,8,0.170284,0.829716
physics,182,2001,2010,9,0.170284,0.829716
physics,182,2001,2011,10,0.170284,0.829716
physics,182,2001,2012,11,0.170284,0.829716
physics,182,2001,2013,12,0.170284,0.829716
physics,182,2001,2014,13,0.170284,0.829716
physics,182,2001,2015,14,0.170284,0.829716
physics,182,2001,2016,15,0.170284,0.829716
physics,182,2001,2017,16,0.170284,0.829716
physics,182,2001,2018,17,0.170284,0.829716
physics,182,2001,2019,18,0.170284,0.829716
physics,182,2001,2020,19,0.170284,0.829716
physics,182,2001,2021,20,0.170284,0.829716
physics,182,2001,2022,21,0.170284,0.829716
physics,182,2001,2023,22,0.170284,0.829716
physics,182,2001,2024,23,0.170284,0.829716
physics,182,2001,2025,24,0.170284,0.829716
physics,183,2000,2000,0,1.0,0.0
physics,183,2000,2001,1,0.469189,0.530811
physics,183,2000,2002,2,0.417281,0.582719
physics,183,2000,2004,4,0.237221,0.762779
physics,183,2000,2005,5,0.394317,0.605683
physics,183,2000,2006,6,0.417281,0.582719
physics,183,2000,2007,7,0.417281,0.582719
physics,183,2000,2008,8,0.389086,0.610914
physics,183,2000,2009,9,0.450964,0.549036
physics,183,2000,2010,10,0.337221,0.662779
physics,183,2000,2011,11,0.407439,0.592561
physics,183,2000,2012,12,0.407439,0.592561
physics,183,2000,2013,13,0.466784,0.533216
physics,183,2000,2014,14,0.460806,0.539194
physics,183,2000,2015,15,0.460806,0.539194
physics,183,2000,2016,16,0.417281,0.582719
physics,183,2000,2017,17,0.417281,0.582719
physics,183,2000,2018,18,0.417281,0.582719
physics,183,2000,2019,19,0.417281,0.582719
physics,183,2000,2020,20,0.417281,0.582719
physics,183,2000,2021,21,0.417281,0.582719
physics,183,2000,2022,22,0.393869,0.606131
physics,183,2000,2023,23,0.399847,0.600153
physics,183,2000,2024,24,0.450964,0.549036
physics,183,2000,2025,25,0.399847,0.600153
physics,184,2001,2001,0,1.0,0.0
physics,184,2001,2004,3,0.080059,0.919941
physics,184,2001,2005,4,0.080059,0.919941
physics,184,2001,2006,5,0.080059,0.919941
physics,184,2001,2007,6,0.178343,0.821657
physics,184,2001,2008,7,0.080059,0.919941
physics,184,2001,2009,8,0.080059,0.919941
physics,184,2001,2010,9,0.080059,0.919941
physics,184,2001,2011,10,0.080059,0.919941
physics,184,2001,2012,11,0.080059,0.919941
physics,184,2001,2013,12,0.080059,0.919941
physics,184,2001,2014,13,0.080059,0.919941
physics,184,2001,2015,14,0.080059,0.919941
physics,184,2001,2016,15,0.080059,0.919941
physics,184,2001,2017,16,0.080059,0.919941
physics,184,2001,2018,17,0.080059,0.919941
physics,184,2001,2019,18,0.080059,0.919941
physics,184,2001,2020,19,0.080059,0.919941
physics,184,2001,2021,20,0.080059,0.919941
physics,184,2001,2022,21,0.080059,0.919941
physics,184,2001,2023,22,0.080059,0.919941
physics,184,2001,2024,23,0.080059,0.919941
physics,184,2001,2025,24,0.080059,0.919941
physics,185,2000,2000,0,1.0,0.0
physics,185,2000,2002,2,0.098284,0.901716
physics,185,2000,2003,3,0.219788,0.780212
physics,185,2000,2004,4,0.394317,0.605683
physics,185,2000,2005,5,0.443821,0.556179
physics,185,2000,2006,6,0.366122,0.633878
physics,185,2000,2007,7,0.307439,0.692561
physics,185,2000,2008,8,0.270284,0.729716
physics,185,2000,2009,9,0.350343,0.649657
physics,185,2000,2010,10,0.456943,0.543057
physics,185,2000,2011,11,0.425664,0.574336
physics,185,2000,2012,12,0.425664,0.574336
physics,185,2000,2013,13,0.469189,0.530811
physics,185,2000,2014,14,0.475168,0.524832
physics,185,2000,2015,15,0.399847,0.600153
physics,185,2000,2016,16,0.433979,0.566021
physics,185,2000,2017,17,0.402055,0.597945
physics,185,2000,2018,18,0.402055,0.597945
physics,185,2000,2019,19,0.366122,0.633878
physics,185,2000,2020,20,0.437842,0.562158
physics,185,2000,2021,21,0.456943,0.543057
physics,185,2000,2022,22,0.469189,0.530811
physics,185,2000,2023,23,0.418072,0.581928
physics,185,2000,2024,24,0.425664,0.574336
physics,185,2000,2025,25,0.425664,0.574336
physics,186,2000,2000,0,1.0,0.0
physics,186,2000,2003,3,0.353131,0.646869
physics,186,2000,2004,4,0.446912,0.553088
physics,186,2000,2006,6,0.038742,0.961258
physics,186,2000,2008,8,0.100621,0.899379
physics,186,2000,2009,9,0.389706,0.610294
physics,186,2000,2010,10,0.662886,0.337114
physics,186,2000,2011,11,0.499661,0.500339
physics,186,2000,2012,12,0.517886,0.482114
physics,186,2000,2013,13,0.517886,0.482114
physics,186,2000,2014,14,0.544886,0.455114
physics,186,2000,2015,15,0.517886,0.482114
physics,186,2000,2016,16,0.508044,0.491956
physics,186,2000,2017,17,0.417819,0.582181
physics,186,2000,2018,18,0.417819,0.582181
physics,186,2000,2019,19,0.462819,0.537181
physics,186,2000,2020,20,0.508044,0.491956
physics,186,2000,2021,21,0.680044,0.319956
physics,186,2000,2022,22,0.628561,0.371439
physics,186,2000,2023,23,0.549697,0.450303
physics,186,2000,2024,24,0.549697,0.450303
physics,186,2000,2025,25,0.449697,0.550303
physics,187,2000,2000,0,1.0,0.0
physics,187,2000,2001,1,0.147788,0.852212
physics,187,2000,2002,2,0.15538,0.84462
physics,187,2000,2003,3,0.0,1.0
physics,187,2000,2004,4,0.098284,0.901716
physics,187,2000,2005,5,0.049504,0.950496
physics,187,2000,2006,6,0.0,1.0
physics,187,2000,2007,7,0.0,1.0
physics,187,2000,2008,8,0.0,1.0
physics,187,2000,2009,9,0.0,1.0
physics,187,2000,2010,10,0.0,1.0
physics,187,2000,2011,11,0.0,1.0
physics,187,2000,2012,12,0.0,1.0
physics,187,2000,2013,13,0.0,1.0
physics,187,2000,2014,14,0.0,1.0
physics,187,2000,2015,15,0.0,1.0
physics,187,2000,2016,16,0.0,1.0
physics,187,2000,2017,17,0.0,1.0
physics,187,2000,2018,18,0.0,1.0
physics,187,2000,2019,19,0.0,1.0
physics,187,2000,2020,20,0.0,1.0
physics,187,2000,2021,21,0.0,1.0
physics,187,2000,2022,22,0.0,1.0
physics,187,2000,2023,23,0.0,1.0
physics,187,2000,2024,24,0.0,1.0
physics,187,2000,2025,25,0.0,1.0
physics,188,2003,2003,0,1.0,0.0
physics,188,2003,2004,1,0.502336,0.497664
physics,188,2003,2005,2,0.490886,0.509114
physics,188,2003,2007,4,0.0,1.0
physics,188,2003,2008,5,0.038742,0.961258
physics,188,2003,2009,6,0.066937,0.933063
physics,188,2003,2010,7,0.066937,0.933063
physics,188,2003,2011,8,0.057096,0.942904
physics,188,2003,2012,9,0.057096,0.942904
physics,188,2003,2013,10,0.0,1.0
physics,188,2003,2014,11,0.0,1.0
physics,188,2003,2015,12,0.0,1.0
physics,188,2003,2016,13,0.088246,0.911754
physics,188,2003,2017,14,0.043525,0.956475
physics,188,2003,2018,15,0.049504,0.950496
physics,188,2003,2019,16,0.0,1.0
physics,188,2003,2020,17,0.049504,0.950496
physics,188,2003,2021,18,0.066937,0.933063
physics,188,2003,2022,19,0.066937,0.933063
physics,188,2003,2023,20,0.066937,0.933063
physics,188,2003,2024,21,0.066937,0.933063
physics,188,2003,2025,22,0.080059,0.919941
physics,189,2001,2001,0,1.0,0.0
physics,189,2001,2002,1,0.729716,0.270284
physics,189,2001,2003,2,0.129563,0.870437
physics,189,2001,2004,3,0.168305,0.831695
physics,189,2001,2006,5,0.168305,0.831695
physics,189,2001,2007,6,0.168305,0.831695
physics,189,2001,2008,7,0.129563,0.870437
physics,189,2001,2009,8,0.080059,0.919941
physics,189,2001,2010,9,0.118801,0.881199
physics,189,2001,2011,10,0.118801,0.881199
physics,189,2001,2012,11,0.118801,0.881199
physics,189,2001,2013,12,0.118801,0.881199
physics,189,2001,2014,13,0.118801,0.881199
physics,189,2001,2015,14,0.157543,0.842457
physics,189,2001,2016,15,0.162326,0.837674
physics,189,2001,2017,16,0.118801,0.881199
physics,189,2001,2018,17,0.157543,0.842457
physics,189,2001,2019,18,0.118801,0.881199
physics,189,2001,2020,19,0.118801,0.881199
physics,189,2001,2021,20,0.118801,0.881199
physics,189,2001,2022,21,0.118801,0.881199
physics,189,2001,2023,22,0.118801,0.881199
physics,189,2001,2024,23,0.118801,0.881199
physics,189,2001,2025,24,0.080059,0.919941
physics,190,2003,2003,0,1.0,0.0
physics,190,2003,2004,1,0.727719,0.272281
physics,190,2003,2005,2,0.290506,0.709494
physics,190,2003,2009,6,0.0,1.0
physics,190,2003,2010,7,0.0,1.0
physics,190,2003,2011,8,0.0,1.0
physics,190,2003,2012,9,0.0,1.0
physics,190,2003,2013,10,0.0,1.0
physics,190,2003,2014,11,0.0,1.0
physics,190,2003,2015,12,0.038742,0.961258
physics,190,2003,2016,13,0.0,1.0
physics,190,2003,2017,14,0.043525,0.956475
physics,190,2003,2018,15,0.043525,0.956475
physics,190,2003,2019,16,0.043525,0.956475
physics,190,2003,2020,17,0.038742,0.961258
physics,190,2003,2021,18,0.0,1.0
physics,190,2003,2022,19,0.0,1.0
physics,190,2003,2023,20,0.0,1.0
physics,190,2003,2024,21,0.043525,0.956475
physics,190,2003,2025,22,0.0,1.0
physics,191,2000,2000,0,1.0,0.0
physics,191,2000,2001,1,0.194122,0.805878
physics,191,2000,2002,2,0.332836,0.667164
physics,191,2000,2003,3,0.511101,0.488899
physics,191,2000,2004,4,0.580399,0.419601
physics,191,2000,2005,5,0.542565,0.457435
physics,191,2000,2006,6,0.604315,0.395685
physics,191,2000,2007,7,0.545693,0.454307
physics,191,2000,2008,8,0.430403,0.569597
physics,191,2000,2009,9,0.417281,0.582719
physics,191,2000,2010,10,0.460806,0.539194
physics,191,2000,2011,11,0.443372,0.556628
physics,191,2000,2012,12,0.492153,0.507847
physics,191,2000,2013,13,0.562678,0.437322
physics,191,2000,2014,14,0.568656,0.431344
physics,191,2000,2015,15,0.562678,0.437322
physics,191,2000,2016,16,0.576248,0.423752
physics,191,2000,2017,17,0.557895,0.442105
physics,191,2000,2018,18,0.576248,0.423752
physics,191,2000,2019,19,0.576248,0.423752
physics,191,2000,2020,20,0.617437,0.382563
physics,191,2000,2021,21,0.545693,0.454307
physics,191,2000,2022,22,0.58609,0.41391
physics,191,2000,2023,23,0.58609,0.41391
physics,191,2000,2024,24,0.576248,0.423752
physics,191,2000,2025,25,0.617437,0.382563
physics,192,2007,2007,0,1.0,0.0
physics,192,2007,2008,1,0.942904,0.057096
physics,192,2007,2009,2,0.625752,0.374248
physics,192,2007,2010,3,0.230964,0.769036
physics,192,2007,2011,4,0.049504,0.950496
physics,192,2007,2012,5,0.0,1.0
physics,192,2007,2013,6,0.0,1.0
physics,192,2007,2014,7,0.0,1.0
physics,192,2007,2015,8,0.0,1.0
physics,192,2007,2016,9,0.0,1.0
physics,192,2007,2017,10,0.0,1.0
physics,192,2007,2018,11,0.0,1.0
physics,192,2007,2019,12,0.0,1.0
physics,192,2007,2020,13,0.0,1.0
physics,192,2007,2021,14,0.0,1.0
physics,192,2007,2022,15,0.0,1.0
physics,192,2007,2023,16,0.0,1.0
physics,192,2007,2024,17,0.0,1.0
physics,192,2007,2025,18,0.0,1.0
physics,193,2000,2000,0,1.0,0.0
physics,193,2000,2001,1,0.1965,0.8035
physics,193,2000,2002,2,0.049504,0.950496
physics,193,2000,2003,3,0.049504,0.950496
physics,193,2000,2004,4,0.049504,0.950496
physics,193,2000,2005,5,0.049504,0.950496
physics,193,2000,2006,6,0.049504,0.950496
physics,193,2000,2007,7,0.049504,0.950496
physics,193,2000,2008,8,0.049504,0.950496
physics,193,2000,2009,9,0.049504,0.950496
physics,193,2000,2010,10,0.049504,0.950496
physics,193,2000,2011,11,0.049504,0.950496
physics,193,2000,2012,12,0.049504,0.950496
physics,193,2000,2013,13,0.049504,0.950496
physics,193,2000,2014,14,0.049504,0.950496
physics,193,2000,2015,15,0.049504,0.950496
physics,193,2000,2016,16,0.049504,0.950496
physics,193,2000,2017,17,0.049504,0.950496
physics,193,2000,2018,18,0.088246,0.911754
physics,193,2000,2019,19,0.049504,0.950496
physics,193,2000,2020,20,0.049504,0.950496
physics,193,2000,2021,21,0.049504,0.950496
physics,193,2000,2022,22,0.049504,0.950496
physics,193,2000,2023,23,0.049504,0.950496
physics,193,2000,2024,24,0.049504,0.950496
physics,193,2000,2025,25,0.049504,0.950496
physics,194,2000,2000,0,1.0,0.0
physics,194,2000,2001,1,0.701308,0.298692
physics,194,2000,2004,4,0.18238,0.81762
physics,194,2000,2005,5,0.049504,0.950496
physics,194,2000,2006,6,0.170284,0.829716
physics,194,2000,2007,7,0.170284,0.829716
physics,194,2000,2008,8,0.125284,0.874716
physics,194,2000,2009,9,0.170284,0.829716
physics,194,2000,2010,10,0.209026,0.790974
physics,194,2000,2011,11,0.219788,0.780212
physics,194,2000,2012,12,0.22738,0.77262
physics,194,2000,2013,13,0.250343,0.749657
physics,194,2000,2014,14,0.237221,0.762779
physics,194,2000,2015,15,0.250343,0.749657
physics,194,2000,2016,16,0.250343,0.749657
physics,194,2000,2017,17,0.250343,0.749657
physics,194,2000,2018,18,0.250343,0.749657
physics,194,2000,2019,19,0.250343,0.749657
physics,194,2000,2020,20,0.237221,0.762779
physics,194,2000,2021,21,0.237221,0.762779
physics,194,2000,2022,22,0.250343,0.749657
physics,194,2000,2023,23,0.237221,0.762779
physics,194,2000,2024,24,0.237221,0.762779
physics,194,2000,2025,25,0.237221,0.762779
physics,195,2000,2000,0,1.0,0.0
physics,195,2000,2001,1,0.733752,0.266248
physics,195,2000,2002,2,0.544437,0.455563
physics,195,2000,2003,3,0.550752,0.449248
physics,195,2000,2004,4,0.666941,0.333059
physics,195,2000,2005,5,0.684374,0.315626
physics,195,2000,2006,6,0.724036,0.275964
physics,195,2000,2007,7,0.727899,0.272101
physics,195,2000,2008,8,0.701533,0.298467
physics,195,2000,2009,9,0.653027,0.346973
physics,195,2000,2010,10,0.666149,0.333851
physics,195,2000,2011,11,0.640849,0.359151
physics,195,2000,2012,12,0.640849,0.359151
physics,195,2000,2013,13,0.667849,0.332151
physics,195,2000,2014,14,0.684374,0.315626
physics,195,2000,2015,15,0.711374,0.288626
physics,195,2000,2016,16,0.684374,0.315626
physics,195,2000,2017,17,0.684374,0.315626
physics,195,2000,2018,18,0.666149,0.333851
physics,195,2000,2019,19,0.599661,0.400339
physics,195,2000,2020,20,0.653027,0.346973
physics,195,2000,2021,21,0.609502,0.390498
physics,195,2000,2022,22,0.599661,0.400339
physics,195,2000,2023,23,0.622624,0.377376
physics,195,2000,2024,24,0.622624,0.377376
physics,195,2000,2025,25,0.640849,0.359151
physics,196,2001,2001,0,1.0,0.0
physics,196,2001,2002,1,0.663227,0.336773
physics,196,2001,2004,3,0.057096,0.942904
physics,196,2001,2005,4,0.057096,0.942904
physics,196,2001,2006,5,0.057096,0.942904
physics,196,2001,2009,8,0.057096,0.942904
physics,196,2001,2010,9,0.057096,0.942904
physics,196,2001,2011,10,0.15538,0.84462
physics,196,2001,2012,11,0.18238,0.81762
physics,196,2001,2013,12,0.137155,0.862845
physics,196,2001,2014,13,0.18238,0.81762
physics,196,2001,2015,14,0.18238,0.81762
physics,196,2001,2016,15,0.18238,0.81762
physics,196,2001,2017,16,0.18238,0.81762
physics,196,2001,2018,17,0.18238,0.81762
physics,196,2001,2019,18,0.18238,0.81762
physics,196,2001,2020,19,0.18238,0.81762
physics,196,2001,2021,20,0.18238,0.81762
physics,196,2001,2022,21,0.18238,0.81762
physics,196,2001,2023,22,0.18238,0.81762
physics,196,2001,2024,23,0.18238,0.81762
physics,196,2001,2025,24,0.18238,0.81762
physics,197,2002,2002,0,1.0,0.0
physics,197,2002,2004,2,0.676208,0.323792
physics,197,2002,2005,3,0.677683,0.322317
physics,197,2002,2008,6,0.287151,0.712849
physics,197,2002,2009,7,0.314151,0.685849
physics,197,2002,2010,8,0.243626,0.756374
physics,197,2002,2012,10,0.25853,0.74147
physics,197,2002,2014,12,0.126988,0.873012
physics,197,2002,2015,13,0.25853,0.74147
physics,197,2002,2016,14,0.194845,0.805155
physics,197,2002,2017,15,0.212279,0.787721
physics,197,2002,2018,16,0.225401,0.774599
physics,197,2002,2019,17,0.225401,0.774599
physics,197,2002,2020,18,0.225401,0.774599
physics,197,2002,2021,19,0.212279,0.787721
physics,197,2002,2022,20,0.198708,0.801292
physics,197,2002,2023,21,0.155183,0.844817
physics,197,2002,2024,22,0.198708,0.801292
physics,197,2002,2025,23,0.198708,0.801292
physics,198,2001,2001,0,1.0,0.0
physics,198,2001,2007,6,0.0,1.0
physics,198,2001,2009,8,0.049504,0.950496
physics,198,2001,2010,9,0.123584,0.876416
physics,198,2001,2012,11,0.141809,0.858191
physics,198,2001,2014,13,0.043525,0.956475
physics,198,2001,2015,14,0.141809,0.858191
physics,198,2001,2016,15,0.141809,0.858191
physics,198,2001,2017,16,0.141809,0.858191
physics,198,2001,2018,17,0.141809,0.858191
physics,198,2001,2019,18,0.141809,0.858191
physics,198,2001,2020,19,0.141809,0.858191
physics,198,2001,2021,20,0.141809,0.858191
physics,198,2001,2022,21,0.141809,0.858191
physics,198,2001,2023,22,0.141809,0.858191
physics,198,2001,2024,23,0.141809,0.858191
physics,198,2001,2025,24,0.141809,0.858191
physics,199,2000,2000,0,1.0,0.0
physics,199,2000,2002,2,0.270284,0.729716
physics,199,2000,2003,3,0.319788,0.680212
physics,199,2000,2004,4,0.35853,0.64147
physics,199,2000,2005,5,0.402055,0.597945
physics,199,2000,2006,6,0.396076,0.603924
physics,199,2000,2007,7,0.352551,0.647449
physics,199,2000,2008,8,0.270284,0.729716
physics,199,2000,2009,9,0.352551,0.647449
physics,199,2000,2010,10,0.352551,0.647449
physics,199,2000,2011,11,0.402055,0.597945
physics,199,2000,2012,12,0.352551,0.647449
physics,199,2000,2013,13,0.352551,0.647449
physics,199,2000,2014,14,0.352551,0.647449
physics,199,2000,2015,15,0.352551,0.647449
physics,199,2000,2016,16,0.352551,0.647449
physics,199,2000,2017,17,0.309026,0.690974
physics,199,2000,2018,18,0.309026,0.690974
physics,199,2000,2019,19,0.352551,0.647449
physics,199,2000,2020,20,0.352551,0.647449
physics,199,2000,2021,21,0.347768,0.652232
physics,199,2000,2022,22,0.352551,0.647449
physics,199,2000,2023,23,0.352551,0.647449
physics,199,2000,2024,24,0.352551,0.647449
physics,199,2000,2025,25,0.352551,0.647449
physics,200,2000,2000,0,1.0,0.0
physics,200,2000,2002,2,0.066937,0.933063
physics,200,2000,2003,3,0.178343,0.821657
physics,200,2000,2004,4,0.250568,0.749432
physics,200,2000,2005,5,0.225905,0.774095
physics,200,2000,2006,6,0.294094,0.705906
physics,200,2000,2007,7,0.295568,0.704432
physics,200,2000,2008,8,0.334311,0.665689
physics,200,2000,2009,9,0.339094,0.660906
physics,200,2000,2010,10,0.339094,0.660906
physics,200,2000,2011,11,0.339094,0.660906
physics,200,2000,2012,12,0.295568,0.704432
physics,200,2000,2013,13,0.295568,0.704432
physics,200,2000,2014,14,0.295568,0.704432
physics,200,2000,2015,15,0.295568,0.704432
physics,200,2000,2016,16,0.339094,0.660906
physics,200,2000,2017,17,0.295568,0.704432
physics,200,2000,2018,18,0.295568,0.704432
physics,200,2000,2019,19,0.295568,0.704432
physics,200,2000,2020,20,0.295568,0.704432
physics,200,2000,2021,21,0.250568,0.749432
physics,200,2000,2022,22,0.250568,0.749432
physics,200,2000,2023,23,0.250568,0.749432
physics,200,2000,2024,24,0.250568,0.749432
physics,200,2000,2025,25,0.250568,0.749432
physics,201,2003,2003,0,1.0,0.0
physics,201,2003,2006,3,0.0,1.0
physics,201,2003,2008,5,0.0,1.0
physics,201,2003,2010,7,0.0,1.0
physics,201,2003,2011,8,0.0,1.0
physics,201,2003,2012,9,0.0,1.0
physics,201,2003,2013,10,0.057096,0.942904
physics,201,2003,2015,12,0.0,1.0
physics,201,2003,2016,13,0.0,1.0
physics,201,2003,2017,14,0.0,1.0
physics,201,2003,2018,15,0.0,1.0
physics,201,2003,2019,16,0.0,1.0
physics,201,2003,2020,17,0.0,1.0
physics,201,2003,2021,18,0.0,1.0
physics,201,2003,2022,19,0.0,1.0
physics,201,2003,2023,20,0.038742,0.961258
physics,201,2003,2024,21,0.038742,0.961258
physics,201,2003,2025,22,0.0,1.0
physics,202,2000,2000,0,1.0,0.0
physics,202,2000,2001,1,0.607383,0.392617
physics,202,2000,2002,2,0.370565,0.629435
physics,202,2000,2003,3,0.168809,0.831191
physics,202,2000,2004,4,0.290506,0.709494
physics,202,2000,2005,5,0.223568,0.776432
physics,202,2000,2006,6,0.223568,0.776432
physics,202,2000,2007,7,0.223568,0.776432
physics,202,2000,2008,8,0.223568,0.776432
physics,202,2000,2009,9,0.223568,0.776432
physics,202,2000,2010,10,0.223568,0.776432
physics,202,2000,2011,11,0.223568,0.776432
physics,202,2000,2012,12,0.223568,0.776432
physics,202,2000,2013,13,0.223568,0.776432
physics,202,2000,2014,14,0.223568,0.776432
physics,202,2000,2015,15,0.223568,0.776432
physics,202,2000,2016,16,0.223568,0.776432
physics,202,2000,2017,17,0.223568,0.776432
physics,202,2000,2018,18,0.223568,0.776432
physics,202,2000,2019,19,0.223568,0.776432
physics,202,2000,2020,20,0.223568,0.776432
physics,202,2000,2021,21,0.223568,0.776432
physics,202,2000,2022,22,0.262311,0.737689
physics,202,2000,2023,23,0.223568,0.776432
physics,202,2000,2024,24,0.223568,0.776432
physics,202,2000,2025,25,0.223568,0.776432
physics,203,2000,2000,0,1.0,0.0
physics,203,2000,2001,1,0.483184,0.516816
physics,203,2000,2002,2,0.357676,0.642324
physics,203,2000,2007,7,0.0,1.0
physics,203,2000,2009,9,0.0,1.0
physics,203,2000,2010,10,0.0,1.0
physics,203,2000,2012,12,0.095838,0.904162
physics,203,2000,2013,13,0.133874,0.866126
physics,203,2000,2014,14,0.190522,0.809478
physics,203,2000,2015,15,0.043525,0.956475
physics,203,2000,2016,16,0.167558,0.832442
physics,203,2000,2017,17,0.043525,0.956475
physics,203,2000,2018,18,0.043525,0.956475
physics,203,2000,2019,19,0.043525,0.956475
physics,203,2000,2020,20,0.043525,0.956475
physics,203,2000,2021,21,0.043525,0.956475
physics,203,2000,2022,22,0.043525,0.956475
physics,203,2000,2023,23,0.043525,0.956475
physics,203,2000,2024,24,0.043525,0.956475
physics,203,2000,2025,25,0.043525,0.956475
physics,204,2000,2000,0,1.0,0.0
physics,204,2000,2004,4,0.0,1.0
physics,204,2000,2005,5,0.0,1.0
physics,204,2000,2006,6,0.0,1.0
physics,204,2000,2007,7,0.0,1.0
physics,204,2000,2008,8,0.0,1.0
physics,204,2000,2009,9,0.0,1.0
physics,204,2000,2010,10,0.0,1.0
physics,204,2000,2011,11,0.0,1.0
physics,204,2000,2012,12,0.0,1.0
physics,204,2000,2013,13,0.0,1.0
physics,204,2000,2014,14,0.0,1.0
physics,204,2000,2015,15,0.0,1.0
physics,204,2000,2016,16,0.0,1.0
physics,204,2000,2017,17,0.0,1.0
physics,204,2000,2018,18,0.0,1.0
physics,204,2000,2019,19,0.0,1.0
physics,204,2000,2020,20,0.0,1.0
physics,204,2000,2021,21,0.0,1.0
physics,204,2000,2022,22,0.0,1.0
physics,204,2000,2023,23,0.0,1.0
physics,204,2000,2024,24,0.0,1.0
physics,204,2000,2025,25,0.0,1.0
physics,205,2000,2000,0,1.0,0.0
physics,205,2000,2002,2,0.0,1.0
physics,205,2000,2003,3,0.0,1.0
physics,205,2000,2004,4,0.0,1.0
physics,205,2000,2005,5,0.0,1.0
physics,205,2000,2007,7,0.0,1.0
physics,205,2000,2008,8,0.0,1.0
physics,205,2000,2010,10,0.0,1.0
physics,205,2000,2011,11,0.0,1.0
physics,205,2000,2012,12,0.0,1.0
physics,205,2000,2013,13,0.0,1.0
physics,205,2000,2014,14,0.0,1.0
physics,205,2000,2015,15,0.0,1.0
physics,205,2000,2016,16,0.0,1.0
physics,205,2000,2017,17,0.0,1.0
physics,205,2000,2018,18,0.0,1.0
physics,205,2000,2019,19,0.0,1.0
physics,205,2000,2020,20,0.0,1.0
physics,205,2000,2021,21,0.0,1.0
physics,205,2000,2022,22,0.0,1.0
physics,205,2000,2023,23,0.0,1.0
physics,205,2000,2024,24,0.0,1.0
physics,205,2000,2025,25,0.0,1.0
physics,206,2000,2000,0,1.0,0.0
physics,206,2000,2001,1,0.708004,0.291996
physics,206,2000,2002,2,0.450948,0.549052
physics,206,2000,2006,6,0.125284,0.874716
physics,206,2000,2007,7,0.125284,0.874716
physics,206,2000,2008,8,0.125284,0.874716
physics,206,2000,2009,9,0.125284,0.874716
physics,206,2000,2010,10,0.125284,0.874716
physics,206,2000,2011,11,0.125284,0.874716
physics,206,2000,2012,12,0.125284,0.874716
physics,206,2000,2013,13,0.125284,0.874716
physics,206,2000,2014,14,0.125284,0.874716
physics,206,2000,2015,15,0.125284,0.874716
physics,206,2000,2016,16,0.125284,0.874716
physics,206,2000,2017,17,0.125284,0.874716
physics,206,2000,2018,18,0.125284,0.874716
physics,206,2000,2019,19,0.125284,0.874716
physics,206,2000,2020,20,0.125284,0.874716
physics,206,2000,2021,21,0.125284,0.874716
physics,206,2000,2022,22,0.125284,0.874716
physics,206,2000,2023,23,0.125284,0.874716
physics,206,2000,2024,24,0.125284,0.874716
physics,206,2000,2025,25,0.125284,0.874716
physics,207,2000,2000,0,1.0,0.0
physics,207,2000,2005,5,0.105679,0.894321
physics,207,2000,2006,6,0.105679,0.894321
physics,207,2000,2007,7,0.105679,0.894321
physics,207,2000,2009,9,0.0,1.0
physics,207,2000,2010,10,0.105679,0.894321
physics,207,2000,2011,11,0.105679,0.894321
physics,207,2000,2012,12,0.105679,0.894321
physics,207,2000,2013,13,0.105679,0.894321
physics,207,2000,2014,14,0.105679,0.894321
physics,207,2000,2015,15,0.105679,0.894321
physics,207,2000,2016,16,0.105679,0.894321
physics,207,2000,2017,17,0.105679,0.894321
physics,207,2000,2018,18,0.105679,0.894321
physics,207,2000,2019,19,0.105679,0.894321
physics,207,2000,2020,20,0.105679,0.894321
physics,207,2000,2021,21,0.105679,0.894321
physics,207,2000,2022,22,0.105679,0.894321
physics,207,2000,2023,23,0.105679,0.894321
physics,207,2000,2024,24,0.105679,0.894321
physics,207,2000,2025,25,0.105679,0.894321
physics,208,2000,2000,0,1.0,0.0
physics,208,2000,2001,1,0.787483,0.212517
physics,208,2000,2002,2,0.588977,0.411023
physics,208,2000,2003,3,0.352664,0.647336
physics,208,2000,2006,6,0.168809,0.831191
physics,208,2000,2007,7,0.15538,0.84462
physics,208,2000,2008,8,0.057096,0.942904
physics,208,2000,2009,9,0.057096,0.942904
physics,208,2000,2010,10,0.106599,0.893401
physics,208,2000,2011,11,0.057096,0.942904
physics,208,2000,2012,12,0.124033,0.875967
physics,208,2000,2013,13,0.137155,0.862845
physics,208,2000,2014,14,0.106599,0.893401
physics,208,2000,2015,15,0.095838,0.904162
physics,208,2000,2016,16,0.100621,0.899379
physics,208,2000,2017,17,0.057096,0.942904
physics,208,2000,2018,18,0.114191,0.885809
physics,208,2000,2019,19,0.167558,0.832442
physics,208,2000,2020,20,0.137155,0.862845
physics,208,2000,2021,21,0.114191,0.885809
physics,208,2000,2022,22,0.114191,0.885809
physics,208,2000,2023,23,0.100621,0.899379
physics,208,2000,2024,24,0.124033,0.875967
physics,208,2000,2025,25,0.114191,0.885809
physics,209,2003,2003,0,1.0,0.0
physics,209,2003,2004,1,0.418693,0.581307
physics,209,2003,2005,2,0.0,1.0
physics,209,2003,2006,3,0.0,1.0
physics,209,2003,2008,5,0.0,1.0
physics,209,2003,2010,7,0.0,1.0
physics,209,2003,2011,8,0.0,1.0
physics,209,2003,2012,9,0.0,1.0
physics,209,2003,2013,10,0.0,1.0
physics,209,2003,2014,11,0.0,1.0
physics,209,2003,2015,12,0.0,1.0
physics,209,2003,2016,13,0.0,1.0
physics,209,2003,2017,14,0.0,1.0
physics,209,2003,2018,15,0.0,1.0
physics,209,2003,2019,16,0.0,1.0
physics,209,2003,2020,17,0.0,1.0
physics,209,2003,2021,18,0.0,1.0
physics,209,2003,2022,19,0.0,1.0
physics,209,2003,2023,20,0.0,1.0
physics,209,2003,2024,21,0.0,1.0
physics,209,2003,2025,22,0.0,1.0
