subject,topic_id,window_from,window_to,transition,rbo_sim,drift,words_from,words_to
physics,0,2000–2005,2005–2010,2000–2005 → 2005–2010,0.400133,0.599867,"energy, field, structure, beam, electron, density, distribution, dynamic, effect, non, particle, theory, transition, wave, atom, condition, datum, dimensional, experimental, flow, function, interaction, ion, measurement, nonlinear, order, phase, plasma, property, radiation, rate, scale, surface, weak","structure, dynamic, effect, electron, laser, particle, wave, energy, field, flow, interaction, network, non, order, potential, surface, temperature, datum, density, distribution, experimental, frequency, function, growth, light, mode, phase, property, rate, scale, space, theory, velocity"
physics,0,2005–2010,2010–2015,2005–2010 → 2010–2015,0.177457,0.822543,"structure, dynamic, effect, electron, laser, particle, wave, energy, field, flow, interaction, network, non, order, potential, surface, temperature, datum, density, distribution, experimental, frequency, function, growth, light, mode, phase, property, rate, scale, space, theory, velocity","flow, numerical, space, laser, plasma, rate, single, surface, density, fluid, frequency, interaction, light, non, order, potential, scale, theory, calculation, free, function, information, ion, level, medium, phase, possible, range, temperature, transition, velocity"
physics,0,2010–2015,2015–2020,2010–2015 → 2015–2020,0.127983,0.872017,"flow, numerical, space, laser, plasma, rate, single, surface, density, fluid, frequency, interaction, light, non, order, potential, scale, theory, calculation, free, function, information, ion, level, medium, phase, possible, range, temperature, transition, velocity","fluid, frequency, distribution, calculation, coupling, flow, noise, power, change, correlation, information, level, range, region, source, atom, charge, efficient, free, molecule, motion, numerical, physical, plasma, point, response, spectral, theoretical, velocity"
physics,0,2015–2020,2020–2025,2015–2020 → 2020–2025,0.244872,0.755128,"fluid, frequency, distribution, calculation, coupling, flow, noise, power, change, correlation, information, level, range, region, source, atom, charge, efficient, free, molecule, motion, numerical, physical, plasma, point, response, spectral, theoretical, velocity","domain, optimization, prediction, fluid, atom, datum, distribution, frequency, point, power, rate, capability, dimensional, fast, noise, range, technology, change, correlation, coupling, diffusion, pattern, quality, spectra, spectral"
physics,1,2000–2005,2005–2010,2000–2005 → 2005–2010,0.507447,0.492553,"energy, theory, wave, structure, atom, effect, field, quantum, beam, electron, interaction, phase, transition, control, datum, distribution, dynamic, experimental, local, measurement, mode, motion, optical, particle, physical, physics, principle, radiation, source, space, surface, temperature","wave, theory, atom, distribution, effect, function, datum, density, dynamic, field, frequency, interaction, property, space, structure, transition, beam, electron, energy, formation, free, ion, linear, medium, mode, motion, network, non, numerical, phase, potential, quantum, scale, surface, velocity"
physics,1,2005–2010,2010–2015,2005–2010 → 2010–2015,0.117012,0.882988,"wave, theory, atom, distribution, effect, function, datum, density, dynamic, field, frequency, interaction, property, space, structure, transition, beam, electron, energy, formation, free, ion, linear, medium, mode, motion, network, non, numerical, phase, potential, quantum, scale, surface, velocity","energy, dimensional, experimental, frequency, numerical, plasma, potential, temperature, distribution, laser, linear, non, transition, wave, atom, behavior, cavity, correlation, datum, density, flow, force, function, information, layer, magnetic_field, medium, molecular, molecule, order, rate, scale, source, space, surface, theory, velocity"
physics,1,2010–2015,2015–2020,2010–2015 → 2015–2020,0.207286,0.792714,"energy, dimensional, experimental, frequency, numerical, plasma, potential, temperature, distribution, laser, linear, non, transition, wave, atom, behavior, cavity, correlation, datum, density, flow, force, function, information, layer, magnetic_field, medium, molecular, molecule, order, rate, scale, source, space, surface, theory, velocity","dimensional, force, physics, physical, correlation, effective, gas, multi, source, free, interaction, signal, atom, behavior, control, energy, information, layer, level, molecular, molecule, nonlinear, point, power, pressure, range, regime, response, term, theoretical, transport"
physics,1,2015–2020,2020–2025,2015–2020 → 2020–2025,0.153864,0.846136,"dimensional, force, physics, physical, correlation, effective, gas, multi, source, free, interaction, signal, atom, behavior, control, energy, information, layer, level, molecular, molecule, nonlinear, point, power, pressure, range, regime, response, term, theoretical, transport","gas, interaction, point, network, order, size, dimensional, environment, event, evolution, fundamental, laser, level, physics, standard, atom, boundary, channel, coherent, effective, force, liquid, magnetic_field, mean, pattern, physical, pressure, test, water"
physics,2,2000–2005,2005–2010,2000–2005 → 2005–2010,0.403684,0.596316,"energy, datum, field, effect, structure, theory, wave, beam, distribution, electron, ion, level, non, optical, particle, phase, transition, dimensional, dynamic, flow, fluctuation, fluid, frequency, line, matrix, measurement, motion, multi, physics, quantum, relativistic, type","structure, theory, field, interaction, distribution, light, dynamic, effect, electron, energy, flow, measurement, motion, network, particle, property, wave, atom, datum, dimensional, force, frequency, ion, mode, non, optical, plasma, potential, quantum, space, surface"
physics,2,2005–2010,2010–2015,2005–2010 → 2010–2015,0.153502,0.846498,"structure, theory, field, interaction, distribution, light, dynamic, effect, electron, energy, flow, measurement, motion, network, particle, property, wave, atom, datum, dimensional, force, frequency, ion, mode, non, optical, plasma, potential, quantum, space, surface","atom, flow, frequency, nonlinear, property, transition, distribution, interaction, material, numerical, temperature, effective, energy, experimental, fluid, information, laser, level, magnetic, measurement, molecular, motion, non, plasma, potential, range, rate, regime, single, size, space, strong, surface, term, theory, type, velocity"
physics,2,2010–2015,2015–2020,2010–2015 → 2015–2020,0.203659,0.796341,"atom, flow, frequency, nonlinear, property, transition, distribution, interaction, material, numerical, temperature, effective, energy, experimental, fluid, information, laser, level, magnetic, measurement, molecular, motion, non, plasma, potential, range, rate, regime, single, size, space, strong, surface, term, theory, type, velocity","energy, material, layer, frequency, photon, spin, electronic, information, noise, nonlinear, quantum, region, signal, atom, behavior, coupling, design, electron, flow, fluid, laser, molecular, pulse, radiation, rate, regime, size, source, strong, term, transition, transport, velocity"
physics,2,2015–2020,2020–2025,2015–2020 → 2020–2025,0.152658,0.847342,"energy, material, layer, frequency, photon, spin, electronic, information, noise, nonlinear, quantum, region, signal, atom, behavior, coupling, design, electron, flow, fluid, laser, molecular, pulse, radiation, rate, regime, size, source, strong, term, transition, transport, velocity","liquid, dimensional, atomic, factor, formation, layer, noise, quantum, standard, algorithm, capability, point, signal, speed, accurate, atom, band, effective, electron, electronic, energy, function, information, loss, material, photon, possible, prediction, pulse, role, step, temporal, thermal, way"
physics,3,2000–2005,2005–2010,2000–2005 → 2005–2010,0.395007,0.604993,"energy, field, electron, effect, function, particle, phase, space, structure, theory, wave, atom, dynamic, laser, potential, transition, beam, control, datum, linear, mass, motion, non, optical, rate, scheme, velocity","theory, field, dynamic, property, wave, datum, effect, electron, energy, experimental, flow, frequency, function, non, optical, particle, phase, quantum, atom, density, interaction, ion, laser, linear, mass, network, numerical, potential, scale, space, structure, temperature, transition, velocity"
physics,3,2005–2010,2010–2015,2005–2010 → 2010–2015,0.168012,0.831988,"theory, field, dynamic, property, wave, datum, effect, electron, energy, experimental, flow, frequency, function, non, optical, particle, phase, quantum, atom, density, interaction, ion, laser, linear, mass, network, numerical, potential, scale, space, structure, temperature, transition, velocity","transition, order, scale, experimental, property, space, flow, force, frequency, function, numerical, physics, rate, scheme, atom, cell, correlation, density, dimensional, evolution, free, ion, level, light, line, mean, measurement, molecular, non, particle, signal, social, source, strong, surface, temperature"
physics,3,2010–2015,2015–2020,2010–2015 → 2015–2020,0.173188,0.826812,"transition, order, scale, experimental, property, space, flow, force, frequency, function, numerical, physics, rate, scheme, atom, cell, correlation, density, dimensional, evolution, free, ion, level, light, line, mean, measurement, molecular, non, particle, signal, social, source, strong, surface, temperature","rate, force, efficiency, numerical, space, mass, type, free, mean, mechanism, point, pressure, transition, calculation, cell, correlation, effective, linear, magnetic, molecular, motion, pattern, physics, polarization, possible, power, resolution, scheme, signal, source, strong, velocity"
physics,3,2015–2020,2020–2025,2015–2020 → 2020–2025,0.214962,0.785038,"rate, force, efficiency, numerical, space, mass, type, free, mean, mechanism, point, pressure, transition, calculation, cell, correlation, effective, linear, magnetic, molecular, motion, pattern, physics, polarization, possible, power, resolution, scheme, signal, source, strong, velocity","point, frequency, pattern, regime, pressure, rate, spectral, calculation, force, space, tool, change, efficiency, light, mass, stability, effective, growth, mechanism, neural_network, signal"
physics,4,2000–2005,2005–2010,2000–2005 → 2005–2010,0.451538,0.548462,"energy, field, beam, dynamic, effect, electron, phase, quantum, structure, theory, wave, atom, frequency, particle, term, behavior, dimensional, distribution, epic, function, gas, interaction, light, mode, network, plasma, property, rate, scale, space, transition","field, theory, dynamic, interaction, network, particle, phase, wave, beam, datum, distribution, effect, electron, flow, function, laser, measurement, order, property, quantum, structure, energy, light, mode, numerical, potential, space, term, transition"
physics,4,2005–2010,2010–2015,2005–2010 → 2010–2015,0.108372,0.891628,"field, theory, dynamic, interaction, network, particle, phase, wave, beam, datum, distribution, effect, electron, flow, function, laser, measurement, order, property, quantum, structure, energy, light, mode, numerical, potential, space, term, transition","atom, potential, experimental, beam, ion, distribution, frequency, laser, linear, molecule, order, property, rate, scale, single, detector, dimensional, flow, fluid, function, interaction, level, light, mode, numerical, particle, phase, photon, plasma, pulse, source, space, strong, surface, temperature"
physics,4,2010–2015,2015–2020,2010–2015 → 2015–2020,0.363513,0.636487,"atom, potential, experimental, beam, ion, distribution, frequency, laser, linear, molecule, order, property, rate, scale, single, detector, dimensional, flow, fluid, function, interaction, level, light, mode, numerical, particle, phase, photon, plasma, pulse, source, space, strong, surface, temperature","atom, function, force, information, interaction, mechanism, theoretical, detector, ion, magnetic, algorithm, beam, calculation, potential, condition, fluid, free, light, linear, molecule, multi, photon, regime, source, temperature, velocity"
physics,4,2015–2020,2020–2025,2015–2020 → 2020–2025,0.235472,0.764528,"atom, function, force, information, interaction, mechanism, theoretical, detector, ion, magnetic, algorithm, beam, calculation, potential, condition, fluid, free, light, linear, molecule, multi, photon, regime, source, temperature, velocity","calculation, classical, detector, function, spin, algorithm, channel, interaction, quantum, chemical, emission, information, insight, pressure, signal, theoretical, atom, band, contrast, dependent, electromagnetic, force, formation, magnetic_field, mechanism, pattern, structure, target"
physics,5,2000–2005,2005–2010,2000–2005 → 2005–2010,0.408342,0.591658,"energy, field, theory, wave, effect, dynamic, electron, quantum, beam, distribution, particle, structure, atom, condition, density, frequency, function, interaction, light, magnetic_field, mode, nonlinear, optical, order, potential, relativistic, resonance, space, term","theory, effect, function, particle, electron, energy, flow, interaction, phase, wave, distribution, field, property, scale, space, atom, beam, behavior, density, experimental, laser, level, light, measurement, network, optical, potential, single, structure, surface"
physics,5,2005–2010,2010–2015,2005–2010 → 2010–2015,0.18917,0.81083,"theory, effect, function, particle, electron, energy, flow, interaction, phase, wave, distribution, field, property, scale, space, atom, beam, behavior, density, experimental, laser, level, light, measurement, network, optical, potential, single, structure, surface","measurement, flow, non, order, potential, scale, space, function, level, particle, rate, single, theory, cavity, condition, density, dimensional, distribution, electron, energy, event, experimental, force, frequency, information, interaction, light, material, phase, radiation, self, source, surface, temperature, test, transition"
physics,5,2010–2015,2015–2020,2010–2015 → 2015–2020,0.093185,0.906815,"measurement, flow, non, order, potential, scale, space, function, level, particle, rate, single, theory, cavity, condition, density, dimensional, distribution, electron, energy, event, experimental, force, frequency, information, interaction, light, material, phase, radiation, self, source, surface, temperature, test, transition","phase, information, level, electron, efficiency, force, resolution, term, gas, ion, measurement, mechanism, source, cavity, change, charge, control, development, event, frequency, function, intensity, layer, magnetic, molecular, noise, prediction, radiation, scheme, self, theoretical"
physics,5,2015–2020,2020–2025,2015–2020 → 2020–2025,0.198866,0.801134,"phase, information, level, electron, efficiency, force, resolution, term, gas, ion, measurement, mechanism, source, cavity, change, charge, control, development, event, frequency, function, intensity, layer, magnetic, molecular, noise, prediction, radiation, scheme, self, theoretical","control, charge, frequency, change, interface, level, term, force, mechanical, mechanism, phenomenon, prediction, size, accurate, detector, development, efficiency, emission, environment, factor, formation, individual, line, phase, principle, ratio, resolution, response, scheme, speed, traditional"
physics,6,2000–2005,2005–2010,2000–2005 → 2005–2010,0.330156,0.669844,"theory, energy, wave, beam, effect, particle, field, atom, frequency, optical, quantum, space, structure, atomic, behavior, control, detector, distribution, dynamic, interaction, linac, measurement, medium, noise, numerical, phase, plasma, potential, previous, temperature","distribution, particle, structure, wave, field, flow, frequency, interaction, theory, datum, dynamic, effect, energy, light, optical, property, quantum, calculation, density, electron, fluid, laser, measurement, pattern, potential, scale, single, surface, transition"
physics,6,2005–2010,2010–2015,2005–2010 → 2010–2015,0.2015,0.7985,"distribution, particle, structure, wave, field, flow, frequency, interaction, theory, datum, dynamic, effect, energy, light, optical, property, quantum, calculation, density, electron, fluid, laser, measurement, pattern, potential, scale, single, surface, transition","effect, order, potential, distribution, energy, frequency, plasma, single, surface, dimensional, fluid, interaction, ion, laser, space, temperature, algorithm, atom, coupling, effective, experimental, force, level, linear, mode, particle, pattern, photon, property, scale, size, source"
physics,6,2010–2015,2015–2020,2010–2015 → 2015–2020,0.22194,0.77806,"effect, order, potential, distribution, energy, frequency, plasma, single, surface, dimensional, fluid, interaction, ion, laser, space, temperature, algorithm, atom, coupling, effective, experimental, force, level, linear, mode, particle, pattern, photon, property, scale, size, source","interaction, order, source, design, calculation, physical, theory, force, particle, power, coupling, space, effective, layer, linear, mass, mode, photon, plasma, possible, pressure, pulse, signal, velocity"
physics,6,2015–2020,2020–2025,2015–2020 → 2020–2025,0.255167,0.744833,"interaction, order, source, design, calculation, physical, theory, force, particle, power, coupling, space, effective, layer, linear, mass, mode, photon, plasma, possible, pressure, pulse, signal, velocity","force, space, velocity, dynamic, interaction, design, electron, particle, point, boundary, calculation, nonlinear, pressure, ratio, source, turbulent, amplitude, band, channel, evolution, order, physical, resolution, resonance, speed, theoretical"
physics,7,2000–2005,2005–2010,2000–2005 → 2005–2010,0.539171,0.460829,"field, theory, particle, wave, beam, dynamic, effect, energy, atom, datum, electron, structure, calculation, cavity, dimensional, experimental, flow, frequency, function, interaction, level, light, mass, network, optical, physics, potential, power, property, quantum, range, space, transition, velocity","datum, particle, theory, wave, field, frequency, function, structure, beam, distribution, dynamic, effect, flow, light, network, phase, surface, atom, average, electron, energy, interaction, measurement, optical, order, plasma, property, quantum, scale, space, velocity"
physics,7,2005–2010,2010–2015,2005–2010 → 2010–2015,0.166009,0.833991,"datum, particle, theory, wave, field, frequency, function, structure, beam, distribution, dynamic, effect, flow, light, network, phase, surface, atom, average, electron, energy, interaction, measurement, optical, order, plasma, property, quantum, scale, space, velocity","space, numerical, potential, frequency, measurement, non, beam, distribution, level, light, single, velocity, atom, average, cell, datum, density, experimental, flow, force, laser, mechanism, order, particle, plasma, power, property, rate, regime, source, temperature, theory, transition"
physics,7,2010–2015,2015–2020,2010–2015 → 2015–2020,0.168309,0.831691,"space, numerical, potential, frequency, measurement, non, beam, distribution, level, light, single, velocity, atom, average, cell, datum, density, experimental, flow, force, laser, mechanism, order, particle, plasma, power, property, rate, regime, source, temperature, theory, transition","beam, calculation, dynamic, local, potential, coupling, signal, size, behavior, cell, frequency, information, mean, mechanism, power, regime, temperature, evolution, force, free, light, linear, numerical, pressure, source, space, spatial, structure, type"
physics,7,2015–2020,2020–2025,2015–2020 → 2020–2025,0.13821,0.86179,"beam, calculation, dynamic, local, potential, coupling, signal, size, behavior, cell, frequency, information, mean, mechanism, power, regime, temperature, evolution, force, free, light, linear, numerical, pressure, source, space, spatial, structure, type","event, change, linear, point, scheme, structure, active, dynamic, information, local, signal, specific, capability, evolution, mechanism, radiation, behavior, electronic, formation, mass, principle, size, technology, term, transport"
physics,8,2000–2005,2005–2010,2000–2005 → 2005–2010,0.434429,0.565571,"electron, energy, field, function, theory, atom, dynamic, wave, beam, distribution, frequency, particle, phase, quantum, structure, classical, control, experimental, flow, ion, light, non, optical, plasma, potential, property, scale, single, space","field, function, wave, distribution, dynamic, effect, optical, theory, datum, electron, energy, flow, frequency, laser, non, property, scale, surface, atom, beam, density, dimensional, experimental, interaction, linear, measurement, phase, quantum, structure"
physics,8,2005–2010,2010–2015,2005–2010 → 2010–2015,0.242569,0.757431,"field, function, wave, distribution, dynamic, effect, optical, theory, datum, electron, energy, flow, frequency, laser, non, property, scale, surface, atom, beam, density, dimensional, experimental, interaction, linear, measurement, phase, quantum, structure","interaction, field, experimental, measurement, non, energy, potential, transition, atom, dimensional, numerical, order, single, temperature, correlation, datum, detector, distribution, function, laser, level, light, magnetic, power, property, rate, strong, surface, theory, water"
physics,8,2010–2015,2015–2020,2010–2015 → 2015–2020,0.23903,0.76097,"interaction, field, experimental, measurement, non, energy, potential, transition, atom, dimensional, numerical, order, single, temperature, correlation, datum, detector, distribution, function, laser, level, light, magnetic, power, property, rate, strong, surface, theory, water","measurement, power, condition, interaction, magnetic, response, coupling, energy, image, behavior, imaging, level, noise, calculation, cavity, charge, correlation, distribution, mass, nonlinear, numerical, physics, possible, pulse, signal, size, spatial, transition, water"
physics,8,2015–2020,2020–2025,2015–2020 → 2020–2025,0.154298,0.845702,"measurement, power, condition, interaction, magnetic, response, coupling, energy, image, behavior, imaging, level, noise, calculation, cavity, charge, correlation, distribution, mass, nonlinear, numerical, physics, possible, pulse, signal, size, spatial, transition, water","image, imaging, direction, emission, possible, atom, optical, cavity, coupling, development, measurement, noise, pressure, resonance, response, edge, essential, growth, mass, phenomenon, power, ray, self, spatial, speed, term, thermal, training, variable"
physics,9,2000–2005,2005–2010,2000–2005 → 2005–2010,0.431866,0.568134,"energy, field, particle, theory, beam, effect, electron, structure, wave, atom, datum, density, distribution, function, interaction, control, correlation, dynamic, fluid, frequency, light, molecule, non, optical, order, plasma, property, quantum, single, size","effect, theory, wave, energy, interaction, optical, particle, property, surface, density, electron, function, potential, atom, beam, correlation, datum, distribution, dynamic, field, flow, fluctuation, frequency, limit, network, non, plasma, quantum, rate, scale, single, space, structure, transition, velocity"
physics,9,2005–2010,2010–2015,2005–2010 → 2010–2015,0.111285,0.888715,"effect, theory, wave, energy, interaction, optical, particle, property, surface, density, electron, function, potential, atom, beam, correlation, datum, distribution, dynamic, field, flow, fluctuation, frequency, limit, network, non, plasma, quantum, rate, scale, single, space, structure, transition, velocity","scale, density, numerical, dimensional, non, rate, transition, distribution, function, level, motion, potential, property, velocity, algorithm, atom, detector, experimental, fluctuation, frequency, interaction, ion, light, nonlinear, order, particle, pattern, photon, physics, size, surface, temperature, theory, way"
physics,9,2010–2015,2015–2020,2010–2015 → 2015–2020,0.049916,0.950084,"scale, density, numerical, dimensional, non, rate, transition, distribution, function, level, motion, potential, property, velocity, algorithm, atom, detector, experimental, fluctuation, frequency, interaction, ion, light, nonlinear, order, particle, pattern, photon, physics, size, surface, temperature, theory, way","order, datum, transport, light, linear, physics, potential, spin, control, coupling, electron, energy, multi, power, response, condition, detection, domain, information, level, motion, nonlinear, numerical, particular, pattern, quantum, rate, region, scale, type, velocity, way"
physics,9,2015–2020,2020–2025,2015–2020 → 2020–2025,0.174219,0.825781,"order, datum, transport, light, linear, physics, potential, spin, control, coupling, electron, energy, multi, power, response, condition, detection, domain, information, level, motion, nonlinear, numerical, particular, pattern, quantum, rate, region, scale, type, velocity, way","physics, design, local, electron, quantum, theory, algorithm, control, energy, imaging, pattern, formation, molecular, transport, calculation, coupling, datum, kinetic, light, limit, matrix, multi, order, radiation, robust"
physics,10,2000–2005,2005–2010,2000–2005 → 2005–2010,0.389683,0.610317,"field, beam, energy, theory, dynamic, quantum, frequency, interaction, particle, structure, transition, wave, atom, atomic, datum, density, dimensional, experimental, flow, function, level, light, non, order, phase, property, radiation, ratio, scale, self, single, source, space","theory, dynamic, field, wave, datum, flow, particle, electron, laser, network, optical, potential, space, structure, atomic, beam, calculation, distribution, effect, energy, experimental, frequency, function, interaction, light, measurement, mode, non, order, phase, property, quantum, scale, surface"
physics,10,2005–2010,2010–2015,2005–2010 → 2010–2015,0.139962,0.860038,"theory, dynamic, field, wave, datum, flow, particle, electron, laser, network, optical, potential, space, structure, atomic, beam, calculation, distribution, effect, energy, experimental, frequency, function, interaction, light, measurement, mode, non, order, phase, property, quantum, scale, surface","experimental, interaction, order, flow, frequency, level, potential, surface, atom, cavity, mechanism, particle, range, scale, space, datum, density, dynamic, fluid, function, measurement, molecule, non, numerical, photon, property, rate, regime, single, source, spectral, theory, transition"
physics,10,2010–2015,2015–2020,2010–2015 → 2015–2020,0.138564,0.861436,"experimental, interaction, order, flow, frequency, level, potential, surface, atom, cavity, mechanism, particle, range, scale, space, datum, density, dynamic, fluid, function, measurement, molecule, non, numerical, photon, property, rate, regime, single, source, spectral, theory, transition","dynamic, source, magnetic_field, free, level, mechanism, regime, atom, distribution, imaging, molecule, property, resonance, behavior, calculation, cavity, condition, detection, diffusion, effective, efficient, experimental, force, frequency, laser, layer, mean, pattern, photon, range, size, theoretical, way"
physics,10,2015–2020,2020–2025,2015–2020 → 2020–2025,0.29981,0.70019,"dynamic, source, magnetic_field, free, level, mechanism, regime, atom, distribution, imaging, molecule, property, resonance, behavior, calculation, cavity, condition, detection, diffusion, effective, efficient, experimental, force, frequency, laser, layer, mean, pattern, photon, range, size, theoretical, way","distribution, dynamic, imaging, phase, factor, laser, stability, way, coefficient, magnetic_field, regime, point, pressure, diffusion, effective, level, mass, mean, non, ratio, resonance, source"
physics,11,2000–2005,2005–2010,2000–2005 → 2005–2010,0.366516,0.633484,"energy, field, particle, electron, atom, datum, effect, property, beam, function, light, structure, theory, wave, condition, constant, description, dimensional, distribution, geometry, laser, lifetime, mode, optical, photon, potential, propagation, quantum, space, term, transition","particle, theory, distribution, dynamic, effect, electron, structure, wave, beam, energy, network, property, atom, behavior, cavity, classical, dimensional, field, flow, frequency, interaction, ion, measurement, molecular, optical, phase, physics, potential, quantum, rate, single, source, space, surface, term"
physics,11,2005–2010,2010–2015,2005–2010 → 2010–2015,0.128086,0.871914,"particle, theory, distribution, dynamic, effect, electron, structure, wave, beam, energy, network, property, atom, behavior, cavity, classical, dimensional, field, flow, frequency, interaction, ion, measurement, molecular, optical, phase, physics, potential, quantum, rate, single, source, space, surface, term","ion, level, numerical, cell, frequency, surface, theory, dimensional, distribution, single, source, beam, density, experimental, fluid, force, information, laser, linear, measurement, molecular, molecule, non, order, particle, phase, physics, plasma, potential, property, range, rate, region, space, spectrum, strong, temperature, type, velocity"
physics,11,2010–2015,2015–2020,2010–2015 → 2015–2020,0.269094,0.730906,"ion, level, numerical, cell, frequency, surface, theory, dimensional, distribution, single, source, beam, density, experimental, fluid, force, information, laser, linear, measurement, molecular, molecule, non, order, particle, phase, physics, plasma, potential, property, range, rate, region, space, spectrum, strong, temperature, type, velocity","force, level, phase, wave, detector, behavior, calculation, cell, effective, frequency, molecule, physical, physics, pulse, region, source, velocity, fluid, information, magnetic, material, molecular, numerical, signal, size, spatial, spectrum"
physics,11,2015–2020,2020–2025,2015–2020 → 2020–2025,0.192669,0.807331,"force, level, phase, wave, detector, behavior, calculation, cell, effective, frequency, molecule, physical, physics, pulse, region, source, velocity, fluid, information, magnetic, material, molecular, numerical, signal, size, spatial, spectrum","pulse, linear, particle, classical, molecule, force, level, region, response, test, information, insight, particular, wave, atom, behavior, calculation, change, detection, detector, effective, impact, material, neural_network, principle, quality, theoretical"
physics,12,2000–2005,2005–2010,2000–2005 → 2005–2010,0.464423,0.535577,"energy, electron, field, atom, beam, dynamic, frequency, particle, quantum, theory, calculation, effect, structure, wave, atomic, classical, distribution, function, gas, ion, network, observation, oscillation, phase, physics, plasma, property, scale, size","electron, theory, field, datum, distribution, effect, energy, network, structure, dynamic, flow, interaction, phase, quantum, wave, atom, density, frequency, function, laser, light, medium, non, particle, property, scale, size, space, surface, temperature, transition"
physics,12,2005–2010,2010–2015,2005–2010 → 2010–2015,0.38004,0.61996,"electron, theory, field, datum, distribution, effect, energy, network, structure, dynamic, flow, interaction, phase, quantum, wave, atom, density, frequency, function, laser, light, medium, non, particle, property, scale, size, space, surface, temperature, transition","electron, scale, distribution, non, plasma, rate, algorithm, detector, linear, molecule, single, source, temperature, wave, atom, cell, condition, datum, density, experimental, flow, free, frequency, interaction, ion, light, mechanism, node, noise, phase, potential, strong, surface, theory"
physics,12,2010–2015,2015–2020,2010–2015 → 2015–2020,0.192327,0.807673,"electron, scale, distribution, non, plasma, rate, algorithm, detector, linear, molecule, single, source, temperature, wave, atom, cell, condition, datum, density, experimental, flow, free, frequency, interaction, ion, light, mechanism, node, noise, phase, potential, strong, surface, theory","source, theory, wave, flow, molecule, plasma, electron, force, magnetic_field, accuracy, information, transport, velocity, algorithm, atom, charge, classical, frequency, magnetic, mechanism, molecular, noise, photon, radiation, resolution, scale, strong, transition"
physics,12,2015–2020,2020–2025,2015–2020 → 2020–2025,0.234302,0.765698,"source, theory, wave, flow, molecule, plasma, electron, force, magnetic_field, accuracy, information, transport, velocity, algorithm, atom, charge, classical, frequency, magnetic, mechanism, molecular, noise, photon, radiation, resolution, scale, strong, transition","accuracy, photon, transition, transport, molecule, nonlinear, space, strong, flow, region, wave, charge, magnetic_field, source, theory, flux, gradient, self"
physics,13,2000–2005,2005–2010,2000–2005 → 2005–2010,0.307116,0.692884,"field, energy, particle, wave, atom, effect, function, structure, beam, dynamic, electron, phase, space, theory, velocity, calculation, control, dimensional, distribution, fluid, interaction, level, non, optical, order, plasma, property, quantum, radiation, transition","atom, network, theory, datum, phase, surface, wave, beam, distribution, dynamic, effect, energy, field, function, interaction, particle, property, space, structure, density, electron, force, frequency, numerical, optical, physics, quantum, temperature, velocity"
physics,13,2005–2010,2010–2015,2005–2010 → 2010–2015,0.331591,0.668409,"atom, network, theory, datum, phase, surface, wave, beam, distribution, dynamic, effect, energy, field, function, interaction, particle, property, space, structure, density, electron, force, frequency, numerical, optical, physics, quantum, temperature, velocity","network, beam, light, ion, non, atom, density, datum, distribution, fluid, social, temperature, algorithm, community, condition, dimensional, experimental, frequency, information, laser, level, linear, measurement, node, numerical, phase, plasma, scale, space, surface, theory, velocity"
physics,13,2010–2015,2015–2020,2010–2015 → 2015–2020,0.197788,0.802212,"network, beam, light, ion, non, atom, density, datum, distribution, fluid, social, temperature, algorithm, community, condition, dimensional, experimental, frequency, information, laser, level, linear, measurement, node, numerical, phase, plasma, scale, space, surface, theory, velocity","datum, linear, source, physical, plasma, atom, beam, calculation, condition, evolution, light, network, scheme, effective, fluid, formation, line, local, loss, magnetic_field, mass, molecular, multi, noise, nonlinear, observation, photon, power, regime, resolution, signal, size, spectral, temperature"
physics,13,2015–2020,2020–2025,2015–2020 → 2020–2025,0.176715,0.823285,"datum, linear, source, physical, plasma, atom, beam, calculation, condition, evolution, light, network, scheme, effective, fluid, formation, line, local, loss, magnetic_field, mass, molecular, multi, noise, nonlinear, observation, photon, power, regime, resolution, signal, size, spectral, temperature","effective, physical, calculation, detector, free, turbulence, fundamental, limit, possible, change, characteristic, factor, flux, interface, loss, non, source, coupling, datum, evolution, formation, linear, scheme, spectral"
physics,14,2000–2005,2005–2010,2000–2005 → 2005–2010,0.447221,0.552779,"electron, energy, function, dynamic, effect, structure, theory, atom, datum, beam, correlation, particle, phase, experimental, field, flow, fluctuation, frequency, interaction, laser, molecular, numerical, potential, rate, space, transition, type, wave","effect, electron, field, interaction, theory, wave, energy, particle, quantum, atom, beam, distribution, flow, function, network, property, transition, datum, dynamic, laser, mode, molecular, non, numerical, optical, rate, single, structure"
physics,14,2005–2010,2010–2015,2005–2010 → 2010–2015,0.109775,0.890225,"effect, electron, field, interaction, theory, wave, energy, particle, quantum, atom, beam, distribution, flow, function, network, property, transition, datum, dynamic, laser, mode, molecular, non, numerical, optical, rate, single, structure","temperature, transition, mode, potential, atom, detector, experimental, flow, frequency, function, ion, laser, numerical, plasma, property, single, theory, beam, cell, correlation, density, formation, interaction, light, measurement, mechanism, medium, non, nonlinear, order, particle, point, rate, response, size, transport"
physics,14,2010–2015,2015–2020,2010–2015 → 2015–2020,0.219994,0.780006,"temperature, transition, mode, potential, atom, detector, experimental, flow, frequency, function, ion, laser, numerical, plasma, property, single, theory, beam, cell, correlation, density, formation, interaction, light, measurement, mechanism, medium, non, nonlinear, order, particle, point, rate, response, size, transport","function, transition, plasma, physics, surface, water, behavior, cell, control, quantum, region, response, size, type, charge, condition, correlation, coupling, diffusion, formation, gas, interaction, mass, mechanism, motion, nonlinear, phase, point, power, source, spatial, temperature, transport, velocity, way"
physics,14,2015–2020,2020–2025,2015–2020 → 2020–2025,0.1905,0.8095,"function, transition, plasma, physics, surface, water, behavior, cell, control, quantum, region, response, size, type, charge, condition, correlation, coupling, diffusion, formation, gas, interaction, mass, mechanism, motion, nonlinear, phase, point, power, source, spatial, temperature, transport, velocity, way","computational, condition, phase, surface, quantum, rate, control, material, physics, point, device, difference, optimal, science, structural, transition, evolution, gas, line, multi, size, spectra, water, way"
physics,15,2000–2005,2005–2010,2000–2005 → 2005–2010,0.32276,0.67724,"energy, field, structure, wave, atom, beam, datum, density, dynamic, electron, flow, phase, property, theory, dimensional, distribution, effect, experimental, free, function, interaction, ion, laser, non, nonlinear, numerical, operator, optical, particle, physics, plasma, quantum, radiation, single, space, statistical, surface, velocity","atom, electron, flow, theory, wave, distribution, dynamic, effect, energy, non, optical, order, particle, phase, quantum, space, structure, transition, beam, datum, field, force, frequency, function, interaction, ion, laser, light, material, network, numerical, physics, scale, surface, velocity"
physics,15,2005–2010,2010–2015,2005–2010 → 2010–2015,0.147414,0.852586,"atom, electron, flow, theory, wave, distribution, dynamic, effect, energy, non, optical, order, particle, phase, quantum, space, structure, transition, beam, datum, field, force, frequency, function, interaction, ion, laser, light, material, network, numerical, physics, scale, surface, velocity","interaction, transition, distribution, experimental, frequency, plasma, surface, atom, flow, function, ion, potential, rate, single, algorithm, density, detector, dimensional, event, fluid, force, free, light, measurement, mechanism, mode, molecule, numerical, order, physics, propagation, scheme, signal, space, spin, theory"
physics,15,2010–2015,2015–2020,2010–2015 → 2015–2020,0.060181,0.939819,"interaction, transition, distribution, experimental, frequency, plasma, surface, atom, flow, function, ion, potential, rate, single, algorithm, density, detector, dimensional, event, fluid, force, free, light, measurement, mechanism, mode, molecule, numerical, order, physics, propagation, scheme, signal, space, spin, theory","molecule, region, coupling, signal, theory, free, pressure, beam, charge, point, velocity, event, evolution, experimental, force, frequency, function, generation, information, intensity, interaction, local, mechanism, molecular, non, numerical, resolution, response, scheme, source, space, spectral, transition, water"
physics,15,2015–2020,2020–2025,2015–2020 → 2020–2025,0.20401,0.79599,"molecule, region, coupling, signal, theory, free, pressure, beam, charge, point, velocity, event, evolution, experimental, force, frequency, function, generation, information, intensity, interaction, local, mechanism, molecular, non, numerical, resolution, response, scheme, source, space, spectral, transition, water","non, pressure, theory, spectral, information, polarization, space, coupling, density, modeling, channel, flow, molecule, motion, wall, charge, region, signal, speed, temporal, tool"
physics,16,2000–2005,2005–2010,2000–2005 → 2005–2010,0.428522,0.571478,"field, theory, energy, electron, beam, effect, wave, atom, dynamic, interaction, network, nonlinear, optical, potential, datum, distribution, form, light, measurement, particle, phase, plasma, point, property, quantum, relativistic, single, term, transition, velocity","wave, electron, theory, atom, optical, particle, property, beam, distribution, energy, field, function, network, potential, rate, scale, structure, temperature, density, experimental, free, interaction, length, light, measurement, mode, possible, quantum, surface, transition"
physics,16,2005–2010,2010–2015,2005–2010 → 2010–2015,0.358811,0.641189,"wave, electron, theory, atom, optical, particle, property, beam, distribution, energy, field, function, network, potential, rate, scale, structure, temperature, density, experimental, free, interaction, length, light, measurement, mode, possible, quantum, surface, transition","wave, laser, measurement, rate, scale, level, distribution, flow, free, function, regime, space, temperature, transition, algorithm, experimental, fluid, ion, layer, mechanism, mode, non, numerical, particle, photon, plasma, potential, property, signal, structure, surface, theory"
physics,16,2010–2015,2015–2020,2010–2015 → 2015–2020,0.274884,0.725116,"wave, laser, measurement, rate, scale, level, distribution, flow, free, function, regime, space, temperature, transition, algorithm, experimental, fluid, ion, layer, mechanism, mode, non, numerical, particle, photon, plasma, potential, property, signal, structure, surface, theory","laser, structure, information, order, mechanism, network, water, wave, algorithm, image, level, regime, size, spatial, theoretical, correlation, critical, experimental, fluid, layer, mean, nonlinear, photon, physical, rate, velocity"
physics,16,2015–2020,2020–2025,2015–2020 → 2020–2025,0.244099,0.755901,"laser, structure, information, order, mechanism, network, water, wave, algorithm, image, level, regime, size, spatial, theoretical, correlation, critical, experimental, fluid, layer, mean, nonlinear, photon, physical, rate, velocity","information, molecule, network, layer, pressure, atomic, change, density, effect, formation, image, order, spatial, specific, stability, structural, structure, temperature, active, critical, detection, detector, device, evolution, gas, laser, mean, mechanism, role, understanding, variable, water"
physics,17,2000–2005,2005–2010,2000–2005 → 2005–2010,0.350706,0.649294,"energy, field, theory, wave, atom, beam, dynamic, effect, electron, function, property, space, interaction, particle, structure, control, datum, distribution, fluctuation, frequency, mass, numerical, optical, potential, quantum, temperature, term, transition","distribution, theory, datum, effect, optical, particle, structure, wave, atom, beam, energy, experimental, frequency, function, light, phase, property, density, dimensional, dynamic, electron, field, flow, information, interaction, laser, non, numerical, potential, rate, space, temperature"
physics,17,2005–2010,2010–2015,2005–2010 → 2010–2015,0.115771,0.884229,"distribution, theory, datum, effect, optical, particle, structure, wave, atom, beam, energy, experimental, frequency, function, light, phase, property, density, dimensional, dynamic, electron, field, flow, information, interaction, laser, non, numerical, potential, rate, space, temperature","property, numerical, atom, order, level, non, scale, single, condition, distribution, function, ion, size, source, surface, datum, detector, dimensional, flow, information, interaction, light, linear, particle, point, rate, region, temperature, term, theory"
physics,17,2010–2015,2015–2020,2010–2015 → 2015–2020,0.207685,0.792315,"property, numerical, atom, order, level, non, scale, single, condition, distribution, function, ion, size, source, surface, datum, detector, dimensional, flow, information, interaction, light, linear, particle, point, rate, region, temperature, term, theory","single, size, source, temperature, photon, atom, scale, calculation, effect, level, mean, optical, power, scheme, coupling, efficient, image, linear, mechanism, numerical, order, pressure, property, region, resolution, spin"
physics,17,2015–2020,2020–2025,2015–2020 → 2020–2025,0.415667,0.584333,"single, size, source, temperature, photon, atom, scale, calculation, effect, level, mean, optical, power, scheme, coupling, efficient, image, linear, mechanism, numerical, order, pressure, property, region, resolution, spin","single, impact, resolution, atomic, linear, optical, temperature, free, layer, mean, scale, topological, molecular, profile, source, effective, efficient, image, photon, size, temporal, traditional"
physics,18,2000–2005,2005–2010,2000–2005 → 2005–2010,0.266747,0.733253,"energy, field, wave, beam, electron, function, particle, quantum, theory, distribution, phase, structure, atom, calculation, cluster, control, datum, dynamic, dynamical, experimental, flow, laser, local, mean, measurement, motion, network, nonlinear, physics, rate, scale, single, temperature, term","phase, beam, optical, particle, datum, interaction, distribution, dynamic, effect, flow, frequency, function, measurement, network, scale, structure, theory, wave, atom, correlation, electron, energy, experimental, field, ion, laser, mode, plasma, quantum, term, transition"
physics,18,2005–2010,2010–2015,2005–2010 → 2010–2015,0.249215,0.750785,"phase, beam, optical, particle, datum, interaction, distribution, dynamic, effect, flow, frequency, function, measurement, network, scale, structure, theory, wave, atom, correlation, electron, energy, experimental, field, ion, laser, mode, plasma, quantum, term, transition","datum, optical, transition, ion, numerical, potential, experimental, rate, single, space, theory, atom, beam, correlation, density, function, information, interaction, laser, level, light, linear, measurement, nonlinear, order, particle, phase, physics, plasma, scale, size, source, temperature"
physics,18,2010–2015,2015–2020,2010–2015 → 2015–2020,0.15573,0.84427,"datum, optical, transition, ion, numerical, potential, experimental, rate, single, space, theory, atom, beam, correlation, density, function, information, interaction, laser, level, light, linear, measurement, nonlinear, order, particle, phase, physics, plasma, scale, size, source, temperature","linear, molecular, source, correlation, datum, pressure, temperature, calculation, optical, phase, free, imaging, nonlinear, order, scale, experimental, light, mass, numerical, pulse, resolution, scheme, size, space, transition"
physics,18,2015–2020,2020–2025,2015–2020 → 2020–2025,0.160795,0.839205,"linear, molecular, source, correlation, datum, pressure, temperature, calculation, optical, phase, free, imaging, nonlinear, order, scale, experimental, light, mass, numerical, pulse, resolution, scheme, size, space, transition","light, motion, phase, active, calculation, change, energy, imaging, pressure, type, correlation, evolution, information, length, molecular, particular, space, turbulent, atomic, electronic, event, mass, response, role, scale, science, thermal"
physics,19,2000–2005,2005–2010,2000–2005 → 2005–2010,0.381981,0.618019,"energy, datum, effect, electron, field, theory, rate, beam, distribution, flow, function, non, optical, particle, plasma, property, structure, atom, dynamic, gas, interaction, ion, laser, level, linear, network, physics, quantum","theory, effect, field, particle, network, atom, datum, distribution, dynamic, experimental, flow, frequency, measurement, phase, potential, property, surface, wave, condition, correlation, dimensional, electron, energy, fluctuation, laser, non, numerical, optical, physics, plasma, source, structure"
physics,19,2005–2010,2010–2015,2005–2010 → 2010–2015,0.165626,0.834374,"theory, effect, field, particle, network, atom, datum, distribution, dynamic, experimental, flow, frequency, measurement, phase, potential, property, surface, wave, condition, correlation, dimensional, electron, energy, fluctuation, laser, non, numerical, optical, physics, plasma, source, structure","non, experimental, frequency, numerical, atom, flow, measurement, potential, space, ion, level, order, plasma, scale, temperature, cavity, detector, dimensional, field, fluid, function, linear, medium, mode, noise, phase, property, size, source, surface, transition"
physics,19,2010–2015,2015–2020,2010–2015 → 2015–2020,0.346051,0.653949,"non, experimental, frequency, numerical, atom, flow, measurement, potential, space, ion, level, order, plasma, scale, temperature, cavity, detector, dimensional, field, fluid, function, linear, medium, mode, noise, phase, property, size, source, surface, transition","non, size, field, gas, ion, physical, water, detector, function, information, molecular, region, temperature, wave, cavity, condition, correlation, experimental, fluid, level, magnetic, medium, multi, photon, point, possible, regime, space, spatial"
physics,19,2015–2020,2020–2025,2015–2020 → 2020–2025,0.301113,0.698887,"non, size, field, gas, ion, physical, water, detector, function, information, molecular, region, temperature, wave, cavity, condition, correlation, experimental, fluid, level, magnetic, medium, multi, photon, point, possible, regime, space, spatial","gas, multi, water, function, ion, pattern, wave, active, reconstruction, size, dynamic, environment, loss, molecular, neural_network, non, excitation, impact, mechanical, physical, solid"
physics,20,2000–2005,2005–2010,2000–2005 → 2005–2010,0.526418,0.473582,"field, particle, energy, wave, dynamic, electron, beam, effect, optical, theory, transition, atom, body, control, datum, distribution, gas, interaction, ion, light, magnetic, mean, motion, network, nonlinear, phase, photon, plasma, potential, property, rate, scale, sequence, source, structure, surface, velocity","particle, field, phase, dynamic, interaction, network, beam, datum, distribution, electron, function, light, quantum, theory, velocity, wave, approximation, atom, calculation, density, energy, experimental, flow, frequency, level, mean, nonlinear, optical, order, rate, space, structure, surface, transition"
physics,20,2005–2010,2010–2015,2005–2010 → 2010–2015,0.092149,0.907851,"particle, field, phase, dynamic, interaction, network, beam, datum, distribution, electron, function, light, quantum, theory, velocity, wave, approximation, atom, calculation, density, energy, experimental, flow, frequency, level, mean, nonlinear, optical, order, rate, space, structure, surface, transition","rate, temperature, transition, frequency, level, non, nonlinear, surface, density, field, molecule, potential, single, beam, calculation, datum, dimensional, experimental, flow, fluid, function, interaction, ion, light, linear, medium, mode, numerical, particle, phase, photon, social, source, space, type, velocity"
physics,20,2010–2015,2015–2020,2010–2015 → 2015–2020,0.209531,0.790469,"rate, temperature, transition, frequency, level, non, nonlinear, surface, density, field, molecule, potential, single, beam, calculation, datum, dimensional, experimental, flow, fluid, function, interaction, ion, light, linear, medium, mode, numerical, particle, phase, photon, social, source, space, type, velocity","frequency, nonlinear, layer, source, linear, free, molecule, size, temperature, coupling, dynamic, mass, physical, accuracy, calculation, diffusion, electronic, imaging, level, medium, photon, physics, rate, scheme, term, thermal, transition"
physics,20,2015–2020,2020–2025,2015–2020 → 2020–2025,0.161974,0.838026,"frequency, nonlinear, layer, source, linear, free, molecule, size, temperature, coupling, dynamic, mass, physical, accuracy, calculation, diffusion, electronic, imaging, level, medium, photon, physics, rate, scheme, term, thermal, transition","dynamic, algorithm, imaging, pattern, laser, size, coupling, fundamental, kinetic, nonlinear, active, capability, change, free, layer, type, calculation, cost, electronic, factor, frequency, point, transport"
physics,21,2000–2005,2005–2010,2000–2005 → 2005–2010,0.429088,0.570912,"field, energy, particle, theory, beam, dynamic, effect, structure, atom, electron, mode, quantum, scale, space, wave, amplitude, force, function, ground, interaction, ion, laser, magnetic_field, particular, plasma, surface, transition","theory, beam, effect, field, dynamic, electron, datum, distribution, energy, flow, network, phase, property, scale, atom, condition, correlation, coupling, density, experimental, force, frequency, interaction, ion, laser, light, multi, optical, particle, potential, quantum, rate, space, velocity, wave"
physics,21,2005–2010,2010–2015,2005–2010 → 2010–2015,0.151677,0.848323,"theory, beam, effect, field, dynamic, electron, datum, distribution, energy, flow, network, phase, property, scale, atom, condition, correlation, coupling, density, experimental, force, frequency, interaction, ion, laser, light, multi, optical, particle, potential, quantum, rate, space, velocity, wave","rate, distribution, density, experimental, level, flow, beam, coupling, light, mode, non, property, space, strong, temperature, transition, dimensional, function, ion, laser, molecular, nonlinear, particular, phase, photon, physics, range, regime, surface, theory"
physics,21,2010–2015,2015–2020,2010–2015 → 2015–2020,0.193175,0.806825,"rate, distribution, density, experimental, level, flow, beam, coupling, light, mode, non, property, space, strong, temperature, transition, dimensional, function, ion, laser, molecular, nonlinear, particular, phase, photon, physics, range, regime, surface, theory","molecular, strong, ion, pressure, coupling, experimental, image, level, nonlinear, optical, range, rate, resonance, beam, correlation, distribution, force, free, limit, line, linear, magnetic, mechanism, molecule, noise, observation, potential, power, response, thermal, transport"
physics,21,2015–2020,2020–2025,2015–2020 → 2020–2025,0.164586,0.835414,"molecular, strong, ion, pressure, coupling, experimental, image, level, nonlinear, optical, range, rate, resonance, beam, correlation, distribution, force, free, limit, line, linear, magnetic, mechanism, molecule, noise, observation, potential, power, response, thermal, transport","correlation, cell, electron, space, pressure, coupling, free, temporal, wave, gas, global, light, noise, ratio, accurate, atomic, behavior, characteristic, image, ion, layer, length, line, molecular, radiation, resonance, strong"
physics,22,2000–2005,2005–2010,2000–2005 → 2005–2010,0.265897,0.734103,"energy, field, electron, function, property, structure, atom, beam, density, effect, interaction, laser, order, particle, potential, wave, calculation, control, datum, distribution, frequency, matrix, mode, motion, non, optical, physical, quantum, rate, scale, surface, symmetry, theory, variation","frequency, datum, distribution, effect, field, theory, laser, wave, atom, density, electron, energy, experimental, function, non, particle, surface, detector, dynamic, network, optical, phase, quantum, rate, scale, space, structure"
physics,22,2005–2010,2010–2015,2005–2010 → 2010–2015,0.327077,0.672923,"frequency, datum, distribution, effect, field, theory, laser, wave, atom, density, electron, energy, experimental, function, non, particle, surface, detector, dynamic, network, optical, phase, quantum, rate, scale, space, structure","effect, flow, frequency, quantum, ion, level, order, temperature, atom, distribution, physics, transition, datum, density, field, free, function, laser, linear, measurement, non, phase, property, range, rate, social, space, theory, wave"
physics,22,2010–2015,2015–2020,2010–2015 → 2015–2020,0.386048,0.613952,"effect, flow, frequency, quantum, ion, level, order, temperature, atom, distribution, physics, transition, datum, density, field, free, function, laser, linear, measurement, non, phase, property, range, rate, social, space, theory, wave","level, flow, free, quantum, density, physics, size, behavior, charge, datum, efficiency, frequency, phase, power, pressure, regime, source, classical, control, design, effect, linear, magnetic_field, molecular, photon, range, response, signal, spin, transition, type"
physics,22,2015–2020,2020–2025,2015–2020 → 2020–2025,0.180726,0.819274,"level, flow, free, quantum, density, physics, size, behavior, charge, datum, efficiency, frequency, phase, power, pressure, regime, source, classical, control, design, effect, linear, magnetic_field, molecular, photon, range, response, signal, spin, transition, type","datum, density, fluid, impact, photonic, pressure, neural_network, source, active, behavior, direct, effect, efficiency, information, limit, power, response, size, speed, control, event, layer, prediction, solid, step, water"
physics,23,2000–2005,2005–2010,2000–2005 → 2005–2010,0.501203,0.498797,"field, theory, effect, electron, energy, optical, particle, structure, wave, beam, datum, function, interaction, quantum, atom, control, distribution, dynamic, evolution, force, frequency, information, ion, laser, linear, measurement, numerical, phase, physics, plasma, potential, space, transition","theory, energy, distribution, field, wave, interaction, beam, effect, light, network, particle, phase, rate, structure, atom, behavior, dimensional, dynamic, electron, flow, force, frequency, function, ion, measurement, mode, numerical, optical, possible, quantum, surface, transition"
physics,23,2005–2010,2010–2015,2005–2010 → 2010–2015,0.459708,0.540292,"theory, energy, distribution, field, wave, interaction, beam, effect, light, network, particle, phase, rate, structure, atom, behavior, dimensional, dynamic, electron, flow, force, frequency, function, ion, measurement, mode, numerical, optical, possible, quantum, surface, transition","distribution, energy, field, ion, frequency, experimental, order, potential, rate, space, interaction, particle, surface, theory, atom, behavior, level, measurement, mode, molecule, nonlinear, numerical, regime, source, transition"
physics,23,2010–2015,2015–2020,2010–2015 → 2015–2020,0.203124,0.796876,"distribution, energy, field, ion, frequency, experimental, order, potential, rate, space, interaction, particle, surface, theory, atom, behavior, level, measurement, mode, molecule, nonlinear, numerical, regime, source, transition","source, order, field, region, mechanism, type, channel, photon, polarization, power, scale, atom, cavity, change, distribution, electron, electronic, energy, excitation, experimental, free, frequency, information, layer, magnetic_field, mean, molecule, motion, noise, nonlinear, point, property, response, space, spin, velocity"
physics,23,2015–2020,2020–2025,2015–2020 → 2020–2025,0.113062,0.886938,"source, order, field, region, mechanism, type, channel, photon, polarization, power, scale, atom, cavity, change, distribution, electron, electronic, energy, excitation, experimental, free, frequency, information, layer, magnetic_field, mean, molecule, motion, noise, nonlinear, point, property, response, space, spin, velocity","change, effect, electron, magnetic, long, active, detector, length, light, region, scale, specific, gradient, polarization, velocity, channel, free, growth, information, mean, pattern, profile, source, type"
physics,24,2000–2005,2005–2010,2000–2005 → 2005–2010,0.457071,0.542929,"energy, field, particle, effect, structure, electron, function, theory, wave, beam, datum, light, non, quantum, atom, dynamic, fluctuation, gas, interaction, ion, laser, mode, network, pattern, physics, plasma, property, theoretical, velocity","dynamic, structure, field, theory, beam, effect, function, network, quantum, wave, electron, energy, flow, optical, particle, atom, distribution, experimental, information, interaction, measurement, mode, molecule, motion, non, phase, potential, property, single"
physics,24,2005–2010,2010–2015,2005–2010 → 2010–2015,0.403165,0.596835,"dynamic, structure, field, theory, beam, effect, function, network, quantum, wave, electron, energy, flow, optical, particle, atom, distribution, experimental, information, interaction, measurement, mode, molecule, motion, non, phase, potential, property, single","dynamic, electron, temperature, atom, numerical, scale, single, structure, flow, function, level, measurement, molecule, transition, beam, cell, dimensional, distribution, energy, fluid, ion, laser, light, linear, mechanism, mode, non, order, plasma, potential, resolution, size, surface, theory"
physics,24,2010–2015,2015–2020,2010–2015 → 2015–2020,0.051176,0.948824,"dynamic, electron, temperature, atom, numerical, scale, single, structure, flow, function, level, measurement, molecule, transition, beam, cell, dimensional, distribution, energy, fluid, ion, laser, light, linear, mechanism, mode, non, order, plasma, potential, resolution, size, surface, theory","magnetic_field, mode, multi, resolution, signal, molecular, physics, spatial, cell, free, response, scheme, atom, behavior, calculation, detection, fluid, information, level, limit, linear, magnetic, mass, mean, mechanism, molecule, noise, power, scale, temperature, transition, type, velocity, water"
physics,24,2015–2020,2020–2025,2015–2020 → 2020–2025,0.196835,0.803165,"magnetic_field, mode, multi, resolution, signal, molecular, physics, spatial, cell, free, response, scheme, atom, behavior, calculation, detection, fluid, information, level, limit, linear, magnetic, mass, mean, mechanism, molecule, noise, power, scale, temperature, transition, type, velocity, water","response, scale, spatial, resolution, element, fundamental, growth, noise, scheme, form, kinetic, mean, mechanical, point, signal, technology, accurate, distinct, factor, information, magnetic_field, multi, observation, physics, turbulence"
physics,25,2000–2005,2005–2010,2000–2005 → 2005–2010,0.491944,0.508056,"energy, wave, dynamic, effect, electron, field, function, particle, theory, beam, interaction, non, phase, velocity, cavity, configuration, correlation, density, design, frequency, geometry, level, light, motion, network, order, physical, potential, property, set, structure, temperature","theory, wave, distribution, dynamic, particle, structure, effect, electron, energy, field, frequency, function, network, optical, behavior, cavity, constant, correlation, datum, density, dimensional, experimental, flow, free, laser, light, measurement, mode, non, order, potential, quantum, single, space"
physics,25,2005–2010,2010–2015,2005–2010 → 2010–2015,0.107034,0.892966,"theory, wave, distribution, dynamic, particle, structure, effect, electron, energy, field, frequency, function, network, optical, behavior, cavity, constant, correlation, datum, density, dimensional, experimental, flow, free, laser, light, measurement, mode, non, order, potential, quantum, single, space","experimental, atom, laser, plasma, scale, space, mode, dimensional, distribution, flow, frequency, linear, potential, single, theory, behavior, change, density, detector, force, free, measurement, mechanism, non, optical, order, range, rate, signal, surface, temperature"
physics,25,2010–2015,2015–2020,2010–2015 → 2015–2020,0.275736,0.724264,"experimental, atom, laser, plasma, scale, space, mode, dimensional, distribution, flow, frequency, linear, potential, single, theory, behavior, change, density, detector, force, free, measurement, mechanism, non, optical, order, range, rate, signal, surface, temperature","atom, mechanism, optical, potential, force, light, linear, regime, mode, plasma, power, range, signal, spatial, cavity, density, experimental, function, information, magnetic_field, mean, molecule, multi, photon, polarization, source, space, spin, theoretical, transport"
physics,25,2015–2020,2020–2025,2015–2020 → 2020–2025,0.126126,0.873874,"atom, mechanism, optical, potential, force, light, linear, regime, mode, plasma, power, range, signal, spatial, cavity, density, experimental, function, information, magnetic_field, mean, molecule, multi, photon, polarization, source, space, spin, theoretical, transport","magnetic_field, source, datum, light, region, temperature, term, cavity, condition, density, device, function, atom, technology, area, edge, formation, polarization, potential, spatial, theoretical, turbulent"
physics,26,2000–2005,2005–2010,2000–2005 → 2005–2010,0.346156,0.653844,"energy, field, dynamic, theory, beam, effect, electron, particle, wave, frequency, mass, optical, property, atom, calculation, datum, distribution, function, measurement, phase, radiation, space, structure, temperature","particle, effect, function, datum, distribution, dynamic, electron, structure, theory, wave, energy, field, flow, force, measurement, network, atom, condition, frequency, interaction, light, mass, non, numerical, phase, potential, radiation, space, temperature, velocity"
physics,26,2005–2010,2010–2015,2005–2010 → 2010–2015,0.201422,0.798578,"particle, effect, function, datum, distribution, dynamic, electron, structure, theory, wave, energy, field, flow, force, measurement, network, atom, condition, frequency, interaction, light, mass, non, numerical, phase, potential, radiation, space, temperature, velocity","measurement, temperature, distribution, dynamic, space, density, energy, potential, frequency, ion, order, transition, behavior, calculation, cavity, condition, correlation, datum, experimental, flow, fluid, function, interaction, laser, non, numerical, particle, plasma, radiation, single, theory, transport, velocity"
physics,26,2010–2015,2015–2020,2010–2015 → 2015–2020,0.184967,0.815033,"measurement, temperature, distribution, dynamic, space, density, energy, potential, frequency, ion, order, transition, behavior, calculation, cavity, condition, correlation, datum, experimental, flow, fluid, function, interaction, laser, non, numerical, particle, plasma, radiation, single, theory, transport, velocity","velocity, dynamic, layer, way, energy, correlation, coupling, effective, evolution, force, information, mechanism, region, temperature, behavior, calculation, cavity, charge, efficient, emission, free, function, gas, image, local, measurement, optical, photon, pulse, resonance, response, signal, space, structure, transition"
physics,26,2015–2020,2020–2025,2015–2020 → 2020–2025,0.22356,0.77644,"velocity, dynamic, layer, way, energy, correlation, coupling, effective, evolution, force, information, mechanism, region, temperature, behavior, calculation, cavity, charge, efficient, emission, free, function, gas, image, local, measurement, optical, photon, pulse, resonance, response, signal, space, structure, transition","layer, optical, structure, charge, information, key, plasma, way, change, emission, evolution, pattern, response, topological, detection, effect, image, science, velocity, wall"
physics,27,2000–2005,2005–2010,2000–2005 → 2005–2010,0.457865,0.542135,"effect, energy, field, wave, theory, atom, structure, beam, distribution, electron, function, particle, property, quantum, atomic, density, dimensional, dynamic, electromagnetic, fluid, instability, light, local, network, optical, order, phase, plasma, transition, type","field, theory, wave, datum, structure, beam, distribution, energy, flow, interaction, light, network, phase, potential, property, quantum, behavior, dynamic, effect, electron, frequency, function, information, laser, limit, magnetic_field, measurement, mode, molecule, motion, non, particle, rate, scale, space, temperature"
physics,27,2005–2010,2010–2015,2005–2010 → 2010–2015,0.187442,0.812558,"field, theory, wave, datum, structure, beam, distribution, energy, flow, interaction, light, network, phase, potential, property, quantum, behavior, dynamic, effect, electron, frequency, function, information, laser, limit, magnetic_field, measurement, mode, molecule, motion, non, particle, rate, scale, space, temperature","distribution, flow, space, atom, beam, measurement, rate, temperature, correlation, fluid, interaction, level, non, property, calculation, datum, detector, dimensional, experimental, frequency, function, light, magnetic, motion, order, plasma, range, scale, single, size, source, theory, water"
physics,27,2010–2015,2015–2020,2010–2015 → 2015–2020,0.249629,0.750371,"distribution, flow, space, atom, beam, measurement, rate, temperature, correlation, fluid, interaction, level, non, property, calculation, datum, detector, dimensional, experimental, frequency, function, light, magnetic, motion, order, plasma, range, scale, single, size, source, theory, water","beam, source, condition, distribution, effect, mechanism, scheme, temperature, magnetic, pulse, correlation, information, rate, spin, fluid, imaging, mean, nonlinear, physics, polarization, range, size, space"
physics,27,2015–2020,2020–2025,2015–2020 → 2020–2025,0.47589,0.52411,"beam, source, condition, distribution, effect, mechanism, scheme, temperature, magnetic, pulse, correlation, information, rate, spin, fluid, imaging, mean, nonlinear, physics, polarization, range, size, space","beam, detection, loss, scheme, condition, effect, optical, change, development, information, insight, liquid, motion, phenomenon, pulse, rate, solid, surface, array, calculation, evolution, imaging, mean, polarization, source, spectral, transport, variable"
physics,28,2000–2005,2005–2010,2000–2005 → 2005–2010,0.512428,0.487572,"field, energy, beam, effect, electron, theory, wave, distribution, dynamic, frequency, function, structure, transition, change, datum, flow, interaction, ion, magnetic_field, mode, non, nonlinear, optical, particle, phase, plasma, property, quantum, radiation, temperature, term, test, velocity","effect, field, function, quantum, theory, datum, distribution, flow, wave, dynamic, electron, energy, frequency, property, transition, atom, beam, dimensional, fluid, information, ion, network, observation, optical, phase, potential, range, rate, space, temperature, velocity"
physics,28,2005–2010,2010–2015,2005–2010 → 2010–2015,0.218556,0.781444,"effect, field, function, quantum, theory, datum, distribution, flow, wave, dynamic, electron, energy, frequency, property, transition, atom, beam, dimensional, fluid, information, ion, network, observation, optical, phase, potential, range, rate, space, temperature, velocity","theory, experimental, atom, frequency, flow, order, potential, transition, density, distribution, energy, function, level, measurement, numerical, size, space, condition, dimensional, information, interaction, mode, non, phase, plasma, pressure, property, water"
physics,28,2010–2015,2015–2020,2010–2015 → 2015–2020,0.216741,0.783259,"theory, experimental, atom, frequency, flow, order, potential, transition, density, distribution, energy, function, level, measurement, numerical, size, space, condition, dimensional, information, interaction, mode, non, phase, plasma, pressure, property, water","type, frequency, linear, physics, structure, theory, charge, control, function, order, behavior, development, ion, size, theoretical, condition, correlation, energy, experimental, force, image, magnetic, pressure, regime, source, thermal, transition, water"
physics,28,2015–2020,2020–2025,2015–2020 → 2020–2025,0.193011,0.806989,"type, frequency, linear, physics, structure, theory, charge, control, function, order, behavior, development, ion, size, theoretical, condition, correlation, energy, experimental, force, image, magnetic, pressure, regime, source, thermal, transition, water","development, theoretical, generation, interaction, signal, structure, topological, evolution, linear, charge, free, kinetic, physics, specific, type, vortex, behavior, control, force, formation, scheme"
physics,29,2000–2005,2005–2010,2000–2005 → 2005–2010,0.441809,0.558191,"energy, field, effect, theory, beam, datum, function, interaction, particle, density, potential, quantum, structure, condition, dynamic, effective, electron, excitation, magnetic_field, motion, noise, nonlinear, order, plasma, property, rate, region, similar, space, transition, wave","structure, field, function, interaction, theory, distribution, particle, property, wave, datum, dynamic, effect, electron, experimental, atom, beam, condition, dimensional, energy, frequency, laser, measurement, network, order, phase, physical, potential, quantum, scale, source, transition"
physics,29,2005–2010,2010–2015,2005–2010 → 2010–2015,0.234625,0.765375,"structure, field, function, interaction, theory, distribution, particle, property, wave, datum, dynamic, effect, electron, experimental, atom, beam, condition, dimensional, energy, frequency, laser, measurement, network, order, phase, physical, potential, quantum, scale, source, transition","experimental, distribution, interaction, ion, rate, transition, density, frequency, function, measurement, plasma, property, scale, space, temperature, atom, cell, design, dimensional, flow, laser, light, linear, mass, molecular, non, nonlinear, order, particle, particular, potential, power, pulse, regime, region, source, strong"
physics,29,2010–2015,2015–2020,2010–2015 → 2015–2020,0.054295,0.945705,"experimental, distribution, interaction, ion, rate, transition, density, frequency, function, measurement, plasma, property, scale, space, temperature, atom, cell, design, dimensional, flow, laser, light, linear, mass, molecular, non, nonlinear, order, particle, particular, potential, power, pulse, regime, region, source, strong","property, photon, nonlinear, point, power, scheme, signal, type, design, free, generation, imaging, mass, order, potential, regime, turbulence, atom, dependent, efficiency, experimental, force, information, kinetic, linear, local, motion, pulse, rate, sample, temperature, transition"
physics,29,2015–2020,2020–2025,2015–2020 → 2020–2025,0.129407,0.870593,"property, photon, nonlinear, point, power, scheme, signal, type, design, free, generation, imaging, mass, order, potential, regime, turbulence, atom, dependent, efficiency, experimental, force, information, kinetic, linear, local, motion, pulse, rate, sample, temperature, transition","information, signal, imaging, velocity, dependent, fundamental, potential, electronic, event, global, matrix, point, radiation, sample, scheme, turbulence, configuration, effective, evolution, force, formation, group, initial, kinetic, motion, propagation, role, sensor, temporal"
physics,30,2000–2005,2005–2010,2000–2005 → 2005–2010,0.317483,0.682517,"effect, energy, field, beam, structure, wave, dynamic, frequency, phase, theory, atom, particle, quantum, surface, control, detector, electron, experimental, flow, linear, mode, optical, plasma, potential, radiation, symmetry, transition","wave, atom, distribution, dynamic, property, structure, theory, datum, energy, field, frequency, laser, mode, network, optical, phase, behavior, effect, electron, experimental, flow, function, interaction, light, measurement, order, potential, range, resonance, space, surface, temperature, term, transition, velocity"
physics,30,2005–2010,2010–2015,2005–2010 → 2010–2015,0.152719,0.847281,"wave, atom, distribution, dynamic, property, structure, theory, datum, energy, field, frequency, laser, mode, network, optical, phase, behavior, effect, electron, experimental, flow, function, interaction, light, measurement, order, potential, range, resonance, space, surface, temperature, term, transition, velocity","measurement, transition, ion, mode, order, physics, property, scale, distribution, experimental, flow, function, term, theory, algorithm, atom, behavior, cell, condition, density, device, field, free, frequency, information, interaction, linear, numerical, phase, potential, surface, velocity"
physics,30,2010–2015,2015–2020,2010–2015 → 2015–2020,0.19393,0.80607,"measurement, transition, ion, mode, order, physics, property, scale, distribution, experimental, flow, function, term, theory, algorithm, atom, behavior, cell, condition, density, device, field, free, frequency, information, interaction, linear, numerical, phase, potential, surface, velocity","device, property, design, ion, pressure, type, free, photon, resolution, source, magnetic, mode, scheme, spectral, transition, algorithm, condition, efficient, experimental, material, numerical, physical, physics, prediction, regime, water"
physics,30,2015–2020,2020–2025,2015–2020 → 2020–2025,0.257116,0.742884,"device, property, design, ion, pressure, type, free, photon, resolution, source, magnetic, mode, scheme, spectral, transition, algorithm, condition, efficient, experimental, material, numerical, physical, physics, prediction, regime, water","type, spectral, device, material, resolution, stability, calculation, fast, atom, correlation, detection, length, local, pressure, property, radiation, source, channel, classical, efficient, function, fundamental, motion, regime, spectra, water"
physics,31,2000–2005,2005–2010,2000–2005 → 2005–2010,0.435145,0.564855,"energy, theory, beam, electron, field, particle, structure, datum, effect, phase, quantum, term, wave, atomic, calculation, correction, distribution, interaction, laser, level, limit, measurement, mechanism, numerical, optical, physics, potential, property, space, temperature, velocity","theory, particle, property, beam, datum, dynamic, effect, frequency, laser, atom, distribution, field, function, interaction, order, structure, wave, density, dimensional, electron, energy, free, light, network, optical, phase, quantum, scale, transition, velocity"
physics,31,2005–2010,2010–2015,2005–2010 → 2010–2015,0.116028,0.883972,"theory, particle, property, beam, datum, dynamic, effect, frequency, laser, atom, distribution, field, function, interaction, order, structure, wave, density, dimensional, electron, energy, free, light, network, optical, phase, quantum, scale, transition, velocity","atom, light, density, experimental, level, scale, temperature, ion, laser, non, property, space, transition, datum, detector, device, electron, flow, fluid, force, frequency, linear, measurement, mode, molecular, molecule, order, particle, rate, surface"
physics,31,2010–2015,2015–2020,2010–2015 → 2015–2020,0.149005,0.850995,"atom, light, density, experimental, level, scale, temperature, ion, laser, non, property, space, transition, datum, detector, device, electron, flow, fluid, force, frequency, linear, measurement, mode, molecular, molecule, order, particle, rate, surface","device, electron, ion, magnetic_field, signal, temperature, beam, behavior, charge, information, light, molecule, point, atom, control, coupling, distribution, effective, electronic, fluid, interface, level, linear, magnetic, molecular, multi, nonlinear, pressure, pulse, radiation, space, spatial, theoretical"
physics,31,2015–2020,2020–2025,2015–2020 → 2020–2025,0.134298,0.865702,"device, electron, ion, magnetic_field, signal, temperature, beam, behavior, charge, information, light, molecule, point, atom, control, coupling, distribution, effective, electronic, fluid, interface, level, linear, magnetic, molecular, multi, nonlinear, pressure, pulse, radiation, space, spatial, theoretical","information, atom, cavity, coupling, flow, charge, imaging, point, rate, spectral, band, electron, evolution, phase, pulse, radiation, vortex, classical, dependent, device, impact, magnetic_field, molecule, multi, signal, theoretical"
physics,32,2000–2005,2005–2010,2000–2005 → 2005–2010,0.344701,0.655299,"energy, theory, wave, field, structure, beam, effect, electron, particle, quantum, atom, datum, distribution, experimental, function, phase, density, dynamic, force, laser, measurement, motion, space, spin, temperature, transition","effect, electron, field, function, measurement, order, property, structure, surface, theory, wave, beam, distribution, flow, particle, phase, transition, density, dynamic, energy, interaction, laser, light, mass, material, molecule, network, potential, quantum, rate, space, term"
physics,32,2005–2010,2010–2015,2005–2010 → 2010–2015,0.190377,0.809623,"effect, electron, field, function, measurement, order, property, structure, surface, theory, wave, beam, distribution, flow, particle, phase, transition, density, dynamic, energy, interaction, laser, light, mass, material, molecule, network, potential, quantum, rate, space, term","transition, surface, measurement, source, atom, distribution, fluid, frequency, information, order, plasma, single, temperature, theory, beam, cell, condition, density, design, experimental, force, free, function, interaction, light, linear, material, medium, molecule, non, numerical, phase, property, rate, regime, space, strong, term"
physics,32,2010–2015,2015–2020,2010–2015 → 2015–2020,0.198161,0.801839,"transition, surface, measurement, source, atom, distribution, fluid, frequency, information, order, plasma, single, temperature, theory, beam, cell, condition, density, design, experimental, force, free, function, interaction, light, linear, material, medium, molecule, non, numerical, phase, property, rate, regime, space, strong, term","atom, linear, beam, force, regime, atomic, information, molecular, order, source, cell, free, function, magnetic_field, active, calculation, condition, coupling, electronic, mass, medium, pressure, quantum, rate, transition"
physics,32,2015–2020,2020–2025,2015–2020 → 2020–2025,0.145864,0.854136,"atom, linear, beam, force, regime, atomic, information, molecular, order, source, cell, free, function, magnetic_field, active, calculation, condition, coupling, electronic, mass, medium, pressure, quantum, rate, transition","function, mass, configuration, dynamic, quantum, evolution, free, linear, mode, network, property, atom, classical, order, transfer, active, atomic, calculation, coupling, gradient, molecule, neural_network, observation, pressure, propagation"
physics,33,2000–2005,2005–2010,2000–2005 → 2005–2010,0.408355,0.591645,"energy, electron, atom, effect, field, particle, wave, beam, datum, force, non, property, quantum, theory, charge, classical, control, density, dynamic, frequency, interaction, ion, linear, magnetic_field, network, numerical, optical, plasma, potential, rate, sample, scale, single, space, temperature","atom, field, flow, theory, wave, dimensional, effect, electron, energy, frequency, network, optical, particle, property, scale, space, structure, beam, correlation, datum, density, distribution, dynamic, force, function, gravitational, interaction, measurement, non, numerical, phase, photon, potential, power, quantum, regime, surface, transition"
physics,33,2005–2010,2010–2015,2005–2010 → 2010–2015,0.092282,0.907718,"atom, field, flow, theory, wave, dimensional, effect, electron, energy, frequency, network, optical, particle, property, scale, space, structure, beam, correlation, datum, density, distribution, dynamic, force, function, gravitational, interaction, measurement, non, numerical, phase, photon, potential, power, quantum, regime, surface, transition","phase, rate, scale, experimental, level, temperature, frequency, mode, numerical, property, strong, theoretical, transition, atom, beam, calculation, cavity, cell, dimensional, distribution, flow, fluid, free, function, gravitational, ion, light, limit, line, linear, magnetic, measurement, regime, single, space, spatial, surface, term"
physics,33,2010–2015,2015–2020,2010–2015 → 2015–2020,0.211077,0.788923,"phase, rate, scale, experimental, level, temperature, frequency, mode, numerical, property, strong, theoretical, transition, atom, beam, calculation, cavity, cell, dimensional, distribution, flow, fluid, free, function, gravitational, ion, light, limit, line, linear, magnetic, measurement, regime, single, space, spatial, surface, term","cell, information, property, level, power, size, rate, charge, layer, mode, phase, theory, type, control, correlation, experimental, factor, free, function, limit, linear, molecular, particle, photon, signal, space, spatial, temperature, term, theoretical"
physics,33,2015–2020,2020–2025,2015–2020 → 2020–2025,0.198032,0.801968,"cell, information, property, level, power, size, rate, charge, layer, mode, phase, theory, type, control, correlation, experimental, factor, free, function, limit, linear, molecular, particle, photon, signal, space, spatial, temperature, term, theoretical","mode, surface, cell, datum, thermal, active, excitation, particle, technology, charge, development, environment, event, evolution, impact, power, sensitivity, size, algorithm, atom, control, correlation, emission, information, layer, regime"
physics,34,2000–2005,2005–2010,2000–2005 → 2005–2010,0.349708,0.650292,"effect, energy, field, structure, wave, beam, dynamic, electron, particle, theory, atom, function, non, quantum, classical, datum, distribution, frequency, gravitational, interaction, ion, light, mode, network, property, space, transition","wave, particle, distribution, effect, interaction, light, order, phase, dynamic, electron, energy, frequency, function, network, quantum, theory, transition, atom, beam, field, flow, fluid, ion, laser, numerical, property, rate, scale, space, surface, temperature, term"
physics,34,2005–2010,2010–2015,2005–2010 → 2010–2015,0.166095,0.833905,"wave, particle, distribution, effect, interaction, light, order, phase, dynamic, electron, energy, frequency, function, network, quantum, theory, transition, atom, beam, field, flow, fluid, ion, laser, numerical, property, rate, scale, space, surface, temperature, term","mode, space, atom, density, distribution, laser, temperature, transition, function, information, light, network, order, source, algorithm, calculation, correlation, detector, experimental, frequency, interaction, level, mass, material, measurement, molecular, non, phase, photon, property, range, rate, size, term, theory"
physics,34,2010–2015,2015–2020,2010–2015 → 2015–2020,0.249518,0.750482,"mode, space, atom, density, distribution, laser, temperature, transition, function, information, light, network, order, source, algorithm, calculation, correlation, detector, experimental, frequency, interaction, level, mass, material, measurement, molecular, non, phase, photon, property, range, rate, size, term, theory","function, molecular, network, atom, force, ion, mode, property, scheme, calculation, information, magnetic, mechanism, point, source, algorithm, correlation, efficient, electronic, light, multi, radiation, range, size, space, spatial, spectral, temperature, term, theoretical, type"
physics,34,2015–2020,2020–2025,2015–2020 → 2020–2025,0.3031,0.6969,"function, molecular, network, atom, force, ion, mode, property, scheme, calculation, information, magnetic, mechanism, point, source, algorithm, correlation, efficient, electronic, light, multi, radiation, range, size, space, spatial, spectral, temperature, term, theoretical, type","property, fundamental, point, force, function, scheme, atom, conventional, sensor, stability, dynamic, free, ion, molecular, standard, theoretical, vortex, configuration, electronic, light, quality, size, water"
physics,35,2000–2005,2005–2010,2000–2005 → 2005–2010,0.390173,0.609827,"energy, field, dynamic, structure, theory, atom, effect, function, beam, datum, electron, property, accelerator, body, calculation, dimensional, distribution, flow, formation, initial, laser, limit, nonlinear, optical, particle, phase, quantum, regime, region, space, transition, wave","theory, datum, distribution, effect, field, flow, function, property, atom, beam, dynamic, energy, experimental, light, particle, structure, density, electron, interaction, laser, network, optical, order, quantum, range, rate, scale, single, surface, temperature, transition, wave"
physics,35,2005–2010,2010–2015,2005–2010 → 2010–2015,0.196469,0.803531,"theory, datum, distribution, effect, field, flow, function, property, atom, beam, dynamic, energy, experimental, light, particle, structure, density, electron, interaction, laser, network, optical, order, quantum, range, rate, scale, single, surface, temperature, transition, wave","beam, flow, experimental, force, scale, temperature, dimensional, distribution, function, laser, numerical, order, photon, potential, transition, atom, calculation, cell, datum, detector, fluid, free, information, interaction, light, mechanism, physics, plasma, power, rate, single, surface, theoretical, theory, transport"
physics,35,2010–2015,2015–2020,2010–2015 → 2015–2020,0.161462,0.838538,"beam, flow, experimental, force, scale, temperature, dimensional, distribution, function, laser, numerical, order, photon, potential, transition, atom, calculation, cell, datum, detector, fluid, free, information, interaction, light, mechanism, physics, plasma, power, rate, single, surface, theoretical, theory, transport","force, layer, magnetic, magnetic_field, correlation, image, mechanism, pressure, beam, cavity, cell, coupling, information, interaction, power, source, atom, condition, flow, fluid, free, generation, level, limit, photon, plasma, point, signal, temperature, theoretical, water"
physics,35,2015–2020,2020–2025,2015–2020 → 2020–2025,0.176122,0.823878,"force, layer, magnetic, magnetic_field, correlation, image, mechanism, pressure, beam, cavity, cell, coupling, information, interaction, power, source, atom, condition, flow, fluid, free, generation, level, limit, photon, plasma, point, signal, temperature, theoretical, water","information, ion, point, potential, layer, cell, coupling, device, intensity, linear, magnetic, matrix, order, pattern, phenomenon, pressure, cavity, dynamic, image, optimal, water"
physics,36,2000–2005,2005–2010,2000–2005 → 2005–2010,0.290202,0.709798,"dynamic, energy, field, function, interaction, wave, beam, distribution, effect, electron, molecular, non, space, theory, atom, control, correlation, dimensional, force, linear, network, numerical, optical, order, particle, phase, physical, physics, potential, property, radiation, rate, structure, surface, temperature, transition, turbulence","interaction, theory, beam, distribution, electron, particle, phase, structure, atom, datum, effect, field, function, measurement, network, non, optical, property, quantum, wave, dynamic, energy, flow, force, frequency, mean, medium, scale, surface"
physics,36,2005–2010,2010–2015,2005–2010 → 2010–2015,0.120297,0.879703,"interaction, theory, beam, distribution, electron, particle, phase, structure, atom, datum, effect, field, function, measurement, network, non, optical, property, quantum, wave, dynamic, energy, flow, force, frequency, mean, medium, scale, surface","rate, frequency, ion, measurement, single, order, atom, detector, distribution, function, information, level, potential, source, temperature, beam, calculation, cell, datum, experimental, flow, force, free, interaction, light, linear, molecule, non, phase, physics, polarization, theory, type"
physics,36,2010–2015,2015–2020,2010–2015 → 2015–2020,0.262343,0.737657,"rate, frequency, ion, measurement, single, order, atom, detector, distribution, function, information, level, potential, source, temperature, beam, calculation, cell, datum, experimental, flow, force, free, interaction, light, linear, molecule, non, phase, physics, polarization, theory, type","level, source, ion, photon, physics, single, multi, point, dimensional, light, linear, magnetic_field, rate, atom, behavior, calculation, cell, design, detection, free, function, information, limit, molecular, molecule, nonlinear, polarization, region, temperature"
physics,36,2015–2020,2020–2025,2015–2020 → 2020–2025,0.153932,0.846068,"level, source, ion, photon, physics, single, multi, point, dimensional, light, linear, magnetic_field, rate, atom, behavior, calculation, cell, design, detection, free, function, information, limit, molecular, molecule, nonlinear, polarization, region, temperature","dependent, linear, size, atom, effect, energy, quantum, rate, sample, level, gas, light, machine, magnetic_field, point, source, crystal, dimensional, multi, nonlinear, photon, ratio"
physics,37,2000–2005,2005–2010,2000–2005 → 2005–2010,0.217105,0.782895,"energy, field, wave, atom, effect, electron, space, theory, cluster, dynamic, frequency, function, particle, quantum, structure, beam, control, datum, exact, flow, fluid, geometry, magnetic_field, measurement, non, order, phase, plasma, position, previous, property, transition, velocity","theory, dynamic, particle, datum, interaction, property, wave, distribution, energy, flow, optical, potential, space, structure, surface, density, dimensional, experimental, field, fluid, frequency, function, gas, geometry, measurement, network, phase, physics, position, previous, quantum, rate, regime"
physics,37,2005–2010,2010–2015,2005–2010 → 2010–2015,0.117545,0.882455,"theory, dynamic, particle, datum, interaction, property, wave, distribution, energy, flow, optical, potential, space, structure, surface, density, dimensional, experimental, field, fluid, frequency, function, gas, geometry, measurement, network, phase, physics, position, previous, quantum, rate, regime","density, rate, transition, experimental, flow, measurement, non, numerical, surface, distribution, level, single, source, theory, datum, detection, fluid, free, frequency, ion, laser, mechanism, phase, photon, physics, plasma, possible, random, response, scale, strong, temperature"
physics,37,2010–2015,2015–2020,2010–2015 → 2015–2020,0.382324,0.617676,"density, rate, transition, experimental, flow, measurement, non, numerical, surface, distribution, level, single, source, theory, datum, detection, fluid, free, frequency, ion, laser, mechanism, phase, photon, physics, plasma, possible, random, response, scale, strong, temperature","density, calculation, datum, mechanism, potential, rate, charge, electronic, level, signal, source, spatial, cavity, change, condition, configuration, control, detection, experimental, local, magnetic, medium, nonlinear, physics, plasma, pulse, radiation, random, response, transition, type, way"
physics,37,2015–2020,2020–2025,2015–2020 → 2020–2025,0.167998,0.832002,"density, calculation, datum, mechanism, potential, rate, charge, electronic, level, signal, source, spatial, cavity, change, condition, configuration, control, detection, experimental, local, magnetic, medium, nonlinear, physics, plasma, pulse, radiation, random, response, transition, type, way","change, critical, photonic, plasma, response, spectral, datum, electronic, lattice, pattern, potential, array, density, specific, way, calculation, charge, classical, configuration, influence, motion, radiation, signal"
physics,38,2000–2005,2005–2010,2000–2005 → 2005–2010,0.506644,0.493356,"electron, energy, field, wave, atom, beam, datum, effect, function, interaction, nonlinear, order, particle, potential, structure, theory, classical, control, correlation, distribution, dynamic, flow, instability, ion, laser, level, mass, mode, optical, physics, plasma, quantum, rate, space, surface","electron, flow, particle, theory, wave, phase, structure, beam, dynamic, effect, field, function, network, non, scale, atom, classical, datum, distribution, energy, fluid, frequency, information, interaction, measurement, optical, physics, possible, property, quantum, surface, transition"
physics,38,2005–2010,2010–2015,2005–2010 → 2010–2015,0.224671,0.775329,"electron, flow, particle, theory, wave, phase, structure, beam, dynamic, effect, field, function, network, non, scale, atom, classical, datum, distribution, energy, fluid, frequency, information, interaction, measurement, optical, physics, possible, property, quantum, surface, transition","phase, transition, beam, measurement, non, theory, atom, experimental, flow, level, plasma, point, range, scale, temperature, calculation, community, density, dimensional, fluid, force, free, frequency, function, information, laser, local, mechanism, particle, physics, rate, single, space, strong, surface"
physics,38,2010–2015,2015–2020,2010–2015 → 2015–2020,0.15332,0.84668,"phase, transition, beam, measurement, non, theory, atom, experimental, flow, level, plasma, point, range, scale, temperature, calculation, community, density, dimensional, fluid, force, free, frequency, function, information, laser, local, mechanism, particle, physics, rate, single, space, strong, surface","term, level, pressure, size, experimental, force, layer, phase, beam, efficient, mechanism, molecular, particular, theory, cell, coupling, development, electronic, free, imaging, impact, liquid, local, mass, mode, motion, observation, order, physics, range, source, theoretical, transition"
physics,38,2015–2020,2020–2025,2015–2020 → 2020–2025,0.33454,0.66546,"term, level, pressure, size, experimental, force, layer, phase, beam, efficient, mechanism, molecular, particular, theory, cell, coupling, development, electronic, free, imaging, impact, liquid, local, mass, mode, motion, observation, order, physics, range, source, theoretical, transition","experimental, active, term, theory, size, atomic, impact, particle, pattern, pressure, radiation, layer, limit, line, mean, efficient, force, image, imaging, mass, presence, science, sensor, transport"
physics,39,2000–2005,2005–2010,2000–2005 → 2005–2010,0.567532,0.432468,"energy, effect, field, theory, wave, beam, density, function, particle, structure, atom, distribution, electron, quantum, body, control, dynamic, fluctuation, interaction, laser, length, optical, phase, plasma, property, relativistic, space, test, transition","theory, effect, field, particle, structure, property, wave, beam, datum, distribution, dynamic, energy, flow, function, network, scale, algorithm, density, dimensional, electron, experimental, frequency, laser, mode, non, optical, phase, potential, quantum, space, term"
physics,39,2005–2010,2010–2015,2005–2010 → 2010–2015,0.186934,0.813066,"theory, effect, field, particle, structure, property, wave, beam, datum, distribution, dynamic, energy, flow, function, network, scale, algorithm, density, dimensional, electron, experimental, frequency, laser, mode, non, optical, phase, potential, quantum, space, term","scale, level, particle, flow, fluid, ion, structure, calculation, condition, mode, non, order, plasma, space, term, behavior, cell, dimensional, distribution, experimental, force, frequency, information, interaction, laser, linear, property, rate, signal, surface, temperature, theory, transition, velocity"
physics,39,2010–2015,2015–2020,2010–2015 → 2015–2020,0.345335,0.654665,"scale, level, particle, flow, fluid, ion, structure, calculation, condition, mode, non, order, plasma, space, term, behavior, cell, dimensional, distribution, experimental, force, frequency, information, interaction, laser, linear, property, rate, signal, surface, temperature, theory, transition, velocity","scale, behavior, free, signal, force, multi, atom, dimensional, evolution, level, molecular, point, property, response, calculation, cell, condition, control, correlation, electromagnetic, fluid, individual, information, linear, molecule, photon, prediction, spectral, structure, theoretical, transport, velocity"
physics,39,2015–2020,2020–2025,2015–2020 → 2020–2025,0.372926,0.627074,"scale, behavior, free, signal, force, multi, atom, dimensional, evolution, level, molecular, point, property, response, calculation, cell, condition, control, correlation, electromagnetic, fluid, individual, information, linear, molecule, photon, prediction, spectral, structure, theoretical, transport, velocity","behavior, charge, dimensional, free, pattern, pressure, property, evolution, size, stability, formation, point, radiation, response, theoretical, atom, channel, form, group, phenomenon, principle, scale, signal, specific, technology"
physics,40,2000–2005,2005–2010,2000–2005 → 2005–2010,0.3899,0.6101,"energy, theory, wave, atom, effect, electron, field, quantum, structure, beam, dynamic, particle, phase, datum, dimensional, distribution, electromagnetic, experimental, frequency, interaction, laser, level, light, magnetic_field, measurement, network, optical, parallel, point, potential, prediction, property, strong","distribution, structure, theory, beam, effect, field, particle, phase, datum, network, non, optical, property, quantum, wave, atom, density, detector, energy, flow, frequency, interaction, laser, measurement, numerical, point, possible, potential, pulse, set, space, temperature, transition"
physics,40,2005–2010,2010–2015,2005–2010 → 2010–2015,0.110181,0.889819,"distribution, structure, theory, beam, effect, field, particle, phase, datum, network, non, optical, property, quantum, wave, atom, density, detector, energy, flow, frequency, interaction, laser, measurement, numerical, point, possible, potential, pulse, set, space, temperature, transition","non, numerical, plasma, potential, temperature, order, space, distribution, flow, frequency, surface, transition, atom, calculation, datum, density, evolution, experimental, force, free, light, mechanism, mode, nonlinear, particle, phase, physics, possible, power, set, single, source, strong, term, velocity"
physics,40,2010–2015,2015–2020,2010–2015 → 2015–2020,0.117606,0.882394,"non, numerical, plasma, potential, temperature, order, space, distribution, flow, frequency, surface, transition, atom, calculation, datum, density, evolution, experimental, force, free, light, mechanism, mode, nonlinear, particle, phase, physics, possible, power, set, single, source, strong, term, velocity","mode, coupling, motion, light, multi, plasma, calculation, charge, mass, mean, space, type, velocity, atom, dependent, information, level, local, magnetic, noise, numerical, optical, particular, possible, power, resolution, resonance, scheme, self, signal, size, source, spatial, stability, strong, temperature"
physics,40,2015–2020,2020–2025,2015–2020 → 2020–2025,0.213891,0.786109,"mode, coupling, motion, light, multi, plasma, calculation, charge, mass, mean, space, type, velocity, atom, dependent, information, level, local, magnetic, noise, numerical, optical, particular, possible, power, resolution, resonance, scheme, self, signal, size, source, spatial, stability, strong, temperature","accurate, geometry, light, theory, charge, formation, level, motion, structure, thermal, development, event, mass, mode, reconstruction, robust, classical, coupling, datum, intensity, local, multi, network, possible, pressure, resonance, science, space, standard, vortex"
physics,41,2000–2005,2005–2010,2000–2005 → 2005–2010,0.390279,0.609721,"energy, structure, electron, field, wave, beam, effect, particle, atom, experimental, interaction, plasma, property, quantum, calculation, control, dimensional, distribution, dynamic, flow, frequency, function, linear, mass, mode, nonlinear, order, phase, principle, surface, theory","theory, particle, electron, wave, datum, flow, interaction, structure, effect, energy, field, ion, measurement, property, rate, atomic, distribution, dynamic, experimental, free, frequency, motion, network, non, optical, phase, potential, scale, space, surface"
physics,41,2005–2010,2010–2015,2005–2010 → 2010–2015,0.132208,0.867792,"theory, particle, electron, wave, datum, flow, interaction, structure, effect, energy, field, ion, measurement, property, rate, atomic, distribution, dynamic, experimental, free, frequency, motion, network, non, optical, phase, potential, scale, space, surface","measurement, experimental, frequency, ion, numerical, space, surface, dimensional, flow, free, light, plasma, potential, theory, transition, wave, algorithm, atomic, behavior, distribution, fluid, interaction, motion, nonlinear, order, particle, photon, point, polarization, property, rate, scale, single, source, temperature, type"
physics,41,2010–2015,2015–2020,2010–2015 → 2015–2020,0.107223,0.892777,"measurement, experimental, frequency, ion, numerical, space, surface, dimensional, flow, free, light, plasma, potential, theory, transition, wave, algorithm, atomic, behavior, distribution, fluid, interaction, motion, nonlinear, order, particle, photon, point, polarization, property, rate, scale, single, source, temperature, type","light, free, potential, information, molecular, regime, type, wave, atomic, calculation, cavity, factor, molecule, physical, region, space, algorithm, atom, coupling, efficient, fluid, force, linear, magnetic_field, matrix, motion, nonlinear, numerical, power, spatial, transition"
physics,41,2015–2020,2020–2025,2015–2020 → 2020–2025,0.201965,0.798035,"light, free, potential, information, molecular, regime, type, wave, atomic, calculation, cavity, factor, molecule, physical, region, space, algorithm, atom, coupling, efficient, fluid, force, linear, magnetic_field, matrix, motion, nonlinear, numerical, power, spatial, transition","motion, nonlinear, power, factor, molecular, information, photonic, structure, atom, potential, spatial, specific, speed, approximation, calculation, channel, coupling, device, light, liquid, matrix, precision, quantum, scheme, set, spectral, spin, stability, test, water"
physics,42,2000–2005,2005–2010,2000–2005 → 2005–2010,0.307483,0.692517,"energy, field, particle, structure, dynamic, effect, electron, theory, atom, beam, datum, distribution, interaction, optical, quantum, calculation, control, function, laser, level, light, measurement, non, order, phase, plasma, possible, property, rate, transition, wave","theory, wave, distribution, dynamic, optical, transition, atom, beam, datum, electron, experimental, field, interaction, light, network, particle, structure, dimensional, effect, energy, flow, fluid, free, frequency, laser, measurement, mode, molecule, potential, property, quantum, response, surface, term"
physics,42,2005–2010,2010–2015,2005–2010 → 2010–2015,0.135871,0.864129,"theory, wave, distribution, dynamic, optical, transition, atom, beam, datum, electron, experimental, field, interaction, light, network, particle, structure, dimensional, effect, energy, flow, fluid, free, frequency, laser, measurement, mode, molecule, potential, property, quantum, response, surface, term","surface, transition, energy, potential, flow, non, scale, fluid, order, plasma, rate, space, theory, atom, datum, dimensional, distribution, free, function, interaction, laser, level, linear, mode, pattern, photon, physics, scheme, signal, single, size, source, velocity"
physics,42,2010–2015,2015–2020,2010–2015 → 2015–2020,0.314713,0.685287,"surface, transition, energy, potential, flow, non, scale, fluid, order, plasma, rate, space, theory, atom, datum, dimensional, distribution, free, function, interaction, laser, level, linear, mode, pattern, photon, physics, scheme, signal, single, size, source, velocity","surface, function, linear, frequency, local, source, type, charge, condition, energy, multi, numerical, resolution, signal, spatial, transition, active, coupling, efficient, generation, level, limit, mean, molecule, noise, pattern, photon, physics, point, region, scheme, spectral, theory"
physics,42,2015–2020,2020–2025,2015–2020 → 2020–2025,0.096595,0.903405,"surface, function, linear, frequency, local, source, type, charge, condition, energy, multi, numerical, resolution, signal, spatial, transition, active, coupling, efficient, generation, level, limit, mean, molecule, noise, pattern, photon, physics, point, region, scheme, spectral, theory","numerical, active, factor, point, direction, gas, self, source, theory, capability, classical, efficient, environment, fast, generation, imaging, charge, datum, development, efficiency, frequency, material, molecule, multi, sensor, solid, spectral, way"
physics,43,2000–2005,2005–2010,2000–2005 → 2005–2010,0.369308,0.630692,"field, beam, effect, energy, particle, theory, wave, electron, quantum, structure, frequency, interaction, space, atom, atomic, control, distribution, dynamic, function, line, mode, network, optical, plasma, source, surface, velocity","particle, function, theory, field, interaction, measurement, scale, wave, dynamic, electron, energy, light, network, optical, quantum, structure, temperature, beam, condition, correlation, distribution, effect, flow, frequency, laser, numerical, phase, physics, plasma, source, space"
physics,43,2005–2010,2010–2015,2005–2010 → 2010–2015,0.30548,0.69452,"particle, function, theory, field, interaction, measurement, scale, wave, dynamic, electron, energy, light, network, optical, quantum, structure, temperature, beam, condition, correlation, distribution, effect, flow, frequency, laser, numerical, phase, physics, plasma, source, space","frequency, function, scale, space, atom, measurement, non, potential, density, level, light, numerical, surface, theory, calculation, cell, dimensional, distribution, experimental, flow, free, ion, mechanism, particle, phase, radiation, size, temperature, type"
physics,43,2010–2015,2015–2020,2010–2015 → 2015–2020,0.294851,0.705149,"frequency, function, scale, space, atom, measurement, non, potential, density, level, light, numerical, surface, theory, calculation, cell, dimensional, distribution, experimental, flow, free, ion, mechanism, particle, phase, radiation, size, temperature, type","space, free, force, function, molecular, frequency, level, control, correlation, laser, mechanism, water, algorithm, atom, calculation, cell, change, condition, distribution, dynamic, gas, group, local, material, medium, molecule, noise, nonlinear, particular, pattern, polarization, power, size"
physics,43,2015–2020,2020–2025,2015–2020 → 2020–2025,0.230235,0.769765,"space, free, force, function, molecular, frequency, level, control, correlation, laser, mechanism, water, algorithm, atom, calculation, cell, change, condition, distribution, dynamic, gas, group, local, material, medium, molecule, noise, nonlinear, particular, pattern, polarization, power, size","level, molecular, change, molecule, algorithm, characteristic, coupling, noise, space, speed, stability, force, instability, step, water, calculation, control, group, particular, wall"
physics,44,2000–2005,2005–2010,2000–2005 → 2005–2010,0.504673,0.495327,"energy, field, effect, function, structure, theory, electron, interaction, particle, transition, wave, amplitude, atom, beam, datum, description, distribution, dynamic, exact, interface, laser, light, linear, magnetic_field, mode, network, non, optical, order, phase, physics, potential, space","theory, distribution, field, structure, effect, electron, interaction, wave, atom, energy, network, particle, phase, property, beam, datum, dynamic, flow, fluid, force, function, information, ion, light, linear, measurement, mechanism, mode, optical, potential, quantum, scale, surface"
physics,44,2005–2010,2010–2015,2005–2010 → 2010–2015,0.234569,0.765431,"theory, distribution, field, structure, effect, electron, interaction, wave, atom, energy, network, particle, phase, property, beam, datum, dynamic, flow, fluid, force, function, information, ion, light, linear, measurement, mechanism, mode, optical, potential, quantum, scale, surface","property, single, ion, theory, distribution, scale, surface, density, dimensional, interaction, light, numerical, potential, size, atom, calculation, coupling, fluid, force, function, information, layer, mechanism, mode, nonlinear, phase, photon, plasma, signal, source, strong, transition"
physics,44,2010–2015,2015–2020,2010–2015 → 2015–2020,0.060538,0.939462,"property, single, ion, theory, distribution, scale, surface, density, dimensional, interaction, light, numerical, potential, size, atom, calculation, coupling, fluid, force, function, information, layer, mechanism, mode, nonlinear, phase, photon, plasma, signal, source, strong, transition","photon, function, signal, power, laser, order, source, spin, atomic, energy, light, particular, single, transport, characteristic, correlation, imaging, layer, mean, molecular, nonlinear, physics, property, regime, response, self, size, strong, term, velocity"
physics,44,2015–2020,2020–2025,2015–2020 → 2020–2025,0.349896,0.650104,"photon, function, signal, power, laser, order, source, spin, atomic, energy, light, particular, single, transport, characteristic, correlation, imaging, layer, mean, molecular, nonlinear, physics, property, regime, response, self, size, strong, term, velocity","function, electronic, order, free, body, laser, response, signal, structure, atom, atomic, image, operation, characteristic, emission, frequency, gas, imaging, liquid, motion, particular, photon, quality, quantum, radiation, self, spatial, specific, theoretical, type"
physics,45,2000–2005,2005–2010,2000–2005 → 2005–2010,0.390878,0.609122,"effect, field, wave, electron, atom, beam, energy, quantum, structure, theory, distribution, function, particle, phase, control, datum, dielectric, dynamic, light, network, nonlinear, optical, physical, physics, plasma, test, transition, velocity","property, wave, theory, distribution, effect, field, flow, particle, structure, datum, electron, experimental, interaction, network, surface, temperature, atom, beam, correlation, dynamic, energy, frequency, function, level, light, measurement, optical, order, rate, single"
physics,45,2005–2010,2010–2015,2005–2010 → 2010–2015,0.348625,0.651375,"property, wave, theory, distribution, effect, field, flow, particle, structure, datum, electron, experimental, interaction, network, surface, temperature, atom, beam, correlation, dynamic, energy, frequency, function, level, light, measurement, optical, order, rate, single","property, experimental, temperature, transition, single, non, rate, detector, level, linear, measurement, space, theory, atom, cell, distribution, frequency, function, interaction, ion, laser, light, medium, network, nonlinear, particle, photon, scale, surface, turbulence"
physics,45,2010–2015,2015–2020,2010–2015 → 2015–2020,0.075821,0.924179,"property, experimental, temperature, transition, single, non, rate, detector, level, linear, measurement, space, theory, atom, cell, distribution, frequency, function, interaction, ion, laser, light, medium, network, nonlinear, particle, photon, scale, surface, turbulence","energy, network, photon, velocity, plasma, efficiency, mechanism, power, resolution, calculation, function, image, nonlinear, rate, temperature, cell, control, experimental, level, linear, node, property, scheme, signal, size, transition, way"
physics,45,2015–2020,2020–2025,2015–2020 → 2020–2025,0.17496,0.82504,"energy, network, photon, velocity, plasma, efficiency, mechanism, power, resolution, calculation, function, image, nonlinear, rate, temperature, cell, control, experimental, level, linear, node, property, scheme, signal, size, transition, way","response, optical, self, strategy, nonlinear, plasma, property, sample, structure, velocity, calculation, dynamic, efficiency, energy, force, free, image, photon, resolution, array, atom, cavity, mechanical, mechanism, temporal, way"
physics,46,2000–2005,2005–2010,2000–2005 → 2005–2010,0.617816,0.382184,"effect, field, theory, beam, energy, scale, structure, transition, dynamic, electron, mode, order, particle, quantum, space, wave, behavior, charge, control, correlation, datum, excitation, flow, force, group, interaction, linac, measurement, mechanism, network, optical, phase, plasma","effect, field, light, surface, dynamic, network, theory, transition, wave, beam, interaction, mode, molecule, optical, property, quantum, space, atom, electron, energy, flow, function, ion, measurement, nonlinear, particle, phase, plasma, potential, scale"
physics,46,2005–2010,2010–2015,2005–2010 → 2010–2015,0.163794,0.836206,"effect, field, light, surface, dynamic, network, theory, transition, wave, beam, interaction, mode, molecule, optical, property, quantum, space, atom, electron, energy, flow, function, ion, measurement, nonlinear, particle, phase, plasma, potential, scale","transition, atom, level, measurement, rate, scale, surface, flow, light, non, numerical, beam, cell, condition, density, distribution, experimental, force, function, interaction, mechanism, nonlinear, order, pattern, phase, physics, plasma, potential, power, property, quantum, range, single, social, source, space, strong, theory, type"
physics,46,2010–2015,2015–2020,2010–2015 → 2015–2020,0.14205,0.85795,"transition, atom, level, measurement, rate, scale, surface, flow, light, non, numerical, beam, cell, condition, density, distribution, experimental, force, function, interaction, mechanism, nonlinear, order, pattern, phase, physics, plasma, potential, power, property, quantum, range, single, social, source, space, strong, theory, type","quantum, range, correlation, information, pattern, size, beam, flow, theory, cell, level, signal, atom, classical, condition, control, density, design, detection, field, force, imaging, magnetic, magnetic_field, nonlinear, physics, source, space, strong, transition"
physics,46,2015–2020,2020–2025,2015–2020 → 2020–2025,0.201105,0.798895,"quantum, range, correlation, information, pattern, size, beam, flow, theory, cell, level, signal, atom, classical, condition, control, density, design, detection, field, force, imaging, magnetic, magnetic_field, nonlinear, physics, source, space, strong, transition","density, field, imaging, way, range, standard, correlation, detection, excitation, quantum, size, transfer, direction, fast, evolution, magnetic_field, material, pattern, sample, sensor, term, theory"
physics,47,2000–2005,2005–2010,2000–2005 → 2005–2010,0.385658,0.614342,"atom, field, theory, datum, energy, function, electron, interaction, quantum, wave, beam, distribution, dynamic, effect, particle, structure, calculation, design, expression, laser, mass, optical, scale, transition","distribution, theory, wave, dynamic, effect, function, beam, field, interaction, light, optical, property, quantum, scale, atom, behavior, correlation, datum, electron, energy, experimental, flow, measurement, network, particle, potential, size, space, structure, temperature, transition, velocity"
physics,47,2005–2010,2010–2015,2005–2010 → 2010–2015,0.204691,0.795309,"distribution, theory, wave, dynamic, effect, function, beam, field, interaction, light, optical, property, quantum, scale, atom, behavior, correlation, datum, electron, energy, experimental, flow, measurement, network, particle, potential, size, space, structure, temperature, transition, velocity","space, single, transition, dimensional, distribution, laser, theory, energy, flow, function, information, property, surface, velocity, atom, beam, characteristic, density, detector, effect, experimental, interaction, magnetic, mean, measurement, photon, plasma, pulse, radiation, resonance, scale, size, temperature, type"
physics,47,2010–2015,2015–2020,2010–2015 → 2015–2020,0.126278,0.873722,"space, single, transition, dimensional, distribution, laser, theory, energy, flow, function, information, property, surface, velocity, atom, beam, characteristic, density, detector, effect, experimental, interaction, magnetic, mean, measurement, photon, plasma, pulse, radiation, resonance, scale, size, temperature, type","energy, nonlinear, charge, photon, region, signal, coupling, resolution, response, single, information, level, magnetic_field, regime, atom, beam, cavity, change, characteristic, detection, experimental, magnetic, molecule, prediction, resonance, space, transition, type"
physics,47,2015–2020,2020–2025,2015–2020 → 2020–2025,0.204169,0.795831,"energy, nonlinear, charge, photon, region, signal, coupling, resolution, response, single, information, level, magnetic_field, regime, atom, beam, cavity, change, characteristic, detection, experimental, magnetic, molecule, prediction, resonance, space, transition, type","change, noise, free, level, range, region, charge, response, signal, factor, specific, spectra, cavity, characteristic, constant, direction, dynamic, layer, line, motion, nonlinear, particular, pattern, polarization, prediction, pressure, reaction, resolution, spectral, wave"
physics,48,2000–2005,2005–2010,2000–2005 → 2005–2010,0.313441,0.686559,"effect, theory, energy, wave, beam, electron, quantum, structure, distribution, dynamic, experimental, field, particle, phase, rate, atom, cavity, cluster, correlation, datum, function, interaction, local, mass, measurement, network, non, optical, property, space, velocity","distribution, particle, dynamic, effect, electron, flow, interaction, network, phase, wave, datum, field, measurement, mode, quantum, space, structure, theory, laser, light, mass, molecule, optical, plasma, potential, property, scale, velocity"
physics,48,2005–2010,2010–2015,2005–2010 → 2010–2015,0.216778,0.783222,"distribution, particle, dynamic, effect, electron, flow, interaction, network, phase, wave, datum, field, measurement, mode, quantum, space, structure, theory, laser, light, mass, molecule, optical, plasma, potential, property, scale, velocity","experimental, numerical, plasma, structure, distribution, effect, strong, flow, frequency, measurement, order, scale, space, surface, temperature, theory, condition, density, dimensional, fluid, interaction, laser, level, mode, non, nonlinear, particle, phase, radiation, rate, single, social, type"
physics,48,2010–2015,2015–2020,2010–2015 → 2015–2020,0.146152,0.853848,"experimental, numerical, plasma, structure, distribution, effect, strong, flow, frequency, measurement, order, scale, space, surface, temperature, theory, condition, density, dimensional, fluid, interaction, laser, level, mode, non, nonlinear, particle, phase, radiation, rate, single, social, type","effect, information, linear, physical, behavior, condition, efficiency, evolution, observation, space, spin, structure, experimental, numerical, strong, type, calculation, charge, detection, fluid, molecule, nonlinear, particle, signal, source"
physics,48,2015–2020,2020–2025,2015–2020 → 2020–2025,0.114442,0.885558,"effect, information, linear, physical, behavior, condition, efficiency, evolution, observation, space, spin, structure, experimental, numerical, strong, type, calculation, charge, detection, fluid, molecule, nonlinear, particle, signal, source","layer, nonlinear, particle, point, technology, beam, event, evolution, fluctuation, signal, space, active, dynamic, efficiency, gradient, level, test, behavior, charge, effect, formation, global, information, linear, network, observation, physical"
physics,49,2000–2005,2005–2010,2000–2005 → 2005–2010,0.342933,0.657067,"field, function, dynamic, electron, energy, wave, atom, beam, effect, interaction, non, phase, plasma, quantum, space, theory, charge, density, distribution, flow, fluid, ion, laser, mode, optical, order, particle, physics, potential, property, rate, scale, single, structure","theory, distribution, field, frequency, interaction, wave, correlation, datum, dynamic, function, light, phase, property, quantum, space, surface, atom, density, effect, electron, energy, laser, linear, maximum, mechanism, network, optical, particle, rate, scale, single, structure"
physics,49,2005–2010,2010–2015,2005–2010 → 2010–2015,0.124475,0.875525,"theory, distribution, field, frequency, interaction, wave, correlation, datum, dynamic, function, light, phase, property, quantum, space, surface, atom, density, effect, electron, energy, laser, linear, maximum, mechanism, network, optical, particle, rate, scale, single, structure","scale, atom, flow, surface, dimensional, behavior, experimental, frequency, interaction, numerical, plasma, rate, theory, type, cavity, coupling, datum, design, distribution, fluid, free, information, level, light, linear, measurement, molecular, optical, order, particle, power, property, range, role, temperature, transition"
physics,49,2010–2015,2015–2020,2010–2015 → 2015–2020,0.05838,0.94162,"scale, atom, flow, surface, dimensional, behavior, experimental, frequency, interaction, numerical, plasma, rate, theory, type, cavity, coupling, datum, design, distribution, fluid, free, information, level, light, linear, measurement, molecular, optical, order, particle, power, property, range, role, temperature, transition","field, resolution, coupling, free, magnetic_field, material, molecule, optical, pressure, way, calculation, scheme, velocity, atom, behavior, condition, control, effective, fluid, force, formation, level, magnetic, molecular, motion, numerical, power, range, rate, region, response, role, scale, spatial, type"
physics,49,2015–2020,2020–2025,2015–2020 → 2020–2025,0.150532,0.849468,"field, resolution, coupling, free, magnetic_field, material, molecule, optical, pressure, way, calculation, scheme, velocity, atom, behavior, condition, control, effective, fluid, force, formation, level, magnetic, molecular, motion, numerical, power, range, rate, region, response, role, scale, spatial, type","diffusion, finding, response, surface, atom, channel, coupling, field, insight, medium, role, effective, layer, magnetic_field, resolution, way, active, control, gas, group, material, particular, possible, pressure, size, spectral, traditional"
physics,50,2000–2005,2005–2010,2000–2005 → 2005–2010,0.326685,0.673315,"field, energy, beam, effect, theory, atom, electron, quantum, wave, interaction, molecule, particle, phase, structure, dimension, dynamic, flow, frequency, function, length, level, light, physical, point, space, spin, surface, temperature, transition","phase, theory, distribution, flow, function, wave, atom, beam, effect, energy, field, frequency, interaction, laser, mode, network, particle, property, structure, density, dynamic, electron, force, linear, measurement, optical, order, point, potential, scale, single, surface, velocity"
physics,50,2005–2010,2010–2015,2005–2010 → 2010–2015,0.306148,0.693852,"phase, theory, distribution, flow, function, wave, atom, beam, effect, energy, field, frequency, interaction, laser, mode, network, particle, property, structure, density, dynamic, electron, force, linear, measurement, optical, order, point, potential, scale, single, surface, velocity","laser, order, distribution, flow, ion, algorithm, function, interaction, photon, plasma, scale, single, surface, atom, atomic, cell, condition, correlation, density, dimensional, energy, fluid, force, level, measurement, medium, mode, nonlinear, phase, possible, potential, property, range, rate, regime, size, space, temperature, transition, vortex"
physics,50,2010–2015,2015–2020,2010–2015 → 2015–2020,0.122529,0.877471,"laser, order, distribution, flow, ion, algorithm, function, interaction, photon, plasma, scale, single, surface, atom, atomic, cell, condition, correlation, density, dimensional, energy, fluid, force, level, measurement, medium, mode, nonlinear, phase, possible, potential, property, range, rate, regime, size, space, temperature, transition, vortex","algorithm, surface, mechanism, behavior, energy, physical, region, cell, evolution, limit, molecule, photon, term, atomic, calculation, detector, efficient, free, function, interface, medium, molecular, motion, multi, nonlinear, point, power, range, regime, resolution, size, temperature, theoretical, water"
physics,50,2015–2020,2020–2025,2015–2020 → 2020–2025,0.200348,0.799652,"algorithm, surface, mechanism, behavior, energy, physical, region, cell, evolution, limit, molecule, photon, term, atomic, calculation, detector, efficient, free, function, interface, medium, molecular, motion, multi, nonlinear, point, power, range, regime, resolution, size, temperature, theoretical, water","water, limit, algorithm, channel, dataset, gas, nonlinear, quality, cavity, interface, physical, resolution, robust, signal, surface, vortex, atom, behavior, coupling, evolution, excitation, fiber, mechanism, motion, particular, point, pressure, property, region, solid, temporal, transfer"
physics,51,2000–2005,2005–2010,2000–2005 → 2005–2010,0.468273,0.531727,"energy, particle, theory, wave, dynamic, electron, field, quantum, structure, beam, distribution, atom, behavior, calculation, datum, dimensional, effect, interaction, network, non, phase, plasma, production, property, source, surface, transition","distribution, dynamic, particle, datum, energy, network, quantum, theory, wave, effect, electron, field, flow, non, property, rate, structure, atom, calculation, charge, density, free, function, interaction, magnetic, mode, phase, plasma, scale, space"
physics,51,2005–2010,2010–2015,2005–2010 → 2010–2015,0.435841,0.564159,"distribution, dynamic, particle, datum, energy, network, quantum, theory, wave, effect, electron, field, flow, non, property, rate, structure, atom, calculation, charge, density, free, function, interaction, magnetic, mode, phase, plasma, scale, space","distribution, quantum, density, energy, experimental, numerical, condition, information, non, order, particle, potential, scale, space, transition, beam, calculation, datum, dimensional, flow, fluid, free, frequency, interaction, level, linear, nonlinear, plasma, power, rate, region, scheme, size, surface, turbulence"
physics,51,2010–2015,2015–2020,2010–2015 → 2015–2020,0.172882,0.827118,"distribution, quantum, density, energy, experimental, numerical, condition, information, non, order, particle, potential, scale, space, transition, beam, calculation, datum, dimensional, flow, fluid, free, frequency, interaction, level, linear, nonlinear, plasma, power, rate, region, scheme, size, surface, turbulence","information, potential, beam, condition, theory, charge, distribution, evolution, image, local, mechanism, size, source, term, water, development, electronic, experimental, fluid, level, limit, magnetic, mass, non, nonlinear, pattern, power, pulse, resolution, scheme, transition"
physics,51,2015–2020,2020–2025,2015–2020 → 2020–2025,0.112551,0.887449,"information, potential, beam, condition, theory, charge, distribution, evolution, image, local, mechanism, size, source, term, water, development, electronic, experimental, fluid, level, limit, magnetic, mass, non, nonlinear, pattern, power, pulse, resolution, scheme, transition","electronic, pressure, crystal, evolution, interaction, gas, layer, non, radiation, charge, liquid, neural_network, potential, source, atom, atomic, cavity, dependent, development, fluctuation, formation, image, observation, photonic, response, science, specific, speed, theory, water"
physics,52,2000–2005,2005–2010,2000–2005 → 2005–2010,0.462579,0.537421,"energy, wave, electron, field, theory, beam, dynamic, particle, structure, datum, effect, phase, property, quantum, calculation, charge, dimensional, distribution, flow, force, function, interaction, light, mode, network, non, nonlinear, pressure, scale, space","distribution, particle, theory, wave, dynamic, energy, field, interaction, structure, beam, effect, electron, flow, function, network, non, phase, rate, atom, dimensional, evolution, ion, numerical, quantum, single, surface, term, transition"
physics,52,2005–2010,2010–2015,2005–2010 → 2010–2015,0.169206,0.830794,"distribution, particle, theory, wave, dynamic, energy, field, interaction, structure, beam, effect, electron, flow, function, network, non, phase, rate, atom, dimensional, evolution, ion, numerical, quantum, single, surface, term, transition","energy, detector, dimensional, non, photon, rate, scale, surface, function, interaction, physics, theory, transition, algorithm, atom, beam, calculation, cavity, distribution, flow, free, ion, level, light, linear, measurement, molecule, nonlinear, power, range, single, term, type, velocity"
physics,52,2010–2015,2015–2020,2010–2015 → 2015–2020,0.279297,0.720703,"energy, detector, dimensional, non, photon, rate, scale, surface, function, interaction, physics, theory, transition, algorithm, atom, beam, calculation, cavity, distribution, flow, free, ion, level, light, linear, measurement, molecule, nonlinear, power, range, single, term, type, velocity","detector, calculation, free, photon, physical, image, atomic, channel, condition, development, efficiency, energy, level, mass, nonlinear, physics, point, beam, cell, characteristic, control, gas, mean, molecular, molecule, plasma, rate, spectral, spin, velocity, water"
physics,52,2015–2020,2020–2025,2015–2020 → 2020–2025,0.195301,0.804699,"detector, calculation, free, photon, physical, image, atomic, channel, condition, development, efficiency, energy, level, mass, nonlinear, physics, point, beam, cell, characteristic, control, gas, mean, molecular, molecule, plasma, rate, spectral, spin, velocity, water","factor, spectral, calculation, molecular, point, real, formation, information, band, channel, image, long, pattern, test, wall, water, atom, development, gas, mass, molecule, phase, physical, radiation, sensor, specific, standard, wavelength"
physics,53,2000–2005,2005–2010,2000–2005 → 2005–2010,0.36996,0.63004,"energy, field, density, effect, electron, function, interaction, particle, structure, atom, beam, laser, quantum, temperature, theory, wave, constant, control, frequency, linac, measurement, non, phase, plasma, potential, property, rate, relativistic, scale, space, surface, term, water","interaction, distribution, electron, energy, function, order, scale, structure, datum, dynamic, effect, particle, phase, property, rate, theory, wave, atom, density, detector, field, flow, frequency, laser, magnetic, material, non, optical, potential, quantum, single, surface, transition, velocity"
physics,53,2005–2010,2010–2015,2005–2010 → 2010–2015,0.23446,0.76554,"interaction, distribution, electron, energy, function, order, scale, structure, datum, dynamic, effect, particle, phase, property, rate, theory, wave, atom, density, detector, field, flow, frequency, laser, magnetic, material, non, optical, potential, quantum, single, surface, transition, velocity","single, surface, velocity, distribution, experimental, force, interaction, measurement, order, density, electron, function, rate, transition, coupling, detector, dimensional, flow, level, light, linear, magnetic, material, motion, non, numerical, particular, phase, photon, regime, scale, space, strong, temperature"
physics,53,2010–2015,2015–2020,2010–2015 → 2015–2020,0.19551,0.80449,"single, surface, velocity, distribution, experimental, force, interaction, measurement, order, density, electron, function, rate, transition, coupling, detector, dimensional, flow, level, light, linear, magnetic, material, motion, non, numerical, particular, phase, photon, regime, scale, space, strong, temperature","velocity, beam, electron, information, numerical, thermal, magnetic_field, material, effect, force, linear, physical, regime, strong, correlation, detection, detector, experimental, frequency, magnetic, mass, medium, photon, power, pulse, response, single, transition, transport"
physics,53,2015–2020,2020–2025,2015–2020 → 2020–2025,0.182287,0.817713,"velocity, beam, electron, information, numerical, thermal, magnetic_field, material, effect, force, linear, physical, regime, strong, correlation, detection, detector, experimental, frequency, magnetic, mass, medium, photon, power, pulse, response, single, transition, transport","effect, detector, effective, formation, imaging, pattern, material, physical, sensitivity, thermal, gradient, information, magnetic_field, numerical, test, beam, design, flux, lattice, light, limit, magnetic, principle, response, topological, velocity"
physics,54,2000–2005,2005–2010,2000–2005 → 2005–2010,0.417782,0.582218,"field, energy, particle, theory, wave, electron, structure, datum, distribution, function, interaction, order, surface, atom, atomic, beam, dimensional, dynamic, effect, experimental, frequency, linear, magnetic, matrix, mode, network, non, plasma, quantum, relativistic, scale, test","particle, theory, effect, distribution, network, optical, structure, surface, datum, dynamic, electron, field, frequency, function, interaction, property, quantum, wave, beam, density, energy, laser, magnetic_field, mode, molecule, size, space, spin, transition"
physics,54,2005–2010,2010–2015,2005–2010 → 2010–2015,0.104341,0.895659,"particle, theory, effect, distribution, network, optical, structure, surface, datum, dynamic, electron, field, frequency, function, interaction, property, quantum, wave, beam, density, energy, laser, magnetic_field, mode, molecule, size, space, spin, transition","frequency, experimental, flow, non, surface, mode, rate, scale, single, laser, property, density, design, detector, distribution, information, intensity, interaction, magnetic_field, material, measurement, numerical, particle, photon, potential, range, space, spectral, spin, strong, temperature, theory, transition"
physics,54,2010–2015,2015–2020,2010–2015 → 2015–2020,0.353581,0.646419,"frequency, experimental, flow, non, surface, mode, rate, scale, single, laser, property, density, design, detector, distribution, information, intensity, interaction, magnetic_field, material, measurement, numerical, particle, photon, potential, range, space, spectral, spin, strong, temperature, theory, transition","experimental, frequency, free, phase, theory, velocity, photon, scheme, imaging, information, point, power, range, regime, correlation, coupling, design, dimensional, gas, intensity, level, mass, noise, non, rate, space, strong"
physics,54,2015–2020,2020–2025,2015–2020 → 2020–2025,0.19129,0.80871,"experimental, frequency, free, phase, theory, velocity, photon, scheme, imaging, information, point, power, range, regime, correlation, coupling, design, dimensional, gas, intensity, level, mass, noise, non, rate, space, strong","energy, beam, mean, molecular, point, velocity, imaging, instability, limit, scheme, signal, theory, wavelength, experimental, form, phase, reconstruction, dimensional, efficiency, free, frequency, initial, structural"
physics,55,2000–2005,2005–2010,2000–2005 → 2005–2010,0.689798,0.310202,"energy, field, theory, structure, wave, atom, beam, dynamic, particle, scale, effect, electron, interaction, order, source, control, datum, experimental, ion, light, linear, local, network, potential, rate, relativistic","energy, theory, dynamic, particle, structure, wave, electron, field, interaction, quantum, scale, atom, distribution, effect, function, phase, flow, frequency, light, network, optical, physics, potential, transition"
physics,55,2005–2010,2010–2015,2005–2010 → 2010–2015,0.485377,0.514623,"energy, theory, dynamic, particle, structure, wave, electron, field, interaction, quantum, scale, atom, distribution, effect, function, phase, flow, frequency, light, network, optical, physics, potential, transition","energy, particle, structure, distribution, linear, measurement, numerical, surface, transition, experimental, flow, interaction, level, non, plasma, theory, algorithm, atom, detector, frequency, function, ion, mode, photon, potential, range, source"
physics,55,2010–2015,2015–2020,2010–2015 → 2015–2020,0.260471,0.739529,"energy, particle, structure, distribution, linear, measurement, numerical, surface, transition, experimental, flow, interaction, level, non, plasma, theory, algorithm, atom, detector, frequency, function, ion, mode, photon, potential, range, source","particle, transition, photon, charge, flow, frequency, mechanism, level, light, local, power, pressure, range, region, signal, theoretical, algorithm, calculation, efficient, energy, image, linear, magnetic, non, numerical, observation, plasma, resolution, size, strong"
physics,55,2015–2020,2020–2025,2015–2020 → 2020–2025,0.204903,0.795097,"particle, transition, photon, charge, flow, frequency, mechanism, level, light, local, power, pressure, range, region, signal, theoretical, algorithm, calculation, efficient, energy, image, linear, magnetic, non, numerical, observation, plasma, resolution, size, strong","efficient, flow, power, observation, layer, pressure, quantum, region, transition, dynamic, factor, motion, particle, phenomenon, theoretical, training, charge, event, image, sensitivity"
physics,56,2000–2005,2005–2010,2000–2005 → 2005–2010,0.464758,0.535242,"energy, particle, wave, field, phase, structure, theory, function, atom, beam, datum, effect, frequency, property, cluster, distribution, dynamic, electron, interaction, linear, mode, nonlinear, plasma, potential, space, term, transition","particle, datum, field, theory, distribution, interaction, property, rate, structure, beam, dynamic, effect, energy, function, mode, order, quantum, electron, flow, frequency, laser, measurement, network, non, phase, single, source, surface, wave"
physics,56,2005–2010,2010–2015,2005–2010 → 2010–2015,0.203379,0.796621,"particle, datum, field, theory, distribution, interaction, property, rate, structure, beam, dynamic, effect, energy, function, mode, order, quantum, electron, flow, frequency, laser, measurement, network, non, phase, single, source, surface, wave","rate, energy, non, transition, atom, distribution, network, single, surface, interaction, laser, measurement, order, particle, property, range, datum, detector, experimental, flow, force, function, information, light, magnetic, mode, physics, resonance, scheme, source"
physics,56,2010–2015,2015–2020,2010–2015 → 2015–2020,0.133311,0.866689,"rate, energy, non, transition, atom, distribution, network, single, surface, interaction, laser, measurement, order, particle, property, range, datum, detector, experimental, flow, force, function, information, light, magnetic, mode, physics, resonance, scheme, source","field, force, photon, transport, atom, function, imaging, resolution, charge, efficient, electronic, energy, information, network, nonlinear, power, range, rate, generation, limit, line, magnetic, mass, possible, scheme, source, transition, type"
physics,56,2015–2020,2020–2025,2015–2020 → 2020–2025,0.382352,0.617648,"field, force, photon, transport, atom, function, imaging, resolution, charge, efficient, electronic, energy, information, network, nonlinear, power, range, rate, generation, limit, line, magnetic, mass, possible, scheme, source, transition, type","field, possible, cavity, device, point, resonance, function, imaging, pressure, coherent, factor, intensity, nonlinear, property, turbulence, turbulent, chemical, efficient, electronic, generation, impact, photon, resolution, transport, vortex"
physics,57,2000–2005,2005–2010,2000–2005 → 2005–2010,0.422332,0.577668,"beam, effect, function, electron, energy, field, particle, phase, potential, quantum, wave, interaction, theory, accelerator, atom, calculation, charge, control, datum, flow, level, light, limit, matrix, mode, network, optical, physics, radiation, ratio, strong, structure, transition","effect, surface, dynamic, electron, field, network, theory, datum, function, interaction, order, phase, property, wave, beam, correlation, density, detector, distribution, energy, flow, frequency, ion, laser, light, limit, mean, mode, non, numerical, particle, scale, space, temperature, transition, turbulence, velocity"
physics,57,2005–2010,2010–2015,2005–2010 → 2010–2015,0.14419,0.85581,"effect, surface, dynamic, electron, field, network, theory, datum, function, interaction, order, phase, property, wave, beam, correlation, density, detector, distribution, energy, flow, frequency, ion, laser, light, limit, mean, mode, non, numerical, particle, scale, space, temperature, transition, turbulence, velocity","frequency, dimensional, transition, surface, atom, plasma, distribution, ion, mode, numerical, scale, single, temperature, behavior, calculation, correlation, datum, design, flow, function, interaction, laser, linear, mass, mean, non, physical, range, rate, space, theoretical, theory, thermal"
physics,57,2010–2015,2015–2020,2010–2015 → 2015–2020,0.125062,0.874938,"frequency, dimensional, transition, surface, atom, plasma, distribution, ion, mode, numerical, scale, single, temperature, behavior, calculation, correlation, datum, design, flow, function, interaction, laser, linear, mass, mean, non, physical, range, rate, space, theoretical, theory, thermal","numerical, term, wave, calculation, energy, measurement, theory, atom, behavior, frequency, imaging, order, prediction, size, velocity, cavity, change, channel, coupling, design, development, dimensional, line, linear, magnetic, nonlinear, pattern, physical, response, source, structure, thermal, transition"
physics,57,2015–2020,2020–2025,2015–2020 → 2020–2025,0.254854,0.745146,"numerical, term, wave, calculation, energy, measurement, theory, atom, behavior, frequency, imaging, order, prediction, size, velocity, cavity, change, channel, coupling, design, development, dimensional, line, linear, magnetic, nonlinear, pattern, physical, response, source, structure, thermal, transition","measurement, change, structure, behavior, experimental, calculation, energy, fundamental, neural_network, turbulent, imaging, practical, prediction, radiation, wave, continuous, coupling, free, laser, layer, numerical, order, robust, role, signal, size"
physics,58,2000–2005,2005–2010,2000–2005 → 2005–2010,0.33818,0.66182,"energy, field, particle, wave, beam, distribution, quantum, structure, theory, datum, dynamic, effect, electron, frequency, function, interaction, plasma, rate, atom, control, detector, experimental, free, instability, light, linac, physics, size, space","theory, function, wave, field, flow, interaction, plasma, detector, distribution, effect, electron, laser, network, particle, physics, algorithm, atom, beam, classical, correlation, dynamic, energy, experimental, ion, linear, measurement, phase, property, quantum, scale, source, space, structure, temperature"
physics,58,2005–2010,2010–2015,2005–2010 → 2010–2015,0.143651,0.856349,"theory, function, wave, field, flow, interaction, plasma, detector, distribution, effect, electron, laser, network, particle, physics, algorithm, atom, beam, classical, correlation, dynamic, energy, experimental, ion, linear, measurement, phase, property, quantum, scale, source, space, structure, temperature","non, property, dimensional, experimental, flow, level, scale, space, surface, algorithm, atom, beam, ion, laser, linear, plasma, single, theory, transition, condition, density, frequency, function, information, interaction, molecule, observation, physics, source, velocity"
physics,58,2010–2015,2015–2020,2010–2015 → 2015–2020,0.144485,0.855515,"non, property, dimensional, experimental, flow, level, scale, space, surface, algorithm, atom, beam, ion, laser, linear, plasma, single, theory, transition, condition, density, frequency, function, information, interaction, molecule, observation, physics, source, velocity","flow, layer, optical, velocity, beam, light, mechanism, way, behavior, detection, force, level, mean, photon, property, theoretical, algorithm, coupling, experimental, information, ion, magnetic_field, molecule, nonlinear, plasma, role, signal, space, strong, transition, wave"
physics,58,2015–2020,2020–2025,2015–2020 → 2020–2025,0.212697,0.787303,"flow, layer, optical, velocity, beam, light, mechanism, way, behavior, detection, force, level, mean, photon, property, theoretical, algorithm, coupling, experimental, information, ion, magnetic_field, molecule, nonlinear, plasma, role, signal, space, strong, transition, wave","mechanism, wave, efficiency, light, magnetic_field, material, spectral, development, layer, nonlinear, optical, density, environment, mean, detection, force, gas, photon, step, way"
physics,59,2000–2005,2005–2010,2000–2005 → 2005–2010,0.44561,0.55439,"energy, field, wave, theory, beam, effect, electron, structure, datum, distribution, interaction, particle, cluster, control, dimensional, frequency, ion, level, light, linac, magnetic, mass, measurement, order, plasma, potential, property, single, space, test, transition","particle, wave, field, theory, atom, dynamic, effect, electron, experimental, flow, function, network, optical, phase, property, structure, beam, charge, datum, density, distribution, energy, fluid, frequency, interaction, nonlinear, order, possible, radiation, rate, size, space, temperature, theoretical"
physics,59,2005–2010,2010–2015,2005–2010 → 2010–2015,0.263179,0.736821,"particle, wave, field, theory, atom, dynamic, effect, electron, experimental, flow, function, network, optical, phase, property, structure, beam, charge, datum, density, distribution, energy, fluid, frequency, interaction, nonlinear, order, possible, radiation, rate, size, space, temperature, theoretical","experimental, plasma, atom, field, non, order, scale, function, ion, property, space, theory, calculation, condition, datum, density, detector, distribution, flow, free, frequency, light, local, mode, nonlinear, numerical, particle, photon, potential, prediction, radiation, signal, size, source, temperature, term, velocity"
physics,59,2010–2015,2015–2020,2010–2015 → 2015–2020,0.127891,0.872109,"experimental, plasma, atom, field, non, order, scale, function, ion, property, space, theory, calculation, condition, datum, density, detector, distribution, flow, free, frequency, light, local, mode, nonlinear, numerical, particle, photon, potential, prediction, radiation, signal, size, source, temperature, term, velocity","mode, term, space, force, image, mechanism, photon, scale, spin, field, material, size, strong, cavity, condition, coupling, experimental, free, function, interaction, local, medium, molecular, motion, nonlinear, plasma, prediction, pulse, response, scheme, source, surface, type"
physics,59,2015–2020,2020–2025,2015–2020 → 2020–2025,0.312188,0.687812,"mode, term, space, force, image, mechanism, photon, scale, spin, field, material, size, strong, cavity, condition, coupling, experimental, free, function, interaction, local, medium, molecular, motion, nonlinear, plasma, prediction, pulse, response, scheme, source, surface, type","term, error, field, impact, material, single, spin, strong, force, matrix, symmetry, limit, radiation, scale, specific, standard, thermal, image, mode, particular, pattern, space, traditional"
