subject,year,topic_id,topic_label,doc_count,total_docs_year,proportion
math,2000,0,Banach space indices,2,308,0.006494
math,2000,1,Mirror symmetry cohomology,11,308,0.035714
math,2000,2,Polynomial norm bounds,4,308,0.012987
math,2000,3,Yangian deformations,7,308,0.022727
math,2000,4,Multiplier ideals,6,308,0.019481
math,2000,5,Foliation theory,5,308,0.016234
math,2000,6,Clifford-algebra group theory,10,308,0.032468
math,2000,7,Hahn-Banach extensions,3,308,0.00974
math,2000,8,Quantum affine representations,11,308,0.035714
math,2000,9,Local cohomology monomial ideals,5,308,0.016234
math,2000,10,Pattern-avoiding permutations,2,308,0.006494
math,2000,11,Singular variety zeta invariants,4,308,0.012987
math,2000,12,Spectral amplitude relations,4,308,0.012987
math,2000,13,Quantum superalgebra structures,11,308,0.035714
math,2000,14,Geometric group theory equivalence,4,308,0.012987
math,2000,15,Knot move invariants,5,308,0.016234
math,2000,16,Fano variety bounds,9,308,0.029221
math,2000,17,Polynomial root arrangement homology,4,308,0.012987
math,2000,18,Contact circle moduli,11,308,0.035714
math,2000,19,Representability failure,1,308,0.003247
math,2000,20,Commutator subgroup bounds,2,308,0.006494
math,2000,21,Mirror symmetry invariants,2,308,0.006494
math,2000,22,Toric modular forms,5,308,0.016234
math,2000,23,Projective Galois group endomorphisms,7,308,0.022727
math,2000,24,Special function spectral measures,0,308,0.0
math,2000,25,Double plane structures,9,308,0.029221
math,2000,26,Coring modules theory,6,308,0.019481
math,2000,27,Random walk aging limits,0,308,0.0
math,2000,28,Quiver representation theory,1,308,0.003247
math,2000,29,Random packing asymptotics,2,308,0.006494
math,2000,30,Einstein-Kähler metrics,6,308,0.019481
math,2000,31,Percolation compatibility,0,308,0.0
math,2000,32,Super Lie identity theorems,2,308,0.006494
math,2000,33,Fibre-space Hodge cohomology vanishing,11,308,0.035714
math,2000,34,Lamination geodesic convergence,1,308,0.003247
math,2000,35,Ribbon tableaux algebras,4,308,0.012987
math,2000,36,Supermanifold Ricci flatness,2,308,0.006494
math,2000,37,Random heap dynamics,3,308,0.00974
math,2000,38,Noncommutative crepant resolutions,2,308,0.006494
math,2000,39,p-adic modular traces,1,308,0.003247
math,2000,40,Numerical PDE error analysis,0,308,0.0
math,2000,41,Prime divisor asymptotics,0,308,0.0
math,2000,42,Polynomial congruence bounds,1,308,0.003247
math,2000,43,Fragmentation-coalescent processes,0,308,0.0
math,2000,44,Mirror symmetry i-functions,6,308,0.019481
math,2000,45,Gibbs measure convergence,4,308,0.012987
math,2000,46,Siegel uniformity conjecture,6,308,0.019481
math,2000,47,Group embedding dimension bounds,1,308,0.003247
math,2000,48,Convex cone optimization,0,308,0.0
math,2000,49,Hecke algebra completions,3,308,0.00974
math,2000,50,Clique-partition extremal graphs,0,308,0.0
math,2000,51,Inverse-limit ergodic theory,2,308,0.006494
math,2000,52,Galois cohomology obstructions,1,308,0.003247
math,2000,53,Free product von Neumann algebras,1,308,0.003247
math,2000,54,Non-symplectic group actions,14,308,0.045455
math,2000,55,Hodge-Frobenius manifolds,15,308,0.048701
math,2000,56,Grassmannian polynomial systems,6,308,0.019481
math,2000,57,Signed domination complexity,1,308,0.003247
math,2000,58,Reduced Khovanov homology,7,308,0.022727
math,2000,59,Contact manifold fillings,4,308,0.012987
math,2000,60,Martingale measure augmentation,1,308,0.003247
math,2000,61,Multizeta q-values,2,308,0.006494
math,2000,62,Pro pp group commensurability,3,308,0.00974
math,2000,63,Sandpile criticality,0,308,0.0
math,2000,64,Genomic tableaux theory,1,308,0.003247
math,2000,65,n-ary bihom algebras,2,308,0.006494
math,2000,66,Non-smooth proximal gradient analysis,0,308,0.0
math,2000,67,Nonlocal diffusion regularity,0,308,0.0
math,2000,68,Extended hypergeometric functions,4,308,0.012987
math,2000,69,Generalized threshold arrangements,1,308,0.003247
math,2000,70,Assouad dimension projections,0,308,0.0
math,2000,71,Caterpillar percolation analysis,2,308,0.006494
math,2000,72,Quadratic Gorenstein ideals,3,308,0.00974
math,2000,73,Moduli sheaf operator theory,3,308,0.00974
math,2000,74,Singular Plateau Douglas Problem,2,308,0.006494
math,2000,75,Flat-polygon Helmholtz boundary integrals,2,308,0.006494
math,2000,76,Exponential family mirror descent,0,308,0.0
math,2000,77,Heavy-tail renewal mixing times,0,308,0.0
math,2000,78,Perfect divisibility graphs,0,308,0.0
math,2000,79,Operator regression acceleration,0,308,0.0
math,2000,80,Hardy space fractional operators,2,308,0.006494
math,2000,81,q-kostka polynomials,2,308,0.006494
math,2000,82,Hive-spectrum large deviations,5,308,0.016234
math,2000,83,Decentralized consensus topologies,0,308,0.0
math,2000,84,Fano threefold geometry,4,308,0.012987
math,2000,85,Fractional Maximal Operators,0,308,0.0
math,2000,86,Taylor measure theory,0,308,0.0
math,2000,87,Complete intersection foliations,8,308,0.025974
math,2000,88,Physics-informed synthetic data generation,0,308,0.0
math,2000,89,Operadic Kan extensions,4,308,0.012987
math,2001,0,Banach space indices,2,326,0.006135
math,2001,1,Mirror symmetry cohomology,6,326,0.018405
math,2001,2,Polynomial norm bounds,3,326,0.009202
math,2001,3,Yangian deformations,8,326,0.02454
math,2001,4,Multiplier ideals,9,326,0.027607
math,2001,5,Foliation theory,3,326,0.009202
math,2001,6,Clifford-algebra group theory,15,326,0.046012
math,2001,7,Hahn-Banach extensions,3,326,0.009202
math,2001,8,Quantum affine representations,6,326,0.018405
math,2001,9,Local cohomology monomial ideals,3,326,0.009202
math,2001,10,Pattern-avoiding permutations,5,326,0.015337
math,2001,11,Singular variety zeta invariants,4,326,0.01227
math,2001,12,Spectral amplitude relations,7,326,0.021472
math,2001,13,Quantum superalgebra structures,4,326,0.01227
math,2001,14,Geometric group theory equivalence,8,326,0.02454
math,2001,15,Knot move invariants,14,326,0.042945
math,2001,16,Fano variety bounds,3,326,0.009202
math,2001,17,Polynomial root arrangement homology,2,326,0.006135
math,2001,18,Contact circle moduli,4,326,0.01227
math,2001,19,Representability failure,1,326,0.003067
math,2001,20,Commutator subgroup bounds,2,326,0.006135
math,2001,21,Mirror symmetry invariants,6,326,0.018405
math,2001,22,Toric modular forms,5,326,0.015337
math,2001,23,Projective Galois group endomorphisms,6,326,0.018405
math,2001,24,Special function spectral measures,1,326,0.003067
math,2001,25,Double plane structures,16,326,0.04908
math,2001,26,Coring modules theory,3,326,0.009202
math,2001,27,Random walk aging limits,3,326,0.009202
math,2001,28,Quiver representation theory,2,326,0.006135
math,2001,29,Random packing asymptotics,3,326,0.009202
math,2001,30,Einstein-Kähler metrics,9,326,0.027607
math,2001,31,Percolation compatibility,1,326,0.003067
math,2001,32,Super Lie identity theorems,7,326,0.021472
math,2001,33,Fibre-space Hodge cohomology vanishing,8,326,0.02454
math,2001,34,Lamination geodesic convergence,1,326,0.003067
math,2001,35,Ribbon tableaux algebras,2,326,0.006135
math,2001,36,Supermanifold Ricci flatness,4,326,0.01227
math,2001,37,Random heap dynamics,2,326,0.006135
math,2001,38,Noncommutative crepant resolutions,3,326,0.009202
math,2001,39,p-adic modular traces,1,326,0.003067
math,2001,40,Numerical PDE error analysis,1,326,0.003067
math,2001,41,Prime divisor asymptotics,0,326,0.0
math,2001,42,Polynomial congruence bounds,1,326,0.003067
math,2001,43,Fragmentation-coalescent processes,1,326,0.003067
math,2001,44,Mirror symmetry i-functions,4,326,0.01227
math,2001,45,Gibbs measure convergence,3,326,0.009202
math,2001,46,Siegel uniformity conjecture,3,326,0.009202
math,2001,47,Group embedding dimension bounds,1,326,0.003067
math,2001,48,Convex cone optimization,0,326,0.0
math,2001,49,Hecke algebra completions,1,326,0.003067
math,2001,50,Clique-partition extremal graphs,0,326,0.0
math,2001,51,Inverse-limit ergodic theory,0,326,0.0
math,2001,52,Galois cohomology obstructions,11,326,0.033742
math,2001,53,Free product von Neumann algebras,6,326,0.018405
math,2001,54,Non-symplectic group actions,13,326,0.039877
math,2001,55,Hodge-Frobenius manifolds,10,326,0.030675
math,2001,56,Grassmannian polynomial systems,4,326,0.01227
math,2001,57,Signed domination complexity,2,326,0.006135
math,2001,58,Reduced Khovanov homology,2,326,0.006135
math,2001,59,Contact manifold fillings,5,326,0.015337
math,2001,60,Martingale measure augmentation,0,326,0.0
math,2001,61,Multizeta q-values,3,326,0.009202
math,2001,62,Pro pp group commensurability,4,326,0.01227
math,2001,63,Sandpile criticality,1,326,0.003067
math,2001,64,Genomic tableaux theory,4,326,0.01227
math,2001,65,n-ary bihom algebras,4,326,0.01227
math,2001,66,Non-smooth proximal gradient analysis,0,326,0.0
math,2001,67,Nonlocal diffusion regularity,0,326,0.0
math,2001,68,Extended hypergeometric functions,5,326,0.015337
math,2001,69,Generalized threshold arrangements,2,326,0.006135
math,2001,70,Assouad dimension projections,0,326,0.0
math,2001,71,Caterpillar percolation analysis,1,326,0.003067
math,2001,72,Quadratic Gorenstein ideals,8,326,0.02454
math,2001,73,Moduli sheaf operator theory,7,326,0.021472
math,2001,74,Singular Plateau Douglas Problem,1,326,0.003067
math,2001,75,Flat-polygon Helmholtz boundary integrals,0,326,0.0
math,2001,76,Exponential family mirror descent,0,326,0.0
math,2001,77,Heavy-tail renewal mixing times,0,326,0.0
math,2001,78,Perfect divisibility graphs,0,326,0.0
math,2001,79,Operator regression acceleration,0,326,0.0
math,2001,80,Hardy space fractional operators,0,326,0.0
math,2001,81,q-kostka polynomials,3,326,0.009202
math,2001,82,Hive-spectrum large deviations,0,326,0.0
math,2001,83,Decentralized consensus topologies,0,326,0.0
math,2001,84,Fano threefold geometry,8,326,0.02454
math,2001,85,Fractional Maximal Operators,0,326,0.0
math,2001,86,Taylor measure theory,0,326,0.0
math,2001,87,Complete intersection foliations,10,326,0.030675
math,2001,88,Physics-informed synthetic data generation,0,326,0.0
math,2001,89,Operadic Kan extensions,2,326,0.006135
math,2002,0,Banach space indices,2,347,0.005764
math,2002,1,Mirror symmetry cohomology,7,347,0.020173
math,2002,2,Polynomial norm bounds,5,347,0.014409
math,2002,3,Yangian deformations,9,347,0.025937
math,2002,4,Multiplier ideals,4,347,0.011527
math,2002,5,Foliation theory,4,347,0.011527
math,2002,6,Clifford-algebra group theory,7,347,0.020173
math,2002,7,Hahn-Banach extensions,5,347,0.014409
math,2002,8,Quantum affine representations,13,347,0.037464
math,2002,9,Local cohomology monomial ideals,8,347,0.023055
math,2002,10,Pattern-avoiding permutations,9,347,0.025937
math,2002,11,Singular variety zeta invariants,1,347,0.002882
math,2002,12,Spectral amplitude relations,5,347,0.014409
math,2002,13,Quantum superalgebra structures,9,347,0.025937
math,2002,14,Geometric group theory equivalence,7,347,0.020173
math,2002,15,Knot move invariants,4,347,0.011527
math,2002,16,Fano variety bounds,7,347,0.020173
math,2002,17,Polynomial root arrangement homology,4,347,0.011527
math,2002,18,Contact circle moduli,5,347,0.014409
math,2002,19,Representability failure,1,347,0.002882
math,2002,20,Commutator subgroup bounds,1,347,0.002882
math,2002,21,Mirror symmetry invariants,5,347,0.014409
math,2002,22,Toric modular forms,10,347,0.028818
math,2002,23,Projective Galois group endomorphisms,9,347,0.025937
math,2002,24,Special function spectral measures,4,347,0.011527
math,2002,25,Double plane structures,11,347,0.0317
math,2002,26,Coring modules theory,7,347,0.020173
math,2002,27,Random walk aging limits,2,347,0.005764
math,2002,28,Quiver representation theory,3,347,0.008646
math,2002,29,Random packing asymptotics,1,347,0.002882
math,2002,30,Einstein-Kähler metrics,8,347,0.023055
math,2002,31,Percolation compatibility,1,347,0.002882
math,2002,32,Super Lie identity theorems,7,347,0.020173
math,2002,33,Fibre-space Hodge cohomology vanishing,11,347,0.0317
math,2002,34,Lamination geodesic convergence,2,347,0.005764
math,2002,35,Ribbon tableaux algebras,0,347,0.0
math,2002,36,Supermanifold Ricci flatness,2,347,0.005764
math,2002,37,Random heap dynamics,1,347,0.002882
math,2002,38,Noncommutative crepant resolutions,5,347,0.014409
math,2002,39,p-adic modular traces,5,347,0.014409
math,2002,40,Numerical PDE error analysis,0,347,0.0
math,2002,41,Prime divisor asymptotics,1,347,0.002882
math,2002,42,Polynomial congruence bounds,0,347,0.0
math,2002,43,Fragmentation-coalescent processes,1,347,0.002882
math,2002,44,Mirror symmetry i-functions,5,347,0.014409
math,2002,45,Gibbs measure convergence,2,347,0.005764
math,2002,46,Siegel uniformity conjecture,3,347,0.008646
math,2002,47,Group embedding dimension bounds,0,347,0.0
math,2002,48,Convex cone optimization,0,347,0.0
math,2002,49,Hecke algebra completions,3,347,0.008646
math,2002,50,Clique-partition extremal graphs,0,347,0.0
math,2002,51,Inverse-limit ergodic theory,2,347,0.005764
math,2002,52,Galois cohomology obstructions,5,347,0.014409
math,2002,53,Free product von Neumann algebras,2,347,0.005764
math,2002,54,Non-symplectic group actions,18,347,0.051873
math,2002,55,Hodge-Frobenius manifolds,7,347,0.020173
math,2002,56,Grassmannian polynomial systems,1,347,0.002882
math,2002,57,Signed domination complexity,3,347,0.008646
math,2002,58,Reduced Khovanov homology,7,347,0.020173
math,2002,59,Contact manifold fillings,3,347,0.008646
math,2002,60,Martingale measure augmentation,1,347,0.002882
math,2002,61,Multizeta q-values,3,347,0.008646
math,2002,62,Pro pp group commensurability,3,347,0.008646
math,2002,63,Sandpile criticality,1,347,0.002882
math,2002,64,Genomic tableaux theory,5,347,0.014409
math,2002,65,n-ary bihom algebras,2,347,0.005764
math,2002,66,Non-smooth proximal gradient analysis,0,347,0.0
math,2002,67,Nonlocal diffusion regularity,0,347,0.0
math,2002,68,Extended hypergeometric functions,2,347,0.005764
math,2002,69,Generalized threshold arrangements,1,347,0.002882
math,2002,70,Assouad dimension projections,1,347,0.002882
math,2002,71,Caterpillar percolation analysis,1,347,0.002882
math,2002,72,Quadratic Gorenstein ideals,9,347,0.025937
math,2002,73,Moduli sheaf operator theory,5,347,0.014409
math,2002,74,Singular Plateau Douglas Problem,6,347,0.017291
math,2002,75,Flat-polygon Helmholtz boundary integrals,0,347,0.0
math,2002,76,Exponential family mirror descent,0,347,0.0
math,2002,77,Heavy-tail renewal mixing times,0,347,0.0
math,2002,78,Perfect divisibility graphs,1,347,0.002882
math,2002,79,Operator regression acceleration,0,347,0.0
math,2002,80,Hardy space fractional operators,1,347,0.002882
math,2002,81,q-kostka polynomials,2,347,0.005764
math,2002,82,Hive-spectrum large deviations,2,347,0.005764
math,2002,83,Decentralized consensus topologies,0,347,0.0
math,2002,84,Fano threefold geometry,6,347,0.017291
math,2002,85,Fractional Maximal Operators,1,347,0.002882
math,2002,86,Taylor measure theory,1,347,0.002882
math,2002,87,Complete intersection foliations,13,347,0.037464
math,2002,88,Physics-informed synthetic data generation,0,347,0.0
math,2002,89,Operadic Kan extensions,6,347,0.017291
math,2003,0,Banach space indices,3,409,0.007335
math,2003,1,Mirror symmetry cohomology,7,409,0.017115
math,2003,2,Polynomial norm bounds,5,409,0.012225
math,2003,3,Yangian deformations,6,409,0.01467
math,2003,4,Multiplier ideals,9,409,0.022005
math,2003,5,Foliation theory,5,409,0.012225
math,2003,6,Clifford-algebra group theory,5,409,0.012225
math,2003,7,Hahn-Banach extensions,7,409,0.017115
math,2003,8,Quantum affine representations,13,409,0.031785
math,2003,9,Local cohomology monomial ideals,8,409,0.01956
math,2003,10,Pattern-avoiding permutations,5,409,0.012225
math,2003,11,Singular variety zeta invariants,5,409,0.012225
math,2003,12,Spectral amplitude relations,9,409,0.022005
math,2003,13,Quantum superalgebra structures,6,409,0.01467
math,2003,14,Geometric group theory equivalence,9,409,0.022005
math,2003,15,Knot move invariants,6,409,0.01467
math,2003,16,Fano variety bounds,3,409,0.007335
math,2003,17,Polynomial root arrangement homology,2,409,0.00489
math,2003,18,Contact circle moduli,7,409,0.017115
math,2003,19,Representability failure,1,409,0.002445
math,2003,20,Commutator subgroup bounds,3,409,0.007335
math,2003,21,Mirror symmetry invariants,11,409,0.026895
math,2003,22,Toric modular forms,4,409,0.00978
math,2003,23,Projective Galois group endomorphisms,5,409,0.012225
math,2003,24,Special function spectral measures,4,409,0.00978
math,2003,25,Double plane structures,7,409,0.017115
math,2003,26,Coring modules theory,5,409,0.012225
math,2003,27,Random walk aging limits,0,409,0.0
math,2003,28,Quiver representation theory,3,409,0.007335
math,2003,29,Random packing asymptotics,1,409,0.002445
math,2003,30,Einstein-Kähler metrics,16,409,0.03912
math,2003,31,Percolation compatibility,2,409,0.00489
math,2003,32,Super Lie identity theorems,4,409,0.00978
math,2003,33,Fibre-space Hodge cohomology vanishing,11,409,0.026895
math,2003,34,Lamination geodesic convergence,4,409,0.00978
math,2003,35,Ribbon tableaux algebras,4,409,0.00978
math,2003,36,Supermanifold Ricci flatness,1,409,0.002445
math,2003,37,Random heap dynamics,3,409,0.007335
math,2003,38,Noncommutative crepant resolutions,9,409,0.022005
math,2003,39,p-adic modular traces,2,409,0.00489
math,2003,40,Numerical PDE error analysis,0,409,0.0
math,2003,41,Prime divisor asymptotics,3,409,0.007335
math,2003,42,Polynomial congruence bounds,4,409,0.00978
math,2003,43,Fragmentation-coalescent processes,0,409,0.0
math,2003,44,Mirror symmetry i-functions,4,409,0.00978
math,2003,45,Gibbs measure convergence,3,409,0.007335
math,2003,46,Siegel uniformity conjecture,1,409,0.002445
math,2003,47,Group embedding dimension bounds,2,409,0.00489
math,2003,48,Convex cone optimization,0,409,0.0
math,2003,49,Hecke algebra completions,2,409,0.00489
math,2003,50,Clique-partition extremal graphs,0,409,0.0
math,2003,51,Inverse-limit ergodic theory,4,409,0.00978
math,2003,52,Galois cohomology obstructions,5,409,0.012225
math,2003,53,Free product von Neumann algebras,5,409,0.012225
math,2003,54,Non-symplectic group actions,16,409,0.03912
math,2003,55,Hodge-Frobenius manifolds,18,409,0.04401
math,2003,56,Grassmannian polynomial systems,7,409,0.017115
math,2003,57,Signed domination complexity,0,409,0.0
math,2003,58,Reduced Khovanov homology,4,409,0.00978
math,2003,59,Contact manifold fillings,7,409,0.017115
math,2003,60,Martingale measure augmentation,1,409,0.002445
math,2003,61,Multizeta q-values,3,409,0.007335
math,2003,62,Pro pp group commensurability,4,409,0.00978
math,2003,63,Sandpile criticality,3,409,0.007335
math,2003,64,Genomic tableaux theory,5,409,0.012225
math,2003,65,n-ary bihom algebras,3,409,0.007335
math,2003,66,Non-smooth proximal gradient analysis,0,409,0.0
math,2003,67,Nonlocal diffusion regularity,1,409,0.002445
math,2003,68,Extended hypergeometric functions,8,409,0.01956
math,2003,69,Generalized threshold arrangements,1,409,0.002445
math,2003,70,Assouad dimension projections,2,409,0.00489
math,2003,71,Caterpillar percolation analysis,0,409,0.0
math,2003,72,Quadratic Gorenstein ideals,9,409,0.022005
math,2003,73,Moduli sheaf operator theory,8,409,0.01956
math,2003,74,Singular Plateau Douglas Problem,4,409,0.00978
math,2003,75,Flat-polygon Helmholtz boundary integrals,1,409,0.002445
math,2003,76,Exponential family mirror descent,0,409,0.0
math,2003,77,Heavy-tail renewal mixing times,2,409,0.00489
math,2003,78,Perfect divisibility graphs,5,409,0.012225
math,2003,79,Operator regression acceleration,0,409,0.0
math,2003,80,Hardy space fractional operators,2,409,0.00489
math,2003,81,q-kostka polynomials,5,409,0.012225
math,2003,82,Hive-spectrum large deviations,6,409,0.01467
math,2003,83,Decentralized consensus topologies,0,409,0.0
math,2003,84,Fano threefold geometry,9,409,0.022005
math,2003,85,Fractional Maximal Operators,0,409,0.0
math,2003,86,Taylor measure theory,0,409,0.0
math,2003,87,Complete intersection foliations,12,409,0.02934
math,2003,88,Physics-informed synthetic data generation,0,409,0.0
math,2003,89,Operadic Kan extensions,10,409,0.02445
math,2004,0,Banach space indices,5,505,0.009901
math,2004,1,Mirror symmetry cohomology,7,505,0.013861
math,2004,2,Polynomial norm bounds,2,505,0.00396
math,2004,3,Yangian deformations,7,505,0.013861
math,2004,4,Multiplier ideals,4,505,0.007921
math,2004,5,Foliation theory,8,505,0.015842
math,2004,6,Clifford-algebra group theory,11,505,0.021782
math,2004,7,Hahn-Banach extensions,5,505,0.009901
math,2004,8,Quantum affine representations,11,505,0.021782
math,2004,9,Local cohomology monomial ideals,6,505,0.011881
math,2004,10,Pattern-avoiding permutations,6,505,0.011881
math,2004,11,Singular variety zeta invariants,6,505,0.011881
math,2004,12,Spectral amplitude relations,10,505,0.019802
math,2004,13,Quantum superalgebra structures,4,505,0.007921
math,2004,14,Geometric group theory equivalence,12,505,0.023762
math,2004,15,Knot move invariants,9,505,0.017822
math,2004,16,Fano variety bounds,6,505,0.011881
math,2004,17,Polynomial root arrangement homology,5,505,0.009901
math,2004,18,Contact circle moduli,4,505,0.007921
math,2004,19,Representability failure,4,505,0.007921
math,2004,20,Commutator subgroup bounds,4,505,0.007921
math,2004,21,Mirror symmetry invariants,4,505,0.007921
math,2004,22,Toric modular forms,9,505,0.017822
math,2004,23,Projective Galois group endomorphisms,15,505,0.029703
math,2004,24,Special function spectral measures,2,505,0.00396
math,2004,25,Double plane structures,18,505,0.035644
math,2004,26,Coring modules theory,11,505,0.021782
math,2004,27,Random walk aging limits,2,505,0.00396
math,2004,28,Quiver representation theory,3,505,0.005941
math,2004,29,Random packing asymptotics,5,505,0.009901
math,2004,30,Einstein-Kähler metrics,17,505,0.033663
math,2004,31,Percolation compatibility,1,505,0.00198
math,2004,32,Super Lie identity theorems,3,505,0.005941
math,2004,33,Fibre-space Hodge cohomology vanishing,9,505,0.017822
math,2004,34,Lamination geodesic convergence,6,505,0.011881
math,2004,35,Ribbon tableaux algebras,8,505,0.015842
math,2004,36,Supermanifold Ricci flatness,5,505,0.009901
math,2004,37,Random heap dynamics,4,505,0.007921
math,2004,38,Noncommutative crepant resolutions,13,505,0.025743
math,2004,39,p-adic modular traces,3,505,0.005941
math,2004,40,Numerical PDE error analysis,1,505,0.00198
math,2004,41,Prime divisor asymptotics,6,505,0.011881
math,2004,42,Polynomial congruence bounds,2,505,0.00396
math,2004,43,Fragmentation-coalescent processes,6,505,0.011881
math,2004,44,Mirror symmetry i-functions,1,505,0.00198
math,2004,45,Gibbs measure convergence,4,505,0.007921
math,2004,46,Siegel uniformity conjecture,7,505,0.013861
math,2004,47,Group embedding dimension bounds,1,505,0.00198
math,2004,48,Convex cone optimization,0,505,0.0
math,2004,49,Hecke algebra completions,6,505,0.011881
math,2004,50,Clique-partition extremal graphs,3,505,0.005941
math,2004,51,Inverse-limit ergodic theory,3,505,0.005941
math,2004,52,Galois cohomology obstructions,7,505,0.013861
math,2004,53,Free product von Neumann algebras,8,505,0.015842
math,2004,54,Non-symplectic group actions,17,505,0.033663
math,2004,55,Hodge-Frobenius manifolds,12,505,0.023762
math,2004,56,Grassmannian polynomial systems,8,505,0.015842
math,2004,57,Signed domination complexity,2,505,0.00396
math,2004,58,Reduced Khovanov homology,12,505,0.023762
math,2004,59,Contact manifold fillings,11,505,0.021782
math,2004,60,Martingale measure augmentation,3,505,0.005941
math,2004,61,Multizeta q-values,7,505,0.013861
math,2004,62,Pro pp group commensurability,6,505,0.011881
math,2004,63,Sandpile criticality,1,505,0.00198
math,2004,64,Genomic tableaux theory,8,505,0.015842
math,2004,65,n-ary bihom algebras,9,505,0.017822
math,2004,66,Non-smooth proximal gradient analysis,0,505,0.0
math,2004,67,Nonlocal diffusion regularity,0,505,0.0
math,2004,68,Extended hypergeometric functions,11,505,0.021782
math,2004,69,Generalized threshold arrangements,1,505,0.00198
math,2004,70,Assouad dimension projections,1,505,0.00198
math,2004,71,Caterpillar percolation analysis,3,505,0.005941
math,2004,72,Quadratic Gorenstein ideals,4,505,0.007921
math,2004,73,Moduli sheaf operator theory,17,505,0.033663
math,2004,74,Singular Plateau Douglas Problem,6,505,0.011881
math,2004,75,Flat-polygon Helmholtz boundary integrals,0,505,0.0
math,2004,76,Exponential family mirror descent,0,505,0.0
math,2004,77,Heavy-tail renewal mixing times,0,505,0.0
math,2004,78,Perfect divisibility graphs,3,505,0.005941
math,2004,79,Operator regression acceleration,0,505,0.0
math,2004,80,Hardy space fractional operators,2,505,0.00396
math,2004,81,q-kostka polynomials,4,505,0.007921
math,2004,82,Hive-spectrum large deviations,5,505,0.009901
math,2004,83,Decentralized consensus topologies,0,505,0.0
math,2004,84,Fano threefold geometry,3,505,0.005941
math,2004,85,Fractional Maximal Operators,2,505,0.00396
math,2004,86,Taylor measure theory,3,505,0.005941
math,2004,87,Complete intersection foliations,11,505,0.021782
math,2004,88,Physics-informed synthetic data generation,0,505,0.0
math,2004,89,Operadic Kan extensions,4,505,0.007921
math,2005,0,Banach space indices,6,569,0.010545
math,2005,1,Mirror symmetry cohomology,12,569,0.02109
math,2005,2,Polynomial norm bounds,2,569,0.003515
math,2005,3,Yangian deformations,5,569,0.008787
math,2005,4,Multiplier ideals,11,569,0.019332
math,2005,5,Foliation theory,7,569,0.012302
math,2005,6,Clifford-algebra group theory,7,569,0.012302
math,2005,7,Hahn-Banach extensions,6,569,0.010545
math,2005,8,Quantum affine representations,4,569,0.00703
math,2005,9,Local cohomology monomial ideals,4,569,0.00703
math,2005,10,Pattern-avoiding permutations,15,569,0.026362
math,2005,11,Singular variety zeta invariants,2,569,0.003515
math,2005,12,Spectral amplitude relations,13,569,0.022847
math,2005,13,Quantum superalgebra structures,8,569,0.01406
math,2005,14,Geometric group theory equivalence,18,569,0.031634
math,2005,15,Knot move invariants,9,569,0.015817
math,2005,16,Fano variety bounds,8,569,0.01406
math,2005,17,Polynomial root arrangement homology,4,569,0.00703
math,2005,18,Contact circle moduli,6,569,0.010545
math,2005,19,Representability failure,5,569,0.008787
math,2005,20,Commutator subgroup bounds,7,569,0.012302
math,2005,21,Mirror symmetry invariants,4,569,0.00703
math,2005,22,Toric modular forms,8,569,0.01406
math,2005,23,Projective Galois group endomorphisms,14,569,0.024605
math,2005,24,Special function spectral measures,4,569,0.00703
math,2005,25,Double plane structures,23,569,0.040422
math,2005,26,Coring modules theory,4,569,0.00703
math,2005,27,Random walk aging limits,2,569,0.003515
math,2005,28,Quiver representation theory,8,569,0.01406
math,2005,29,Random packing asymptotics,8,569,0.01406
math,2005,30,Einstein-Kähler metrics,12,569,0.02109
math,2005,31,Percolation compatibility,2,569,0.003515
math,2005,32,Super Lie identity theorems,16,569,0.02812
math,2005,33,Fibre-space Hodge cohomology vanishing,11,569,0.019332
math,2005,34,Lamination geodesic convergence,9,569,0.015817
math,2005,35,Ribbon tableaux algebras,6,569,0.010545
math,2005,36,Supermanifold Ricci flatness,7,569,0.012302
math,2005,37,Random heap dynamics,2,569,0.003515
math,2005,38,Noncommutative crepant resolutions,13,569,0.022847
math,2005,39,p-adic modular traces,5,569,0.008787
math,2005,40,Numerical PDE error analysis,1,569,0.001757
math,2005,41,Prime divisor asymptotics,5,569,0.008787
math,2005,42,Polynomial congruence bounds,4,569,0.00703
math,2005,43,Fragmentation-coalescent processes,12,569,0.02109
math,2005,44,Mirror symmetry i-functions,6,569,0.010545
math,2005,45,Gibbs measure convergence,4,569,0.00703
math,2005,46,Siegel uniformity conjecture,4,569,0.00703
math,2005,47,Group embedding dimension bounds,5,569,0.008787
math,2005,48,Convex cone optimization,1,569,0.001757
math,2005,49,Hecke algebra completions,4,569,0.00703
math,2005,50,Clique-partition extremal graphs,1,569,0.001757
math,2005,51,Inverse-limit ergodic theory,2,569,0.003515
math,2005,52,Galois cohomology obstructions,3,569,0.005272
math,2005,53,Free product von Neumann algebras,14,569,0.024605
math,2005,54,Non-symplectic group actions,17,569,0.029877
math,2005,55,Hodge-Frobenius manifolds,14,569,0.024605
math,2005,56,Grassmannian polynomial systems,6,569,0.010545
math,2005,57,Signed domination complexity,0,569,0.0
math,2005,58,Reduced Khovanov homology,10,569,0.017575
math,2005,59,Contact manifold fillings,8,569,0.01406
math,2005,60,Martingale measure augmentation,6,569,0.010545
math,2005,61,Multizeta q-values,8,569,0.01406
math,2005,62,Pro pp group commensurability,9,569,0.015817
math,2005,63,Sandpile criticality,1,569,0.001757
math,2005,64,Genomic tableaux theory,7,569,0.012302
math,2005,65,n-ary bihom algebras,5,569,0.008787
math,2005,66,Non-smooth proximal gradient analysis,0,569,0.0
math,2005,67,Nonlocal diffusion regularity,4,569,0.00703
math,2005,68,Extended hypergeometric functions,2,569,0.003515
math,2005,69,Generalized threshold arrangements,4,569,0.00703
math,2005,70,Assouad dimension projections,2,569,0.003515
math,2005,71,Caterpillar percolation analysis,2,569,0.003515
math,2005,72,Quadratic Gorenstein ideals,11,569,0.019332
math,2005,73,Moduli sheaf operator theory,9,569,0.015817
math,2005,74,Singular Plateau Douglas Problem,5,569,0.008787
math,2005,75,Flat-polygon Helmholtz boundary integrals,0,569,0.0
math,2005,76,Exponential family mirror descent,0,569,0.0
math,2005,77,Heavy-tail renewal mixing times,6,569,0.010545
math,2005,78,Perfect divisibility graphs,5,569,0.008787
math,2005,79,Operator regression acceleration,0,569,0.0
math,2005,80,Hardy space fractional operators,2,569,0.003515
math,2005,81,q-kostka polynomials,9,569,0.015817
math,2005,82,Hive-spectrum large deviations,8,569,0.01406
math,2005,83,Decentralized consensus topologies,0,569,0.0
math,2005,84,Fano threefold geometry,7,569,0.012302
math,2005,85,Fractional Maximal Operators,3,569,0.005272
math,2005,86,Taylor measure theory,5,569,0.008787
math,2005,87,Complete intersection foliations,9,569,0.015817
math,2005,88,Physics-informed synthetic data generation,0,569,0.0
math,2005,89,Operadic Kan extensions,2,569,0.003515
math,2006,0,Banach space indices,3,677,0.004431
math,2006,1,Mirror symmetry cohomology,14,677,0.020679
math,2006,2,Polynomial norm bounds,3,677,0.004431
math,2006,3,Yangian deformations,3,677,0.004431
math,2006,4,Multiplier ideals,11,677,0.016248
math,2006,5,Foliation theory,9,677,0.013294
math,2006,6,Clifford-algebra group theory,14,677,0.020679
math,2006,7,Hahn-Banach extensions,8,677,0.011817
math,2006,8,Quantum affine representations,13,677,0.019202
math,2006,9,Local cohomology monomial ideals,11,677,0.016248
math,2006,10,Pattern-avoiding permutations,12,677,0.017725
math,2006,11,Singular variety zeta invariants,6,677,0.008863
math,2006,12,Spectral amplitude relations,10,677,0.014771
math,2006,13,Quantum superalgebra structures,4,677,0.005908
math,2006,14,Geometric group theory equivalence,16,677,0.023634
math,2006,15,Knot move invariants,11,677,0.016248
math,2006,16,Fano variety bounds,7,677,0.01034
math,2006,17,Polynomial root arrangement homology,7,677,0.01034
math,2006,18,Contact circle moduli,7,677,0.01034
math,2006,19,Representability failure,7,677,0.01034
math,2006,20,Commutator subgroup bounds,8,677,0.011817
math,2006,21,Mirror symmetry invariants,7,677,0.01034
math,2006,22,Toric modular forms,12,677,0.017725
math,2006,23,Projective Galois group endomorphisms,9,677,0.013294
math,2006,24,Special function spectral measures,6,677,0.008863
math,2006,25,Double plane structures,15,677,0.022157
math,2006,26,Coring modules theory,16,677,0.023634
math,2006,27,Random walk aging limits,5,677,0.007386
math,2006,28,Quiver representation theory,7,677,0.01034
math,2006,29,Random packing asymptotics,8,677,0.011817
math,2006,30,Einstein-Kähler metrics,15,677,0.022157
math,2006,31,Percolation compatibility,4,677,0.005908
math,2006,32,Super Lie identity theorems,8,677,0.011817
math,2006,33,Fibre-space Hodge cohomology vanishing,10,677,0.014771
math,2006,34,Lamination geodesic convergence,11,677,0.016248
math,2006,35,Ribbon tableaux algebras,9,677,0.013294
math,2006,36,Supermanifold Ricci flatness,7,677,0.01034
math,2006,37,Random heap dynamics,12,677,0.017725
math,2006,38,Noncommutative crepant resolutions,18,677,0.026588
math,2006,39,p-adic modular traces,9,677,0.013294
math,2006,40,Numerical PDE error analysis,0,677,0.0
math,2006,41,Prime divisor asymptotics,6,677,0.008863
math,2006,42,Polynomial congruence bounds,3,677,0.004431
math,2006,43,Fragmentation-coalescent processes,8,677,0.011817
math,2006,44,Mirror symmetry i-functions,3,677,0.004431
math,2006,45,Gibbs measure convergence,6,677,0.008863
math,2006,46,Siegel uniformity conjecture,10,677,0.014771
math,2006,47,Group embedding dimension bounds,13,677,0.019202
math,2006,48,Convex cone optimization,0,677,0.0
math,2006,49,Hecke algebra completions,5,677,0.007386
math,2006,50,Clique-partition extremal graphs,0,677,0.0
math,2006,51,Inverse-limit ergodic theory,3,677,0.004431
math,2006,52,Galois cohomology obstructions,12,677,0.017725
math,2006,53,Free product von Neumann algebras,7,677,0.01034
math,2006,54,Non-symplectic group actions,22,677,0.032496
math,2006,55,Hodge-Frobenius manifolds,17,677,0.025111
math,2006,56,Grassmannian polynomial systems,4,677,0.005908
math,2006,57,Signed domination complexity,4,677,0.005908
math,2006,58,Reduced Khovanov homology,15,677,0.022157
math,2006,59,Contact manifold fillings,8,677,0.011817
math,2006,60,Martingale measure augmentation,5,677,0.007386
math,2006,61,Multizeta q-values,8,677,0.011817
math,2006,62,Pro pp group commensurability,10,677,0.014771
math,2006,63,Sandpile criticality,4,677,0.005908
math,2006,64,Genomic tableaux theory,7,677,0.01034
math,2006,65,n-ary bihom algebras,6,677,0.008863
math,2006,66,Non-smooth proximal gradient analysis,0,677,0.0
math,2006,67,Nonlocal diffusion regularity,2,677,0.002954
math,2006,68,Extended hypergeometric functions,6,677,0.008863
math,2006,69,Generalized threshold arrangements,4,677,0.005908
math,2006,70,Assouad dimension projections,5,677,0.007386
math,2006,71,Caterpillar percolation analysis,2,677,0.002954
math,2006,72,Quadratic Gorenstein ideals,10,677,0.014771
math,2006,73,Moduli sheaf operator theory,18,677,0.026588
math,2006,74,Singular Plateau Douglas Problem,2,677,0.002954
math,2006,75,Flat-polygon Helmholtz boundary integrals,0,677,0.0
math,2006,76,Exponential family mirror descent,0,677,0.0
math,2006,77,Heavy-tail renewal mixing times,3,677,0.004431
math,2006,78,Perfect divisibility graphs,7,677,0.01034
math,2006,79,Operator regression acceleration,0,677,0.0
math,2006,80,Hardy space fractional operators,0,677,0.0
math,2006,81,q-kostka polynomials,5,677,0.007386
math,2006,82,Hive-spectrum large deviations,9,677,0.013294
math,2006,83,Decentralized consensus topologies,1,677,0.001477
math,2006,84,Fano threefold geometry,8,677,0.011817
math,2006,85,Fractional Maximal Operators,4,677,0.005908
math,2006,86,Taylor measure theory,2,677,0.002954
math,2006,87,Complete intersection foliations,21,677,0.031019
math,2006,88,Physics-informed synthetic data generation,0,677,0.0
math,2006,89,Operadic Kan extensions,10,677,0.014771
math,2007,0,Banach space indices,4,786,0.005089
math,2007,1,Mirror symmetry cohomology,14,786,0.017812
math,2007,2,Polynomial norm bounds,8,786,0.010178
math,2007,3,Yangian deformations,13,786,0.016539
math,2007,4,Multiplier ideals,8,786,0.010178
math,2007,5,Foliation theory,8,786,0.010178
math,2007,6,Clifford-algebra group theory,11,786,0.013995
math,2007,7,Hahn-Banach extensions,8,786,0.010178
math,2007,8,Quantum affine representations,15,786,0.019084
math,2007,9,Local cohomology monomial ideals,17,786,0.021628
math,2007,10,Pattern-avoiding permutations,13,786,0.016539
math,2007,11,Singular variety zeta invariants,7,786,0.008906
math,2007,12,Spectral amplitude relations,16,786,0.020356
math,2007,13,Quantum superalgebra structures,6,786,0.007634
math,2007,14,Geometric group theory equivalence,17,786,0.021628
math,2007,15,Knot move invariants,26,786,0.033079
math,2007,16,Fano variety bounds,7,786,0.008906
math,2007,17,Polynomial root arrangement homology,2,786,0.002545
math,2007,18,Contact circle moduli,7,786,0.008906
math,2007,19,Representability failure,7,786,0.008906
math,2007,20,Commutator subgroup bounds,8,786,0.010178
math,2007,21,Mirror symmetry invariants,7,786,0.008906
math,2007,22,Toric modular forms,12,786,0.015267
math,2007,23,Projective Galois group endomorphisms,14,786,0.017812
math,2007,24,Special function spectral measures,13,786,0.016539
math,2007,25,Double plane structures,25,786,0.031807
math,2007,26,Coring modules theory,9,786,0.01145
math,2007,27,Random walk aging limits,6,786,0.007634
math,2007,28,Quiver representation theory,10,786,0.012723
math,2007,29,Random packing asymptotics,13,786,0.016539
math,2007,30,Einstein-Kähler metrics,21,786,0.026718
math,2007,31,Percolation compatibility,7,786,0.008906
math,2007,32,Super Lie identity theorems,9,786,0.01145
math,2007,33,Fibre-space Hodge cohomology vanishing,9,786,0.01145
math,2007,34,Lamination geodesic convergence,11,786,0.013995
math,2007,35,Ribbon tableaux algebras,7,786,0.008906
math,2007,36,Supermanifold Ricci flatness,6,786,0.007634
math,2007,37,Random heap dynamics,5,786,0.006361
math,2007,38,Noncommutative crepant resolutions,18,786,0.022901
math,2007,39,p-adic modular traces,10,786,0.012723
math,2007,40,Numerical PDE error analysis,1,786,0.001272
math,2007,41,Prime divisor asymptotics,10,786,0.012723
math,2007,42,Polynomial congruence bounds,2,786,0.002545
math,2007,43,Fragmentation-coalescent processes,10,786,0.012723
math,2007,44,Mirror symmetry i-functions,7,786,0.008906
math,2007,45,Gibbs measure convergence,6,786,0.007634
math,2007,46,Siegel uniformity conjecture,8,786,0.010178
math,2007,47,Group embedding dimension bounds,13,786,0.016539
math,2007,48,Convex cone optimization,1,786,0.001272
math,2007,49,Hecke algebra completions,11,786,0.013995
math,2007,50,Clique-partition extremal graphs,7,786,0.008906
math,2007,51,Inverse-limit ergodic theory,2,786,0.002545
math,2007,52,Galois cohomology obstructions,6,786,0.007634
math,2007,53,Free product von Neumann algebras,13,786,0.016539
math,2007,54,Non-symplectic group actions,26,786,0.033079
math,2007,55,Hodge-Frobenius manifolds,10,786,0.012723
math,2007,56,Grassmannian polynomial systems,5,786,0.006361
math,2007,57,Signed domination complexity,2,786,0.002545
math,2007,58,Reduced Khovanov homology,12,786,0.015267
math,2007,59,Contact manifold fillings,5,786,0.006361
math,2007,60,Martingale measure augmentation,15,786,0.019084
math,2007,61,Multizeta q-values,5,786,0.006361
math,2007,62,Pro pp group commensurability,13,786,0.016539
math,2007,63,Sandpile criticality,2,786,0.002545
math,2007,64,Genomic tableaux theory,9,786,0.01145
math,2007,65,n-ary bihom algebras,13,786,0.016539
math,2007,66,Non-smooth proximal gradient analysis,0,786,0.0
math,2007,67,Nonlocal diffusion regularity,4,786,0.005089
math,2007,68,Extended hypergeometric functions,13,786,0.016539
math,2007,69,Generalized threshold arrangements,2,786,0.002545
math,2007,70,Assouad dimension projections,2,786,0.002545
math,2007,71,Caterpillar percolation analysis,5,786,0.006361
math,2007,72,Quadratic Gorenstein ideals,12,786,0.015267
math,2007,73,Moduli sheaf operator theory,15,786,0.019084
math,2007,74,Singular Plateau Douglas Problem,3,786,0.003817
math,2007,75,Flat-polygon Helmholtz boundary integrals,2,786,0.002545
math,2007,76,Exponential family mirror descent,2,786,0.002545
math,2007,77,Heavy-tail renewal mixing times,6,786,0.007634
math,2007,78,Perfect divisibility graphs,14,786,0.017812
math,2007,79,Operator regression acceleration,0,786,0.0
math,2007,80,Hardy space fractional operators,2,786,0.002545
math,2007,81,q-kostka polynomials,7,786,0.008906
math,2007,82,Hive-spectrum large deviations,10,786,0.012723
math,2007,83,Decentralized consensus topologies,1,786,0.001272
math,2007,84,Fano threefold geometry,15,786,0.019084
math,2007,85,Fractional Maximal Operators,4,786,0.005089
math,2007,86,Taylor measure theory,4,786,0.005089
math,2007,87,Complete intersection foliations,12,786,0.015267
math,2007,88,Physics-informed synthetic data generation,0,786,0.0
math,2007,89,Operadic Kan extensions,3,786,0.003817
math,2008,0,Banach space indices,11,824,0.01335
math,2008,1,Mirror symmetry cohomology,22,824,0.026699
math,2008,2,Polynomial norm bounds,9,824,0.010922
math,2008,3,Yangian deformations,4,824,0.004854
math,2008,4,Multiplier ideals,12,824,0.014563
math,2008,5,Foliation theory,10,824,0.012136
math,2008,6,Clifford-algebra group theory,17,824,0.020631
math,2008,7,Hahn-Banach extensions,8,824,0.009709
math,2008,8,Quantum affine representations,12,824,0.014563
math,2008,9,Local cohomology monomial ideals,11,824,0.01335
math,2008,10,Pattern-avoiding permutations,13,824,0.015777
math,2008,11,Singular variety zeta invariants,7,824,0.008495
math,2008,12,Spectral amplitude relations,13,824,0.015777
math,2008,13,Quantum superalgebra structures,8,824,0.009709
math,2008,14,Geometric group theory equivalence,22,824,0.026699
math,2008,15,Knot move invariants,18,824,0.021845
math,2008,16,Fano variety bounds,5,824,0.006068
math,2008,17,Polynomial root arrangement homology,8,824,0.009709
math,2008,18,Contact circle moduli,5,824,0.006068
math,2008,19,Representability failure,6,824,0.007282
math,2008,20,Commutator subgroup bounds,12,824,0.014563
math,2008,21,Mirror symmetry invariants,7,824,0.008495
math,2008,22,Toric modular forms,9,824,0.010922
math,2008,23,Projective Galois group endomorphisms,25,824,0.03034
math,2008,24,Special function spectral measures,7,824,0.008495
math,2008,25,Double plane structures,21,824,0.025485
math,2008,26,Coring modules theory,11,824,0.01335
math,2008,27,Random walk aging limits,5,824,0.006068
math,2008,28,Quiver representation theory,10,824,0.012136
math,2008,29,Random packing asymptotics,9,824,0.010922
math,2008,30,Einstein-Kähler metrics,24,824,0.029126
math,2008,31,Percolation compatibility,5,824,0.006068
math,2008,32,Super Lie identity theorems,11,824,0.01335
math,2008,33,Fibre-space Hodge cohomology vanishing,15,824,0.018204
math,2008,34,Lamination geodesic convergence,8,824,0.009709
math,2008,35,Ribbon tableaux algebras,3,824,0.003641
math,2008,36,Supermanifold Ricci flatness,8,824,0.009709
math,2008,37,Random heap dynamics,10,824,0.012136
math,2008,38,Noncommutative crepant resolutions,16,824,0.019417
math,2008,39,p-adic modular traces,8,824,0.009709
math,2008,40,Numerical PDE error analysis,1,824,0.001214
math,2008,41,Prime divisor asymptotics,9,824,0.010922
math,2008,42,Polynomial congruence bounds,3,824,0.003641
math,2008,43,Fragmentation-coalescent processes,9,824,0.010922
math,2008,44,Mirror symmetry i-functions,8,824,0.009709
math,2008,45,Gibbs measure convergence,3,824,0.003641
math,2008,46,Siegel uniformity conjecture,9,824,0.010922
math,2008,47,Group embedding dimension bounds,10,824,0.012136
math,2008,48,Convex cone optimization,3,824,0.003641
math,2008,49,Hecke algebra completions,10,824,0.012136
math,2008,50,Clique-partition extremal graphs,2,824,0.002427
math,2008,51,Inverse-limit ergodic theory,9,824,0.010922
math,2008,52,Galois cohomology obstructions,8,824,0.009709
math,2008,53,Free product von Neumann algebras,6,824,0.007282
math,2008,54,Non-symplectic group actions,27,824,0.032767
math,2008,55,Hodge-Frobenius manifolds,13,824,0.015777
math,2008,56,Grassmannian polynomial systems,6,824,0.007282
math,2008,57,Signed domination complexity,6,824,0.007282
math,2008,58,Reduced Khovanov homology,7,824,0.008495
math,2008,59,Contact manifold fillings,3,824,0.003641
math,2008,60,Martingale measure augmentation,14,824,0.01699
math,2008,61,Multizeta q-values,10,824,0.012136
math,2008,62,Pro pp group commensurability,9,824,0.010922
math,2008,63,Sandpile criticality,9,824,0.010922
math,2008,64,Genomic tableaux theory,6,824,0.007282
math,2008,65,n-ary bihom algebras,6,824,0.007282
math,2008,66,Non-smooth proximal gradient analysis,1,824,0.001214
math,2008,67,Nonlocal diffusion regularity,4,824,0.004854
math,2008,68,Extended hypergeometric functions,13,824,0.015777
math,2008,69,Generalized threshold arrangements,7,824,0.008495
math,2008,70,Assouad dimension projections,3,824,0.003641
math,2008,71,Caterpillar percolation analysis,9,824,0.010922
math,2008,72,Quadratic Gorenstein ideals,12,824,0.014563
math,2008,73,Moduli sheaf operator theory,15,824,0.018204
math,2008,74,Singular Plateau Douglas Problem,8,824,0.009709
math,2008,75,Flat-polygon Helmholtz boundary integrals,1,824,0.001214
math,2008,76,Exponential family mirror descent,3,824,0.003641
math,2008,77,Heavy-tail renewal mixing times,4,824,0.004854
math,2008,78,Perfect divisibility graphs,12,824,0.014563
math,2008,79,Operator regression acceleration,0,824,0.0
math,2008,80,Hardy space fractional operators,6,824,0.007282
math,2008,81,q-kostka polynomials,9,824,0.010922
math,2008,82,Hive-spectrum large deviations,12,824,0.014563
math,2008,83,Decentralized consensus topologies,4,824,0.004854
math,2008,84,Fano threefold geometry,11,824,0.01335
math,2008,85,Fractional Maximal Operators,5,824,0.006068
math,2008,86,Taylor measure theory,4,824,0.004854
math,2008,87,Complete intersection foliations,22,824,0.026699
math,2008,88,Physics-informed synthetic data generation,0,824,0.0
math,2008,89,Operadic Kan extensions,8,824,0.009709
math,2009,0,Banach space indices,7,893,0.007839
math,2009,1,Mirror symmetry cohomology,17,893,0.019037
math,2009,2,Polynomial norm bounds,6,893,0.006719
math,2009,3,Yangian deformations,7,893,0.007839
math,2009,4,Multiplier ideals,11,893,0.012318
math,2009,5,Foliation theory,14,893,0.015677
math,2009,6,Clifford-algebra group theory,13,893,0.014558
math,2009,7,Hahn-Banach extensions,11,893,0.012318
math,2009,8,Quantum affine representations,23,893,0.025756
math,2009,9,Local cohomology monomial ideals,15,893,0.016797
math,2009,10,Pattern-avoiding permutations,13,893,0.014558
math,2009,11,Singular variety zeta invariants,9,893,0.010078
math,2009,12,Spectral amplitude relations,16,893,0.017917
math,2009,13,Quantum superalgebra structures,9,893,0.010078
math,2009,14,Geometric group theory equivalence,27,893,0.030235
math,2009,15,Knot move invariants,20,893,0.022396
math,2009,16,Fano variety bounds,9,893,0.010078
math,2009,17,Polynomial root arrangement homology,3,893,0.003359
math,2009,18,Contact circle moduli,6,893,0.006719
math,2009,19,Representability failure,10,893,0.011198
math,2009,20,Commutator subgroup bounds,12,893,0.013438
math,2009,21,Mirror symmetry invariants,10,893,0.011198
math,2009,22,Toric modular forms,10,893,0.011198
math,2009,23,Projective Galois group endomorphisms,14,893,0.015677
math,2009,24,Special function spectral measures,4,893,0.004479
math,2009,25,Double plane structures,29,893,0.032475
math,2009,26,Coring modules theory,10,893,0.011198
math,2009,27,Random walk aging limits,3,893,0.003359
math,2009,28,Quiver representation theory,10,893,0.011198
math,2009,29,Random packing asymptotics,8,893,0.008959
math,2009,30,Einstein-Kähler metrics,24,893,0.026876
math,2009,31,Percolation compatibility,4,893,0.004479
math,2009,32,Super Lie identity theorems,9,893,0.010078
math,2009,33,Fibre-space Hodge cohomology vanishing,16,893,0.017917
math,2009,34,Lamination geodesic convergence,8,893,0.008959
math,2009,35,Ribbon tableaux algebras,7,893,0.007839
math,2009,36,Supermanifold Ricci flatness,8,893,0.008959
math,2009,37,Random heap dynamics,7,893,0.007839
math,2009,38,Noncommutative crepant resolutions,12,893,0.013438
math,2009,39,p-adic modular traces,6,893,0.006719
math,2009,40,Numerical PDE error analysis,2,893,0.00224
math,2009,41,Prime divisor asymptotics,4,893,0.004479
math,2009,42,Polynomial congruence bounds,6,893,0.006719
math,2009,43,Fragmentation-coalescent processes,9,893,0.010078
math,2009,44,Mirror symmetry i-functions,7,893,0.007839
math,2009,45,Gibbs measure convergence,8,893,0.008959
math,2009,46,Siegel uniformity conjecture,16,893,0.017917
math,2009,47,Group embedding dimension bounds,3,893,0.003359
math,2009,48,Convex cone optimization,2,893,0.00224
math,2009,49,Hecke algebra completions,15,893,0.016797
math,2009,50,Clique-partition extremal graphs,10,893,0.011198
math,2009,51,Inverse-limit ergodic theory,9,893,0.010078
math,2009,52,Galois cohomology obstructions,10,893,0.011198
math,2009,53,Free product von Neumann algebras,10,893,0.011198
math,2009,54,Non-symplectic group actions,20,893,0.022396
math,2009,55,Hodge-Frobenius manifolds,15,893,0.016797
math,2009,56,Grassmannian polynomial systems,11,893,0.012318
math,2009,57,Signed domination complexity,6,893,0.006719
math,2009,58,Reduced Khovanov homology,14,893,0.015677
math,2009,59,Contact manifold fillings,13,893,0.014558
math,2009,60,Martingale measure augmentation,9,893,0.010078
math,2009,61,Multizeta q-values,12,893,0.013438
math,2009,62,Pro pp group commensurability,18,893,0.020157
math,2009,63,Sandpile criticality,3,893,0.003359
math,2009,64,Genomic tableaux theory,11,893,0.012318
math,2009,65,n-ary bihom algebras,9,893,0.010078
math,2009,66,Non-smooth proximal gradient analysis,0,893,0.0
math,2009,67,Nonlocal diffusion regularity,6,893,0.006719
math,2009,68,Extended hypergeometric functions,11,893,0.012318
math,2009,69,Generalized threshold arrangements,7,893,0.007839
math,2009,70,Assouad dimension projections,4,893,0.004479
math,2009,71,Caterpillar percolation analysis,8,893,0.008959
math,2009,72,Quadratic Gorenstein ideals,9,893,0.010078
math,2009,73,Moduli sheaf operator theory,19,893,0.021277
math,2009,74,Singular Plateau Douglas Problem,17,893,0.019037
math,2009,75,Flat-polygon Helmholtz boundary integrals,0,893,0.0
math,2009,76,Exponential family mirror descent,2,893,0.00224
math,2009,77,Heavy-tail renewal mixing times,5,893,0.005599
math,2009,78,Perfect divisibility graphs,16,893,0.017917
math,2009,79,Operator regression acceleration,0,893,0.0
math,2009,80,Hardy space fractional operators,5,893,0.005599
math,2009,81,q-kostka polynomials,11,893,0.012318
math,2009,82,Hive-spectrum large deviations,12,893,0.013438
math,2009,83,Decentralized consensus topologies,0,893,0.0
math,2009,84,Fano threefold geometry,6,893,0.006719
math,2009,85,Fractional Maximal Operators,14,893,0.015677
math,2009,86,Taylor measure theory,5,893,0.005599
math,2009,87,Complete intersection foliations,17,893,0.019037
math,2009,88,Physics-informed synthetic data generation,0,893,0.0
math,2009,89,Operadic Kan extensions,10,893,0.011198
math,2010,0,Banach space indices,7,1033,0.006776
math,2010,1,Mirror symmetry cohomology,12,1033,0.011617
math,2010,2,Polynomial norm bounds,18,1033,0.017425
math,2010,3,Yangian deformations,13,1033,0.012585
math,2010,4,Multiplier ideals,15,1033,0.014521
math,2010,5,Foliation theory,11,1033,0.010649
math,2010,6,Clifford-algebra group theory,17,1033,0.016457
math,2010,7,Hahn-Banach extensions,15,1033,0.014521
math,2010,8,Quantum affine representations,20,1033,0.019361
math,2010,9,Local cohomology monomial ideals,14,1033,0.013553
math,2010,10,Pattern-avoiding permutations,14,1033,0.013553
math,2010,11,Singular variety zeta invariants,5,1033,0.00484
math,2010,12,Spectral amplitude relations,15,1033,0.014521
math,2010,13,Quantum superalgebra structures,8,1033,0.007744
math,2010,14,Geometric group theory equivalence,30,1033,0.029042
math,2010,15,Knot move invariants,13,1033,0.012585
math,2010,16,Fano variety bounds,8,1033,0.007744
math,2010,17,Polynomial root arrangement homology,8,1033,0.007744
math,2010,18,Contact circle moduli,7,1033,0.006776
math,2010,19,Representability failure,7,1033,0.006776
math,2010,20,Commutator subgroup bounds,8,1033,0.007744
math,2010,21,Mirror symmetry invariants,7,1033,0.006776
math,2010,22,Toric modular forms,13,1033,0.012585
math,2010,23,Projective Galois group endomorphisms,28,1033,0.027106
math,2010,24,Special function spectral measures,7,1033,0.006776
math,2010,25,Double plane structures,31,1033,0.03001
math,2010,26,Coring modules theory,12,1033,0.011617
math,2010,27,Random walk aging limits,13,1033,0.012585
math,2010,28,Quiver representation theory,15,1033,0.014521
math,2010,29,Random packing asymptotics,14,1033,0.013553
math,2010,30,Einstein-Kähler metrics,20,1033,0.019361
math,2010,31,Percolation compatibility,8,1033,0.007744
math,2010,32,Super Lie identity theorems,19,1033,0.018393
math,2010,33,Fibre-space Hodge cohomology vanishing,26,1033,0.025169
math,2010,34,Lamination geodesic convergence,13,1033,0.012585
math,2010,35,Ribbon tableaux algebras,6,1033,0.005808
math,2010,36,Supermanifold Ricci flatness,6,1033,0.005808
math,2010,37,Random heap dynamics,16,1033,0.015489
math,2010,38,Noncommutative crepant resolutions,17,1033,0.016457
math,2010,39,p-adic modular traces,5,1033,0.00484
math,2010,40,Numerical PDE error analysis,4,1033,0.003872
math,2010,41,Prime divisor asymptotics,6,1033,0.005808
math,2010,42,Polynomial congruence bounds,5,1033,0.00484
math,2010,43,Fragmentation-coalescent processes,7,1033,0.006776
math,2010,44,Mirror symmetry i-functions,7,1033,0.006776
math,2010,45,Gibbs measure convergence,11,1033,0.010649
math,2010,46,Siegel uniformity conjecture,14,1033,0.013553
math,2010,47,Group embedding dimension bounds,9,1033,0.008712
math,2010,48,Convex cone optimization,3,1033,0.002904
math,2010,49,Hecke algebra completions,17,1033,0.016457
math,2010,50,Clique-partition extremal graphs,2,1033,0.001936
math,2010,51,Inverse-limit ergodic theory,8,1033,0.007744
math,2010,52,Galois cohomology obstructions,13,1033,0.012585
math,2010,53,Free product von Neumann algebras,6,1033,0.005808
math,2010,54,Non-symplectic group actions,22,1033,0.021297
math,2010,55,Hodge-Frobenius manifolds,20,1033,0.019361
math,2010,56,Grassmannian polynomial systems,9,1033,0.008712
math,2010,57,Signed domination complexity,3,1033,0.002904
math,2010,58,Reduced Khovanov homology,12,1033,0.011617
math,2010,59,Contact manifold fillings,14,1033,0.013553
math,2010,60,Martingale measure augmentation,17,1033,0.016457
math,2010,61,Multizeta q-values,10,1033,0.009681
math,2010,62,Pro pp group commensurability,9,1033,0.008712
math,2010,63,Sandpile criticality,8,1033,0.007744
math,2010,64,Genomic tableaux theory,6,1033,0.005808
math,2010,65,n-ary bihom algebras,9,1033,0.008712
math,2010,66,Non-smooth proximal gradient analysis,1,1033,0.000968
math,2010,67,Nonlocal diffusion regularity,3,1033,0.002904
math,2010,68,Extended hypergeometric functions,13,1033,0.012585
math,2010,69,Generalized threshold arrangements,6,1033,0.005808
math,2010,70,Assouad dimension projections,6,1033,0.005808
math,2010,71,Caterpillar percolation analysis,4,1033,0.003872
math,2010,72,Quadratic Gorenstein ideals,20,1033,0.019361
math,2010,73,Moduli sheaf operator theory,11,1033,0.010649
math,2010,74,Singular Plateau Douglas Problem,13,1033,0.012585
math,2010,75,Flat-polygon Helmholtz boundary integrals,5,1033,0.00484
math,2010,76,Exponential family mirror descent,3,1033,0.002904
math,2010,77,Heavy-tail renewal mixing times,8,1033,0.007744
math,2010,78,Perfect divisibility graphs,22,1033,0.021297
math,2010,79,Operator regression acceleration,0,1033,0.0
math,2010,80,Hardy space fractional operators,4,1033,0.003872
math,2010,81,q-kostka polynomials,4,1033,0.003872
math,2010,82,Hive-spectrum large deviations,24,1033,0.023233
math,2010,83,Decentralized consensus topologies,4,1033,0.003872
math,2010,84,Fano threefold geometry,10,1033,0.009681
math,2010,85,Fractional Maximal Operators,18,1033,0.017425
math,2010,86,Taylor measure theory,11,1033,0.010649
math,2010,87,Complete intersection foliations,32,1033,0.030978
math,2010,88,Physics-informed synthetic data generation,0,1033,0.0
math,2010,89,Operadic Kan extensions,19,1033,0.018393
math,2011,0,Banach space indices,10,1137,0.008795
math,2011,1,Mirror symmetry cohomology,12,1137,0.010554
math,2011,2,Polynomial norm bounds,28,1137,0.024626
math,2011,3,Yangian deformations,8,1137,0.007036
math,2011,4,Multiplier ideals,18,1137,0.015831
math,2011,5,Foliation theory,12,1137,0.010554
math,2011,6,Clifford-algebra group theory,23,1137,0.020229
math,2011,7,Hahn-Banach extensions,13,1137,0.011434
math,2011,8,Quantum affine representations,11,1137,0.009675
math,2011,9,Local cohomology monomial ideals,9,1137,0.007916
math,2011,10,Pattern-avoiding permutations,14,1137,0.012313
math,2011,11,Singular variety zeta invariants,10,1137,0.008795
math,2011,12,Spectral amplitude relations,15,1137,0.013193
math,2011,13,Quantum superalgebra structures,17,1137,0.014952
math,2011,14,Geometric group theory equivalence,31,1137,0.027265
math,2011,15,Knot move invariants,18,1137,0.015831
math,2011,16,Fano variety bounds,9,1137,0.007916
math,2011,17,Polynomial root arrangement homology,6,1137,0.005277
math,2011,18,Contact circle moduli,6,1137,0.005277
math,2011,19,Representability failure,9,1137,0.007916
math,2011,20,Commutator subgroup bounds,12,1137,0.010554
math,2011,21,Mirror symmetry invariants,7,1137,0.006157
math,2011,22,Toric modular forms,13,1137,0.011434
math,2011,23,Projective Galois group endomorphisms,24,1137,0.021108
math,2011,24,Special function spectral measures,13,1137,0.011434
math,2011,25,Double plane structures,30,1137,0.026385
math,2011,26,Coring modules theory,8,1137,0.007036
math,2011,27,Random walk aging limits,6,1137,0.005277
math,2011,28,Quiver representation theory,17,1137,0.014952
math,2011,29,Random packing asymptotics,15,1137,0.013193
math,2011,30,Einstein-Kähler metrics,23,1137,0.020229
math,2011,31,Percolation compatibility,10,1137,0.008795
math,2011,32,Super Lie identity theorems,9,1137,0.007916
math,2011,33,Fibre-space Hodge cohomology vanishing,24,1137,0.021108
math,2011,34,Lamination geodesic convergence,10,1137,0.008795
math,2011,35,Ribbon tableaux algebras,10,1137,0.008795
math,2011,36,Supermanifold Ricci flatness,12,1137,0.010554
math,2011,37,Random heap dynamics,7,1137,0.006157
math,2011,38,Noncommutative crepant resolutions,21,1137,0.01847
math,2011,39,p-adic modular traces,7,1137,0.006157
math,2011,40,Numerical PDE error analysis,6,1137,0.005277
math,2011,41,Prime divisor asymptotics,11,1137,0.009675
math,2011,42,Polynomial congruence bounds,10,1137,0.008795
math,2011,43,Fragmentation-coalescent processes,10,1137,0.008795
math,2011,44,Mirror symmetry i-functions,10,1137,0.008795
math,2011,45,Gibbs measure convergence,6,1137,0.005277
math,2011,46,Siegel uniformity conjecture,16,1137,0.014072
math,2011,47,Group embedding dimension bounds,8,1137,0.007036
math,2011,48,Convex cone optimization,8,1137,0.007036
math,2011,49,Hecke algebra completions,3,1137,0.002639
math,2011,50,Clique-partition extremal graphs,7,1137,0.006157
math,2011,51,Inverse-limit ergodic theory,8,1137,0.007036
math,2011,52,Galois cohomology obstructions,17,1137,0.014952
math,2011,53,Free product von Neumann algebras,8,1137,0.007036
math,2011,54,Non-symplectic group actions,25,1137,0.021988
math,2011,55,Hodge-Frobenius manifolds,13,1137,0.011434
math,2011,56,Grassmannian polynomial systems,11,1137,0.009675
math,2011,57,Signed domination complexity,19,1137,0.016711
math,2011,58,Reduced Khovanov homology,19,1137,0.016711
math,2011,59,Contact manifold fillings,10,1137,0.008795
math,2011,60,Martingale measure augmentation,15,1137,0.013193
math,2011,61,Multizeta q-values,13,1137,0.011434
math,2011,62,Pro pp group commensurability,31,1137,0.027265
math,2011,63,Sandpile criticality,7,1137,0.006157
math,2011,64,Genomic tableaux theory,5,1137,0.004398
math,2011,65,n-ary bihom algebras,3,1137,0.002639
math,2011,66,Non-smooth proximal gradient analysis,1,1137,0.00088
math,2011,67,Nonlocal diffusion regularity,18,1137,0.015831
math,2011,68,Extended hypergeometric functions,17,1137,0.014952
math,2011,69,Generalized threshold arrangements,15,1137,0.013193
math,2011,70,Assouad dimension projections,7,1137,0.006157
math,2011,71,Caterpillar percolation analysis,6,1137,0.005277
math,2011,72,Quadratic Gorenstein ideals,19,1137,0.016711
math,2011,73,Moduli sheaf operator theory,17,1137,0.014952
math,2011,74,Singular Plateau Douglas Problem,13,1137,0.011434
math,2011,75,Flat-polygon Helmholtz boundary integrals,1,1137,0.00088
math,2011,76,Exponential family mirror descent,3,1137,0.002639
math,2011,77,Heavy-tail renewal mixing times,7,1137,0.006157
math,2011,78,Perfect divisibility graphs,22,1137,0.019349
math,2011,79,Operator regression acceleration,2,1137,0.001759
math,2011,80,Hardy space fractional operators,14,1137,0.012313
math,2011,81,q-kostka polynomials,9,1137,0.007916
math,2011,82,Hive-spectrum large deviations,27,1137,0.023747
math,2011,83,Decentralized consensus topologies,5,1137,0.004398
math,2011,84,Fano threefold geometry,18,1137,0.015831
math,2011,85,Fractional Maximal Operators,17,1137,0.014952
math,2011,86,Taylor measure theory,5,1137,0.004398
math,2011,87,Complete intersection foliations,18,1137,0.015831
math,2011,88,Physics-informed synthetic data generation,0,1137,0.0
math,2011,89,Operadic Kan extensions,20,1137,0.01759
math,2012,0,Banach space indices,7,1292,0.005418
math,2012,1,Mirror symmetry cohomology,20,1292,0.01548
math,2012,2,Polynomial norm bounds,13,1292,0.010062
math,2012,3,Yangian deformations,8,1292,0.006192
math,2012,4,Multiplier ideals,11,1292,0.008514
math,2012,5,Foliation theory,14,1292,0.010836
math,2012,6,Clifford-algebra group theory,20,1292,0.01548
math,2012,7,Hahn-Banach extensions,13,1292,0.010062
math,2012,8,Quantum affine representations,9,1292,0.006966
math,2012,9,Local cohomology monomial ideals,20,1292,0.01548
math,2012,10,Pattern-avoiding permutations,20,1292,0.01548
math,2012,11,Singular variety zeta invariants,7,1292,0.005418
math,2012,12,Spectral amplitude relations,29,1292,0.022446
math,2012,13,Quantum superalgebra structures,11,1292,0.008514
math,2012,14,Geometric group theory equivalence,29,1292,0.022446
math,2012,15,Knot move invariants,19,1292,0.014706
math,2012,16,Fano variety bounds,8,1292,0.006192
math,2012,17,Polynomial root arrangement homology,13,1292,0.010062
math,2012,18,Contact circle moduli,14,1292,0.010836
math,2012,19,Representability failure,14,1292,0.010836
math,2012,20,Commutator subgroup bounds,12,1292,0.009288
math,2012,21,Mirror symmetry invariants,19,1292,0.014706
math,2012,22,Toric modular forms,21,1292,0.016254
math,2012,23,Projective Galois group endomorphisms,18,1292,0.013932
math,2012,24,Special function spectral measures,13,1292,0.010062
math,2012,25,Double plane structures,18,1292,0.013932
math,2012,26,Coring modules theory,6,1292,0.004644
math,2012,27,Random walk aging limits,5,1292,0.00387
math,2012,28,Quiver representation theory,9,1292,0.006966
math,2012,29,Random packing asymptotics,26,1292,0.020124
math,2012,30,Einstein-Kähler metrics,20,1292,0.01548
math,2012,31,Percolation compatibility,16,1292,0.012384
math,2012,32,Super Lie identity theorems,17,1292,0.013158
math,2012,33,Fibre-space Hodge cohomology vanishing,20,1292,0.01548
math,2012,34,Lamination geodesic convergence,9,1292,0.006966
math,2012,35,Ribbon tableaux algebras,10,1292,0.00774
math,2012,36,Supermanifold Ricci flatness,11,1292,0.008514
math,2012,37,Random heap dynamics,8,1292,0.006192
math,2012,38,Noncommutative crepant resolutions,21,1292,0.016254
math,2012,39,p-adic modular traces,15,1292,0.01161
math,2012,40,Numerical PDE error analysis,13,1292,0.010062
math,2012,41,Prime divisor asymptotics,13,1292,0.010062
math,2012,42,Polynomial congruence bounds,12,1292,0.009288
math,2012,43,Fragmentation-coalescent processes,17,1292,0.013158
math,2012,44,Mirror symmetry i-functions,12,1292,0.009288
math,2012,45,Gibbs measure convergence,9,1292,0.006966
math,2012,46,Siegel uniformity conjecture,20,1292,0.01548
math,2012,47,Group embedding dimension bounds,10,1292,0.00774
math,2012,48,Convex cone optimization,13,1292,0.010062
math,2012,49,Hecke algebra completions,9,1292,0.006966
math,2012,50,Clique-partition extremal graphs,5,1292,0.00387
math,2012,51,Inverse-limit ergodic theory,10,1292,0.00774
math,2012,52,Galois cohomology obstructions,14,1292,0.010836
math,2012,53,Free product von Neumann algebras,8,1292,0.006192
math,2012,54,Non-symplectic group actions,20,1292,0.01548
math,2012,55,Hodge-Frobenius manifolds,23,1292,0.017802
math,2012,56,Grassmannian polynomial systems,7,1292,0.005418
math,2012,57,Signed domination complexity,19,1292,0.014706
math,2012,58,Reduced Khovanov homology,22,1292,0.017028
math,2012,59,Contact manifold fillings,16,1292,0.012384
math,2012,60,Martingale measure augmentation,37,1292,0.028638
math,2012,61,Multizeta q-values,13,1292,0.010062
math,2012,62,Pro pp group commensurability,20,1292,0.01548
math,2012,63,Sandpile criticality,13,1292,0.010062
math,2012,64,Genomic tableaux theory,13,1292,0.010062
math,2012,65,n-ary bihom algebras,12,1292,0.009288
math,2012,66,Non-smooth proximal gradient analysis,4,1292,0.003096
math,2012,67,Nonlocal diffusion regularity,18,1292,0.013932
math,2012,68,Extended hypergeometric functions,13,1292,0.010062
math,2012,69,Generalized threshold arrangements,7,1292,0.005418
math,2012,70,Assouad dimension projections,7,1292,0.005418
math,2012,71,Caterpillar percolation analysis,8,1292,0.006192
math,2012,72,Quadratic Gorenstein ideals,10,1292,0.00774
math,2012,73,Moduli sheaf operator theory,23,1292,0.017802
math,2012,74,Singular Plateau Douglas Problem,19,1292,0.014706
math,2012,75,Flat-polygon Helmholtz boundary integrals,8,1292,0.006192
math,2012,76,Exponential family mirror descent,3,1292,0.002322
math,2012,77,Heavy-tail renewal mixing times,13,1292,0.010062
math,2012,78,Perfect divisibility graphs,30,1292,0.02322
math,2012,79,Operator regression acceleration,7,1292,0.005418
math,2012,80,Hardy space fractional operators,13,1292,0.010062
math,2012,81,q-kostka polynomials,8,1292,0.006192
math,2012,82,Hive-spectrum large deviations,32,1292,0.024768
math,2012,83,Decentralized consensus topologies,6,1292,0.004644
math,2012,84,Fano threefold geometry,10,1292,0.00774
math,2012,85,Fractional Maximal Operators,24,1292,0.018576
math,2012,86,Taylor measure theory,10,1292,0.00774
math,2012,87,Complete intersection foliations,29,1292,0.022446
math,2012,88,Physics-informed synthetic data generation,0,1292,0.0
math,2012,89,Operadic Kan extensions,17,1292,0.013158
math,2013,0,Banach space indices,9,1481,0.006077
math,2013,1,Mirror symmetry cohomology,20,1481,0.013504
math,2013,2,Polynomial norm bounds,17,1481,0.011479
math,2013,3,Yangian deformations,8,1481,0.005402
math,2013,4,Multiplier ideals,20,1481,0.013504
math,2013,5,Foliation theory,22,1481,0.014855
math,2013,6,Clifford-algebra group theory,16,1481,0.010804
math,2013,7,Hahn-Banach extensions,30,1481,0.020257
math,2013,8,Quantum affine representations,11,1481,0.007427
math,2013,9,Local cohomology monomial ideals,24,1481,0.016205
math,2013,10,Pattern-avoiding permutations,23,1481,0.01553
math,2013,11,Singular variety zeta invariants,12,1481,0.008103
math,2013,12,Spectral amplitude relations,20,1481,0.013504
math,2013,13,Quantum superalgebra structures,11,1481,0.007427
math,2013,14,Geometric group theory equivalence,40,1481,0.027009
math,2013,15,Knot move invariants,24,1481,0.016205
math,2013,16,Fano variety bounds,5,1481,0.003376
math,2013,17,Polynomial root arrangement homology,10,1481,0.006752
math,2013,18,Contact circle moduli,13,1481,0.008778
math,2013,19,Representability failure,8,1481,0.005402
math,2013,20,Commutator subgroup bounds,13,1481,0.008778
math,2013,21,Mirror symmetry invariants,10,1481,0.006752
math,2013,22,Toric modular forms,24,1481,0.016205
math,2013,23,Projective Galois group endomorphisms,30,1481,0.020257
math,2013,24,Special function spectral measures,15,1481,0.010128
math,2013,25,Double plane structures,40,1481,0.027009
math,2013,26,Coring modules theory,10,1481,0.006752
math,2013,27,Random walk aging limits,9,1481,0.006077
math,2013,28,Quiver representation theory,10,1481,0.006752
math,2013,29,Random packing asymptotics,21,1481,0.01418
math,2013,30,Einstein-Kähler metrics,34,1481,0.022957
math,2013,31,Percolation compatibility,7,1481,0.004727
math,2013,32,Super Lie identity theorems,17,1481,0.011479
math,2013,33,Fibre-space Hodge cohomology vanishing,24,1481,0.016205
math,2013,34,Lamination geodesic convergence,9,1481,0.006077
math,2013,35,Ribbon tableaux algebras,8,1481,0.005402
math,2013,36,Supermanifold Ricci flatness,9,1481,0.006077
math,2013,37,Random heap dynamics,15,1481,0.010128
math,2013,38,Noncommutative crepant resolutions,36,1481,0.024308
math,2013,39,p-adic modular traces,12,1481,0.008103
math,2013,40,Numerical PDE error analysis,11,1481,0.007427
math,2013,41,Prime divisor asymptotics,13,1481,0.008778
math,2013,42,Polynomial congruence bounds,10,1481,0.006752
math,2013,43,Fragmentation-coalescent processes,16,1481,0.010804
math,2013,44,Mirror symmetry i-functions,11,1481,0.007427
math,2013,45,Gibbs measure convergence,12,1481,0.008103
math,2013,46,Siegel uniformity conjecture,23,1481,0.01553
math,2013,47,Group embedding dimension bounds,15,1481,0.010128
math,2013,48,Convex cone optimization,15,1481,0.010128
math,2013,49,Hecke algebra completions,9,1481,0.006077
math,2013,50,Clique-partition extremal graphs,7,1481,0.004727
math,2013,51,Inverse-limit ergodic theory,11,1481,0.007427
math,2013,52,Galois cohomology obstructions,10,1481,0.006752
math,2013,53,Free product von Neumann algebras,12,1481,0.008103
math,2013,54,Non-symplectic group actions,26,1481,0.017556
math,2013,55,Hodge-Frobenius manifolds,23,1481,0.01553
math,2013,56,Grassmannian polynomial systems,14,1481,0.009453
math,2013,57,Signed domination complexity,29,1481,0.019581
math,2013,58,Reduced Khovanov homology,20,1481,0.013504
math,2013,59,Contact manifold fillings,14,1481,0.009453
math,2013,60,Martingale measure augmentation,26,1481,0.017556
math,2013,61,Multizeta q-values,24,1481,0.016205
math,2013,62,Pro pp group commensurability,21,1481,0.01418
math,2013,63,Sandpile criticality,16,1481,0.010804
math,2013,64,Genomic tableaux theory,6,1481,0.004051
math,2013,65,n-ary bihom algebras,14,1481,0.009453
math,2013,66,Non-smooth proximal gradient analysis,9,1481,0.006077
math,2013,67,Nonlocal diffusion regularity,21,1481,0.01418
math,2013,68,Extended hypergeometric functions,16,1481,0.010804
math,2013,69,Generalized threshold arrangements,8,1481,0.005402
math,2013,70,Assouad dimension projections,5,1481,0.003376
math,2013,71,Caterpillar percolation analysis,17,1481,0.011479
math,2013,72,Quadratic Gorenstein ideals,24,1481,0.016205
math,2013,73,Moduli sheaf operator theory,15,1481,0.010128
math,2013,74,Singular Plateau Douglas Problem,20,1481,0.013504
math,2013,75,Flat-polygon Helmholtz boundary integrals,11,1481,0.007427
math,2013,76,Exponential family mirror descent,6,1481,0.004051
math,2013,77,Heavy-tail renewal mixing times,17,1481,0.011479
math,2013,78,Perfect divisibility graphs,63,1481,0.042539
math,2013,79,Operator regression acceleration,7,1481,0.004727
math,2013,80,Hardy space fractional operators,8,1481,0.005402
math,2013,81,q-kostka polynomials,9,1481,0.006077
math,2013,82,Hive-spectrum large deviations,26,1481,0.017556
math,2013,83,Decentralized consensus topologies,7,1481,0.004727
math,2013,84,Fano threefold geometry,13,1481,0.008778
math,2013,85,Fractional Maximal Operators,24,1481,0.016205
math,2013,86,Taylor measure theory,13,1481,0.008778
math,2013,87,Complete intersection foliations,23,1481,0.01553
math,2013,88,Physics-informed synthetic data generation,0,1481,0.0
math,2013,89,Operadic Kan extensions,15,1481,0.010128
math,2014,0,Banach space indices,10,1530,0.006536
math,2014,1,Mirror symmetry cohomology,23,1530,0.015033
math,2014,2,Polynomial norm bounds,21,1530,0.013725
math,2014,3,Yangian deformations,16,1530,0.010458
math,2014,4,Multiplier ideals,12,1530,0.007843
math,2014,5,Foliation theory,20,1530,0.013072
math,2014,6,Clifford-algebra group theory,26,1530,0.016993
math,2014,7,Hahn-Banach extensions,13,1530,0.008497
math,2014,8,Quantum affine representations,27,1530,0.017647
math,2014,9,Local cohomology monomial ideals,20,1530,0.013072
math,2014,10,Pattern-avoiding permutations,36,1530,0.023529
math,2014,11,Singular variety zeta invariants,12,1530,0.007843
math,2014,12,Spectral amplitude relations,29,1530,0.018954
math,2014,13,Quantum superalgebra structures,20,1530,0.013072
math,2014,14,Geometric group theory equivalence,37,1530,0.024183
math,2014,15,Knot move invariants,17,1530,0.011111
math,2014,16,Fano variety bounds,14,1530,0.00915
math,2014,17,Polynomial root arrangement homology,12,1530,0.007843
math,2014,18,Contact circle moduli,9,1530,0.005882
math,2014,19,Representability failure,16,1530,0.010458
math,2014,20,Commutator subgroup bounds,13,1530,0.008497
math,2014,21,Mirror symmetry invariants,16,1530,0.010458
math,2014,22,Toric modular forms,17,1530,0.011111
math,2014,23,Projective Galois group endomorphisms,25,1530,0.01634
math,2014,24,Special function spectral measures,10,1530,0.006536
math,2014,25,Double plane structures,38,1530,0.024837
math,2014,26,Coring modules theory,10,1530,0.006536
math,2014,27,Random walk aging limits,15,1530,0.009804
math,2014,28,Quiver representation theory,10,1530,0.006536
math,2014,29,Random packing asymptotics,14,1530,0.00915
math,2014,30,Einstein-Kähler metrics,41,1530,0.026797
math,2014,31,Percolation compatibility,18,1530,0.011765
math,2014,32,Super Lie identity theorems,10,1530,0.006536
math,2014,33,Fibre-space Hodge cohomology vanishing,16,1530,0.010458
math,2014,34,Lamination geodesic convergence,13,1530,0.008497
math,2014,35,Ribbon tableaux algebras,15,1530,0.009804
math,2014,36,Supermanifold Ricci flatness,2,1530,0.001307
math,2014,37,Random heap dynamics,23,1530,0.015033
math,2014,38,Noncommutative crepant resolutions,23,1530,0.015033
math,2014,39,p-adic modular traces,8,1530,0.005229
math,2014,40,Numerical PDE error analysis,15,1530,0.009804
math,2014,41,Prime divisor asymptotics,18,1530,0.011765
math,2014,42,Polynomial congruence bounds,11,1530,0.00719
math,2014,43,Fragmentation-coalescent processes,8,1530,0.005229
math,2014,44,Mirror symmetry i-functions,13,1530,0.008497
math,2014,45,Gibbs measure convergence,10,1530,0.006536
math,2014,46,Siegel uniformity conjecture,17,1530,0.011111
math,2014,47,Group embedding dimension bounds,16,1530,0.010458
math,2014,48,Convex cone optimization,17,1530,0.011111
math,2014,49,Hecke algebra completions,19,1530,0.012418
math,2014,50,Clique-partition extremal graphs,9,1530,0.005882
math,2014,51,Inverse-limit ergodic theory,13,1530,0.008497
math,2014,52,Galois cohomology obstructions,22,1530,0.014379
math,2014,53,Free product von Neumann algebras,9,1530,0.005882
math,2014,54,Non-symplectic group actions,26,1530,0.016993
math,2014,55,Hodge-Frobenius manifolds,26,1530,0.016993
math,2014,56,Grassmannian polynomial systems,16,1530,0.010458
math,2014,57,Signed domination complexity,23,1530,0.015033
math,2014,58,Reduced Khovanov homology,19,1530,0.012418
math,2014,59,Contact manifold fillings,15,1530,0.009804
math,2014,60,Martingale measure augmentation,23,1530,0.015033
math,2014,61,Multizeta q-values,6,1530,0.003922
math,2014,62,Pro pp group commensurability,28,1530,0.018301
math,2014,63,Sandpile criticality,8,1530,0.005229
math,2014,64,Genomic tableaux theory,13,1530,0.008497
math,2014,65,n-ary bihom algebras,12,1530,0.007843
math,2014,66,Non-smooth proximal gradient analysis,14,1530,0.00915
math,2014,67,Nonlocal diffusion regularity,17,1530,0.011111
math,2014,68,Extended hypergeometric functions,24,1530,0.015686
math,2014,69,Generalized threshold arrangements,6,1530,0.003922
math,2014,70,Assouad dimension projections,3,1530,0.001961
math,2014,71,Caterpillar percolation analysis,9,1530,0.005882
math,2014,72,Quadratic Gorenstein ideals,23,1530,0.015033
math,2014,73,Moduli sheaf operator theory,16,1530,0.010458
math,2014,74,Singular Plateau Douglas Problem,17,1530,0.011111
math,2014,75,Flat-polygon Helmholtz boundary integrals,7,1530,0.004575
math,2014,76,Exponential family mirror descent,7,1530,0.004575
math,2014,77,Heavy-tail renewal mixing times,17,1530,0.011111
math,2014,78,Perfect divisibility graphs,56,1530,0.036601
math,2014,79,Operator regression acceleration,11,1530,0.00719
math,2014,80,Hardy space fractional operators,12,1530,0.007843
math,2014,81,q-kostka polynomials,9,1530,0.005882
math,2014,82,Hive-spectrum large deviations,34,1530,0.022222
math,2014,83,Decentralized consensus topologies,5,1530,0.003268
math,2014,84,Fano threefold geometry,10,1530,0.006536
math,2014,85,Fractional Maximal Operators,22,1530,0.014379
math,2014,86,Taylor measure theory,16,1530,0.010458
math,2014,87,Complete intersection foliations,29,1530,0.018954
math,2014,88,Physics-informed synthetic data generation,0,1530,0.0
math,2014,89,Operadic Kan extensions,27,1530,0.017647
math,2015,0,Banach space indices,15,1731,0.008666
math,2015,1,Mirror symmetry cohomology,18,1731,0.010399
math,2015,2,Polynomial norm bounds,31,1731,0.017909
math,2015,3,Yangian deformations,7,1731,0.004044
math,2015,4,Multiplier ideals,21,1731,0.012132
math,2015,5,Foliation theory,17,1731,0.009821
math,2015,6,Clifford-algebra group theory,23,1731,0.013287
math,2015,7,Hahn-Banach extensions,21,1731,0.012132
math,2015,8,Quantum affine representations,14,1731,0.008088
math,2015,9,Local cohomology monomial ideals,13,1731,0.00751
math,2015,10,Pattern-avoiding permutations,39,1731,0.02253
math,2015,11,Singular variety zeta invariants,14,1731,0.008088
math,2015,12,Spectral amplitude relations,30,1731,0.017331
math,2015,13,Quantum superalgebra structures,16,1731,0.009243
math,2015,14,Geometric group theory equivalence,29,1731,0.016753
math,2015,15,Knot move invariants,30,1731,0.017331
math,2015,16,Fano variety bounds,13,1731,0.00751
math,2015,17,Polynomial root arrangement homology,14,1731,0.008088
math,2015,18,Contact circle moduli,14,1731,0.008088
math,2015,19,Representability failure,11,1731,0.006355
math,2015,20,Commutator subgroup bounds,13,1731,0.00751
math,2015,21,Mirror symmetry invariants,19,1731,0.010976
math,2015,22,Toric modular forms,21,1731,0.012132
math,2015,23,Projective Galois group endomorphisms,35,1731,0.02022
math,2015,24,Special function spectral measures,13,1731,0.00751
math,2015,25,Double plane structures,48,1731,0.02773
math,2015,26,Coring modules theory,8,1731,0.004622
math,2015,27,Random walk aging limits,13,1731,0.00751
math,2015,28,Quiver representation theory,7,1731,0.004044
math,2015,29,Random packing asymptotics,22,1731,0.012709
math,2015,30,Einstein-Kähler metrics,27,1731,0.015598
math,2015,31,Percolation compatibility,16,1731,0.009243
math,2015,32,Super Lie identity theorems,14,1731,0.008088
math,2015,33,Fibre-space Hodge cohomology vanishing,24,1731,0.013865
math,2015,34,Lamination geodesic convergence,18,1731,0.010399
math,2015,35,Ribbon tableaux algebras,9,1731,0.005199
math,2015,36,Supermanifold Ricci flatness,12,1731,0.006932
math,2015,37,Random heap dynamics,16,1731,0.009243
math,2015,38,Noncommutative crepant resolutions,28,1731,0.016176
math,2015,39,p-adic modular traces,10,1731,0.005777
math,2015,40,Numerical PDE error analysis,27,1731,0.015598
math,2015,41,Prime divisor asymptotics,20,1731,0.011554
math,2015,42,Polynomial congruence bounds,14,1731,0.008088
math,2015,43,Fragmentation-coalescent processes,23,1731,0.013287
math,2015,44,Mirror symmetry i-functions,19,1731,0.010976
math,2015,45,Gibbs measure convergence,8,1731,0.004622
math,2015,46,Siegel uniformity conjecture,26,1731,0.01502
math,2015,47,Group embedding dimension bounds,16,1731,0.009243
math,2015,48,Convex cone optimization,23,1731,0.013287
math,2015,49,Hecke algebra completions,10,1731,0.005777
math,2015,50,Clique-partition extremal graphs,19,1731,0.010976
math,2015,51,Inverse-limit ergodic theory,24,1731,0.013865
math,2015,52,Galois cohomology obstructions,18,1731,0.010399
math,2015,53,Free product von Neumann algebras,11,1731,0.006355
math,2015,54,Non-symplectic group actions,43,1731,0.024841
math,2015,55,Hodge-Frobenius manifolds,22,1731,0.012709
math,2015,56,Grassmannian polynomial systems,6,1731,0.003466
math,2015,57,Signed domination complexity,28,1731,0.016176
math,2015,58,Reduced Khovanov homology,15,1731,0.008666
math,2015,59,Contact manifold fillings,11,1731,0.006355
math,2015,60,Martingale measure augmentation,36,1731,0.020797
math,2015,61,Multizeta q-values,15,1731,0.008666
math,2015,62,Pro pp group commensurability,32,1731,0.018486
math,2015,63,Sandpile criticality,13,1731,0.00751
math,2015,64,Genomic tableaux theory,16,1731,0.009243
math,2015,65,n-ary bihom algebras,17,1731,0.009821
math,2015,66,Non-smooth proximal gradient analysis,9,1731,0.005199
math,2015,67,Nonlocal diffusion regularity,22,1731,0.012709
math,2015,68,Extended hypergeometric functions,22,1731,0.012709
math,2015,69,Generalized threshold arrangements,12,1731,0.006932
math,2015,70,Assouad dimension projections,11,1731,0.006355
math,2015,71,Caterpillar percolation analysis,8,1731,0.004622
math,2015,72,Quadratic Gorenstein ideals,10,1731,0.005777
math,2015,73,Moduli sheaf operator theory,25,1731,0.014443
math,2015,74,Singular Plateau Douglas Problem,19,1731,0.010976
math,2015,75,Flat-polygon Helmholtz boundary integrals,6,1731,0.003466
math,2015,76,Exponential family mirror descent,7,1731,0.004044
math,2015,77,Heavy-tail renewal mixing times,17,1731,0.009821
math,2015,78,Perfect divisibility graphs,65,1731,0.037551
math,2015,79,Operator regression acceleration,16,1731,0.009243
math,2015,80,Hardy space fractional operators,15,1731,0.008666
math,2015,81,q-kostka polynomials,13,1731,0.00751
math,2015,82,Hive-spectrum large deviations,47,1731,0.027152
math,2015,83,Decentralized consensus topologies,11,1731,0.006355
math,2015,84,Fano threefold geometry,22,1731,0.012709
math,2015,85,Fractional Maximal Operators,26,1731,0.01502
math,2015,86,Taylor measure theory,12,1731,0.006932
math,2015,87,Complete intersection foliations,29,1731,0.016753
math,2015,88,Physics-informed synthetic data generation,0,1731,0.0
math,2015,89,Operadic Kan extensions,32,1731,0.018486
math,2016,0,Banach space indices,13,1821,0.007139
math,2016,1,Mirror symmetry cohomology,15,1821,0.008237
math,2016,2,Polynomial norm bounds,28,1821,0.015376
math,2016,3,Yangian deformations,20,1821,0.010983
math,2016,4,Multiplier ideals,21,1821,0.011532
math,2016,5,Foliation theory,12,1821,0.00659
math,2016,6,Clifford-algebra group theory,34,1821,0.018671
math,2016,7,Hahn-Banach extensions,19,1821,0.010434
math,2016,8,Quantum affine representations,25,1821,0.013729
math,2016,9,Local cohomology monomial ideals,22,1821,0.012081
math,2016,10,Pattern-avoiding permutations,27,1821,0.014827
math,2016,11,Singular variety zeta invariants,15,1821,0.008237
math,2016,12,Spectral amplitude relations,24,1821,0.01318
math,2016,13,Quantum superalgebra structures,13,1821,0.007139
math,2016,14,Geometric group theory equivalence,40,1821,0.021966
math,2016,15,Knot move invariants,21,1821,0.011532
math,2016,16,Fano variety bounds,13,1821,0.007139
math,2016,17,Polynomial root arrangement homology,15,1821,0.008237
math,2016,18,Contact circle moduli,16,1821,0.008786
math,2016,19,Representability failure,14,1821,0.007688
math,2016,20,Commutator subgroup bounds,13,1821,0.007139
math,2016,21,Mirror symmetry invariants,15,1821,0.008237
math,2016,22,Toric modular forms,34,1821,0.018671
math,2016,23,Projective Galois group endomorphisms,30,1821,0.016474
math,2016,24,Special function spectral measures,17,1821,0.009336
math,2016,25,Double plane structures,51,1821,0.028007
math,2016,26,Coring modules theory,9,1821,0.004942
math,2016,27,Random walk aging limits,14,1821,0.007688
math,2016,28,Quiver representation theory,10,1821,0.005491
math,2016,29,Random packing asymptotics,15,1821,0.008237
math,2016,30,Einstein-Kähler metrics,29,1821,0.015925
math,2016,31,Percolation compatibility,12,1821,0.00659
math,2016,32,Super Lie identity theorems,20,1821,0.010983
math,2016,33,Fibre-space Hodge cohomology vanishing,31,1821,0.017024
math,2016,34,Lamination geodesic convergence,10,1821,0.005491
math,2016,35,Ribbon tableaux algebras,6,1821,0.003295
math,2016,36,Supermanifold Ricci flatness,9,1821,0.004942
math,2016,37,Random heap dynamics,17,1821,0.009336
math,2016,38,Noncommutative crepant resolutions,36,1821,0.019769
math,2016,39,p-adic modular traces,15,1821,0.008237
math,2016,40,Numerical PDE error analysis,20,1821,0.010983
math,2016,41,Prime divisor asymptotics,11,1821,0.006041
math,2016,42,Polynomial congruence bounds,21,1821,0.011532
math,2016,43,Fragmentation-coalescent processes,20,1821,0.010983
math,2016,44,Mirror symmetry i-functions,13,1821,0.007139
math,2016,45,Gibbs measure convergence,8,1821,0.004393
math,2016,46,Siegel uniformity conjecture,31,1821,0.017024
math,2016,47,Group embedding dimension bounds,20,1821,0.010983
math,2016,48,Convex cone optimization,25,1821,0.013729
math,2016,49,Hecke algebra completions,15,1821,0.008237
math,2016,50,Clique-partition extremal graphs,12,1821,0.00659
math,2016,51,Inverse-limit ergodic theory,14,1821,0.007688
math,2016,52,Galois cohomology obstructions,20,1821,0.010983
math,2016,53,Free product von Neumann algebras,8,1821,0.004393
math,2016,54,Non-symplectic group actions,31,1821,0.017024
math,2016,55,Hodge-Frobenius manifolds,18,1821,0.009885
math,2016,56,Grassmannian polynomial systems,10,1821,0.005491
math,2016,57,Signed domination complexity,39,1821,0.021417
math,2016,58,Reduced Khovanov homology,16,1821,0.008786
math,2016,59,Contact manifold fillings,15,1821,0.008237
math,2016,60,Martingale measure augmentation,20,1821,0.010983
math,2016,61,Multizeta q-values,27,1821,0.014827
math,2016,62,Pro pp group commensurability,26,1821,0.014278
math,2016,63,Sandpile criticality,16,1821,0.008786
math,2016,64,Genomic tableaux theory,18,1821,0.009885
math,2016,65,n-ary bihom algebras,10,1821,0.005491
math,2016,66,Non-smooth proximal gradient analysis,27,1821,0.014827
math,2016,67,Nonlocal diffusion regularity,24,1821,0.01318
math,2016,68,Extended hypergeometric functions,27,1821,0.014827
math,2016,69,Generalized threshold arrangements,10,1821,0.005491
math,2016,70,Assouad dimension projections,8,1821,0.004393
math,2016,71,Caterpillar percolation analysis,19,1821,0.010434
math,2016,72,Quadratic Gorenstein ideals,21,1821,0.011532
math,2016,73,Moduli sheaf operator theory,28,1821,0.015376
math,2016,74,Singular Plateau Douglas Problem,31,1821,0.017024
math,2016,75,Flat-polygon Helmholtz boundary integrals,18,1821,0.009885
math,2016,76,Exponential family mirror descent,14,1821,0.007688
math,2016,77,Heavy-tail renewal mixing times,18,1821,0.009885
math,2016,78,Perfect divisibility graphs,80,1821,0.043932
math,2016,79,Operator regression acceleration,11,1821,0.006041
math,2016,80,Hardy space fractional operators,13,1821,0.007139
math,2016,81,q-kostka polynomials,18,1821,0.009885
math,2016,82,Hive-spectrum large deviations,26,1821,0.014278
math,2016,83,Decentralized consensus topologies,13,1821,0.007139
math,2016,84,Fano threefold geometry,16,1821,0.008786
math,2016,85,Fractional Maximal Operators,34,1821,0.018671
math,2016,86,Taylor measure theory,14,1821,0.007688
math,2016,87,Complete intersection foliations,43,1821,0.023613
math,2016,88,Physics-informed synthetic data generation,0,1821,0.0
math,2016,89,Operadic Kan extensions,24,1821,0.01318
math,2017,0,Banach space indices,12,1954,0.006141
math,2017,1,Mirror symmetry cohomology,20,1954,0.010235
math,2017,2,Polynomial norm bounds,22,1954,0.011259
math,2017,3,Yangian deformations,11,1954,0.005629
math,2017,4,Multiplier ideals,18,1954,0.009212
math,2017,5,Foliation theory,20,1954,0.010235
math,2017,6,Clifford-algebra group theory,18,1954,0.009212
math,2017,7,Hahn-Banach extensions,20,1954,0.010235
math,2017,8,Quantum affine representations,19,1954,0.009724
math,2017,9,Local cohomology monomial ideals,25,1954,0.012794
math,2017,10,Pattern-avoiding permutations,36,1954,0.018424
math,2017,11,Singular variety zeta invariants,19,1954,0.009724
math,2017,12,Spectral amplitude relations,39,1954,0.019959
math,2017,13,Quantum superalgebra structures,19,1954,0.009724
math,2017,14,Geometric group theory equivalence,36,1954,0.018424
math,2017,15,Knot move invariants,28,1954,0.01433
math,2017,16,Fano variety bounds,21,1954,0.010747
math,2017,17,Polynomial root arrangement homology,16,1954,0.008188
math,2017,18,Contact circle moduli,13,1954,0.006653
math,2017,19,Representability failure,12,1954,0.006141
math,2017,20,Commutator subgroup bounds,9,1954,0.004606
math,2017,21,Mirror symmetry invariants,16,1954,0.008188
math,2017,22,Toric modular forms,19,1954,0.009724
math,2017,23,Projective Galois group endomorphisms,36,1954,0.018424
math,2017,24,Special function spectral measures,12,1954,0.006141
math,2017,25,Double plane structures,43,1954,0.022006
math,2017,26,Coring modules theory,13,1954,0.006653
math,2017,27,Random walk aging limits,22,1954,0.011259
math,2017,28,Quiver representation theory,14,1954,0.007165
math,2017,29,Random packing asymptotics,34,1954,0.0174
math,2017,30,Einstein-Kähler metrics,33,1954,0.016888
math,2017,31,Percolation compatibility,11,1954,0.005629
math,2017,32,Super Lie identity theorems,16,1954,0.008188
math,2017,33,Fibre-space Hodge cohomology vanishing,32,1954,0.016377
math,2017,34,Lamination geodesic convergence,26,1954,0.013306
math,2017,35,Ribbon tableaux algebras,12,1954,0.006141
math,2017,36,Supermanifold Ricci flatness,13,1954,0.006653
math,2017,37,Random heap dynamics,19,1954,0.009724
math,2017,38,Noncommutative crepant resolutions,45,1954,0.02303
math,2017,39,p-adic modular traces,15,1954,0.007677
math,2017,40,Numerical PDE error analysis,24,1954,0.012282
math,2017,41,Prime divisor asymptotics,25,1954,0.012794
math,2017,42,Polynomial congruence bounds,11,1954,0.005629
math,2017,43,Fragmentation-coalescent processes,14,1954,0.007165
math,2017,44,Mirror symmetry i-functions,12,1954,0.006141
math,2017,45,Gibbs measure convergence,13,1954,0.006653
math,2017,46,Siegel uniformity conjecture,31,1954,0.015865
math,2017,47,Group embedding dimension bounds,13,1954,0.006653
math,2017,48,Convex cone optimization,28,1954,0.01433
math,2017,49,Hecke algebra completions,7,1954,0.003582
math,2017,50,Clique-partition extremal graphs,16,1954,0.008188
math,2017,51,Inverse-limit ergodic theory,16,1954,0.008188
math,2017,52,Galois cohomology obstructions,13,1954,0.006653
math,2017,53,Free product von Neumann algebras,11,1954,0.005629
math,2017,54,Non-symplectic group actions,30,1954,0.015353
math,2017,55,Hodge-Frobenius manifolds,25,1954,0.012794
math,2017,56,Grassmannian polynomial systems,16,1954,0.008188
math,2017,57,Signed domination complexity,38,1954,0.019447
math,2017,58,Reduced Khovanov homology,18,1954,0.009212
math,2017,59,Contact manifold fillings,24,1954,0.012282
math,2017,60,Martingale measure augmentation,28,1954,0.01433
math,2017,61,Multizeta q-values,13,1954,0.006653
math,2017,62,Pro pp group commensurability,40,1954,0.020471
math,2017,63,Sandpile criticality,19,1954,0.009724
math,2017,64,Genomic tableaux theory,5,1954,0.002559
math,2017,65,n-ary bihom algebras,23,1954,0.011771
math,2017,66,Non-smooth proximal gradient analysis,39,1954,0.019959
math,2017,67,Nonlocal diffusion regularity,22,1954,0.011259
math,2017,68,Extended hypergeometric functions,18,1954,0.009212
math,2017,69,Generalized threshold arrangements,15,1954,0.007677
math,2017,70,Assouad dimension projections,18,1954,0.009212
math,2017,71,Caterpillar percolation analysis,11,1954,0.005629
math,2017,72,Quadratic Gorenstein ideals,21,1954,0.010747
math,2017,73,Moduli sheaf operator theory,21,1954,0.010747
math,2017,74,Singular Plateau Douglas Problem,36,1954,0.018424
math,2017,75,Flat-polygon Helmholtz boundary integrals,8,1954,0.004094
math,2017,76,Exponential family mirror descent,14,1954,0.007165
math,2017,77,Heavy-tail renewal mixing times,24,1954,0.012282
math,2017,78,Perfect divisibility graphs,77,1954,0.039406
math,2017,79,Operator regression acceleration,26,1954,0.013306
math,2017,80,Hardy space fractional operators,22,1954,0.011259
math,2017,81,q-kostka polynomials,14,1954,0.007165
math,2017,82,Hive-spectrum large deviations,36,1954,0.018424
math,2017,83,Decentralized consensus topologies,18,1954,0.009212
math,2017,84,Fano threefold geometry,19,1954,0.009724
math,2017,85,Fractional Maximal Operators,33,1954,0.016888
math,2017,86,Taylor measure theory,13,1954,0.006653
math,2017,87,Complete intersection foliations,31,1954,0.015865
math,2017,88,Physics-informed synthetic data generation,8,1954,0.004094
math,2017,89,Operadic Kan extensions,33,1954,0.016888
math,2018,0,Banach space indices,23,2069,0.011116
math,2018,1,Mirror symmetry cohomology,21,2069,0.01015
math,2018,2,Polynomial norm bounds,32,2069,0.015466
math,2018,3,Yangian deformations,16,2069,0.007733
math,2018,4,Multiplier ideals,19,2069,0.009183
math,2018,5,Foliation theory,16,2069,0.007733
math,2018,6,Clifford-algebra group theory,31,2069,0.014983
math,2018,7,Hahn-Banach extensions,29,2069,0.014016
math,2018,8,Quantum affine representations,18,2069,0.0087
math,2018,9,Local cohomology monomial ideals,20,2069,0.009667
math,2018,10,Pattern-avoiding permutations,42,2069,0.0203
math,2018,11,Singular variety zeta invariants,10,2069,0.004833
math,2018,12,Spectral amplitude relations,18,2069,0.0087
math,2018,13,Quantum superalgebra structures,24,2069,0.0116
math,2018,14,Geometric group theory equivalence,49,2069,0.023683
math,2018,15,Knot move invariants,27,2069,0.01305
math,2018,16,Fano variety bounds,22,2069,0.010633
math,2018,17,Polynomial root arrangement homology,16,2069,0.007733
math,2018,18,Contact circle moduli,7,2069,0.003383
math,2018,19,Representability failure,12,2069,0.0058
math,2018,20,Commutator subgroup bounds,19,2069,0.009183
math,2018,21,Mirror symmetry invariants,22,2069,0.010633
math,2018,22,Toric modular forms,32,2069,0.015466
math,2018,23,Projective Galois group endomorphisms,46,2069,0.022233
math,2018,24,Special function spectral measures,6,2069,0.0029
math,2018,25,Double plane structures,38,2069,0.018366
math,2018,26,Coring modules theory,14,2069,0.006767
math,2018,27,Random walk aging limits,20,2069,0.009667
math,2018,28,Quiver representation theory,15,2069,0.00725
math,2018,29,Random packing asymptotics,19,2069,0.009183
math,2018,30,Einstein-Kähler metrics,35,2069,0.016916
math,2018,31,Percolation compatibility,17,2069,0.008217
math,2018,32,Super Lie identity theorems,16,2069,0.007733
math,2018,33,Fibre-space Hodge cohomology vanishing,34,2069,0.016433
math,2018,34,Lamination geodesic convergence,23,2069,0.011116
math,2018,35,Ribbon tableaux algebras,12,2069,0.0058
math,2018,36,Supermanifold Ricci flatness,14,2069,0.006767
math,2018,37,Random heap dynamics,18,2069,0.0087
math,2018,38,Noncommutative crepant resolutions,30,2069,0.0145
math,2018,39,p-adic modular traces,10,2069,0.004833
math,2018,40,Numerical PDE error analysis,33,2069,0.01595
math,2018,41,Prime divisor asymptotics,21,2069,0.01015
math,2018,42,Polynomial congruence bounds,10,2069,0.004833
math,2018,43,Fragmentation-coalescent processes,13,2069,0.006283
math,2018,44,Mirror symmetry i-functions,19,2069,0.009183
math,2018,45,Gibbs measure convergence,15,2069,0.00725
math,2018,46,Siegel uniformity conjecture,22,2069,0.010633
math,2018,47,Group embedding dimension bounds,10,2069,0.004833
math,2018,48,Convex cone optimization,49,2069,0.023683
math,2018,49,Hecke algebra completions,13,2069,0.006283
math,2018,50,Clique-partition extremal graphs,20,2069,0.009667
math,2018,51,Inverse-limit ergodic theory,18,2069,0.0087
math,2018,52,Galois cohomology obstructions,21,2069,0.01015
math,2018,53,Free product von Neumann algebras,14,2069,0.006767
math,2018,54,Non-symplectic group actions,29,2069,0.014016
math,2018,55,Hodge-Frobenius manifolds,24,2069,0.0116
math,2018,56,Grassmannian polynomial systems,14,2069,0.006767
math,2018,57,Signed domination complexity,51,2069,0.02465
math,2018,58,Reduced Khovanov homology,23,2069,0.011116
math,2018,59,Contact manifold fillings,12,2069,0.0058
math,2018,60,Martingale measure augmentation,28,2069,0.013533
math,2018,61,Multizeta q-values,17,2069,0.008217
math,2018,62,Pro pp group commensurability,33,2069,0.01595
math,2018,63,Sandpile criticality,12,2069,0.0058
math,2018,64,Genomic tableaux theory,17,2069,0.008217
math,2018,65,n-ary bihom algebras,14,2069,0.006767
math,2018,66,Non-smooth proximal gradient analysis,40,2069,0.019333
math,2018,67,Nonlocal diffusion regularity,31,2069,0.014983
math,2018,68,Extended hypergeometric functions,32,2069,0.015466
math,2018,69,Generalized threshold arrangements,18,2069,0.0087
math,2018,70,Assouad dimension projections,18,2069,0.0087
math,2018,71,Caterpillar percolation analysis,16,2069,0.007733
math,2018,72,Quadratic Gorenstein ideals,19,2069,0.009183
math,2018,73,Moduli sheaf operator theory,20,2069,0.009667
math,2018,74,Singular Plateau Douglas Problem,29,2069,0.014016
math,2018,75,Flat-polygon Helmholtz boundary integrals,23,2069,0.011116
math,2018,76,Exponential family mirror descent,20,2069,0.009667
math,2018,77,Heavy-tail renewal mixing times,15,2069,0.00725
math,2018,78,Perfect divisibility graphs,89,2069,0.043016
math,2018,79,Operator regression acceleration,26,2069,0.012566
math,2018,80,Hardy space fractional operators,21,2069,0.01015
math,2018,81,q-kostka polynomials,13,2069,0.006283
math,2018,82,Hive-spectrum large deviations,30,2069,0.0145
math,2018,83,Decentralized consensus topologies,27,2069,0.01305
math,2018,84,Fano threefold geometry,14,2069,0.006767
math,2018,85,Fractional Maximal Operators,43,2069,0.020783
math,2018,86,Taylor measure theory,21,2069,0.01015
math,2018,87,Complete intersection foliations,31,2069,0.014983
math,2018,88,Physics-informed synthetic data generation,3,2069,0.00145
math,2018,89,Operadic Kan extensions,26,2069,0.012566
math,2019,0,Banach space indices,14,2180,0.006422
math,2019,1,Mirror symmetry cohomology,27,2180,0.012385
math,2019,2,Polynomial norm bounds,33,2180,0.015138
math,2019,3,Yangian deformations,17,2180,0.007798
math,2019,4,Multiplier ideals,21,2180,0.009633
math,2019,5,Foliation theory,15,2180,0.006881
math,2019,6,Clifford-algebra group theory,30,2180,0.013761
math,2019,7,Hahn-Banach extensions,25,2180,0.011468
math,2019,8,Quantum affine representations,22,2180,0.010092
math,2019,9,Local cohomology monomial ideals,20,2180,0.009174
math,2019,10,Pattern-avoiding permutations,44,2180,0.020183
math,2019,11,Singular variety zeta invariants,14,2180,0.006422
math,2019,12,Spectral amplitude relations,29,2180,0.013303
math,2019,13,Quantum superalgebra structures,20,2180,0.009174
math,2019,14,Geometric group theory equivalence,57,2180,0.026147
math,2019,15,Knot move invariants,19,2180,0.008716
math,2019,16,Fano variety bounds,19,2180,0.008716
math,2019,17,Polynomial root arrangement homology,10,2180,0.004587
math,2019,18,Contact circle moduli,11,2180,0.005046
math,2019,19,Representability failure,17,2180,0.007798
math,2019,20,Commutator subgroup bounds,9,2180,0.004128
math,2019,21,Mirror symmetry invariants,18,2180,0.008257
math,2019,22,Toric modular forms,26,2180,0.011927
math,2019,23,Projective Galois group endomorphisms,42,2180,0.019266
math,2019,24,Special function spectral measures,14,2180,0.006422
math,2019,25,Double plane structures,42,2180,0.019266
math,2019,26,Coring modules theory,15,2180,0.006881
math,2019,27,Random walk aging limits,23,2180,0.01055
math,2019,28,Quiver representation theory,16,2180,0.007339
math,2019,29,Random packing asymptotics,30,2180,0.013761
math,2019,30,Einstein-Kähler metrics,27,2180,0.012385
math,2019,31,Percolation compatibility,13,2180,0.005963
math,2019,32,Super Lie identity theorems,25,2180,0.011468
math,2019,33,Fibre-space Hodge cohomology vanishing,31,2180,0.01422
math,2019,34,Lamination geodesic convergence,9,2180,0.004128
math,2019,35,Ribbon tableaux algebras,13,2180,0.005963
math,2019,36,Supermanifold Ricci flatness,17,2180,0.007798
math,2019,37,Random heap dynamics,22,2180,0.010092
math,2019,38,Noncommutative crepant resolutions,36,2180,0.016514
math,2019,39,p-adic modular traces,16,2180,0.007339
math,2019,40,Numerical PDE error analysis,48,2180,0.022018
math,2019,41,Prime divisor asymptotics,20,2180,0.009174
math,2019,42,Polynomial congruence bounds,12,2180,0.005505
math,2019,43,Fragmentation-coalescent processes,18,2180,0.008257
math,2019,44,Mirror symmetry i-functions,16,2180,0.007339
math,2019,45,Gibbs measure convergence,18,2180,0.008257
math,2019,46,Siegel uniformity conjecture,27,2180,0.012385
math,2019,47,Group embedding dimension bounds,13,2180,0.005963
math,2019,48,Convex cone optimization,45,2180,0.020642
math,2019,49,Hecke algebra completions,10,2180,0.004587
math,2019,50,Clique-partition extremal graphs,19,2180,0.008716
math,2019,51,Inverse-limit ergodic theory,21,2180,0.009633
math,2019,52,Galois cohomology obstructions,22,2180,0.010092
math,2019,53,Free product von Neumann algebras,14,2180,0.006422
math,2019,54,Non-symplectic group actions,31,2180,0.01422
math,2019,55,Hodge-Frobenius manifolds,25,2180,0.011468
math,2019,56,Grassmannian polynomial systems,10,2180,0.004587
math,2019,57,Signed domination complexity,46,2180,0.021101
math,2019,58,Reduced Khovanov homology,20,2180,0.009174
math,2019,59,Contact manifold fillings,14,2180,0.006422
math,2019,60,Martingale measure augmentation,32,2180,0.014679
math,2019,61,Multizeta q-values,18,2180,0.008257
math,2019,62,Pro pp group commensurability,32,2180,0.014679
math,2019,63,Sandpile criticality,15,2180,0.006881
math,2019,64,Genomic tableaux theory,16,2180,0.007339
math,2019,65,n-ary bihom algebras,14,2180,0.006422
math,2019,66,Non-smooth proximal gradient analysis,64,2180,0.029358
math,2019,67,Nonlocal diffusion regularity,31,2180,0.01422
math,2019,68,Extended hypergeometric functions,32,2180,0.014679
math,2019,69,Generalized threshold arrangements,14,2180,0.006422
math,2019,70,Assouad dimension projections,16,2180,0.007339
math,2019,71,Caterpillar percolation analysis,14,2180,0.006422
math,2019,72,Quadratic Gorenstein ideals,28,2180,0.012844
math,2019,73,Moduli sheaf operator theory,21,2180,0.009633
math,2019,74,Singular Plateau Douglas Problem,31,2180,0.01422
math,2019,75,Flat-polygon Helmholtz boundary integrals,27,2180,0.012385
math,2019,76,Exponential family mirror descent,22,2180,0.010092
math,2019,77,Heavy-tail renewal mixing times,14,2180,0.006422
math,2019,78,Perfect divisibility graphs,76,2180,0.034862
math,2019,79,Operator regression acceleration,56,2180,0.025688
math,2019,80,Hardy space fractional operators,20,2180,0.009174
math,2019,81,q-kostka polynomials,14,2180,0.006422
math,2019,82,Hive-spectrum large deviations,33,2180,0.015138
math,2019,83,Decentralized consensus topologies,30,2180,0.013761
math,2019,84,Fano threefold geometry,26,2180,0.011927
math,2019,85,Fractional Maximal Operators,34,2180,0.015596
math,2019,86,Taylor measure theory,14,2180,0.006422
math,2019,87,Complete intersection foliations,34,2180,0.015596
math,2019,88,Physics-informed synthetic data generation,12,2180,0.005505
math,2019,89,Operadic Kan extensions,33,2180,0.015138
math,2020,0,Banach space indices,20,2366,0.008453
math,2020,1,Mirror symmetry cohomology,31,2366,0.013102
math,2020,2,Polynomial norm bounds,40,2366,0.016906
math,2020,3,Yangian deformations,22,2366,0.009298
math,2020,4,Multiplier ideals,21,2366,0.008876
math,2020,5,Foliation theory,22,2366,0.009298
math,2020,6,Clifford-algebra group theory,22,2366,0.009298
math,2020,7,Hahn-Banach extensions,19,2366,0.00803
math,2020,8,Quantum affine representations,23,2366,0.009721
math,2020,9,Local cohomology monomial ideals,19,2366,0.00803
math,2020,10,Pattern-avoiding permutations,43,2366,0.018174
math,2020,11,Singular variety zeta invariants,16,2366,0.006762
math,2020,12,Spectral amplitude relations,27,2366,0.011412
math,2020,13,Quantum superalgebra structures,19,2366,0.00803
math,2020,14,Geometric group theory equivalence,41,2366,0.017329
math,2020,15,Knot move invariants,43,2366,0.018174
math,2020,16,Fano variety bounds,17,2366,0.007185
math,2020,17,Polynomial root arrangement homology,18,2366,0.007608
math,2020,18,Contact circle moduli,13,2366,0.005495
math,2020,19,Representability failure,31,2366,0.013102
math,2020,20,Commutator subgroup bounds,16,2366,0.006762
math,2020,21,Mirror symmetry invariants,19,2366,0.00803
math,2020,22,Toric modular forms,32,2366,0.013525
math,2020,23,Projective Galois group endomorphisms,37,2366,0.015638
math,2020,24,Special function spectral measures,15,2366,0.00634
math,2020,25,Double plane structures,50,2366,0.021133
math,2020,26,Coring modules theory,26,2366,0.010989
math,2020,27,Random walk aging limits,21,2366,0.008876
math,2020,28,Quiver representation theory,10,2366,0.004227
math,2020,29,Random packing asymptotics,41,2366,0.017329
math,2020,30,Einstein-Kähler metrics,32,2366,0.013525
math,2020,31,Percolation compatibility,20,2366,0.008453
math,2020,32,Super Lie identity theorems,21,2366,0.008876
math,2020,33,Fibre-space Hodge cohomology vanishing,37,2366,0.015638
math,2020,34,Lamination geodesic convergence,13,2366,0.005495
math,2020,35,Ribbon tableaux algebras,20,2366,0.008453
math,2020,36,Supermanifold Ricci flatness,15,2366,0.00634
math,2020,37,Random heap dynamics,20,2366,0.008453
math,2020,38,Noncommutative crepant resolutions,22,2366,0.009298
math,2020,39,p-adic modular traces,13,2366,0.005495
math,2020,40,Numerical PDE error analysis,46,2366,0.019442
math,2020,41,Prime divisor asymptotics,17,2366,0.007185
math,2020,42,Polynomial congruence bounds,12,2366,0.005072
math,2020,43,Fragmentation-coalescent processes,21,2366,0.008876
math,2020,44,Mirror symmetry i-functions,20,2366,0.008453
math,2020,45,Gibbs measure convergence,15,2366,0.00634
math,2020,46,Siegel uniformity conjecture,34,2366,0.01437
math,2020,47,Group embedding dimension bounds,14,2366,0.005917
math,2020,48,Convex cone optimization,55,2366,0.023246
math,2020,49,Hecke algebra completions,12,2366,0.005072
math,2020,50,Clique-partition extremal graphs,25,2366,0.010566
math,2020,51,Inverse-limit ergodic theory,11,2366,0.004649
math,2020,52,Galois cohomology obstructions,17,2366,0.007185
math,2020,53,Free product von Neumann algebras,13,2366,0.005495
math,2020,54,Non-symplectic group actions,34,2366,0.01437
math,2020,55,Hodge-Frobenius manifolds,32,2366,0.013525
math,2020,56,Grassmannian polynomial systems,23,2366,0.009721
math,2020,57,Signed domination complexity,46,2366,0.019442
math,2020,58,Reduced Khovanov homology,13,2366,0.005495
math,2020,59,Contact manifold fillings,22,2366,0.009298
math,2020,60,Martingale measure augmentation,20,2366,0.008453
math,2020,61,Multizeta q-values,25,2366,0.010566
math,2020,62,Pro pp group commensurability,45,2366,0.019019
math,2020,63,Sandpile criticality,14,2366,0.005917
math,2020,64,Genomic tableaux theory,15,2366,0.00634
math,2020,65,n-ary bihom algebras,29,2366,0.012257
math,2020,66,Non-smooth proximal gradient analysis,71,2366,0.030008
math,2020,67,Nonlocal diffusion regularity,40,2366,0.016906
math,2020,68,Extended hypergeometric functions,27,2366,0.011412
math,2020,69,Generalized threshold arrangements,13,2366,0.005495
math,2020,70,Assouad dimension projections,15,2366,0.00634
math,2020,71,Caterpillar percolation analysis,16,2366,0.006762
math,2020,72,Quadratic Gorenstein ideals,25,2366,0.010566
math,2020,73,Moduli sheaf operator theory,21,2366,0.008876
math,2020,74,Singular Plateau Douglas Problem,33,2366,0.013948
math,2020,75,Flat-polygon Helmholtz boundary integrals,22,2366,0.009298
math,2020,76,Exponential family mirror descent,38,2366,0.016061
math,2020,77,Heavy-tail renewal mixing times,27,2366,0.011412
math,2020,78,Perfect divisibility graphs,71,2366,0.030008
math,2020,79,Operator regression acceleration,51,2366,0.021555
math,2020,80,Hardy space fractional operators,19,2366,0.00803
math,2020,81,q-kostka polynomials,14,2366,0.005917
math,2020,82,Hive-spectrum large deviations,36,2366,0.015216
math,2020,83,Decentralized consensus topologies,30,2366,0.01268
math,2020,84,Fano threefold geometry,29,2366,0.012257
math,2020,85,Fractional Maximal Operators,39,2366,0.016484
math,2020,86,Taylor measure theory,16,2366,0.006762
math,2020,87,Complete intersection foliations,23,2366,0.009721
math,2020,88,Physics-informed synthetic data generation,34,2366,0.01437
math,2020,89,Operadic Kan extensions,39,2366,0.016484
math,2021,0,Banach space indices,14,2436,0.005747
math,2021,1,Mirror symmetry cohomology,30,2436,0.012315
math,2021,2,Polynomial norm bounds,38,2436,0.015599
math,2021,3,Yangian deformations,14,2436,0.005747
math,2021,4,Multiplier ideals,13,2436,0.005337
math,2021,5,Foliation theory,20,2436,0.00821
math,2021,6,Clifford-algebra group theory,25,2436,0.010263
math,2021,7,Hahn-Banach extensions,15,2436,0.006158
math,2021,8,Quantum affine representations,20,2436,0.00821
math,2021,9,Local cohomology monomial ideals,23,2436,0.009442
math,2021,10,Pattern-avoiding permutations,41,2436,0.016831
math,2021,11,Singular variety zeta invariants,22,2436,0.009031
math,2021,12,Spectral amplitude relations,32,2436,0.013136
math,2021,13,Quantum superalgebra structures,26,2436,0.010673
math,2021,14,Geometric group theory equivalence,51,2436,0.020936
math,2021,15,Knot move invariants,27,2436,0.011084
math,2021,16,Fano variety bounds,18,2436,0.007389
math,2021,17,Polynomial root arrangement homology,23,2436,0.009442
math,2021,18,Contact circle moduli,11,2436,0.004516
math,2021,19,Representability failure,27,2436,0.011084
math,2021,20,Commutator subgroup bounds,22,2436,0.009031
math,2021,21,Mirror symmetry invariants,17,2436,0.006979
math,2021,22,Toric modular forms,32,2436,0.013136
math,2021,23,Projective Galois group endomorphisms,40,2436,0.01642
math,2021,24,Special function spectral measures,21,2436,0.008621
math,2021,25,Double plane structures,53,2436,0.021757
math,2021,26,Coring modules theory,6,2436,0.002463
math,2021,27,Random walk aging limits,19,2436,0.0078
math,2021,28,Quiver representation theory,14,2436,0.005747
math,2021,29,Random packing asymptotics,27,2436,0.011084
math,2021,30,Einstein-Kähler metrics,39,2436,0.01601
math,2021,31,Percolation compatibility,22,2436,0.009031
math,2021,32,Super Lie identity theorems,17,2436,0.006979
math,2021,33,Fibre-space Hodge cohomology vanishing,27,2436,0.011084
math,2021,34,Lamination geodesic convergence,18,2436,0.007389
math,2021,35,Ribbon tableaux algebras,17,2436,0.006979
math,2021,36,Supermanifold Ricci flatness,20,2436,0.00821
math,2021,37,Random heap dynamics,22,2436,0.009031
math,2021,38,Noncommutative crepant resolutions,30,2436,0.012315
math,2021,39,p-adic modular traces,18,2436,0.007389
math,2021,40,Numerical PDE error analysis,39,2436,0.01601
math,2021,41,Prime divisor asymptotics,12,2436,0.004926
math,2021,42,Polynomial congruence bounds,18,2436,0.007389
math,2021,43,Fragmentation-coalescent processes,32,2436,0.013136
math,2021,44,Mirror symmetry i-functions,16,2436,0.006568
math,2021,45,Gibbs measure convergence,14,2436,0.005747
math,2021,46,Siegel uniformity conjecture,29,2436,0.011905
math,2021,47,Group embedding dimension bounds,25,2436,0.010263
math,2021,48,Convex cone optimization,49,2436,0.020115
math,2021,49,Hecke algebra completions,17,2436,0.006979
math,2021,50,Clique-partition extremal graphs,18,2436,0.007389
math,2021,51,Inverse-limit ergodic theory,19,2436,0.0078
math,2021,52,Galois cohomology obstructions,26,2436,0.010673
math,2021,53,Free product von Neumann algebras,11,2436,0.004516
math,2021,54,Non-symplectic group actions,28,2436,0.011494
math,2021,55,Hodge-Frobenius manifolds,32,2436,0.013136
math,2021,56,Grassmannian polynomial systems,13,2436,0.005337
math,2021,57,Signed domination complexity,42,2436,0.017241
math,2021,58,Reduced Khovanov homology,27,2436,0.011084
math,2021,59,Contact manifold fillings,21,2436,0.008621
math,2021,60,Martingale measure augmentation,38,2436,0.015599
math,2021,61,Multizeta q-values,18,2436,0.007389
math,2021,62,Pro pp group commensurability,30,2436,0.012315
math,2021,63,Sandpile criticality,21,2436,0.008621
math,2021,64,Genomic tableaux theory,17,2436,0.006979
math,2021,65,n-ary bihom algebras,22,2436,0.009031
math,2021,66,Non-smooth proximal gradient analysis,75,2436,0.030788
math,2021,67,Nonlocal diffusion regularity,53,2436,0.021757
math,2021,68,Extended hypergeometric functions,29,2436,0.011905
math,2021,69,Generalized threshold arrangements,20,2436,0.00821
math,2021,70,Assouad dimension projections,16,2436,0.006568
math,2021,71,Caterpillar percolation analysis,16,2436,0.006568
math,2021,72,Quadratic Gorenstein ideals,18,2436,0.007389
math,2021,73,Moduli sheaf operator theory,37,2436,0.015189
math,2021,74,Singular Plateau Douglas Problem,32,2436,0.013136
math,2021,75,Flat-polygon Helmholtz boundary integrals,18,2436,0.007389
math,2021,76,Exponential family mirror descent,29,2436,0.011905
math,2021,77,Heavy-tail renewal mixing times,21,2436,0.008621
math,2021,78,Perfect divisibility graphs,99,2436,0.04064
math,2021,79,Operator regression acceleration,64,2436,0.026273
math,2021,80,Hardy space fractional operators,16,2436,0.006568
math,2021,81,q-kostka polynomials,12,2436,0.004926
math,2021,82,Hive-spectrum large deviations,33,2436,0.013547
math,2021,83,Decentralized consensus topologies,39,2436,0.01601
math,2021,84,Fano threefold geometry,21,2436,0.008621
math,2021,85,Fractional Maximal Operators,48,2436,0.019704
math,2021,86,Taylor measure theory,16,2436,0.006568
math,2021,87,Complete intersection foliations,31,2436,0.012726
math,2021,88,Physics-informed synthetic data generation,43,2436,0.017652
math,2021,89,Operadic Kan extensions,45,2436,0.018473
math,2022,0,Banach space indices,17,2425,0.00701
math,2022,1,Mirror symmetry cohomology,38,2425,0.01567
math,2022,2,Polynomial norm bounds,34,2425,0.014021
math,2022,3,Yangian deformations,27,2425,0.011134
math,2022,4,Multiplier ideals,26,2425,0.010722
math,2022,5,Foliation theory,29,2425,0.011959
math,2022,6,Clifford-algebra group theory,32,2425,0.013196
math,2022,7,Hahn-Banach extensions,24,2425,0.009897
math,2022,8,Quantum affine representations,23,2425,0.009485
math,2022,9,Local cohomology monomial ideals,24,2425,0.009897
math,2022,10,Pattern-avoiding permutations,56,2425,0.023093
math,2022,11,Singular variety zeta invariants,9,2425,0.003711
math,2022,12,Spectral amplitude relations,24,2425,0.009897
math,2022,13,Quantum superalgebra structures,24,2425,0.009897
math,2022,14,Geometric group theory equivalence,36,2425,0.014845
math,2022,15,Knot move invariants,21,2425,0.00866
math,2022,16,Fano variety bounds,24,2425,0.009897
math,2022,17,Polynomial root arrangement homology,12,2425,0.004948
math,2022,18,Contact circle moduli,19,2425,0.007835
math,2022,19,Representability failure,10,2425,0.004124
math,2022,20,Commutator subgroup bounds,14,2425,0.005773
math,2022,21,Mirror symmetry invariants,17,2425,0.00701
math,2022,22,Toric modular forms,38,2425,0.01567
math,2022,23,Projective Galois group endomorphisms,35,2425,0.014433
math,2022,24,Special function spectral measures,16,2425,0.006598
math,2022,25,Double plane structures,58,2425,0.023918
math,2022,26,Coring modules theory,9,2425,0.003711
math,2022,27,Random walk aging limits,14,2425,0.005773
math,2022,28,Quiver representation theory,18,2425,0.007423
math,2022,29,Random packing asymptotics,33,2425,0.013608
math,2022,30,Einstein-Kähler metrics,30,2425,0.012371
math,2022,31,Percolation compatibility,17,2425,0.00701
math,2022,32,Super Lie identity theorems,18,2425,0.007423
math,2022,33,Fibre-space Hodge cohomology vanishing,38,2425,0.01567
math,2022,34,Lamination geodesic convergence,14,2425,0.005773
math,2022,35,Ribbon tableaux algebras,13,2425,0.005361
math,2022,36,Supermanifold Ricci flatness,17,2425,0.00701
math,2022,37,Random heap dynamics,21,2425,0.00866
math,2022,38,Noncommutative crepant resolutions,30,2425,0.012371
math,2022,39,p-adic modular traces,11,2425,0.004536
math,2022,40,Numerical PDE error analysis,46,2425,0.018969
math,2022,41,Prime divisor asymptotics,19,2425,0.007835
math,2022,42,Polynomial congruence bounds,16,2425,0.006598
math,2022,43,Fragmentation-coalescent processes,18,2425,0.007423
math,2022,44,Mirror symmetry i-functions,18,2425,0.007423
math,2022,45,Gibbs measure convergence,13,2425,0.005361
math,2022,46,Siegel uniformity conjecture,32,2425,0.013196
math,2022,47,Group embedding dimension bounds,20,2425,0.008247
math,2022,48,Convex cone optimization,45,2425,0.018557
math,2022,49,Hecke algebra completions,12,2425,0.004948
math,2022,50,Clique-partition extremal graphs,15,2425,0.006186
math,2022,51,Inverse-limit ergodic theory,12,2425,0.004948
math,2022,52,Galois cohomology obstructions,21,2425,0.00866
math,2022,53,Free product von Neumann algebras,10,2425,0.004124
math,2022,54,Non-symplectic group actions,39,2425,0.016082
math,2022,55,Hodge-Frobenius manifolds,22,2425,0.009072
math,2022,56,Grassmannian polynomial systems,6,2425,0.002474
math,2022,57,Signed domination complexity,27,2425,0.011134
math,2022,58,Reduced Khovanov homology,19,2425,0.007835
math,2022,59,Contact manifold fillings,24,2425,0.009897
math,2022,60,Martingale measure augmentation,34,2425,0.014021
math,2022,61,Multizeta q-values,23,2425,0.009485
math,2022,62,Pro pp group commensurability,44,2425,0.018144
math,2022,63,Sandpile criticality,14,2425,0.005773
math,2022,64,Genomic tableaux theory,16,2425,0.006598
math,2022,65,n-ary bihom algebras,25,2425,0.010309
math,2022,66,Non-smooth proximal gradient analysis,91,2425,0.037526
math,2022,67,Nonlocal diffusion regularity,38,2425,0.01567
math,2022,68,Extended hypergeometric functions,28,2425,0.011546
math,2022,69,Generalized threshold arrangements,18,2425,0.007423
math,2022,70,Assouad dimension projections,21,2425,0.00866
math,2022,71,Caterpillar percolation analysis,16,2425,0.006598
math,2022,72,Quadratic Gorenstein ideals,19,2425,0.007835
math,2022,73,Moduli sheaf operator theory,30,2425,0.012371
math,2022,74,Singular Plateau Douglas Problem,28,2425,0.011546
math,2022,75,Flat-polygon Helmholtz boundary integrals,21,2425,0.00866
math,2022,76,Exponential family mirror descent,32,2425,0.013196
math,2022,77,Heavy-tail renewal mixing times,17,2425,0.00701
math,2022,78,Perfect divisibility graphs,111,2425,0.045773
math,2022,79,Operator regression acceleration,68,2425,0.028041
math,2022,80,Hardy space fractional operators,19,2425,0.007835
math,2022,81,q-kostka polynomials,11,2425,0.004536
math,2022,82,Hive-spectrum large deviations,46,2425,0.018969
math,2022,83,Decentralized consensus topologies,40,2425,0.016495
math,2022,84,Fano threefold geometry,19,2425,0.007835
math,2022,85,Fractional Maximal Operators,37,2425,0.015258
math,2022,86,Taylor measure theory,18,2425,0.007423
math,2022,87,Complete intersection foliations,34,2425,0.014021
math,2022,88,Physics-informed synthetic data generation,63,2425,0.025979
math,2022,89,Operadic Kan extensions,40,2425,0.016495
math,2023,0,Banach space indices,8,2645,0.003025
math,2023,1,Mirror symmetry cohomology,35,2645,0.013233
math,2023,2,Polynomial norm bounds,38,2645,0.014367
math,2023,3,Yangian deformations,16,2645,0.006049
math,2023,4,Multiplier ideals,23,2645,0.008696
math,2023,5,Foliation theory,22,2645,0.008318
math,2023,6,Clifford-algebra group theory,27,2645,0.010208
math,2023,7,Hahn-Banach extensions,12,2645,0.004537
math,2023,8,Quantum affine representations,22,2645,0.008318
math,2023,9,Local cohomology monomial ideals,23,2645,0.008696
math,2023,10,Pattern-avoiding permutations,48,2645,0.018147
math,2023,11,Singular variety zeta invariants,9,2645,0.003403
math,2023,12,Spectral amplitude relations,22,2645,0.008318
math,2023,13,Quantum superalgebra structures,37,2645,0.013989
math,2023,14,Geometric group theory equivalence,57,2645,0.02155
math,2023,15,Knot move invariants,28,2645,0.010586
math,2023,16,Fano variety bounds,22,2645,0.008318
math,2023,17,Polynomial root arrangement homology,19,2645,0.007183
math,2023,18,Contact circle moduli,15,2645,0.005671
math,2023,19,Representability failure,24,2645,0.009074
math,2023,20,Commutator subgroup bounds,27,2645,0.010208
math,2023,21,Mirror symmetry invariants,28,2645,0.010586
math,2023,22,Toric modular forms,32,2645,0.012098
math,2023,23,Projective Galois group endomorphisms,42,2645,0.015879
math,2023,24,Special function spectral measures,20,2645,0.007561
math,2023,25,Double plane structures,66,2645,0.024953
math,2023,26,Coring modules theory,15,2645,0.005671
math,2023,27,Random walk aging limits,17,2645,0.006427
math,2023,28,Quiver representation theory,14,2645,0.005293
math,2023,29,Random packing asymptotics,24,2645,0.009074
math,2023,30,Einstein-Kähler metrics,33,2645,0.012476
math,2023,31,Percolation compatibility,13,2645,0.004915
math,2023,32,Super Lie identity theorems,24,2645,0.009074
math,2023,33,Fibre-space Hodge cohomology vanishing,17,2645,0.006427
math,2023,34,Lamination geodesic convergence,21,2645,0.00794
math,2023,35,Ribbon tableaux algebras,18,2645,0.006805
math,2023,36,Supermanifold Ricci flatness,14,2645,0.005293
math,2023,37,Random heap dynamics,23,2645,0.008696
math,2023,38,Noncommutative crepant resolutions,48,2645,0.018147
math,2023,39,p-adic modular traces,14,2645,0.005293
math,2023,40,Numerical PDE error analysis,41,2645,0.015501
math,2023,41,Prime divisor asymptotics,30,2645,0.011342
math,2023,42,Polynomial congruence bounds,23,2645,0.008696
math,2023,43,Fragmentation-coalescent processes,18,2645,0.006805
math,2023,44,Mirror symmetry i-functions,14,2645,0.005293
math,2023,45,Gibbs measure convergence,22,2645,0.008318
math,2023,46,Siegel uniformity conjecture,30,2645,0.011342
math,2023,47,Group embedding dimension bounds,18,2645,0.006805
math,2023,48,Convex cone optimization,56,2645,0.021172
math,2023,49,Hecke algebra completions,13,2645,0.004915
math,2023,50,Clique-partition extremal graphs,18,2645,0.006805
math,2023,51,Inverse-limit ergodic theory,11,2645,0.004159
math,2023,52,Galois cohomology obstructions,32,2645,0.012098
math,2023,53,Free product von Neumann algebras,14,2645,0.005293
math,2023,54,Non-symplectic group actions,31,2645,0.01172
math,2023,55,Hodge-Frobenius manifolds,41,2645,0.015501
math,2023,56,Grassmannian polynomial systems,21,2645,0.00794
math,2023,57,Signed domination complexity,54,2645,0.020416
math,2023,58,Reduced Khovanov homology,11,2645,0.004159
math,2023,59,Contact manifold fillings,21,2645,0.00794
math,2023,60,Martingale measure augmentation,26,2645,0.00983
math,2023,61,Multizeta q-values,22,2645,0.008318
math,2023,62,Pro pp group commensurability,36,2645,0.013611
math,2023,63,Sandpile criticality,20,2645,0.007561
math,2023,64,Genomic tableaux theory,14,2645,0.005293
math,2023,65,n-ary bihom algebras,16,2645,0.006049
math,2023,66,Non-smooth proximal gradient analysis,95,2645,0.035917
math,2023,67,Nonlocal diffusion regularity,50,2645,0.018904
math,2023,68,Extended hypergeometric functions,20,2645,0.007561
math,2023,69,Generalized threshold arrangements,16,2645,0.006049
math,2023,70,Assouad dimension projections,21,2645,0.00794
math,2023,71,Caterpillar percolation analysis,16,2645,0.006049
math,2023,72,Quadratic Gorenstein ideals,16,2645,0.006049
math,2023,73,Moduli sheaf operator theory,37,2645,0.013989
math,2023,74,Singular Plateau Douglas Problem,36,2645,0.013611
math,2023,75,Flat-polygon Helmholtz boundary integrals,31,2645,0.01172
math,2023,76,Exponential family mirror descent,37,2645,0.013989
math,2023,77,Heavy-tail renewal mixing times,15,2645,0.005671
math,2023,78,Perfect divisibility graphs,116,2645,0.043856
math,2023,79,Operator regression acceleration,64,2645,0.024197
math,2023,80,Hardy space fractional operators,25,2645,0.009452
math,2023,81,q-kostka polynomials,16,2645,0.006049
math,2023,82,Hive-spectrum large deviations,39,2645,0.014745
math,2023,83,Decentralized consensus topologies,37,2645,0.013989
math,2023,84,Fano threefold geometry,27,2645,0.010208
math,2023,85,Fractional Maximal Operators,39,2645,0.014745
math,2023,86,Taylor measure theory,20,2645,0.007561
math,2023,87,Complete intersection foliations,49,2645,0.018526
math,2023,88,Physics-informed synthetic data generation,93,2645,0.035161
math,2023,89,Operadic Kan extensions,60,2645,0.022684
math,2024,0,Banach space indices,17,3211,0.005294
math,2024,1,Mirror symmetry cohomology,46,3211,0.014326
math,2024,2,Polynomial norm bounds,54,3211,0.016817
math,2024,3,Yangian deformations,26,3211,0.008097
math,2024,4,Multiplier ideals,31,3211,0.009654
math,2024,5,Foliation theory,38,3211,0.011834
math,2024,6,Clifford-algebra group theory,35,3211,0.0109
math,2024,7,Hahn-Banach extensions,25,3211,0.007786
math,2024,8,Quantum affine representations,31,3211,0.009654
math,2024,9,Local cohomology monomial ideals,29,3211,0.009031
math,2024,10,Pattern-avoiding permutations,57,3211,0.017751
math,2024,11,Singular variety zeta invariants,32,3211,0.009966
math,2024,12,Spectral amplitude relations,27,3211,0.008409
math,2024,13,Quantum superalgebra structures,21,3211,0.00654
math,2024,14,Geometric group theory equivalence,61,3211,0.018997
math,2024,15,Knot move invariants,37,3211,0.011523
math,2024,16,Fano variety bounds,30,3211,0.009343
math,2024,17,Polynomial root arrangement homology,17,3211,0.005294
math,2024,18,Contact circle moduli,16,3211,0.004983
math,2024,19,Representability failure,26,3211,0.008097
math,2024,20,Commutator subgroup bounds,19,3211,0.005917
math,2024,21,Mirror symmetry invariants,20,3211,0.006229
math,2024,22,Toric modular forms,32,3211,0.009966
math,2024,23,Projective Galois group endomorphisms,59,3211,0.018374
math,2024,24,Special function spectral measures,17,3211,0.005294
math,2024,25,Double plane structures,78,3211,0.024291
math,2024,26,Coring modules theory,13,3211,0.004049
math,2024,27,Random walk aging limits,36,3211,0.011211
math,2024,28,Quiver representation theory,27,3211,0.008409
math,2024,29,Random packing asymptotics,30,3211,0.009343
math,2024,30,Einstein-Kähler metrics,45,3211,0.014014
math,2024,31,Percolation compatibility,29,3211,0.009031
math,2024,32,Super Lie identity theorems,29,3211,0.009031
math,2024,33,Fibre-space Hodge cohomology vanishing,43,3211,0.013391
math,2024,34,Lamination geodesic convergence,25,3211,0.007786
math,2024,35,Ribbon tableaux algebras,10,3211,0.003114
math,2024,36,Supermanifold Ricci flatness,22,3211,0.006851
math,2024,37,Random heap dynamics,30,3211,0.009343
math,2024,38,Noncommutative crepant resolutions,36,3211,0.011211
math,2024,39,p-adic modular traces,5,3211,0.001557
math,2024,40,Numerical PDE error analysis,63,3211,0.01962
math,2024,41,Prime divisor asymptotics,42,3211,0.01308
math,2024,42,Polynomial congruence bounds,23,3211,0.007163
math,2024,43,Fragmentation-coalescent processes,21,3211,0.00654
math,2024,44,Mirror symmetry i-functions,28,3211,0.00872
math,2024,45,Gibbs measure convergence,22,3211,0.006851
math,2024,46,Siegel uniformity conjecture,40,3211,0.012457
math,2024,47,Group embedding dimension bounds,25,3211,0.007786
math,2024,48,Convex cone optimization,52,3211,0.016194
math,2024,49,Hecke algebra completions,19,3211,0.005917
math,2024,50,Clique-partition extremal graphs,25,3211,0.007786
math,2024,51,Inverse-limit ergodic theory,15,3211,0.004671
math,2024,52,Galois cohomology obstructions,30,3211,0.009343
math,2024,53,Free product von Neumann algebras,20,3211,0.006229
math,2024,54,Non-symplectic group actions,38,3211,0.011834
math,2024,55,Hodge-Frobenius manifolds,26,3211,0.008097
math,2024,56,Grassmannian polynomial systems,12,3211,0.003737
math,2024,57,Signed domination complexity,64,3211,0.019931
math,2024,58,Reduced Khovanov homology,27,3211,0.008409
math,2024,59,Contact manifold fillings,27,3211,0.008409
math,2024,60,Martingale measure augmentation,33,3211,0.010277
math,2024,61,Multizeta q-values,19,3211,0.005917
math,2024,62,Pro pp group commensurability,39,3211,0.012146
math,2024,63,Sandpile criticality,29,3211,0.009031
math,2024,64,Genomic tableaux theory,13,3211,0.004049
math,2024,65,n-ary bihom algebras,19,3211,0.005917
math,2024,66,Non-smooth proximal gradient analysis,98,3211,0.03052
math,2024,67,Nonlocal diffusion regularity,50,3211,0.015571
math,2024,68,Extended hypergeometric functions,33,3211,0.010277
math,2024,69,Generalized threshold arrangements,29,3211,0.009031
math,2024,70,Assouad dimension projections,31,3211,0.009654
math,2024,71,Caterpillar percolation analysis,19,3211,0.005917
math,2024,72,Quadratic Gorenstein ideals,29,3211,0.009031
math,2024,73,Moduli sheaf operator theory,28,3211,0.00872
math,2024,74,Singular Plateau Douglas Problem,36,3211,0.011211
math,2024,75,Flat-polygon Helmholtz boundary integrals,38,3211,0.011834
math,2024,76,Exponential family mirror descent,59,3211,0.018374
math,2024,77,Heavy-tail renewal mixing times,29,3211,0.009031
math,2024,78,Perfect divisibility graphs,126,3211,0.03924
math,2024,79,Operator regression acceleration,72,3211,0.022423
math,2024,80,Hardy space fractional operators,23,3211,0.007163
math,2024,81,q-kostka polynomials,22,3211,0.006851
math,2024,82,Hive-spectrum large deviations,54,3211,0.016817
math,2024,83,Decentralized consensus topologies,37,3211,0.011523
math,2024,84,Fano threefold geometry,34,3211,0.010589
math,2024,85,Fractional Maximal Operators,57,3211,0.017751
math,2024,86,Taylor measure theory,18,3211,0.005606
math,2024,87,Complete intersection foliations,44,3211,0.013703
math,2024,88,Physics-informed synthetic data generation,139,3211,0.043289
math,2024,89,Operadic Kan extensions,74,3211,0.023046
math,2025,0,Banach space indices,23,4221,0.005449
math,2025,1,Mirror symmetry cohomology,56,4221,0.013267
math,2025,2,Polynomial norm bounds,85,4221,0.020137
math,2025,3,Yangian deformations,33,4221,0.007818
math,2025,4,Multiplier ideals,43,4221,0.010187
math,2025,5,Foliation theory,38,4221,0.009003
math,2025,6,Clifford-algebra group theory,55,4221,0.01303
math,2025,7,Hahn-Banach extensions,25,4221,0.005923
math,2025,8,Quantum affine representations,37,4221,0.008766
math,2025,9,Local cohomology monomial ideals,34,4221,0.008055
math,2025,10,Pattern-avoiding permutations,78,4221,0.018479
math,2025,11,Singular variety zeta invariants,33,4221,0.007818
math,2025,12,Spectral amplitude relations,43,4221,0.010187
math,2025,13,Quantum superalgebra structures,36,4221,0.008529
math,2025,14,Geometric group theory equivalence,84,4221,0.0199
math,2025,15,Knot move invariants,39,4221,0.00924
math,2025,16,Fano variety bounds,34,4221,0.008055
math,2025,17,Polynomial root arrangement homology,32,4221,0.007581
math,2025,18,Contact circle moduli,16,4221,0.003791
math,2025,19,Representability failure,48,4221,0.011372
math,2025,20,Commutator subgroup bounds,21,4221,0.004975
math,2025,21,Mirror symmetry invariants,35,4221,0.008292
math,2025,22,Toric modular forms,54,4221,0.012793
math,2025,23,Projective Galois group endomorphisms,67,4221,0.015873
math,2025,24,Special function spectral measures,21,4221,0.004975
math,2025,25,Double plane structures,87,4221,0.020611
math,2025,26,Coring modules theory,23,4221,0.005449
math,2025,27,Random walk aging limits,45,4221,0.010661
math,2025,28,Quiver representation theory,22,4221,0.005212
math,2025,29,Random packing asymptotics,26,4221,0.00616
math,2025,30,Einstein-Kähler metrics,55,4221,0.01303
math,2025,31,Percolation compatibility,23,4221,0.005449
math,2025,32,Super Lie identity theorems,35,4221,0.008292
math,2025,33,Fibre-space Hodge cohomology vanishing,68,4221,0.01611
math,2025,34,Lamination geodesic convergence,26,4221,0.00616
math,2025,35,Ribbon tableaux algebras,30,4221,0.007107
math,2025,36,Supermanifold Ricci flatness,27,4221,0.006397
math,2025,37,Random heap dynamics,36,4221,0.008529
math,2025,38,Noncommutative crepant resolutions,60,4221,0.014215
math,2025,39,p-adic modular traces,31,4221,0.007344
math,2025,40,Numerical PDE error analysis,85,4221,0.020137
math,2025,41,Prime divisor asymptotics,35,4221,0.008292
math,2025,42,Polynomial congruence bounds,35,4221,0.008292
math,2025,43,Fragmentation-coalescent processes,35,4221,0.008292
math,2025,44,Mirror symmetry i-functions,33,4221,0.007818
math,2025,45,Gibbs measure convergence,27,4221,0.006397
math,2025,46,Siegel uniformity conjecture,60,4221,0.014215
math,2025,47,Group embedding dimension bounds,40,4221,0.009476
math,2025,48,Convex cone optimization,98,4221,0.023217
math,2025,49,Hecke algebra completions,11,4221,0.002606
math,2025,50,Clique-partition extremal graphs,35,4221,0.008292
math,2025,51,Inverse-limit ergodic theory,32,4221,0.007581
math,2025,52,Galois cohomology obstructions,31,4221,0.007344
math,2025,53,Free product von Neumann algebras,24,4221,0.005686
math,2025,54,Non-symplectic group actions,47,4221,0.011135
math,2025,55,Hodge-Frobenius manifolds,54,4221,0.012793
math,2025,56,Grassmannian polynomial systems,24,4221,0.005686
math,2025,57,Signed domination complexity,95,4221,0.022507
math,2025,58,Reduced Khovanov homology,48,4221,0.011372
math,2025,59,Contact manifold fillings,38,4221,0.009003
math,2025,60,Martingale measure augmentation,26,4221,0.00616
math,2025,61,Multizeta q-values,18,4221,0.004264
math,2025,62,Pro pp group commensurability,55,4221,0.01303
math,2025,63,Sandpile criticality,39,4221,0.00924
math,2025,64,Genomic tableaux theory,27,4221,0.006397
math,2025,65,n-ary bihom algebras,24,4221,0.005686
math,2025,66,Non-smooth proximal gradient analysis,138,4221,0.032694
math,2025,67,Nonlocal diffusion regularity,75,4221,0.017768
math,2025,68,Extended hypergeometric functions,37,4221,0.008766
math,2025,69,Generalized threshold arrangements,40,4221,0.009476
math,2025,70,Assouad dimension projections,34,4221,0.008055
math,2025,71,Caterpillar percolation analysis,27,4221,0.006397
math,2025,72,Quadratic Gorenstein ideals,42,4221,0.00995
math,2025,73,Moduli sheaf operator theory,44,4221,0.010424
math,2025,74,Singular Plateau Douglas Problem,33,4221,0.007818
math,2025,75,Flat-polygon Helmholtz boundary integrals,41,4221,0.009713
math,2025,76,Exponential family mirror descent,74,4221,0.017531
math,2025,77,Heavy-tail renewal mixing times,24,4221,0.005686
math,2025,78,Perfect divisibility graphs,173,4221,0.040986
math,2025,79,Operator regression acceleration,127,4221,0.030088
math,2025,80,Hardy space fractional operators,36,4221,0.008529
math,2025,81,q-kostka polynomials,18,4221,0.004264
math,2025,82,Hive-spectrum large deviations,61,4221,0.014452
math,2025,83,Decentralized consensus topologies,49,4221,0.011609
math,2025,84,Fano threefold geometry,42,4221,0.00995
math,2025,85,Fractional Maximal Operators,53,4221,0.012556
math,2025,86,Taylor measure theory,35,4221,0.008292
math,2025,87,Complete intersection foliations,72,4221,0.017058
math,2025,88,Physics-informed synthetic data generation,128,4221,0.030325
math,2025,89,Operadic Kan extensions,78,4221,0.018479
