subject,year,topic_id,top_words,frequency
math,2000,0,"imbeddings, graphs, graph, unlabeled, chromatic",8
math,2000,1,"operators, bounded, spaces, operator, invariant",13
math,2000,3,"knots, knot, invariants, vassiliev, manifolds",29
math,2000,4,"groups, group, diagram, subgroups, approx0",14
math,2000,5,"feedback, control, systems, stall, output",4
math,2000,6,"algebras, algebra, cuntz, idgba, hilbert",21
math,2000,7,"ideal, ideals, janet, modules, pommaret",8
math,2000,9,"moduli, kodaira, surfaces, curves, fano",22
math,2000,10,"euler, geostrophic, 2d, equations, averaged",6
math,2000,11,"hler, metrics, manifolds, hyperk, metric",18
math,2000,12,"entropy, diffeomorphisms, maps, alpha, arnold",7
math,2000,13,"schwarzschild, johnson, solitons, asymptotic, equation",2
math,2000,15,"scattering, operators, spectral, gustavson, dinger",12
math,2000,16,"quantum, cal, poly, states, information",8
math,2000,17,"words, subsequence, increasing, quicksort, return",5
math,2000,20,"surfaces, willmore, sphere, minimal, conformal",4
math,2000,21,"statistics, rosenthal, inequalities, moment, analogues",2
math,2000,22,"givens, householder, dv2, orthonormal, integrators",1
math,2000,23,"banach, spaces, ell, index, amn",8
math,2000,25,"modular, forms, maass, eisenstein, cusp",5
math,2000,27,"tilting, grothendieck, object, rt, hereditary",1
math,2000,28,"codes, code, dual, group, self",1
math,2000,29,"bt, random, matrices, hermite, matrix",5
math,2000,30,"eigenvalues, laplacian, dirichlet, inequalities, manifolds",5
math,2000,31,"quenching, velocity, flames, identically, region",1
math,2000,33,"homotopy, categories, category, simplicial, equivalences",5
math,2000,34,"heegner, conductor, curves, polarized, abelian",2
math,2000,35,"yor, options, asian, valuation, price",4
math,2000,36,"measurements, incident, inverse, acoustic, scatterers",3
math,2000,38,"bf, dot, isochronous, separatrices, portrait",3
math,2000,39,"dirac, hole, black, asymmetry, spacetimes",4
math,2000,40,"lie, algebras, nongraded, algebra, onsager",4
math,2000,41,"inequality, pencils, monic, fredholm, radius",2
math,2000,42,"holomorphy, domains, cr, meromorphic, complement",3
math,2000,43,"symplectic, lagrangian, manifolds, manifold, fibrations",10
math,2000,44,"witten, invariants, gromov, calabi, yau",13
math,2000,45,"brownian, exponents, packs, intersection, planar",2
math,2000,47,"mendes, fractal, france, curves, comparative",2
math,2000,48,"ramanujan, summation, identities, psi, rogers",6
math,2000,49,"percolation, lace, critical, avoiding, walks",2
math,2000,51,"sequences, numbers, conjectures, takeuchi, over2",3
math,2000,53,"belousov, neq, quasigroup, quasigroups, irreducible",1
math,2000,54,"disease, infectives, infective, dissimilar, proportions",1
math,2000,55,"poisson, lie, quantization, algebroid, star",21
math,2000,57,"hep, sums, zeta, riemann, balazard",3
math,2000,58,"logic, titani, takeuti, goedel, intuitionistic",1
math,2000,60,"multiresolution, mb, inmathbb, na, wavelet",2
math,2000,61,"otimes, pentagon, hopf, braided, algebtras",2
math,2000,62,"peg, player, game, blackjack, deviation",2
math,2000,63,"packings, packing, hales, kepler, toth",3
math,2000,64,"askey, polynomials, wilson, orthogonal, bispectral",3
math,2000,66,"shock, ador, capturing, anisotropic, artificial",1
math,2000,67,"polytope, tetrahedra, dissections, polytopes, volumes",4
math,2000,68,"spin, fluctuations, uparrow, temperature, ln",3
math,2000,69,"lusztig, hexagon, hecke, kashiwara, canonical",5
math,2000,70,"favourite, pal, revesz, sites, walk",1
math,2000,73,"hereditarily, continua, betan, indecomposable, steprans",4
math,2000,75,"transitions, overdetermination, bifurcation, singularity, plasmas",1
math,2000,76,"integral, boundary, corner, corners, quadrature",1
math,2000,78,"cardinal, forcing, cardinals, aleph, kappa",10
math,2000,83,"vigneras, langlands, mod, ell, local",1
math,2000,88,"vertex, algebra, algebras, fusion, operator",10
math,2000,91,"asymmetric, heat, zero, deviations, benois",2
math,2000,93,"schubert, varieties, flag, peterson, grassmannians",3
math,2000,94,"game, fate, policies, management, providence",1
math,2000,97,"josephson, doniach, lawrence, junctions, superconducting",2
math,2000,100,"homotopy, stable, category, dennis, spectra",2
math,2000,101,"continued, fractions, fraction, specializable, bifurcating",4
math,2000,108,"qs, teichmuller, geodesics, valuation, hyperbolic",2
math,2000,109,"tilings, tiling, substitution, pinwheel, tiles",2
math,2000,111,"wave, speeds, shapped, global, quasilinear",2
math,2000,115,"ziglin, body, meromorphic, three, absence",1
math,2000,116,"exhaustion, functions, bessel, integrals, hypergeometric",3
math,2000,117,"curvature, rk, scalar, ge, extremality",1
math,2000,118,"left, right, homogenization, du, rightarrow",3
math,2000,119,"abel, odes, lie, equations, integrable",2
math,2000,123,"determinant, permanent, symmetrized, entries, times",1
math,2000,128,"mapping, group, class, representation, genus",4
math,2000,130,"module, virasoro, cal, superalgebra, lie",2
math,2000,131,"mills, monopoles, yang, nahm, gauge",2
math,2000,133,"configurational, variational, mechanics, paneitz, bbs",3
math,2000,136,"hyperk, tqft, hler, rozansky, witten",1
math,2000,137,"gr, taft, homology, hochschild, algebras",2
math,2000,138,"quantum, noncommutative, differential, bundles, algebra",7
math,2000,139,"schur, macdonald, cialisation, monomiales, functions",2
math,2000,140,"steady, energy, states, state, droplet",1
math,2000,141,"index, dirac, pss, pseudodifferential, operators",3
math,2000,142,"motivic, motives, vcd, integration, torsor",3
math,2000,143,"hamilton, jacobi, bolza, semicontinuous, lagrangian",1
math,2000,144,"bethe, baxter, ansatz, spin, quantum",7
math,2000,145,"foliation, foliations, leaves, leaf, uniformization",3
math,2000,146,"painlev, okamoto, painleve, calogero, pairs",5
math,2001,0,"lambda, dom, thickness, graph, 2dom",6
math,2001,1,"sobolev, sbd, hyperbolicity, fourier, restriction",6
math,2001,2,"mdma, asthma, jack, jackknife, particulate",2
math,2001,3,"knot, knots, links, link, homology",29
math,2001,4,"groups, subgroup, artin, aut, group",8
math,2001,5,"input, output, matching, control, laws",2
math,2001,6,"algebras, algebra, cuntz, crossed, krieger",26
math,2001,7,"qb, ideal, rings, ideals, ring",12
math,2001,8,"damascelli, 0lu, pacella, monotonicity, moving",3
math,2001,9,"surfaces, k3, curves, singularities, moduli",36
math,2001,10,"euler, stokes, navier, solutions, equations",8
math,2001,11,"kahler, metrics, ricci, hler, manifolds",15
math,2001,12,"growth, marked, marking, periodic, ratners",4
math,2001,13,"condensates, dinger, schr, equation, atomic",3
math,2001,14,"scaled, self, cones, barrier, barriers",2
math,2001,15,"potentials, operators, bbr, dinger, schr",13
math,2001,16,"quantum, tracial, logic, fisher, free",3
math,2001,17,"permutations, mn3, pattern, patterns, avoiding",11
math,2001,20,"konopelchenko, surfaces, horosphere, catenoid, annular",3
math,2001,21,"tail, fkg, gaussian, random, variables",2
math,2001,23,"banach, spaces, frak, space, normed",10
math,2001,25,"eisenstein, weight, forms, modular, automorphic",4
math,2001,27,"enriques, clusters, cl, kleiman, diagram",1
math,2001,28,"codes, litsyn, stabilizer, code, krasikov",3
math,2001,29,"cumulants, matrices, distributions, free, fusion",8
math,2001,30,"region, eigenvalues, pseudodifferential, symbol, modulus",2
math,2001,31,"hohenberg, fertility, swift, reproductive, pattern",2
math,2001,33,"andr, operad, quillen, cubes, little",2
math,2001,34,"ell, curves, gal, genus, curve",7
math,2001,35,"geman, yor, asian, laplace, financial",1
math,2001,36,"ol, inversion, inverse, om, conductivity",3
math,2001,38,"lienard, patchy, period, periodic, arnold",5
math,2001,39,"wormholes, rotating, spacetimes, microlocalized, einstein",2
math,2001,40,"lie, frak, algebras, leibniz, filiform",4
math,2001,41,"inequality, norms, inequalities, monic, segment",2
math,2001,42,"hat, subset, setminus, holomorphic, times",5
math,2001,43,"symplectic, contact, manifolds, lefschetz, ham",9
math,2001,44,"mirror, branes, calabi, witten, yau",14
math,2001,45,"hida, measures, noise, grey, characterization",1
math,2001,47,"fractals, triple, noncommutative, dimension, hausdorff",1
math,2001,48,"andrews, identities, gordon, poised, summation",5
math,2001,49,"saw, avoiding, self, walk, flory",2
math,2001,51,"motzkin, numbers, tangent, catalan, bernoulli",1
math,2001,52,"radiographs, images, invertability, restoration, suppose",2
math,2001,55,"poisson, quantization, lie, structures, deformation",15
math,2001,56,"subthreshold, resonance, estimation, series, noise",2
math,2001,57,"zeroes, zeta, ohno, riemann, fr",3
math,2001,59,"primes, twins, triplets, twin, prime",2
math,2001,60,"frames, frame, wavelets, wavelet, gu",7
math,2001,61,"hopf, algebras, semisimple, algebra, categories",10
math,2001,62,"trick, kruskal, magician, card, success",1
math,2001,63,"descartes, circle, circles, intersion, coordinatized",1
math,2001,64,"askey, polynomials, wilson, orthogonal, meixner",4
math,2001,65,"lam, ary, root, tree, bb",1
math,2001,67,"polytopes, polytope, tf, delaunay, triangles",5
math,2001,68,"gibbs, temperature, tt, ising, dilute",3
math,2001,69,"distinguished, lusztig, canonical, involutions, weyl",4
math,2001,70,"random, walk, environment, walks, chaos",3
math,2001,72,"asdim, infinity, asymptotic, dimension, metric",3
math,2001,73,"kappa, hindman, waerden, omega, der",2
math,2001,75,"casimir, steady, states, energy, functionals",2
math,2001,78,"forcing, aleph, cardinal, cardinals, notions",11
math,2001,80,"diffeomorphism, curvature, flow, retract, area",1
math,2001,81,"intervals, chain, sampler, mcmc, exact",1
math,2001,83,"baum, connes, counterpart, gl, map",1
math,2001,84,"tolstoy, war, views, waging, peace",1
math,2001,85,"n0, n2, n1, progressions, sidon",2
math,2001,86,"activity, modelling, expressions, neural, planar",1
math,2001,87,"equilibria, area, elastica, gallery, curvature",1
math,2001,88,"vertex, algebras, algebra, operator, dgh",6
math,2001,91,"exclusion, nur, particles, stationary, fluctuations",4
math,2001,93,"schubert, flag, varieties, variety, cohomology",10
math,2001,95,"cyclotomic, fields, extensions, mathfrak, greenberg",3
math,2001,97,"liquid, attractors, crystals, averaged, nematic",1
math,2001,100,"homology, agree, cyclic, relative, topological",1
math,2001,101,"nt, rivoal, math, irrationality, irrational",1
math,2001,105,"proofreading, receptor, transduction, chemical, mckeithan",1
math,2001,108,"metric, shortest, geodesics, teich, gromov",3
math,2001,109,"tilings, rectangle, extrapolated, tiling, epsilon",2
math,2001,111,"uniphase, steady, damped, wave, abd",1
math,2001,116,"expansions, airy, functions, cylinder, integrals",4
math,2001,117,"sk, conformal, flat, conformally, locally",1
math,2001,119,"dispersionless, symmetries, equations, hierarchy, symmetry",6
math,2001,122,"autocorrection, approximant, approximations, rational, pade",1
math,2001,125,"evolution, generation, conway, configurations, configuration",1
math,2001,127,"cell, leibniz, derivation, co, category",1
math,2001,128,"handlebody, equivalence, actions, mapping, genus",3
math,2001,131,"instantons, mills, instanton, mainardi, yang",4
math,2001,133,"schwarzian, dskp, lagrangians, lagrangian, hamiltonian",6
math,2001,136,"topologification, gravity, tillmann, thing, pretty",1
math,2001,137,"bbb, hochschild, hh, cohomology, algebra",2
math,2001,138,"noncommutative, quantum, calculi, differential, calculus",14
math,2001,139,"green, functions, reflection, littlewood, hall",2
math,2001,140,"lubrication, thin, tension, redevelop, levelling",1
math,2001,141,"index, lblb, gerbe, dirac, cobordism",2
math,2001,142,"motivic, motives, hodge, birational, grothendieck",2
math,2001,144,"bethe, baxter, xxz, gaudin, chain",10
math,2001,145,"leafwise, holomorphic, holomorphically, foliated, extent",1
math,2001,146,"painlev, schlesinger, sts, sixth, kp",3
math,2001,148,"toom, homogenous, automaton, minorities, thickness",1
math,2001,149,"potentials, strichartz, dispersive, estimates, dinger",1
math,2002,0,"graph, graphs, matroids, vertices, minimalizable",15
math,2002,1,"operators, commuting, svep, dilations, operator",12
math,2002,2,"censored, shrinkage, sample, estimators, guessed",2
math,2002,3,"knot, knots, links, vassiliev, link",32
math,2002,4,"groups, group, subgroups, subgroup, cat",18
math,2002,5,"spr, systems, control, linearization, linearity",7
math,2002,6,"algebras, algebra, ast, crossed, banach",27
math,2002,7,"ideals, ideal, ring, rings, macaulay",33
math,2002,9,"surfaces, moduli, projective, fano, curves",27
math,2002,10,"navier, stokes, resolvent, solutions, euler",6
math,2002,11,"ricci, manifolds, metrics, curvature, riemannian",17
math,2002,12,"ergodic, diffeomorphisms, mixing, periodic, entropy",11
math,2002,13,"dispersive, devries, equations, representation, equation",1
math,2002,14,"invertibility, mapping, matroid, vavasis, richly",2
math,2002,15,"operators, potentials, dinger, oscillator, spectral",10
math,2002,16,"quantum, markovian, von, neumann, information",12
math,2002,17,"permutations, emptyset, avoiding, patterns, generating",14
math,2002,20,"willmore, surfaces, minimal, curvature, submanifolds",11
math,2002,21,"variables, shot, independent, random, identically",4
math,2002,22,"parsing, separation, bayesian, probable, information",2
math,2002,23,"lip, banach, spaces, nearisometries, basis",10
math,2002,25,"counting, yoshida, newforms, prasad, hecke",2
math,2002,27,"quiver, grassmannians, algebras, varieties, affine",3
math,2002,28,"codes, code, preparata, cc, mds",4
math,2002,29,"matrices, random, crossing, cumulants, ensembles",4
math,2002,30,"pseudodifferential, compact, laplacian, riemannian, manifolds",6
math,2002,33,"operad, eccles, barratt, simplicial, presheaves",3
math,2002,34,"curves, ell, curve, e1, elliptic",6
math,2002,35,"portfolio, utility, insurance, investor, strategy",2
math,2002,36,"reversal, emitted, reconstruction, media, scattering",4
math,2002,38,"bifurcation, versal, rfdes, hamiltonian, versality",5
math,2002,39,"hole, black, einstein, spacetime, causal",8
math,2002,40,"lie, algebras, frak, algebra, mathfrak",8
math,2002,41,"inequalities, zeros, laguerre, dicrete, radius",2
math,2002,42,"cr, bc, codimension, mappings, levi",5
math,2002,43,"symplectic, hamiltonian, red, fibration, hbox",5
math,2002,44,"witten, gromov, calabi, yau, mirror",8
math,2002,47,"hausdorff, fractal, fractals, qp, omega",5
math,2002,48,"ramanujan, tilde, hypergeometric, summation, identities",4
math,2002,49,"sle, percolation, schramm, lawler, conformal",2
math,2002,50,"convex, concavely, discrepancy, body, ll",2
math,2002,53,"semigroup, straight, semigroups, left, decompositions",3
math,2002,55,"poisson, quantization, lie, algebroids, jacobi",11
math,2002,56,"volatility, density, instants, process, deconvolution",1
math,2002,57,"zeta, riemann, bnat, log, hypothesis",3
math,2002,58,"logics, logic, propositional, cumulative, intuitionistic",3
math,2002,59,"sieves, primes, powers, lectures, rieman",2
math,2002,60,"wavelets, multiwavelet, msf, packets, wavelet",3
math,2002,61,"hopf, algebras, inftyrep, gl, algebra",10
math,2002,62,"creature, creatures, games, technology, forcing",1
math,2002,63,"packing, kepler, approx, 18th, oldest",2
math,2002,64,"polynomials, orthogonal, laguerre, orthogonality, jacobi",5
math,2002,67,"polytopes, polytope, hyp, 7hyp, delaunay",3
math,2002,68,"potts, ising, tricritical, models, spin",5
math,2002,69,"crystal, um, hecke, affine, modules",10
math,2002,70,"walk, avoid, hull, past, escapes",1
math,2002,73,"coreflection, paracompact, supercomplete, fine, countable",2
math,2002,78,"absoluteness, cardinal, aleph, ch, undertilde",3
math,2002,81,"landscapes, chemistry, landscape, biopolymers, energy",1
math,2002,84,"international, mathematics, raoul, scholarly, education",3
math,2002,85,"subset, sidon, gn, bounds, upper",1
math,2002,88,"voa, vertex, toroidal, operator, algebra",7
math,2002,91,"nur, onsager, hydrodynamic, stationary, particle",3
math,2002,92,"plb, julia, bigcap, subset, polynomiale",2
math,2002,93,"schubert, varieties, covexillary, mitosis, flag",5
math,2002,95,"cal, bbb, prime, fields, swan",2
math,2002,97,"landau, ginzburg, vortices, particles, types",1
math,2002,100,"spectra, inftye, inftya, cohomology, theories",1
math,2002,101,"apery, irrationality, continued, approximation, badly",4
math,2002,105,"rbns, determinism, synchronicity, types, synchronous",1
math,2002,109,"delone, repetitive, tiling, aperiodic, tilings",3
math,2002,115,"sundman, configurations, body, central, trois",2
math,2002,116,"expansions, taylor, remainders, indicated, analytic",1
math,2002,117,"conformally, umbilic, flat, curvature, riemannian",2
math,2002,118,"periodic, locally, oscillation, value, increases",1
math,2002,119,"symmetries, infinitesimal, hierarchies, equations, symmetry",3
math,2002,122,"fit, exact, explains, polynomial, obtain",1
math,2002,128,"torelli, multitwist, nonisotopic, pairwise, homotopically",1
math,2002,130,"superalgebras, lie, modules, tilting, affine",2
math,2002,131,"omega, mills, flatness, half, yang",1
math,2002,133,"integrability, symplectic, ddw, hamiltonian, dedecker",4
math,2002,136,"tqft, gauge, symmetry, lgt, topological",5
math,2002,137,"cyclic, excision, module, coalgebras, hopf",2
math,2002,138,"noncommutative, quantum, superplane, podle, conformal",6
math,2002,141,"index, eta, operators, elliptic, dirac",7
math,2002,142,"motivic, integration, understand, grothendieck, survey",1
math,2002,144,"bethe, frakh, baxter, spin, quantum",6
math,2002,145,"foliation, laminations, foliations, leaf, leaves",4
math,2002,146,"painlev, schlesinger, isomonodromy, red, riccati",3
math,2002,148,"mu, automata, cellular, lca, automaton",1
math,2003,0,"graph, graphs, gg, number, vertices",23
math,2003,1,"commuting, weighted, operators, shifts, dilations",15
math,2003,2,"inference, jackknife, prior, estimator, pdf",3
math,2003,3,"knot, knots, link, homology, links",31
math,2003,4,"groups, group, jsj, fin, tits",12
math,2003,5,"nonholonomic, control, nonlinear, cart, shouten",6
math,2003,6,"algebras, algebra, oa, unital, banach",27
math,2003,7,"ideals, ideal, ring, rings, rr",30
math,2003,8,"array, quasiconvex, equation, 2uln, partial",6
math,2003,9,"fano, surfaces, k3, moduli, singularities",18
math,2003,10,"navier, stokes, incompressible, equations, euler",7
math,2003,11,"ricci, hler, curvature, manifolds, einstein",27
math,2003,12,"diffeomorphisms, hyperbolic, maps, orbits, homoclinic",19
math,2003,13,"nls, nonlinear, nonlinearity, dinger, schr",6
math,2003,14,"combinatorial, optimization, reaching, guaranteed, convex",1
math,2003,15,"dinger, operators, schr, spectral, operator",19
math,2003,16,"quantum, digraph, von, kochen, neumann",15
math,2003,17,"words, permutations, pattern, avoiding, books",12
math,2003,18,"hoelder, rough, stochastic, brownian, motion",4
math,2003,20,"surfaces, curvature, umbilic, mean, minimal",11
math,2003,21,"sums, satheesh, ther, stability, nair",1
math,2003,23,"banach, kadec, monotone, spaces, space",7
math,2003,25,"forms, modular, hecke, cusp, weight",11
math,2003,27,"algebras, category, standardly, filtration, modules",6
math,2003,28,"codes, code, goppa, frames, convolutional",9
math,2003,29,"matrices, eigenvalues, ensembles, janossy, tracy",5
math,2003,30,"jk, laplacian, remainder, jv, laplace",6
math,2003,31,"segregation, reaction, competition, diffusion, steady",2
math,2003,33,"categories, operads, operad, category, enriched",7
math,2003,34,"over, abelian, curves, elliptic, tate",7
math,2003,35,"asian, markets, options, yor, valuing",2
math,2003,38,"champ, gevrey, les, homog, bifurcation",6
math,2003,39,"black, hole, spacetime, holes, penrose",11
math,2003,40,"algebras, lie, algebra, xu, central",7
math,2003,41,"inequalities, inequality, inner, gruss, bessel",10
math,2003,42,"bold, cv, holomorphic, cr, math",7
math,2003,43,"symplectic, om, contact, hofer, hamiltonian",16
math,2003,44,"witten, invariants, gromov, yau, calabi",11
math,2003,45,"processes, exit, girsanov, boundaries, regions",3
math,2003,46,"service, queue, discipline, logconvex, tailed",1
math,2003,47,"fractals, fractal, hausdorff, sets, dimension",8
math,2003,48,"summation, rothe, ramanujan, abel, series",4
math,2003,49,"percolation, zd, sle, passage, loops",7
math,2003,50,"valuations, convex, bodies, body, coset",3
math,2003,51,"numbers, 3n, 15n, fibonacci, convolved",6
math,2003,53,"separative, semigroups, quasi, congruences, built",1
math,2003,55,"poisson, symplectic, lie, algebroid, algebroids",12
math,2003,57,"zeta, riemann, zeros, 4dt, it",4
math,2003,58,"goedel, entscheidungsproblem, omega, limitative, vacuously",3
math,2003,59,"primes, prime, pdf, it, sums",4
math,2003,60,"frames, frame, wavelet, wavelets, co",7
math,2003,61,"hopf, algebras, coalgebras, categories, frobenius",10
math,2003,62,"shortest, hanoi, path, twice, hinz",1
math,2003,63,"heilbronn, area, sets, 3c, disks",3
math,2003,64,"polynomials, orthogonal, so, jacobi, askey",8
math,2003,65,"dependences, extremal, unusual, properties, structures",1
math,2003,66,"resolution, methods, high, trademark, schemes",1
math,2003,67,"ehrhart, polytope, polytopes, parallelotope, parallelotopes",5
math,2003,68,"potts, transition, temperature, models, lattice",3
math,2003,69,"crystal, hecke, cherednik, algebras, algebra",12
math,2003,70,"lambda, walk, random, walks, ehi",7
math,2003,72,"group, groups, underset, filter, metrizable",4
math,2003,75,"boltzmann, glassey, vlasov, strauss, relativistic",2
math,2003,77,"isoperimetric, monge, profile, ampere, ric",3
math,2003,78,"forcing, cardinals, sheva, omega, cardinal",6
math,2003,80,"curvature, flow, mean, sharp, estimates",2
math,2003,83,"adique, arthur, groupe, gl, une",2
math,2003,84,"arabic, numerals, mathematics, mathematical, history",4
math,2003,85,"cdot, integers, aa, sum, fractions",2
math,2003,86,"rhythms, nervous, neuronal, refractoriness, mathematical",2
math,2003,88,"vertex, gl, algebra, algebras, quantum",8
math,2003,90,"aerotaxis, chemotaxis, endothelial, methylation, oxygen",1
math,2003,91,"exclusion, diffusive, asymmetric, profile, hydrodynamic",1
math,2003,92,"julia, maps, cod, quadratic, coding",4
math,2003,93,"schubert, flag, varieties, quantum, og",5
math,2003,94,"nash, equilibria, game, person, totally",1
math,2003,95,"extensions, number, discriminant, congruences, prime",2
math,2003,97,"charge, proportional, singularity, curvatures, point",1
math,2003,99,"bar, blocks, defect, characters, irr",3
math,2003,100,"kr, sequence, spectral, hirzebruch, motivic",1
math,2003,101,"irrationality, continued, vector, liouville, fraction",2
math,2003,102,"tropical, grassmannian, plucker, ideal, trees",1
math,2003,105,"organic, kinetics, isomerism, lunn, benzene",2
math,2003,108,"mu, teichmueller, petersson, weil, teichmuller",2
math,2003,109,"tetrahedra, acute, circ77, dihedral, angles",1
math,2003,110,"xu, kimura, 3st, phylogenetic, 4x4x4",1
math,2003,111,"wave, obstacles, dispersive, equations, dissipative",3
math,2003,113,"penalties, thresholding, regularized, iterative, regularizes",1
math,2003,115,"body, collisionless, bodies, orbits, periodic",3
math,2003,116,"barnes, gamma, glaisher, function, contributions",1
math,2003,117,"curvature, scalar, conformally, fully, positive",2
math,2003,118,"homogenization, compactness, parabolic, justify, notion",1
math,2003,119,"symmetries, loc, differential, equations, text",3
math,2003,120,"meshalkin, lym, erdos, hochberg, binom",2
math,2003,121,"robots, coordination, dynamical, distributed, nonsmooth",1
math,2003,122,"quadrature, integrand, reliability, insufficiently, sharpening",1
math,2003,124,"boussinesq, viscous, regularity, global, equations",1
math,2003,126,"pressureless, rotating, burgers, gas, wedge",1
math,2003,128,"mapping, cofinite, class, group, genus",1
math,2003,129,"differintegration, fractional, derivatives, integrals, matrix",1
math,2003,130,"ca, modules, weight, module, virasoro",4
math,2003,131,"instantons, hooft, mills, gibbons, yang",3
math,2003,132,"alpha, omega, xomega, omegaomega, controllability",1
math,2003,133,"hamiltonian, integrable, systems, partially, dynamical",4
math,2003,137,"cyclic, algebras, homology, hopf, hochschild",6
math,2003,138,"noncommutative, quantum, quantized, algebra, differential",5
math,2003,139,"ribbon, polynomials, macdonald, schur, functions",4
math,2003,141,"index, pseudodifferential, atiyah, operators, dirac",4
math,2003,142,"motives, char, category, distinguished, motivic",1
math,2003,143,"viscosity, hamilton, jacobi, solutions, hamiltonian",2
math,2003,144,"dynamical, sl, bethe, gaudin, quantum",9
math,2003,145,"leaf, foliations, foliation, plessis, bound",1
math,2003,146,"pm, painlev, prime, 2ab, riccati",2
math,2003,148,"automata, cellular, lca, automaton, hm",2
math,2003,149,"smoothing, effect, ikawa, dinger, schr",1
math,2004,0,"graphs, graph, vertices, gg, matroids",37
math,2004,1,"operators, lacunary, transform, operator, spaces",21
math,2004,2,"regression, treatment, estimation, effect, model",18
math,2004,3,"knot, knots, links, homology, invariants",55
math,2004,4,"groups, group, free, relator, subgroups",28
math,2004,5,"parametrization, control, monotonic, adaptation, compensators",1
math,2004,6,"algebras, algebra, unital, tracial, pi",26
math,2004,7,"ring, ideals, ideal, macaulay, cohen",29
math,2004,8,"boundary, minima, solutions, pm, equation",7
math,2004,9,"curves, moduli, surfaces, k3, fano",35
math,2004,10,"navier, stokes, incompressible, equations, dyadic",7
math,2004,11,"einstein, ricci, metrics, curvature, manifolds",30
math,2004,12,"la, cl, entropy, omegalt, maps",11
math,2004,13,"equation, spe, nonlinear, solutions, dinger",7
math,2004,14,"constraint, rule, propagation, selective, initialization",2
math,2004,15,"spectrum, operators, potentials, dinger, schr",22
math,2004,16,"quantum, classical, correction, state, systems",17
math,2004,17,"permutations, tr, words, bijections, trees",19
math,2004,18,"spde, dalang, mueller, stochastic, driven",2
math,2004,20,"curvature, surfaces, minimal, surface, mean",16
math,2004,21,"stein, martingale, poisson, vapnik, central",9
math,2004,23,"banach, spaces, gateaux, ell, space",11
math,2004,25,"forms, automorphic, modular, maass, cg",4
math,2004,27,"cluster, mod, algebras, categories, notes",4
math,2004,28,"codes, diversity, code, amorphic, convolutional",4
math,2004,29,"cumulants, matrices, matrix, random, probability",6
math,2004,30,"eigenvalue, ricci, bound, lower, nodal",10
math,2004,31,"prey, predator, species, logistic, shear",4
math,2004,33,"categories, monoidal, category, cat, categorie",6
math,2004,34,"curves, elliptic, over, curve, abelian",15
math,2004,35,"market, risk, endowments, volatility, claims",6
math,2004,36,"frequencies, refracting, bubbles, transition, conductivity",6
math,2004,37,"jitter, dms, managed, pulse, numerical",1
math,2004,38,"localised, hamiltonian, resonant, control, recreate",2
math,2004,39,"spacetimes, einstein, black, ads, h2",7
math,2004,40,"lie, algebras, frak, algebra, cal",9
math,2004,41,"reverses, inequality, triangle, inner, turan",4
math,2004,42,"holomorphic, cr, complex, submanifolds, stein",13
math,2004,43,"symplectic, contact, floer, hamiltonian, hofer",15
math,2004,44,"hilb, witten, invariants, calabi, yau",6
math,2004,45,"brownian, motion, processes, process, sausage",7
math,2004,46,"queueing, customers, queues, servers, service",4
math,2004,47,"self, multifractal, similar, cantor, similarity",5
math,2004,48,"partition, andrews, partitions, ramanujan, pi",7
math,2004,49,"percolation, passage, sle, sles, lace",10
math,2004,50,"bodies, convex, nicely, isoperimetric, sections",6
math,2004,51,"stirling, numbers, lucas, identities, lah",4
math,2004,52,"restoration, digital, image, inpainting, deconvolution",2
math,2004,53,"nilpotent, pseudogroups, identity, epsilon, plante",2
math,2004,55,"poisson, lie, quantization, dirac, bundle",16
math,2004,56,"garch, volatility, likelihood, lave, estimators",3
math,2004,57,"zeta, multiple, values, riemann, hypothesis",5
math,2004,58,"logic, sentential, contradictions, calculus, include",2
math,2004,59,"prime, log, primes, xy, lost",7
math,2004,60,"frames, frame, wavelets, lamdda, baggett",3
math,2004,61,"hopf, galois, algebra, extensions, matched",15
math,2004,62,"pebbling, pebbles, cover, nim, game",6
math,2004,63,"packings, hexagonal, disks, curved, lattice",4
math,2004,64,"polynomials, orthogonal, appell, laguerre, circle",11
math,2004,65,"spanning, random, tree, trees, jz",7
math,2004,67,"polytopes, sommerville, zigzag, polytope, quotients",5
math,2004,68,"ising, bbckk, gibbs, spin, cugliandolo",5
math,2004,69,"hecke, crystal, lusztig, algebra, algebras",9
math,2004,70,"walk, random, walks, polar, return",5
math,2004,72,"whirly, polish, borel, group, aut",5
math,2004,73,"om, pp, topology, spaces, topologies",6
math,2004,74,"data, signal, segmented, partitions, searches",1
math,2004,76,"tlm, dsc, scattering, transmission, propagation",2
math,2004,77,"monge, ampere, amp, norms, bedford",3
math,2004,78,"kappa, forcing, lambda, aleph, cardinal",5
math,2004,79,"repeats, dna, tangle, proteins, inverted",1
math,2004,80,"curvature, flow, pinching, hypersurfaces, mean",2
math,2004,81,"reversible, chain, mcmc, chains, variance",2
math,2004,83,"gl, character, representations, plancherel, transfer",4
math,2004,84,"easter, astronomical, date, catholic, orthodox",3
math,2004,85,"szemeredi, aa, sum, alpha, ell",3
math,2004,87,"brittle, quasistatic, fractures, fracture, elastic",2
math,2004,88,"vertex, algebras, voa, algebra, monster",5
math,2004,90,"mesenchymal, morphogenesis, chemotactic, collapse, cells",1
math,2004,91,"macroscopic, particles, limit, scaling, polynuclear",3
math,2004,92,"julia, maps, ovl, quadratic, cubic",7
math,2004,93,"schubert, varieties, flag, flags, ind",14
math,2004,96,"branching, rouault, offspring, fragmentations, processes",3
math,2004,97,"superconductivity, landau, lifshitz, sternberg, gilbert",2
math,2004,99,"characters, irr, irreducible, pp, groups",7
math,2004,100,"spectra, ring, kunneth, thh, homology",3
math,2004,101,"ref, frac14a, frac14, gill, fr",1
math,2004,102,"tropical, mathematics, numerousreferences, lecture, scholar",1
math,2004,103,"partial, frac, functions, subfunctions, subharmonic",1
math,2004,107,"locus, selected, coalescent, population, darwinian",2
math,2004,108,"bending, thurston, punctured, once, teichm",2
math,2004,109,"tilings, aztec, domino, tiling, scd",5
math,2004,110,"phylogenetic, bacterial, genomes, tree, genomic",6
math,2004,111,"wave, null, quasilinear, global, equations",3
math,2004,112,"rv, br, partial, quad, splitting",1
math,2004,115,"body, moons, planet, capture, planets",2
math,2004,116,"phi, gamma, stieltjes, transforms, functions",1
math,2004,117,"yamabe, curvature, relativity, cheeger, annulus",2
math,2004,119,"dispersionless, bc, symmetries, th, equations",5
math,2004,120,"caps, blocker, antichain, complete, posets",2
math,2004,121,"agent, moreau, leaderless, multi, relaxing",1
math,2004,122,"dqis, spline, interpolation, birkhoff, interpolants",2
math,2004,123,"determinant, matrices, hadamard, weight, parameterisation",4
math,2004,128,"corrected, refer, virtually, poly, error",1
math,2004,129,"variations, calculus, thinkers, brief, fractional",1
math,2004,131,"nahm, sommerfield, bogomol, monopoles, vortices",3
math,2004,133,"systems, hamiltonian, chaplygin, nonholonomic, integrable",5
math,2004,136,"tqfts, categories, tqft, integrality, somewhat",3
math,2004,137,"infinity, structures, algebras, codifferentials, classification",1
math,2004,138,"noncommutative, quantum, deformed, drinfeld, algebra",5
math,2004,139,"cpx, foulkes, berele, macdonald, schur",4
math,2004,141,"index, frac, formula, dirac, semifinite",2
math,2004,142,"motives, biextensions, motivic, motive, arcs",2
math,2004,144,"bethe, spin, quantum, integrable, ansatz",8
math,2004,145,"foliation, foliations, leaves, leaf, maximally",4
math,2004,146,"painlev, painleve, mazzocco, vi, jimbo",2
math,2004,148,"automata, zeta, relations, multiple, values",1
math,2004,149,"strichartz, estimates, dispersive, schroedinger, dinger",4
math,2005,0,"graphs, graph, vertex, heterochromatic, gg",23
math,2005,1,"fh, operators, operator, hardy, spaces",21
math,2005,2,"regression, estimator, estimators, estimation, data",33
math,2005,3,"knot, knots, links, link, alexander",49
math,2005,4,"groups, group, subgroups, subgroup, gg",35
math,2005,5,"control, attitude, systems, feedback, trajectory",12
math,2005,6,"algebras, algebra, cl, mathcal, von",45
math,2005,7,"ideals, rr, ideal, ring, rings",25
math,2005,8,"elliptic, solutions, regularity, ge, boundary",15
math,2005,9,"k3, moduli, surfaces, curves, bundles",31
math,2005,10,"navier, stokes, flow, solutions, equations",12
math,2005,11,"ricci, metrics, manifolds, curvature, kahler",26
math,2005,12,"mixing, maps, translation, de, hyperbolic",12
math,2005,13,"dinger, schr, equation, posedness, debye",11
math,2005,14,"packlib, optimization, xml, instances, colourful",4
math,2005,15,"spectrum, operators, operator, eigenvalues, dinger",33
math,2005,16,"quantum, ito, nafl, algebra, semilogics",17
math,2005,17,"permutations, pattern, patterns, avoiding, length",23
math,2005,18,"stochastic, differential, equations, sdes, bard",8
math,2005,20,"surfaces, curvature, minimal, rth, mean",14
math,2005,21,"random, variables, mgf, approximation, distributions",10
math,2005,22,"slae, lambda, lagrange, multipliers, simultaneous",1
math,2005,23,"banach, spaces, erstnev, ell, pn",13
math,2005,25,"hecke, eisenstein, modular, forms, maass",9
math,2005,26,"traffic, bus, facing, jammed, car",3
math,2005,27,"cluster, triangulated, quivers, recollement, categories",10
math,2005,28,"codes, code, designs, coding, latin",12
math,2005,29,"matrices, random, ensembles, matrix, eigenvalue",13
math,2005,30,"2v, eigenvalue, cos, laplacian, symbol",10
math,2005,31,"shear, front, speeds, kpp, speed",4
math,2005,33,"categories, category, operads, simplicial, operad",7
math,2005,34,"curves, elliptic, curve, abelian, hyperelliptic",16
math,2005,35,"portfolio, transaction, kabanov, financial, price",11
math,2005,36,"impedance, part, 2h, obstacle, imaginary",2
math,2005,38,"nontwist, partial, reconnection, dt, dot",5
math,2005,39,"causal, spacetimes, asymptotically, spacetime, sitter",9
math,2005,40,"lie, algebras, algebra, superalgebras, leibniz",17
math,2005,41,"inequality, 2rs, poinwise, leq, inequalities",5
math,2005,42,"cr, holomorphic, mappings, mapping, holomorphy",12
math,2005,43,"symplectic, contact, floer, manifolds, books",14
math,2005,44,"witten, yau, calabi, mirror, gromov",15
math,2005,45,"brownian, vy, motion, processes, process",14
math,2005,46,"queue, server, service, deviations, srpt",6
math,2005,47,"fractals, hausdorff, triples, besicovitch, connectedness",2
math,2005,48,"ramanujan, summation, identities, qq, series",15
math,2005,49,"percolation, tb, bf, passage, sle",10
math,2005,50,"radii, bodies, busemann, petty, minkowski",5
math,2005,51,"2n, gerhold, numbers, integers, log",3
math,2005,53,"semigroups, semigroup, divisor, monoid, monoids",9
math,2005,55,"poisson, quantization, symplectic, lie, structures",10
math,2005,56,"zoo, series, lyapounov, models, estimation",5
math,2005,57,"zeta, riemann, zeros, function, apery",7
math,2005,58,"logic, computability, propositional, intuitionistic, church",4
math,2005,59,"primes, prime, le, liminf, numbers",8
math,2005,60,"frame, frames, gabor, wavelet, wavelets",14
math,2005,61,"hopf, frak, algebra, algebras, braided",12
math,2005,62,"pebbling, pebbles, cover, dcp, game",5
math,2005,63,"apollonian, bq, orthocentric, bw, packings",5
math,2005,64,"polynomials, orthogonal, awp, hermite, askey",7
math,2005,65,"diam, lc, tries, ln, alpha",3
math,2005,67,"polytope, polytopes, chiral, degree, polyhedra",8
math,2005,68,"sherrington, ising, kirpatrick, capel, blume",4
math,2005,69,"hecke, algebras, algebra, ariki, crystal",9
math,2005,70,"walk, random, environment, ballistic, scenery",7
math,2005,72,"earring, hawaiian, group, topological, pi1",7
math,2005,73,"lindelof, baire, pt, cswp, space",3
math,2005,75,"boltzmann, maxwellian, diffusion, en, de",3
math,2005,76,"td, fd, debye, maxwell, petropoulos",1
math,2005,77,"ampere, monge, abreu, solutions, prescribing",2
math,2005,78,"omega, kappa, sacks, tame, forcing",3
math,2005,79,"tangle, dna, montesinos, inverted, integrases",1
math,2005,80,"curvature, shrinkers, mean, flow, self",2
math,2005,81,"metropolis, monte, carlo, stat, sequential",3
math,2005,85,"2a, arithmetic, freiman, progression, sumsets",3
math,2005,86,"presynaptic, spike, timing, synchronization, precision",3
math,2005,87,"crack, es, hu, initiation, om",2
math,2005,88,"vertex, algebras, algebra, nonlocal, operator",7
math,2005,91,"multiclass, exclusion, process, particles, particle",5
math,2005,92,"julia, maps, polynomials, siegel, disks",8
math,2005,93,"schubert, flag, grassmannian, cohomology, schur",6
math,2005,94,"games, game, bimatrix, equilibrium, nash",2
math,2005,95,"coeff, binomial, pc, prod, rfloor",2
math,2005,96,"branching, extinction, galton, watson, processes",3
math,2005,97,"superconductivity, superconductors, field, landau, precise",1
math,2005,98,"unichain, policies, optimal, decision, reward",1
math,2005,99,"classifying, fusion, finite, subgroups, groups",2
math,2005,100,"spectrum, adams, spectra, root, cohomology",7
math,2005,101,"continued, fraction, irrationality, fractions, nq",3
math,2005,102,"tropical, dequantization, duality, mathematics, curves",2
math,2005,103,"bbb, harmonic, cal, functions, kmv",3
math,2005,107,"population, coalescent, mutation, trait, mutations",7
math,2005,108,"teichmuller, teichm, ller, petersson, metric",6
math,2005,109,"tilings, substitution, tiling, hexagonal, pisot",2
math,2005,110,"nucleotide, evolve, substitution, purines, pyrimidines",1
math,2005,111,"wave, quasilinear, small, global, solutions",3
math,2005,115,"libration, body, saari, mass, points",2
math,2005,116,"beta, integrals, elliptic, proofs, multiparameter",1
math,2005,117,"curvature, manifolds, ricci, volumes, haken",3
math,2005,118,"homogenization, homogenize, parabolic, times, space",1
math,2005,119,"mts, lie, symmetries, backlund, differential",6
math,2005,121,"delays, consensus, communication, robotic, agents",2
math,2005,122,"quadrature, nodes, gaussian, manifestly, weights",1
math,2005,127,"coherence, categories, net, category, monoidal",3
math,2005,128,"mapping, mod, group, hom, hyperelliptic",4
math,2005,130,"weight, modules, virasoro, module, mathfrak",5
math,2005,131,"instantons, mills, yang, vortices, ansatz",5
math,2005,132,"controllability, semilinear, heat, approximate, cost",1
math,2005,133,"lagrangian, hamiltonian, variational, bicomplex, gauge",6
math,2005,134,"convolution, log, quadrature, evaluations, subdiffusion",1
math,2005,136,"theories, topological, tqfts, quantum, tqft",3
math,2005,137,"cr, dg, bondal, hochschild, hh",3
math,2005,138,"noncommutative, quantum, covariant, geometry, osp",5
math,2005,139,"macdonald, schur, boson, fermion, functions",2
math,2005,141,"index, dirac, operator, eta, operators",6
math,2005,142,"motives, uniformizability, motivic, motive, chow",5
math,2005,143,"periodical, convex, poisson, multi, potential",1
math,2005,144,"gaudin, osp, opers, algebra, baxter",5
math,2005,145,"foliation, foliations, vey, godbillon, tautness",4
math,2005,146,"painlev, bt, heun, painleve, rh",5
math,2005,148,"automata, automaton, ca, qs, languages",4
math,2005,149,"strichartz, dinger, schr, laplacian, estimates",3
math,2006,0,"graph, graphs, vertices, gg, edge",58
math,2006,1,"operators, hardy, spaces, operator, weighted",38
math,2006,2,"estimators, mathit, regression, data, estimator",43
math,2006,3,"knots, knot, homology, link, links",57
math,2006,4,"groups, group, subgroups, subgroup, free",45
math,2006,5,"attitude, systems, control, controller, stabilization",15
math,2006,6,"algebras, algebra, tracial, unital, af",46
math,2006,7,"ideals, ideal, rings, ring, modules",36
math,2006,8,"quad, boundary, parabolic, solutions, elliptic",14
math,2006,9,"k3, surfaces, moduli, projective, curves",45
math,2006,10,"navier, stokes, fluid, solutions, equations",17
math,2006,11,"ricci, hler, manifolds, metrics, curvature",33
math,2006,12,"entropy, hyperbolic, ergodic, mixing, teichmueller",25
math,2006,13,"dinger, schr, equation, nonlinear, critical",22
math,2006,14,"salesman, integrality, karakostas, tour, traveling",4
math,2006,15,"spectral, operators, operator, dinger, schr",19
math,2006,16,"quantum, cocycles, mu, pt, state",14
math,2006,17,"permutations, patterns, permutation, patience, pattern",18
math,2006,18,"differential, stochastic, driven, equations, floor",9
math,2006,19,"eigenvalue, element, extrapolation, mixed, quality",2
math,2006,20,"surfaces, curvature, sitter, hypersurfaces, minimal",21
math,2006,21,"bs, vervaat, tail, kiefer, bahadur",11
math,2006,22,"householder, transform, flows, matrix, transformations",5
math,2006,23,"banach, spaces, separable, isomorphism, space",7
math,2006,24,"maximizer, extrema, deciding, never, straightforward",1
math,2006,25,"modular, forms, eisenstein, series, hecke",22
math,2006,26,"sgss, schedule, shop, priority, job",1
math,2006,27,"cluster, tilting, algebras, tilted, categories",17
math,2006,28,"codes, supersaturated, ln, code, lcs",8
math,2006,29,"random, ensembles, matrices, bf, circ",11
math,2006,30,"ri, hypoellipticity, eigenvalue, subellipticity, laplacian",11
math,2006,31,"tumor, gierer, memory, meinhardt, immune",2
math,2006,33,"category, categories, operads, operad, monoidal",12
math,2006,34,"curves, elliptic, curve, rational, selmer",11
math,2006,35,"pricing, market, price, options, american",12
math,2006,36,"inclusions, fastening, unknown, boundary, band",6
math,2006,38,"periodic, r2, bifurcation, governor, stability",10
math,2006,39,"bondi, schwarzschild, spacetimes, wave, spacetime",11
math,2006,40,"lie, algebras, leibniz, superalgebras, algebra",12
math,2006,41,"inequalities, inequality, bf, functions, sqrt",8
math,2006,42,"mappings, holomorphic, domains, cr, quasiregular",16
math,2006,43,"symplectic, manifolds, contact, capacities, lefschetz",16
math,2006,44,"invariants, witten, gromov, mirror, donaldson",11
math,2006,45,"processes, brownian, motion, hitting, vy",9
math,2006,46,"mpgps, service, resource, allocation, server",3
math,2006,47,"ga, la, gac, cantor, sets",3
math,2006,48,"series, hypergeometric, guidelines, partitions, adic",9
math,2006,49,"percolation, explorer, sle, random, clusters",10
math,2006,50,"isotropic, ball, body, bodies, volumes",2
math,2006,51,"binom, numbers, identities, stirling, bernoulli",6
math,2006,52,"eps, bigm, edge, noise, significant",1
math,2006,53,"fp, nbi, implication, bi, reversible",1
math,2006,54,"infection, infected, vaccination, population, spread",4
math,2006,55,"lie, poisson, quantization, gerbes, algebroid",15
math,2006,56,"garch, change, kkth, process, estimation",9
math,2006,57,"zeta, riemann, values, hypothesis, lerch",9
math,2006,58,"logic, propositional, goedel, proof, calculus",6
math,2006,59,"prime, primes, integers, sieve, numbers",7
math,2006,60,"wavelet, cross, wavelets, symbol, br",5
math,2006,61,"hopf, algebra, coalgebras, algebras, category",10
math,2006,62,"warnsdorff, game, mis, games, maker",3
math,2006,63,"kusner, formed, rceil, lceil, planes",3
math,2006,64,"polynomials, orthogonal, 2n, circle, asymptotics",14
math,2006,65,"hat, random, trees, graph, pagerank",13
math,2006,66,"carbuncles, carbuncle, unsatisfactory, entropy, suppressing",1
math,2006,67,"polytopes, polytope, lattice, delaunay, agl",10
math,2006,68,"temperature, spin, gibbs, model, random",7
math,2006,69,"crystals, crystal, hecke, partitions, lusztig",12
math,2006,70,"walk, random, environment, walks, excited",16
math,2006,72,"asdim, anasdim, thmainabstract, thm, group",11
math,2006,73,"compacta, spaces, slaloms, rc, paracompactness",5
math,2006,74,"som, kohonen, individuals, median, ng",2
math,2006,75,"boltzmann, vlasov, collision, cutoff, equation",11
math,2006,77,"monge, amp, re, ampere, lder",6
math,2006,78,"mu, aleph, cardinal, baire, cardinals",5
math,2006,79,"proteins, protein, fission, trajectories, complexes",1
math,2006,80,"flow, mean, curvature, horospheres, slag",3
math,2006,81,"metropolis, sampler, sampling, coarse, monte",4
math,2006,83,"shalika, gl, representations, langlands, soudry",3
math,2006,84,"zeno, zenonian, paradoxes, chronology, multidisciplinary",4
math,2006,85,"lev, progressions, quasinorms, too, arithmetic",2
math,2006,86,"oscillators, network, oscillator, intercting, aproach",2
math,2006,87,"material, aging, creep, elastic, stress",4
math,2006,88,"vertex, algebra, algebras, operator, modules",7
math,2006,89,"transportation, kantorovich, optimal, monge, transport",2
math,2006,91,"exclusion, particle, baths, tagged, process",5
math,2006,92,"julia, maps, attracting, basin, immediate",10
math,2006,93,"schubert, varieties, hessenberg, minuscule, flag",7
math,2006,95,"fields, conductor, trace, totlally, quartic",2
math,2006,96,"branching, superprocess, motion, superprocesses, offspring",3
math,2006,97,"landau, ginzburg, cap, nanowire, energy",4
math,2006,99,"ibrg, ipig, irrg, character, brauer",3
math,2006,101,"epi, ja, recurrences, zddk, zdd",1
math,2006,102,"tropical, geometry, pappus, cramer, madrid",3
math,2006,103,"univalent, stackrel, ul, harmonic, pluriharmonic",2
math,2006,105,"gene, snoussi, feedback, piecewise, unicity",1
math,2006,107,"population, neutral, coalescent, loci, mutant",7
math,2006,108,"teichm, ller, teichmuller, surfaces, bers",6
math,2006,110,"pedigrees, genotope, subpolytope, human, mcmorris",3
math,2006,111,"wave, equations, colombeau, semilinear, exterior",4
math,2006,112,"hamiltonian, integrators, freedom, systems, conserving",1
math,2006,113,"sparsity, ell, recovery, measurements, sparse",2
math,2006,114,"gy, control, ell, mathbb, equation",1
math,2006,115,"body, gyrostat, equilibria, sphere, relative",3
math,2006,116,"expansions, nu, hypergeometric, expansion, series",5
math,2006,117,"curvature, yamabe, scalar, conformal, riemannian",4
math,2006,118,"homogenization, concentrations, scale, robin, media",3
math,2006,119,"dispersionless, hierarchy, zabolotskaya, khokhlov, mkp",2
math,2006,121,"consensus, intercommunication, communication, subproducts, laws",2
math,2006,122,"qis, criss, splines, interpolants, spline",1
math,2006,123,"rows, permanent, matrices, columns, matrix",2
math,2006,124,"boussinesq, waves, damped, directional, dissipative",1
math,2006,126,"mhd, magnetic, solutions, decay, magnetohydrodynamic",2
math,2006,127,"elgot, category, pospaces, extensional, axioms",4
math,2006,128,"mapping, mod, nonorientable, twists, surface",3
math,2006,129,"fractional, noether, frederico, lagrange, agrawal",1
math,2006,130,"vir, modules, virasoro, weight, mathfrak",2
math,2006,131,"hep, th, moduli, vortices, walls",3
math,2006,132,"controllability, quasilinear, exact, geometrical, wave",1
math,2006,133,"hamiltonian, gauge, chaplygin, lagrangian, variational",7
math,2006,135,"boltzmann, pareschi, mouhot, collision, math",1
math,2006,137,"hochschild, dg, homology, cohomology, cyclic",8
math,2006,138,"noncommutative, quantum, calculus, geometry, drinfeld",7
math,2006,139,"macdonald, polynomials, schur, nonsymmetric, correspondence",4
math,2006,140,"petrovskii, hilliard, cahn, spdes, parabolic",1
math,2006,141,"index, dirac, eta, operators, boundary",7
math,2006,142,"motives, motivic, motive, brauer, hodge",6
math,2006,143,"subsolutions, hamilton, jacobi, periodic, draw",1
math,2006,144,"gaudin, oper, quantum, opers, kz",5
math,2006,145,"foliations, foliation, leaves, leaf, riemannian",5
math,2006,146,"painlev, painleve, okamoto, heun, equation",5
math,2006,148,"automata, automaton, cellular, alphabet, groups",5
math,2006,149,"symbol, dinger, schr, dependent, time",1
math,2007,0,"graphs, graph, vertices, number, vertex",73
math,2007,1,"hardy, spaces, operators, inequality, int",42
math,2007,2,"estimator, regression, estimators, estimation, model",57
math,2007,3,"knots, knot, homology, link, heegaard",68
math,2007,4,"groups, group, subgroups, subgroup, free",42
math,2007,5,"pmatrix, control, systems, kyp, cr",10
math,2007,6,"algebras, algebra, von, tr, mathcal",44
math,2007,7,"ideals, ring, ideal, rings, modules",55
math,2007,8,"solutions, parabolic, boundary, elliptic, semilinear",13
math,2007,9,"curves, moduli, bf, surfaces, k3",32
math,2007,10,"navier, stokes, equations, solutions, incompressible",20
math,2007,11,"ricci, hler, curvature, einstein, metrics",42
math,2007,12,"entropy, anosov, flows, topological, maps",29
math,2007,13,"equation, dinger, schr, nonlinear, solutions",28
math,2007,14,"sdls, solving, squares, package, sos",2
math,2007,15,"operators, spectrum, operator, spectral, dinger",44
math,2007,16,"quantum, clb, orb, state, states",17
math,2007,17,"permutations, words, pattern, derangements, avoiding",19
math,2007,18,"stochastic, differential, driven, equations, solution",15
math,2007,19,"element, elasticity, moment, finite, posteriori",5
math,2007,20,"minimal, curvature, surfaces, willmore, surface",17
math,2007,21,"distribution, random, stein, statistics, processes",19
math,2007,22,"cg, isa, matrix, preconditioning, precision",9
math,2007,23,"banach, spaces, space, peak, normed",12
math,2007,24,"withdrawn, software, author, algorithms, optimization",1
math,2007,25,"modular, forms, hecke, eisenstein, series",20
math,2007,26,"industries, fda, traffic, analytical, documents",3
math,2007,27,"cluster, tilting, categories, algebras, category",23
math,2007,28,"codes, mds, code, latin, decoding",14
math,2007,29,"matrices, random, matrix, ensembles, distribution",19
math,2007,30,"laplacian, eigenfunction, eigenvalue, olm, eigenvalues",12
math,2007,31,"speed, front, reaction, pulsating, kpp",4
math,2007,33,"categories, category, operads, orientals, topos",13
math,2007,34,"curves, elliptic, curve, supersingular, over",13
math,2007,35,"price, pricing, market, portfolio, risk",14
math,2007,36,"wave, electromagnetic, boundary, waves, measurements",6
math,2007,38,"periodic, bifurcations, bifurcation, systems, perturbed",13
math,2007,39,"spacetimes, sitter, black, mass, spacetime",12
math,2007,40,"lie, algebras, leibniz, superalgebras, algebra",16
math,2007,41,"inequality, inequalities, m1, m2, cccc",9
math,2007,42,"holomorphic, ov, mappings, cr, domains",21
math,2007,43,"symplectic, manifold, contact, tm, manifolds",17
math,2007,44,"calabi, witten, yau, gromov, invariants",13
math,2007,45,"brownian, motion, processes, process, indi",22
math,2007,46,"service, mathbf, queueing, networks, interference",8
math,2007,47,"bm, fractal, multifractal, widetilde, sets",9
math,2007,48,"daehee, partitions, polynomials, adic, euler",5
math,2007,49,"percolation, passage, sle, bf, critical",17
math,2007,50,"convex, bodies, minkowski, body, area",11
math,2007,51,"numbers, genocchi, sequences, my, cesaro",4
math,2007,53,"monoid, semigroups, semigroup, inverse, rook",7
math,2007,54,"epidemic, percolation, outbreak, bond, sir",2
math,2007,55,"poisson, lie, quantization, groupoids, symplectic",13
math,2007,56,"autoregressive, series, change, stationary, estimation",21
math,2007,57,"zeta, riemann, zeros, hypothesis, function",14
math,2007,58,"epistemic, logic, pa, sentence, ac",3
math,2007,59,"primes, prime, numbers, progressions, gaps",13
math,2007,60,"frames, frame, wavelet, wavelets, hilbert",10
math,2007,61,"hopf, categories, algebras, algebra, braided",13
math,2007,62,"game, rubbling, angel, pebble, games",6
math,2007,63,"falconer, erdos, arrangements, dimension, hyperplanes",3
math,2007,64,"polynomials, orthogonal, recurrence, orthogonality, qq",15
math,2007,65,"web, pagerank, ranking, random, surfer",3
math,2007,66,"dealiasing, fourier, smoothing, cavity, high",2
math,2007,67,"polytopes, polytope, lattice, ainf, angles",9
math,2007,68,"gibbs, model, sherrington, kirkpatrick, spin",7
math,2007,69,"hecke, lusztig, algebra, crystals, kazhdan",13
math,2007,70,"walk, random, environment, walks, scenery",9
math,2007,72,"polymorphisms, cantor, orbit, equivalence, polymorphism",5
math,2007,73,"menger, baire, spaces, constructive, subsets",4
math,2007,74,"clustering, ultrametricity, data, hddc, blockmodels",4
math,2007,75,"boltzmann, maxwellian, vlasov, hard, angular",5
math,2007,76,"pulse, earth, nonuniform, equiv0y, integrals",2
math,2007,77,"monge, ampere, equations, estimates, harmonic",5
math,2007,78,"mu, aleph, lo, ultrafilters, sch",2
math,2007,79,"rips, euc, dna, persistent, persistence",6
math,2007,80,"flow, curvature, mean, hypersurface, evolution",6
math,2007,81,"harris, monte, carlo, molecular, markov",5
math,2007,83,"gl, supercuspidal, representation, representations, cuspidal",5
math,2007,84,"numerals, arabic, articles, testimonies, mathematics",4
math,2007,85,"sets, cb, ca, progressions, subset",12
math,2007,87,"defects, newell, microscopic, minimizers, formation",1
math,2007,88,"vertex, algebra, algebras, operator, modules",13
math,2007,89,"subdifferentials, cost, transport, hoelder, his",1
math,2007,90,"impulse, front, traveling, chemotaxis, wave",1
math,2007,91,"exclusion, particle, tagged, tasep, asymmetric",6
math,2007,92,"julia, maps, transcendental, wandering, map",12
math,2007,93,"schubert, grassmannian, cohomology, flag, quantum",8
math,2007,94,"game, player, equilibria, nash, games",4
math,2007,95,"sigma, cyclotomic, annihilates, class, fields",2
math,2007,96,"branching, processes, particle, particles, process",7
math,2007,99,"characters, supercharacters, irreducible, alperin, supercharacter",4
math,2007,100,"morava, tale, homotopy, cobordism, theory",2
math,2007,101,"continued, fractions, fraction, xi, denominators",8
math,2007,102,"tropical, hypersurfaces, roch, viro, primitive",3
math,2007,103,"agler, caratheodory, julia, mappings, sarason",1
math,2007,104,"nonexpansive, asynchronous, mapping, banach, iterative",2
math,2007,105,"biological, signaling, networks, dynamical, phosphorylation",3
math,2007,106,"controls, player, allowed, switching, games",1
math,2007,107,"speciation, coalescent, sympatric, carrying, collisions",3
math,2007,108,"teichmuller, grafting, geodesics, rays, hyperbolic",5
math,2007,109,"tilings, tiling, aztec, tile, diamonds",7
math,2007,110,"patterns, automata, phylogenetic, kimura, leaves",2
math,2007,111,"ill, wave, posedness, dispersive, semilinear",3
math,2007,112,"lie, stochastic, castell, gaines, munthe",1
math,2007,113,"pursuit, revises, signal, filtering, sparse",1
math,2007,114,"volterra, goursat, control, optimal, systems",1
math,2007,115,"body, hill, formation, binary, neptunian",2
math,2007,116,"epsilon, integrals, gradshteyn, i3, hypergeometric",9
math,2007,117,"partial, curvature, strake, rgens, manifold",3
math,2007,118,"homogenization, bx, piezoelectric, eps, rapidly",3
math,2007,119,"lie, equations, differential, symmetry, symmetries",6
math,2007,120,"intersecting, mr2009400, mr0439648, permutations, frankl",1
math,2007,121,"consensus, spanning, distributed, settling, trees",1
math,2007,122,"interpolation, spline, trigonometric, error, exact",3
math,2007,123,"hadamard, matrices, matrix, determinant, operations",3
math,2007,124,"waves, water, boussinesq, posedness, bottom",3
math,2007,125,"cooperation, cooperators, cooperator, emergence, prisoner",1
math,2007,126,"semiconductors, hydrodynamic, global, solutions, classical",1
math,2007,127,"monads, injectivity, ch, distributive, categorical",4
math,2007,128,"mapping, torelli, class, group, surface",7
math,2007,130,"lie, algebra, modules, truncated, highest",2
math,2007,131,"calorons, mills, nahm, yang, rectifiability",2
math,2007,132,"ingham, weakened, haraux, gap, vibrating",1
math,2007,133,"jet, systems, nonholonomic, geometry, lagrange",2
math,2007,136,"tqft, 2vect, vect, ncob, cobordisms",2
math,2007,137,"hochschild, cohomology, algebra, inftyc, bv",3
math,2007,138,"podles, dirac, twisted, quantum, poincar",4
math,2007,139,"littlewood, richardson, schur, macdonald, tableaux",6
math,2007,140,"newtonian, fluids, film, lateral, fluid",1
math,2007,141,"index, dirac, manifolds, groupoids, groupoid",7
math,2007,142,"motives, motivic, voevodsky, motive, endomotifs",3
math,2007,143,"hamilton, jacobi, viscous, solutions, hand",1
math,2007,144,"bethe, xxz, quantum, spin, ansatz",9
math,2007,145,"foliations, projective, foliation, picture, le",2
math,2007,146,"painlev, painleve, vi, heun, sixth",11
math,2007,148,"automata, cellular, automaton, languages, ca",5
math,2007,149,"strichartz, estimates, dispersive, ith, dinger",5
math,2008,0,"graph, graphs, vertices, vertex, gg",61
math,2008,1,"spaces, operators, hardy, operator, interpolation",67
math,2008,2,"estimator, regression, estimators, estimation, bolds",65
math,2008,3,"knot, knots, link, homology, heegaard",53
math,2008,4,"groups, group, subgroups, hyperbolic, subgroup",51
math,2008,5,"control, systems, feedback, state, linear",19
math,2008,6,"algebras, algebra, unital, cuntz, tracial",43
math,2008,7,"ideals, rings, ring, rr, ideal",42
math,2008,8,"solutions, elliptic, infty, equations, gw",20
math,2008,9,"moduli, surfaces, fano, curves, smooth",42
math,2008,10,"navier, stokes, equations, vorticity, boundary",25
math,2008,11,"metrics, einstein, ricci, hler, manifolds",59
math,2008,12,"entropy, diffeomorphisms, hyperbolic, rotation, ergodic",30
math,2008,13,"equation, dinger, nonlinear, schr, nls",32
math,2008,14,"lojasiewicz, optimization, programming, orbitopes, problems",9
math,2008,15,"operators, schr, eigenvalues, dinger, spectrum",39
math,2008,16,"quantum, free, entanglement, state, lindblad",18
math,2008,17,"permutations, words, patterns, permutation, word",29
math,2008,18,"stochastic, driven, equations, differential, vy",16
math,2008,19,"stabilized, bubble, multigrid, element, formulation",2
math,2008,20,"surfaces, curvature, minimal, hypersurfaces, constant",28
math,2008,21,"variables, distribution, random, distributions, pbd",15
math,2008,22,"matrix, matrices, factorization, algorithms, rank",11
math,2008,23,"banach, ell, spaces, cal, space",26
math,2008,25,"forms, modular, automorphic, hecke, cusp",21
math,2008,26,"traffic, cvpnd, knapsack, jams, vpnd",4
math,2008,27,"cluster, tilting, triangulated, categories, algebras",20
math,2008,28,"codes, code, ternary, decoders, binary",14
math,2008,29,"random, matrices, matrix, spheredim, eigspcdim",14
math,2008,30,"operators, dirichlet, laplacian, spectral, eigenvalue",14
math,2008,31,"multispecies, coexistence, delayed, reaction, zubelli",3
math,2008,33,"categories, category, operad, infinity, koszul",13
math,2008,34,"curves, elliptic, curve, over, genus",19
math,2008,35,"market, risk, information, portfolio, prices",19
math,2008,36,"conductivity, thermoacoustic, inverse, buried, inhomogeneities",5
math,2008,38,"bifurcation, bifurcations, delay, hamiltonian, periodic",13
math,2008,39,"spacetimes, kerr, black, hole, mass",7
math,2008,40,"lie, algebras, subalgebras, leibniz, filiform",10
math,2008,41,"inequalities, inequality, retarded, scales, ostrowski",11
math,2008,42,"holomorphic, domains, plurisubharmonic, cr, pseudoconvex",21
math,2008,43,"symplectic, contact, hamiltonian, ssympeo, lagrangian",16
math,2008,44,"calabi, yau, witten, invariants, mirror",15
math,2008,45,"brownian, processes, motion, multifractional, process",22
math,2008,46,"queue, buffer, service, allocation, server",8
math,2008,47,"fff, ccc, hausdorff, dimension, multifractal",9
math,2008,48,"durfee, andrews, congruences, symbols, ramanujan",4
math,2008,49,"percolation, sle, loewner, bond, chordal",10
math,2008,50,"bodies, convex, busemann, petty, representative",4
math,2008,51,"stirling, numbers, fibonacci, polynomials, bell",9
math,2008,52,"regularization, microscopy, projections, images, reconstructions",4
math,2008,53,"monoids, semigroups, semigroup, monoid, zbb",10
math,2008,54,"epidemic, infection, sir, infectious, percolation",4
math,2008,55,"poisson, algebroid, lie, quantization, algebroids",22
math,2008,56,"change, estimator, test, autoregressive, series",19
math,2008,57,"zeta, riemann, values, zeros, function",17
math,2008,58,"nact, logic, ibrs, semantics, arithmetical",4
math,2008,59,"prime, primes, numbers, sifting, carmichael",9
math,2008,60,"frames, frame, gabor, le, wavelet",7
math,2008,61,"hopf, tmop, algebra, categories, antipode",11
math,2008,62,"pebbling, pebbles, game, player, solitaire",2
math,2008,63,"tverberg, bbb, packing, paraboloids, points",9
math,2008,64,"polynomials, orthogonal, laguerre, opuc, askey",11
math,2008,65,"random, gorg, graph, degree, graphs",11
math,2008,67,"polytopes, polytope, ehrhart, lattice, root",20
math,2008,68,"ising, gibbs, temperature, potts, model",9
math,2008,69,"hecke, algebras, affine, lusztig, algebra",14
math,2008,70,"walk, random, walks, environment, rotor",11
math,2008,71,"subgradient, agents, distributed, agent, consensus",4
math,2008,72,"curvearrowright, cal, group, ergodic, actions",6
math,2008,73,"spaces, paracompact, continuous, frak, phi",7
math,2008,74,"clustering, ultrametricity, data, consistency, ideals",3
math,2008,75,"boltzmann, decay, vlasov, solutions, inelastic",3
math,2008,76,"helmholtz, filter, anisotropic, scattering, waves",2
math,2008,77,"monge, amp, re, harmonic, om",10
math,2008,78,"morasses, cardinals, continuum, aleph, lambda",4
math,2008,79,"chapter, protein, sf, quasi, rna",3
math,2008,80,"flow, curvature, mean, polygonal, sides",6
math,2008,81,"wcud, monte, carlo, iid, sequences",2
math,2008,82,"perceptrons, multilayer, multidimensional, mlps, get",1
math,2008,83,"gl, representations, gsp, adic, irreducible",9
math,2008,84,"archimedean, mathematical, mathematics, rich, mathematicians",4
math,2008,85,"sum, additive, subset, aa, sumsets",15
math,2008,86,"reset, synchronization, oscillators, spike, dynamics",7
math,2008,87,"elastic, elasticity, dislocations, strain, curl",5
math,2008,88,"vertex, algebras, modules, algebra, sl",7
math,2008,89,"transport, duality, subsidy, measurable, borel",1
math,2008,90,"parabolic, chemotaxis, segel, keller, mass",2
math,2008,91,"multiclass, tasep, exclusion, gas, particle",6
math,2008,92,"julia, siegel, maps, bifurcation, pj",9
math,2008,93,"schubert, dreams, varieties, flag, pipe",6
math,2008,94,"game, equilibrium, nash, player, equilibria",3
math,2008,95,"fields, ray, quadratic, k2, class",5
math,2008,96,"branching, processes, process, random, particles",9
math,2008,97,"landau, ginzburg, gennes, liquid, nematic",6
math,2008,99,"broue, characters, oliver, 2f, groups",5
math,2008,100,"spectra, motivic, thh, spectrum, homotopy",8
math,2008,101,"fractions, continued, rosen, numbers, periods",5
math,2008,102,"tropical, tropicalization, coamoebas, geometry, hypersurfaces",6
math,2008,103,"subharmonic, frac, functions, lyubarskii, malinnikova",2
math,2008,104,"nonexpansive, resolvents, mappings, firmly, monotone",3
math,2008,105,"mass, consolidation, action, law, chemistry",1
math,2008,107,"demes, population, genealogy, coalescent, neutral",3
math,2008,108,"petersson, weil, teichm, ller, curvature",3
math,2008,109,"phi, tiling, pisot, branch, substitution",1
math,2008,110,"neighbor, net, aml, tree, ancestral",2
math,2008,111,"wave, supercritical, semilinear, damping, ql",3
math,2008,112,"kutta, runge, methods, splitting, integrators",4
math,2008,113,"sensing, compressed, romp, measurements, cosamp",3
math,2008,114,"control, stochastic, horizon, optimal, bellman",7
math,2008,115,"body, orbits, masses, planar, nauenberg",1
math,2008,116,"hypergeometric, elliptic, beta, transformations, functions",4
math,2008,117,"curvature, metrics, scalar, tilde, prescribed",4
math,2008,119,"transformations, equations, lie, symmetries, scheffers",10
math,2008,120,"shades, intersecting, families, cardinalities, scattered",2
math,2008,121,"consensus, communication, stabilization, equilibria, steered",1
math,2008,122,"quadrature, spacings, tolerance, formulas, splines",5
math,2008,123,"bds, semidefinite, matrices, hadamard, matrix",8
math,2008,124,"boussinesq, water, shallow, transportdiffusion, horizontal",2
math,2008,125,"opinion, opinions, confidence, agent, social",1
math,2008,126,"mhd, dot, metivier, zumbrun, frac",2
math,2008,128,"mapping, class, group, mod, involutions",10
math,2008,129,"scales, optimality, variations, calculus, necessary",4
math,2008,130,"modules, weight, virasoro, lie, mathfrak",10
math,2008,131,"mills, yang, heterotic, nonorientable, monopoles",5
math,2008,133,"hirota, kimura, nonholonomic, systems, integrability",9
math,2008,134,"integrodifferential, pulse, chebyshev, hybrid, block",1
math,2008,135,"scale, charged, beam, particle, lagrangian",1
math,2008,136,"tqfts, tqft, mathematically, quantum, subfactor",3
math,2008,137,"hochschild, algebras, graded, cohomology, algebra",10
math,2008,138,"sphere, isospectral, noncommutative, dirac, undeformed",1
math,2008,139,"macdonald, polynomials, schur, factorization, rectangular",7
math,2008,140,"thin, films, hilliard, cahn, rupture",2
math,2008,141,"index, dirac, twisted, operators, gr",6
math,2008,142,"motives, motivic, motive, tits, indices",6
math,2008,143,"hamilton, jacobi, adomian, adm, decompositional",2
math,2008,144,"bethe, quantum, potts, sl, chiral",6
math,2008,145,"foliations, foliation, uniformisation, gallot, holomorphic",4
math,2008,146,"heun, painleve, painlev, dz, equation",2
math,2008,147,"transient, independant, wave, slow, tricky",1
math,2008,148,"automata, buchi, automatic, rabin, word",2
math,2008,149,"strichartz, estimates, dinger, schr, dispersive",8
math,2009,0,"graphs, graph, vertices, gg, vertex",81
math,2009,1,"operators, hardy, spaces, operator, weighted",60
math,2009,2,"estimator, regression, estimators, selection, likelihood",50
math,2009,3,"knots, knot, homology, heegaard, links",79
math,2009,4,"groups, group, subgroups, subgroup, free",57
math,2009,5,"control, systems, observability, stability, inputs",15
math,2009,6,"algebras, algebra, von, rtimes, mathcal",54
math,2009,7,"ideals, ideal, rings, ring, star",50
math,2009,8,"elliptic, solutions, parabolic, boundary, dirichlet",21
math,2009,9,"surfaces, k3, fano, moduli, curves",40
math,2009,10,"navier, stokes, solutions, equations, euler",30
math,2009,11,"ricci, hler, metrics, manifolds, metric",47
math,2009,12,"entropy, maps, invariant, ergodic, measure",43
math,2009,13,"equation, dinger, schr, nonlinear, ground",41
math,2009,14,"multiobjective, programming, cvetkovic, paradiseo, moeo",3
math,2009,15,"operators, potentials, operator, spectral, dinger",31
math,2009,16,"quantum, qubit, cpt, states, braidability",19
math,2009,17,"permutations, words, patterns, permutation, gessel",22
math,2009,18,"stochastic, differential, equations, driven, fractional",28
math,2009,19,"element, meshes, mixed, finite, unstructured",6
math,2009,20,"surfaces, curvature, minimal, hypersurfaces, mean",42
math,2009,21,"random, distribution, sum, variables, distributions",31
math,2009,22,"pca, pcs, sparse, qmr, principal",7
math,2009,23,"banach, spaces, mathnormal, ell, daugavet",24
math,2009,25,"forms, modular, hecke, eisenstein, weight",17
math,2009,27,"tilting, cluster, category, algebras, quiver",30
math,2009,28,"codes, tra, bf, designs, code",21
math,2009,29,"random, matrices, matrix, ensembles, distribution",18
math,2009,30,"eigenvalues, laplacian, eigenvalue, dirichlet, eigenfunctions",22
math,2009,31,"population, diffusion, predator, reaction, prey",11
math,2009,33,"categories, operads, category, functors, operad",22
math,2009,34,"curves, elliptic, curve, selmer, points",22
math,2009,35,"stopping, risk, price, optimal, portfolio",12
math,2009,36,"tomography, inverse, reconstruction, pulsed, eit",11
math,2009,38,"bifurcation, periodic, integrating, dot, bifurcations",15
math,2009,39,"spacetimes, kerr, horizon, spacetime, relativity",14
math,2009,40,"lie, algebras, superalgebras, hom, associative",15
math,2009,41,"inequalities, inequality, lvert, frac, functions",22
math,2009,42,"holomorphic, oka, mbb, cr, mappings",22
math,2009,43,"symplectic, contact, floer, hamiltonian, lagrangian",17
math,2009,44,"witten, invariants, calabi, yau, gromov",19
math,2009,45,"brownian, processes, motion, process, fractional",18
math,2009,46,"queue, service, server, interference, processor",10
math,2009,47,"cantor, fractal, gasket, buffon, hausdorff",8
math,2009,48,"ramanujan, identities, bailey, sums, sum",11
math,2009,49,"percolation, prudent, sle, passage, deviations",13
math,2009,50,"bodies, convex, body, inequality, minkowski",10
math,2009,51,"numbers, polynomials, genocchi, sqrt5, identities",8
math,2009,52,"images, regularization, image, variation, total",6
math,2009,53,"semigroups, aff, semigroup, monoid, monoids",8
math,2009,54,"hiv, epidemic, immune, model, infected",6
math,2009,55,"poisson, lie, structures, quantization, algebroid",16
math,2009,56,"test, series, change, stationary, autoregressive",11
math,2009,57,"zeta, riemann, zeros, values, multiple",17
math,2009,58,"logic, games, vdash, semantics, calculus",6
math,2009,59,"leq, primes, frac, prime, sum",5
math,2009,60,"frames, gabor, frame, wavelet, multiresolution",11
math,2009,61,"hopf, algebra, algebras, category, categories",14
math,2009,62,"game, games, winning, player, pebbling",8
math,2009,63,"agreeable, vec, packing, mathbbm, sides",9
math,2009,64,"polynomials, orthogonal, hankel, charlier, orthogonality",10
math,2009,65,"random, evolving, distribution, ix, graphs",13
math,2009,66,"flux, dflu, conservation, laws, flooding",1
math,2009,67,"polytopes, polytope, polyhedra, ear, lattice",16
math,2009,68,"ising, temperature, cutoff, model, transition",5
math,2009,69,"hecke, crystals, lusztig, algebras, affine",16
math,2009,70,"random, walk, walks, environment, absorbed",11
math,2009,72,"group, equivalence, abelian, groups, bbb",13
math,2009,73,"metacompact, bornological, monotonically, universes, metrizable",4
math,2009,74,"clustering, biclique, clique, planted, diversionary",3
math,2009,75,"boltzmann, equation, vlasov, maxwellian, landau",15
math,2009,76,"helmholtz, domain, decomposition, maxwell, despres",2
math,2009,77,"monge, amp, re, ampere, equation",9
math,2009,78,"club, guessing, zfc, uncountable, theories",3
math,2009,79,"sf, rna, lv, linking, noncrossing",5
math,2009,80,"flow, curvature, mean, hypersurfaces, shortening",8
math,2009,81,"langevin, monte, carlo, phase, sampler",6
math,2009,83,"gl, langlands, supercuspidal, representations, jacquet",8
math,2009,84,"ancient, caravan, china, mathematical, buzzati",6
math,2009,85,"sum, aa, subseteq, progression, subset",10
math,2009,86,"synchronization, bursters, cluster, burst, coupled",6
math,2009,87,"quasicontinuum, qcf, elastic, force, stress",5
math,2009,88,"vertex, algebra, algebras, ell, cardy",8
math,2009,89,"distance, transportation, plane, webs, separability",2
math,2009,90,"segel, keller, parabolic, mass, chemotaxis",4
math,2009,91,"scatterers, particle, exclusion, particles, hydrodynamic",7
math,2009,92,"julia, renormalizable, yoccoz, maps, misiurewicz",6
math,2009,93,"schubert, varieties, flag, cohomology, positroid",6
math,2009,94,"games, dice, rolls, game, nash",3
math,2009,95,"fields, number, class, quadratic, steinitz",7
math,2009,96,"branching, lamperti, processes, galton, watson",3
math,2009,99,"supercharacter, defect, supercharacters, brou, group",3
math,2009,100,"spectra, bgl, spectrum, motivic, homotopy",7
math,2009,101,"continued, fractions, fraction, irrationality, numbers",7
math,2009,102,"tropical, tropicalization, curves, tp, plane",5
math,2009,103,"functions, univalent, bbb, harmonic, subharmonic",11
math,2009,104,"eckstein, svaiter, monotone, halpern, iteration",2
math,2009,105,"2p, boolean, cdot, node, networks",1
math,2009,106,"terminal, nv, games, mean, agents",1
math,2009,107,"population, branching, parasites, cell, coalescent",8
math,2009,108,"teichmueller, petersson, fiber, weil, space",3
math,2009,109,"tilings, tiling, domino, impurities, bijection",4
math,2009,110,"phylogeny, phylogenetic, characters, gamete, perfect",3
math,2009,111,"wave, widehat, frac12, box, parametrices",4
math,2009,113,"sparsity, sparse, ell, signal, sensing",8
math,2009,114,"control, stochastic, optimal, backward, hjb",6
math,2009,115,"body, equilibria, chermnykh, photogravitational, revolution",4
math,2009,116,"legendre, hypergeometric, partial, derivatives, functions",6
math,2009,117,"curvature, yamabe, scalar, conformally, eps",7
math,2009,118,"homogenization, functionals, piezoelectricity, enthalpy, voids",3
math,2009,119,"equations, transformations, jacobi, lie, nijenhuis",6
math,2009,120,"pg, caps, geq, 2cm, families",2
math,2009,121,"zooming, consensus, quantization, spectra, multiagent",2
math,2009,122,"multivariate, subdivision, dilation, splines, hierarchies",3
math,2009,123,"superbimatrices, matrices, matrix, semidefinite, hadamard",6
math,2009,124,"waves, water, boussinesq, bottoms, gravity",8
math,2009,125,"evolutionary, information, game, realized, shahshahani",1
math,2009,126,"magnetohydrodynamic, mhd, incompressible, mach, compressible",2
math,2009,127,"coherence, binding, bigraphs, syntax, smc",2
math,2009,128,"mapping, group, cv, class, mod",11
math,2009,129,"fractional, variations, calculus, caputo, variational",5
math,2009,130,"whittaker, mathfrak, modules, sv, algebra",7
math,2009,131,"mills, yang, antiperfection, nonorientable, equivariant",4
math,2009,132,"controllability, evolution, moment, control, linear",1
math,2009,133,"kowalevski, appel, hamiltonian, hess, rot",8
math,2009,135,"kinetic, fluid, multiscale, mieussens, degond",4
math,2009,136,"viro, turaev, hqft, tqft, category",4
math,2009,137,"hochschild, dg, algebra, cohomology, isomorphism",7
math,2009,138,"noncommutative, moyal, poincare, quantum, coproduct",4
math,2009,139,"schur, functions, ribbon, skew, skyline",4
math,2009,140,"cahn, segregation, film, allen, thin",2
math,2009,141,"index, dirac, operators, singer, atiyah",5
math,2009,142,"motives, dgm, voevodsky, motivic, biextensions",3
math,2009,143,"hamilton, jacobi, solutions, convex, evolutive",3
math,2009,144,"sl, bethe, gaudin, hat, quantum",9
math,2009,145,"foliation, leaf, foliations, riemannian, codim",2
math,2009,146,"painlev, holomorphy, symmetry, weyl, vi",10
math,2009,148,"automata, cellular, ca, automaton, lohrey",2
math,2009,149,"strichartz, potentials, trapped, smoothing, estimates",2
math,2010,0,"graph, graphs, gg, vertices, number",120
math,2010,1,"operators, spaces, hardy, operator, mathbb",80
math,2010,2,"regression, lasso, estimators, estimation, estimator",44
math,2010,3,"knot, knots, legendrian, invariants, homology",69
math,2010,4,"groups, group, subgroups, subgroup, gg",60
math,2010,5,"systems, control, system, lossless, filter",19
math,2010,6,"algebras, algebra, banach, unital, aa",54
math,2010,7,"ideals, ideal, ring, rings, cohen",55
math,2010,8,"elliptic, solutions, regularity, equations, laplacian",27
math,2010,9,"moduli, k3, surfaces, projective, curves",59
math,2010,10,"navier, stokes, euler, equations, vorticity",33
math,2010,11,"hler, ricci, metrics, einstein, manifolds",39
math,2010,12,"entropy, maps, topological, lyapunov, shadowing",47
math,2010,13,"equation, dinger, schr, nonlinear, solutions",41
math,2010,14,"optimization, programming, hccp, firefly, problems",14
math,2010,15,"schr, dinger, magnetic, spectral, operators",48
math,2010,16,"quantum, states, nafl, stabilizer, entanglement",22
math,2010,17,"permutations, words, permutation, paths, patterns",32
math,2010,18,"stochastic, differential, equations, driven, rough",38
math,2010,19,"element, error, mesh, elements, aposteriori",10
math,2010,20,"surfaces, curvature, minimal, hypersurfaces, curves",27
math,2010,21,"copulas, distribution, random, distributions, variables",26
math,2010,22,"matrix, matrices, algorithms, rank, algorithm",11
math,2010,23,"banach, spaces, infty, ell, space",16
math,2010,24,"optimization, test, tested, list, algorithms",2
math,2010,25,"forms, modular, hecke, siegel, series",13
math,2010,26,"traffic, flow, multicommodity, motorway, sink",5
math,2010,27,"cluster, tilting, categories, algebras, myaa",22
math,2010,28,"codes, code, perfect, decoding, latin",20
math,2010,29,"matrices, random, matrix, distribution, wigner",27
math,2010,30,"eigenvalues, laplacian, eigenvalue, eigenfunctions, dirichlet",19
math,2010,31,"spot, reaction, diffusion, traveling, population",16
math,2010,32,"power, renewable, cyber, security, scada",3
math,2010,33,"category, categories, operad, operads, monoidal",23
math,2010,34,"curves, elliptic, curve, over, abelian",25
math,2010,35,"dividend, market, risk, optimal, portfolio",27
math,2010,36,"wave, scattering, medium, impedance, inverse",12
math,2010,38,"periodic, bifurcation, hamiltonian, orbits, systems",21
math,2010,39,"spacetime, spacetimes, einstein, mass, cosmological",21
math,2010,40,"lie, algebras, hom, mathfrak, superalgebras",23
math,2010,41,"inequalities, pade, inequality, functions, hadamard",22
math,2010,42,"mappings, holomorphic, domains, cr, 0s",15
math,2010,43,"symplectic, contact, manifolds, floer, homology",17
math,2010,44,"invariants, calabi, yau, donaldson, thomas",16
math,2010,45,"processes, brownian, vy, motion, process",25
math,2010,46,"queue, service, network, dbf, server",19
math,2010,47,"fractal, dimension, sets, hausdorff, multifractal",14
math,2010,48,"ramanujan, pmod, equiv, andrews, identities",7
math,2010,49,"percolation, sle, passage, interlacements, random",12
math,2010,50,"convex, bodies, minkowski, brunn, inequality",12
math,2010,51,"numbers, polynomials, fibonacci, identities, stirling",22
math,2010,52,"qualification, regularization, image, reconstruction, tvs",8
math,2010,53,"semigroup, monoids, monoid, semigroups, odp",12
math,2010,54,"epidemic, mhle, likelihood, sir, households",4
math,2010,55,"algebroid, poisson, lie, jacobi, algebroids",17
math,2010,56,"change, detection, estimator, estimators, time",17
math,2010,57,"zeta, riemann, hypothesis, zeros, function",14
math,2010,58,"logic, incompleteness, logics, dialogical, semantics",7
math,2010,59,"prime, primes, goldbach, progression, conjecture",9
math,2010,60,"frames, wavelet, gabor, frame, parseval",13
math,2010,61,"hopf, categories, braided, category, algebras",29
math,2010,62,"game, pebbling, games, puzzle, cops",14
math,2010,63,"packing, packings, densest, circles, tetrahedra",22
math,2010,64,"polynomials, orthogonal, verblunsky, jacobi, coefficients",8
math,2010,65,"ln, pcd, random, trees, pcds",5
math,2010,66,"interface, nip, conservation, schemes, method",3
math,2010,67,"polytopes, polytope, ehrhart, facets, lattice",17
math,2010,68,"gibbs, ising, gibbsian, magnetization, spin",9
math,2010,69,"hecke, crystal, crystals, mathfrak, algebras",21
math,2010,70,"walk, random, walks, environment, rotor",21
math,2010,72,"group, groups, topological, precompact, actions",16
math,2010,73,"spaces, topology, lechicki, spakowski, space",11
math,2010,74,"activation, patterns, statistical, network, visualizations",2
math,2010,75,"boltzmann, vlasov, collision, plasma, equation",18
math,2010,76,"bies, bem, helmholtz, hp, hardy",3
math,2010,77,"monge, amp, re, equation, solutions",11
math,2010,78,"aleph, cardinals, gch, cardinal, ultrafilters",6
math,2010,79,"persistent, homology, rna, persistence, bottleneck",4
math,2010,80,"flow, curvature, mean, translating, lagrangian",9
math,2010,81,"mcmc, gibbs, langevin, sampler, variates",5
math,2010,83,"gl, representations, langlands, gsp, local",6
math,2010,84,"mathematics, raoul, carl, herz, honoris",5
math,2010,85,"davenport, times, oplus, progressions, cdot",9
math,2010,86,"synchronization, spiking, oscillators, neurons, networks",7
math,2010,87,"atomistic, quasicontinuum, continuum, elastic, force",5
math,2010,88,"voa, vertex, virasoro, algebras, framed",4
math,2010,89,"transport, transportation, optimal, cost, antigraph",9
math,2010,90,"segel, keller, system, chemotaxis, solutions",1
math,2010,91,"particles, tasep, process, particle, exclusion",12
math,2010,92,"cp, julia, fatou, la, set",7
math,2010,93,"schubert, flags, varieties, flag, variety",10
math,2010,94,"game, nash, equilibria, games, equilibrium",4
math,2010,95,"fields, wp, quintic, imaginary, galois",7
math,2010,96,"branching, med, random, walk, particle",10
math,2010,97,"landau, bcs, ginzburg, superconductivity, gap",8
math,2010,99,"fusion, defect, pp, characters, groups",11
math,2010,100,"astc, spectrum, motivic, connective, bz",7
math,2010,101,"continued, fractions, fraction, diophantine, recurrence",9
math,2010,102,"tropical, supertropical, hurwitz, phi, curves",6
math,2010,103,"starlike, subharmonic, majorant, subclasses, functions",3
math,2010,104,"nonexpansive, mappings, iterative, fixed, proximal",5
math,2010,105,"chemical, kinetics, deficiency, modeled, reaction",2
math,2010,107,"mutation, population, recombination, coalescent, loci",6
math,2010,108,"petersson, teichm, ller, weil, surfaces",14
math,2010,109,"tilings, tiling, prototile, substitution, mld",8
math,2010,110,"dissimilarity, cools, grassmannian, pachter, tropical",1
math,2010,111,"wave, semilinear, ij, ibrahim, blow",4
math,2010,112,"methods, glms, blended, integrators, gbdf",3
math,2010,113,"recovery, sensing, signals, sparse, ell",4
math,2010,114,"impulse, control, hjbqvi, bellman, viscosity",2
math,2010,115,"poinsot, body, variables, rotating, andoyer",2
math,2010,116,"gradshteyn, integrals, ryzhik, trigonometric, frullani",3
math,2010,117,"curvature, scalar, hat, riemannian, metrics",6
math,2010,118,"homogenization, homogenized, coefficients, material, periodic",8
math,2010,119,"lie, symmetries, equations, symmetry, equation",7
math,2010,121,"consensus, distributed, formation, agent, margin",5
math,2010,122,"bezier, kern, patch, 1pt, error",5
math,2010,123,"hadamard, matrices, matrix, semidefinite, kronecker",7
math,2010,124,"water, boussinesq, shallow, waves, naghdi",5
math,2010,126,"mhd, plasma, vacuum, interface, compressible",1
math,2010,127,"categories, stage, arrows, coherence, language",2
math,2010,128,"mapping, class, pants, nielsen, group",7
math,2010,129,"fractional, calculus, variations, scales, delta",12
math,2010,130,"modules, lie, superalgebras, mathfrak, algebras",11
math,2010,131,"mills, yang, monopoles, vortices, gauge",6
math,2010,133,"hamiltonian, systems, integrable, hydrodynamic, nonholonomic",4
math,2010,135,"kinetic, vlasov, boltzmann, methods, bgk",5
math,2010,136,"topological, tqft, theories, theory, ap",7
math,2010,137,"inftya, hochschild, cohomology, dg, ai",11
math,2010,138,"integrals, noncommutative, module, supercircle, calculus",2
math,2010,139,"schur, macdonald, functions, polynomials, nonsymmetric",5
math,2010,140,"film, hilliard, thin, cahn, xxx",9
math,2010,141,"index, atiyah, dirac, groupoid, connes",7
math,2010,142,"motives, de, motivic, poids, bondarko",6
math,2010,143,"hamilton, oleinik, jacobi, lax, homogenizations",3
math,2010,144,"yangian, bethe, baxter, quantum, defects",6
math,2010,145,"foliations, foliation, holomorphic, leaf, leaves",6
math,2010,146,"painlev, chazy, vi, equation, painleve",7
math,2010,147,"permeability, times10, flow, element, porous",1
math,2010,148,"automata, automaton, cellular, cerny, language",5
math,2010,149,"strichartz, estimates, dispersive, wave, dinger",6
math,2011,0,"graph, graphs, vertices, gg, vertex",177
math,2011,1,"operators, spaces, hardy, operator, infty",94
math,2011,2,"regression, estimation, estimator, estimators, selection",65
math,2011,3,"knots, knot, links, homology, floer",67
math,2011,4,"groups, group, subgroups, gam, finite",91
math,2011,5,"control, systems, controller, rolling, state",32
math,2011,6,"algebras, algebra, crossed, mathcal, von",55
math,2011,7,"ideals, ideal, ring, rings, modules",59
math,2011,8,"elliptic, solutions, regularity, boundary, equations",32
math,2011,9,"moduli, surfaces, projective, k3, curves",64
math,2011,10,"navier, stokes, equations, solutions, incompressible",43
math,2011,11,"ricci, metrics, hler, curvature, einstein",66
math,2011,12,"entropy, overrightarrow, anosov, maps, diffeomorphisms",56
math,2011,13,"equation, schr, dinger, nonlinear, solutions",55
math,2011,14,"optimization, programming, problems, convex, gp",23
math,2011,15,"operators, spectrum, spectral, operator, dinger",43
math,2011,16,"quantum, qq, state, entanglement, qubit",20
math,2011,17,"permutations, words, pattern, permutation, avoiding",35
math,2011,18,"stochastic, differential, equations, backward, driven",43
math,2011,19,"element, finite, elements, mesh, meshes",14
math,2011,20,"curvature, surfaces, mannheim, minimal, mean",34
math,2011,21,"distribution, random, distributions, variables, statistics",41
math,2011,22,"bicg, matrix, macheps, pca, algorithms",11
math,2011,23,"banach, spaces, space, ell, gurarii",30
math,2011,24,"optimization, algorithms, objective, prox, solving",5
math,2011,25,"modular, forms, cusp, hecke, eisenstein",22
math,2011,26,"charging, multiflow, inventory, pev, cost",9
math,2011,27,"cluster, tilting, algebras, categories, quiver",37
math,2011,28,"codes, code, designs, gerechte, cbcs",22
math,2011,29,"matrices, random, matrix, eigenvalues, mathbf",33
math,2011,30,"laplacian, eigenvalue, eigenvalues, dirichlet, eigenfunctions",25
math,2011,31,"diffusion, reaction, species, model, fronts",22
math,2011,32,"storage, power, tripping, supply, energy",6
math,2011,33,"categories, category, operads, operad, infty",20
math,2011,34,"curves, elliptic, over, curve, genus",20
math,2011,35,"price, risk, volatility, pricing, market",20
math,2011,36,"inclusions, inverse, conductivity, conductivities, problem",18
math,2011,38,"cycles, system, bifurcation, limit, systems",11
math,2011,39,"spacetimes, spacetime, einstein, kerr, mass",20
math,2011,40,"lie, algebras, leibniz, algebra, hom",28
math,2011,41,"inequalities, inequality, vert, hadamard, functions",24
math,2011,42,"holomorphic, domains, mappings, domain, cr",25
math,2011,43,"symplectic, contact, lagrangian, manifolds, hamiltonian",30
math,2011,44,"invariants, witten, thomas, donaldson, calabi",16
math,2011,45,"processes, brownian, process, motion, vy",24
math,2011,46,"queue, service, server, wireless, channel",21
math,2011,47,"multifractal, fractal, dimension, hausdorff, self",17
math,2011,48,"ramanujan, xq, la, series, identities",10
math,2011,49,"percolation, sle, saw, loewner, passage",15
math,2011,50,"bodies, convex, minkowski, vol, body",16
math,2011,51,"numbers, stirling, fibonacci, expansions, polynomials",16
math,2011,52,"image, regularization, phase, reconstruction, tikhonov",11
math,2011,53,"semigroups, semigroup, mathscr, oddp, monoids",13
math,2011,54,"epidemic, susceptible, disease, infected, model",9
math,2011,55,"algebroid, lie, courant, quantization, algebroids",19
math,2011,56,"arch, change, process, autoregressive, estimator",18
math,2011,57,"zeta, riemann, zeros, hypothesis, function",13
math,2011,58,"logic, semantics, logics, dialectical, intuitionistic",11
math,2011,59,"primes, prime, numbers, twin, consecutive",16
math,2011,60,"frames, wavelet, frame, wavelets, transform",11
math,2011,61,"hopf, categories, category, algebras, monoidal",10
math,2011,62,"game, games, pegging, pegs, maker",14
math,2011,63,"fscr, points, quadrilateral, packings, horoball",13
math,2011,64,"polynomials, orthogonal, laguerre, askey, jacobi",17
math,2011,65,"random, nodes, giant, trees, vertices",13
math,2011,66,"schemes, roe, jet, speed, weno",2
math,2011,67,"polytopes, polytope, lattice, ehrhart, polyhedra",20
math,2011,68,"spin, phase, model, mixing, ising",6
math,2011,69,"crystal, hecke, categorified, bases, highest",8
math,2011,70,"walk, random, walks, environment, galton",13
math,2011,71,"distributed, newton, constraint, primal, dual",2
math,2011,72,"group, groups, amenable, countable, actions",19
math,2011,73,"countable, xx, space, computable, spaces",16
math,2011,74,"clustering, histogram, blockmodel, histograms, hierarchical",3
math,2011,75,"boltzmann, relativistic, maxwellian, vlasov, equation",11
math,2011,76,"renger, helmholtz, maxwell, fdtd, adi",9
math,2011,77,"monge, amp, re, mah, isoperimetric",13
math,2011,78,"aleph, cardinal, cardinals, guessing, forking",11
math,2011,79,"persistence, xspace, persistent, homology, rspace",5
math,2011,80,"curvature, flow, mean, shrinkers, self",6
math,2011,81,"monte, carlo, sampling, markov, mcmc",9
math,2011,83,"representations, gl, supercuspidal, adic, langlands",10
math,2011,84,"mathematics, mathematical, protractor, pbl, nordmann",10
math,2011,85,"sum, sets, exp, odot, gg",16
math,2011,86,"oscillators, synchronization, phase, kuramoto, bursting",11
math,2011,87,"vec, ep, atomistic, cavities, plate",5
math,2011,88,"vertex, algebra, operator, monster, baby",10
math,2011,89,"depascale, monge, juutinen, transport, champion",1
math,2011,90,"segel, keller, patlak, aggregation, mass",5
math,2011,91,"condensation, fluctuations, decorrelation, process, kpz",4
math,2011,92,"julia, entire, transcendental, set, baker",8
math,2011,93,"schubert, varieties, flag, grassmannian, quantum",8
math,2011,94,"games, game, nash, equilibrium, equilibria",6
math,2011,95,"fields, monogenic, quadratic, number, caliber",10
math,2011,96,"branching, process, processes, immigration, multitype",9
math,2011,97,"liquid, landau, nematic, ginzburg, crystals",12
math,2011,99,"defect, blocks, bar, brou, conjecture",8
math,2011,100,"spectra, spectrum, homotopy, equivariant, ring",8
math,2011,101,"continued, fraction, mersenne, fractions, irrationality",7
math,2011,102,"tropical, brill, noether, curves, curve",11
math,2011,103,"subharmonic, domar, prec, bloch, functions",4
math,2011,104,"bregman, algorithm, nonexpansive, rachford, monotone",3
math,2011,105,"reaction, elongation, chemical, regulated, genes",3
math,2011,106,"mean, games, field, mfg, decision",3
math,2011,107,"population, coalescents, coalescent, allele, individuals",10
math,2011,108,"teichm, ller, metric, geodesic, hyperbolic",7
math,2011,109,"tilings, domino, tiling, hexagons, htfpls",5
math,2011,110,"bme, tree, clade, clades, phylogenetic",5
math,2011,111,"wave, blow, decay, semilinear, solutions",7
math,2011,112,"methods, integrators, kutta, runge, tsrk",9
math,2011,113,"sensing, recovery, sparse, signal, bloomp",13
math,2011,114,"stochastic, control, optimal, switching, viscosity",7
math,2011,115,"body, rebound, photogravitational, orbits, collision",6
math,2011,116,"hypergeometric, bessel, integrals, functions, lauricella",9
math,2011,117,"curvature, scalar, conformal, besse, manifold",2
math,2011,118,"homogenization, homogenized, periodic, expansion, scale",9
math,2011,119,"symmetries, equations, symmetry, differential, lie",13
math,2011,120,"cal, intersecting, families, arcs, mathcal",7
math,2011,121,"consensus, agents, agent, formation, distributed",13
math,2011,122,"splines, spline, qfs, re, ds",3
math,2011,123,"matrices, determinant, semidefinite, hadamard, matrix",10
math,2011,124,"waves, water, boussinesq, kdv, vorticity",4
math,2011,125,"monopolies, influences, exclusive, monopoly, dynamic",2
math,2011,126,"magnetic, mhd, magnetohydrodynamic, incompressible, compressible",6
math,2011,127,"monad, distributive, exceptions, category, monads",4
math,2011,128,"mapping, group, torelli, class, braid",5
math,2011,129,"fractional, variational, calculus, caputo, depending",6
math,2011,130,"modules, mathfrak, algebras, irreducible, lie",7
math,2011,131,"mills, yang, rarita, heterotic, schwinger",6
math,2011,132,"controllability, qquad, 5ex, displaystyle, control",6
math,2011,133,"nonholonomic, systems, hamiltonian, hamiltonization, hamilton",10
math,2011,134,"dunes, fractional, anti, andrew, fowler",1
math,2011,135,"unshocked, boltzmann, discharge, streamer, shocked",3
math,2011,136,"tqft, sutured, topological, turaev, tqfts",7
math,2011,137,"hochschild, cohomology, algebra, algebras, hs",6
math,2011,138,"noncommutative, quantum, extd, algebra, geometry",7
math,2011,139,"schur, quasisymmetric, row, rule, strict",2
math,2011,140,"film, hilliard, cahn, thin, flow",4
math,2011,141,"index, eta, ca, dirac, connes",6
math,2011,142,"motives, motivic, nnum, category, tannakian",9
math,2011,143,"hamilton, jacobi, viscosity, equations, solutions",5
math,2011,144,"bethe, gaudin, spin, cpm, superintegrable",8
math,2011,145,"foliation, foliations, leaves, lvarez, polar",4
math,2011,146,"painlev, painleve, instanton, solutions, transcendents",5
math,2011,148,"automata, dfa, automaton, cellular, fsa",4
math,2011,149,"strichartz, estimates, dinger, schr, dispersive",6
math,2012,0,"graphs, graph, vertices, gg, vertex",190
math,2012,1,"operators, spaces, operator, weighted, hardy",135
math,2012,2,"regression, estimator, estimation, estimators, selection",80
math,2012,3,"knot, knots, link, homology, links",86
math,2012,4,"groups, group, subgroups, free, subgroup",58
math,2012,5,"control, systems, system, controller, state",43
math,2012,6,"algebras, algebra, von, unital, mathcal",69
math,2012,7,"ideals, rings, ring, ideal, rr",59
math,2012,8,"solutions, elliptic, regularity, partial, boundary",54
math,2012,9,"moduli, curves, projective, k3, fano",50
math,2012,10,"navier, stokes, equations, compressible, initial",46
math,2012,11,"ricci, hler, metrics, manifolds, metric",67
math,2012,12,"entropy, maps, anosov, dynamical, measure",64
math,2012,13,"dinger, schr, equation, nonlinear, solutions",58
math,2012,14,"optimization, programming, problems, gp, relaxation",23
math,2012,15,"operators, spectrum, spectral, eigenvalues, operator",52
math,2012,16,"quantum, states, entanglement, qubit, state",47
math,2012,17,"permutations, pattern, words, patterns, avoiding",30
math,2012,18,"stochastic, equations, differential, driven, brownian",44
math,2012,19,"element, error, mesh, galerkin, adaptive",29
math,2012,20,"surfaces, curvature, minimal, submanifolds, helix",40
math,2012,21,"copulas, distribution, random, copula, distributions",30
math,2012,22,"matrix, algorithm, algorithms, sparse, low",23
math,2012,23,"banach, spaces, space, ellqp, functions",24
math,2012,24,"bfgs, algorithm, optimization, convex, descent",7
math,2012,25,"forms, modular, weight, cusp, siegel",34
math,2012,26,"traffic, margin, inventory, model, jams",9
math,2012,27,"cluster, categories, algebras, category, tilting",21
math,2012,28,"codes, code, decoding, designs, codewords",36
math,2012,29,"matrices, random, matrix, wigner, entries",39
math,2012,30,"eigenvalue, laplacian, eigenvalues, riemannian, eigenfunctions",24
math,2012,31,"diffusion, population, reaction, species, kpp",19
math,2012,32,"power, load, converters, control, buck",11
math,2012,33,"categories, category, operads, operad, homotopy",23
math,2012,34,"curves, elliptic, curve, over, darmon",32
math,2012,35,"options, pricing, risk, option, price",27
math,2012,36,"inverse, cloaking, wave, scattering, tomography",20
math,2012,37,"multilevel, carlo, monte, reduced, error",2
math,2012,38,"bifurcation, periodic, delay, hamiltonian, bifurcations",21
math,2012,39,"spacetimes, spacetime, mass, mots, trapped",19
math,2012,40,"lie, algebras, algebra, leibniz, lr",20
math,2012,41,"inequalities, functions, convex, inequality, ostrowski",42
math,2012,42,"domains, mappings, pseudoconvex, holomorphic, cr",20
math,2012,43,"symplectic, contact, manifolds, lefschetz, hamiltonian",25
math,2012,44,"calabi, yau, witten, mirror, string",29
math,2012,45,"brownian, processes, process, motion, vy",32
math,2012,46,"service, wireless, queue, server, queues",29
math,2012,47,"fractal, dimension, self, hausdorff, cantor",19
math,2012,48,"ramanujan, identities, spt, andrews, overpartitions",21
math,2012,49,"percolation, loewner, passage, sle, fractal",12
math,2012,50,"convex, bodies, body, minkowski, cc",18
math,2012,51,"numbers, genocchi, polynomials, identities, euler",14
math,2012,52,"regularization, image, reconstruction, inverse, iterative",11
math,2012,53,"semigroups, semigroup, monoids, monoid, cancellative",13
math,2012,54,"epidemic, infected, network, spreading, disease",6
math,2012,55,"poisson, algebroids, lie, courant, bracket",14
math,2012,56,"change, autoregressive, processes, bootstrap, series",20
math,2012,57,"zeta, riemann, hypothesis, function, zeros",23
math,2012,58,"logic, logics, semantics, intuitionistic, glp",17
math,2012,59,"primes, prime, numbers, sieve, frac",21
math,2012,60,"frames, frame, wavelet, parseval, wavelets",24
math,2012,61,"hopf, crossed, categories, fusion, algebras",12
math,2012,62,"game, games, player, maker, players",16
math,2012,63,"points, al, angles, horoballs, packings",10
math,2012,64,"polynomials, orthogonal, askey, wilson, zeros",16
math,2012,65,"random, graph, trees, tree, degree",23
math,2012,66,"schemes, flux, deim, pod, weno",7
math,2012,67,"polytopes, polytope, tropical, ehrhart, transportation",13
math,2012,68,"ising, temperature, spin, magnetization, model",12
math,2012,69,"frak, hat, gl, hecke, crystal",13
math,2012,70,"walk, random, walks, environment, quenched",22
math,2012,71,"distributed, algorithm, optimization, consensus, communication",7
math,2012,72,"group, groups, topological, metrizable, compact",25
math,2012,73,"xx, spaces, lindel, tychonoff, lindelof",10
math,2012,74,"clustering, community, clusters, eigenvectors, multidendrograms",8
math,2012,75,"boltzmann, vlasov, equation, averaged, collision",12
math,2012,76,"helmholtz, scattering, method, wave, domain",10
math,2012,77,"monge, amp, harnack, re, harmonic",12
math,2012,78,"aleph, cardinals, cardinal, kappa, forcing",11
math,2012,79,"landmarks, morphologists, anatomical, persistent, phenomics",2
math,2012,80,"curvature, flow, shrinkers, mean, self",13
math,2012,81,"vert, particle, sandwich, langevin, monte",5
math,2012,83,"langlands, representations, gl, automorphic, local",12
math,2012,84,"mathematics, mathematical, hypatia, invexity, calculus",9
math,2012,85,"sets, 3x, sum, set, aa",10
math,2012,86,"oscillators, coupled, synchronization, network, networks",12
math,2012,87,"elastic, energy, elasticity, atomistic, thin",15
math,2012,88,"vertex, algebra, algebras, toroidal, operator",11
math,2012,89,"transport, transportation, monge, sites, kantorovich",4
math,2012,90,"segel, keller, chemotactic, chemotaxis, parabolic",14
math,2012,91,"particles, exclusion, particle, asep, asymmetric",15
math,2012,92,"julia, maps, si, wt, map",14
math,2012,93,"schubert, varieties, flag, hi, hessenberg",11
math,2012,94,"game, games, nash, player, players",9
math,2012,95,"fields, pm1, number, secondary, euclidean",7
math,2012,96,"branching, processes, survival, process, particles",14
math,2012,97,"landau, liquid, ginzburg, nematic, energy",12
math,2012,99,"character, indicators, characters, groups, group",7
math,2012,100,"ck, spectrum, connective, homotopy, spectra",5
math,2012,101,"continued, fractions, fraction, zaremba, kontorovich",11
math,2012,102,"tropical, tropicalization, geometry, fan, curves",12
math,2012,103,"univalent, functions, harmonic, disk, starlike",8
math,2012,104,"nonexpansive, fejer, resolvents, convergent, cat",4
math,2012,105,"reaction, networks, chemical, regulatory, gene",6
math,2012,106,"games, population, mean, field, strategies",5
math,2012,107,"population, coalescent, individuals, mutations, coalescents",7
math,2012,108,"teichm, ller, ls, length, geodesics",6
math,2012,109,"tilings, tiling, tiles, tile, escher",14
math,2012,110,"phylogenetic, trees, tree, trinets, gene",12
math,2012,111,"wave, damping, semilinear, global, solutions",10
math,2012,112,"kutta, runge, methods, integrators, splitting",8
math,2012,113,"omp, sparse, signal, recovery, sparsity",6
math,2012,114,"control, stochastic, backward, hjb, optimal",13
math,2012,115,"body, mercury, primordial, libration, spin",3
math,2012,116,"integrals, hypergeometric, airy, tf, stieltjes",4
math,2012,117,"re, curvature, yamabe, times, scalar",4
math,2012,118,"varepsilon, homogenization, mathcal, periodic, operator",6
math,2012,119,"mc, equation, differential, siegel, equations",3
math,2012,120,"cf, sperner, le, rfloor, lfloor",3
math,2012,121,"consensus, agents, agent, distributed, coordination",8
math,2012,122,"trapezoidal, quadrature, splines, interpolation, rules",9
math,2012,123,"matrices, hadamard, matrix, cocyclic, chapter",12
math,2012,124,"waves, water, boussinesq, vorticity, solitary",8
math,2012,125,"opinion, social, dynamics, punishment, replicator",9
math,2012,126,"mhd, magnetic, isentropic, maxwell, compressible",8
math,2012,127,"judgements, monoidal, category, categories, diagrams",4
math,2012,128,"2g, 4g, mapping, fraction, surface",4
math,2012,129,"fractional, calculus, derivatives, variations, variational",12
math,2012,130,"modules, mathfrak, lie, superalgebras, superalgebra",9
math,2012,131,"mills, yang, vortices, higgs, monopoles",5
math,2012,132,"controllability, insensitizing, null, carleman, control",4
math,2012,133,"hamiltonian, lagrangian, mechanics, systems, hamilton",4
math,2012,134,"fractional, diffusion, advection, testify, collocation",2
math,2012,135,"plasma, boltzmann, kinetic, collision, tokamak",9
math,2012,136,"calc, bulk, gapped, excitations, walls",3
math,2012,137,"exterior, operation, dgas, cohomology, transfer",2
math,2012,138,"noncommutative, rightarrow, deformation, torus, principal",4
math,2012,139,"schur, quasisymmetric, macdonald, functions, polynomials",6
math,2012,140,"cahn, hilliard, px, interface, elastic",8
math,2012,141,"dirac, index, eta, patodi, operators",5
math,2012,142,"motives, motivic, motive, cg, category",8
math,2012,143,"hamilton, jacobi, hamiltonians, barles, hamiltonian",5
math,2012,144,"sl, vbs, matrix, yangian, supersymmetry",4
math,2012,145,"foliations, foliation, holomorphic, uf, taut",10
math,2012,146,"fi, painlev, okamoto, painleve, schlesinger",6
math,2012,147,"pressure, biot, fluid, pore, darcy",3
math,2012,148,"automata, cellular, ca, automaton, rules",3
math,2012,149,"strichartz, estimates, smoothing, schr, schroedinger",6
math,2013,0,"graphs, graph, vertices, gg, edge",253
math,2013,1,"operators, spaces, hardy, operator, varphi",139
math,2013,2,"estimator, regression, estimators, estimation, sample",86
math,2013,3,"knots, knot, links, homology, link",84
math,2013,4,"groups, group, subgroup, subgroups, finite",79
math,2013,5,"control, systems, system, state, controller",52
math,2013,6,"algebras, algebra, von, neumann, unital",94
math,2013,7,"ideal, ideals, ring, rings, rr",89
math,2013,8,"solutions, elliptic, quad, boundary, equation",74
math,2013,9,"surfaces, k3, fano, moduli, projective",50
math,2013,10,"navier, stokes, equations, solutions, euler",53
math,2013,11,"metrics, ricci, hler, einstein, curvature",89
math,2013,12,"entropy, maps, topological, map, hyperbolic",60
math,2013,13,"dinger, schr, equation, nonlinear, solutions",51
math,2013,14,"optimization, problems, objective, programming, problem",25
math,2013,15,"operators, spectrum, dinger, schr, spectral",51
math,2013,16,"quantum, states, state, entanglement, systems",39
math,2013,17,"words, permutations, pattern, word, avoiding",43
math,2013,18,"stochastic, differential, equations, backward, driven",43
math,2013,19,"element, finite, error, method, numerical",32
math,2013,20,"surfaces, curvature, minimal, surface, mean",46
math,2013,21,"random, distributions, variables, multivariate, distribution",37
math,2013,22,"matrix, nmf, algorithm, rank, algorithms",25
math,2013,23,"banach, spaces, space, ell, convex",44
math,2013,24,"gradient, optimization, convex, convergence, search",10
math,2013,25,"forms, modular, hecke, gl, maass",34
math,2013,26,"traffic, vehicles, network, demand, drivers",15
math,2013,27,"cluster, categories, tilting, algebras, category",23
math,2013,28,"codes, code, decoding, distance, designs",38
math,2013,29,"matrices, random, matrix, boxplus, free",37
math,2013,30,"laplacian, eigenvalue, eigenvalues, eigenfunctions, steklov",30
math,2013,31,"reaction, diffusion, species, fronts, model",22
math,2013,32,"power, renewable, energy, storage, opf",16
math,2013,33,"operad, categories, category, operads, monoidal",19
math,2013,34,"curves, elliptic, curve, over, selmer",28
math,2013,35,"risk, pricing, prices, price, options",48
math,2013,36,"gpts, scattering, conductivity, scatterers, illuminations",11
math,2013,37,"reduced, method, descriptor, interpolation, element",5
math,2013,38,"bifurcation, periodic, kam, hamiltonian, ct",32
math,2013,39,"spacetime, kerr, black, penrose, spacetimes",22
math,2013,40,"lie, algebras, algebra, nilpotent, mathfrak",22
math,2013,41,"inequalities, hadamard, inequality, convex, hermite",36
math,2013,42,"domains, mappings, holomorphic, quasiconformal, domain",29
math,2013,43,"symplectic, contact, lagrangian, hamiltonian, lefschetz",16
math,2013,44,"calabi, invariants, yau, witten, mirror",16
math,2013,45,"processes, process, brownian, motion, vy",30
math,2013,46,"service, queue, queueing, server, customers",28
math,2013,47,"fractal, dimension, hausdorff, self, multifractal",29
math,2013,48,"2k, bar, ramanujan, series, andrews",12
math,2013,49,"percolation, critical, passage, sle, bond",21
math,2013,50,"valuations, bodies, minkowski, convex, invariant",17
math,2013,51,"numbers, fibonacci, polynomials, stirling, identities",33
math,2013,52,"retrieval, image, phase, imaging, regularization",17
math,2013,53,"semigroups, semigroup, monoid, monoids, inverse",24
math,2013,54,"epidemic, disease, infection, infected, sir",10
math,2013,55,"poisson, lie, 2k, gerbes, bundle",22
math,2013,56,"estimators, change, estimator, series, volatility",26
math,2013,57,"zeta, riemann, values, multiple, alpha",21
math,2013,58,"logic, logics, s4, semantics, provability",15
math,2013,59,"primes, prime, displaystyle, gaps, ell",15
math,2013,60,"frames, frame, wavelet, gabor, wavelets",22
math,2013,61,"hopf, category, braided, categories, monoidal",21
math,2013,62,"game, player, players, games, number",18
math,2013,63,"tverberg, points, lines, szekeres, erd",9
math,2013,64,"polynomials, orthogonal, meixner, hermite, laguerre",26
math,2013,65,"random, graph, attachment, networks, degree",14
math,2013,66,"grp, schemes, discretization, conservation, scheme",7
math,2013,67,"polytopes, polytope, mgf, associahedra, transportation",5
math,2013,68,"ising, gibbs, temperature, spin, model",13
math,2013,69,"hecke, modules, crystal, crystals, sl",16
math,2013,70,"walk, random, walks, environment, quenched",23
math,2013,71,"distributed, algorithm, optimization, ggn, decisions",4
math,2013,72,"group, groups, topological, coarsely, ap",20
math,2013,73,"spaces, hereditarily, supercompact, computable, space",14
math,2013,74,"clustering, sparsifier, networks, graph, subspaces",11
math,2013,75,"boltzmann, vlasov, cutoff, equation, maxwellian",9
math,2013,76,"helmholtz, tilde, scattering, wave, method",14
math,2013,77,"monge, amp, ampere, re, det",12
math,2013,78,"cardinal, kappa, cardinals, mu, tau",5
math,2013,79,"persistent, persistence, homology, polypeptide, topological",12
math,2013,80,"flow, curvature, mean, shortening, inscribed",11
math,2013,81,"monte, carlo, mcmc, sampling, langevin",11
math,2013,82,"lca, neural, specifics, convergence, networks",1
math,2013,83,"gl, langlands, representations, supercuspidal, jacquet",21
math,2013,84,"courses, mathematics, leonardo, exhibitions, bridge",5
math,2013,85,"sets, integers, subsets, subset, progressions",15
math,2013,86,"synchronization, neural, oscillators, neurons, fire",8
math,2013,87,"elastic, shells, elasticity, micromorphic, energy",15
math,2013,88,"vertex, algebras, modules, algebra, operator",17
math,2013,89,"transport, optimal, monge, transportation, cost",17
math,2013,90,"segel, keller, stationary, solutions, parabolic",5
math,2013,91,"particles, particle, hydrodynamic, shock, mb",10
math,2013,92,"escaping, matings, transcendental, julia, entire",7
math,2013,93,"schubert, varieties, flag, richardson, mustafin",11
math,2013,94,"game, games, equilibria, nash, equilibrium",11
math,2013,95,"fields, quadratic, number, class, imaginary",10
math,2013,96,"branching, particles, processes, process, random",16
math,2013,97,"liquid, landau, nematic, ginzburg, crystal",16
math,2013,98,"policy, empirical, dynamic, value, learning",3
math,2013,99,"characters, defect, groups, character, group",6
math,2013,100,"motivic, spectra, homotopy, cpi, spectrum",8
math,2013,101,"continued, fraction, fractions, irrationality, diophantine",17
math,2013,102,"tropical, curves, tropicalization, severi, broccoli",13
math,2013,103,"functions, harmonic, univalent, starlikeness, zf",13
math,2013,104,"monotone, nonexpansive, rachford, splitting, operators",13
math,2013,105,"catalyst, reactant, reaction, networks, canalizing",7
math,2013,106,"games, mean, field, game, gpsm12",4
math,2013,107,"population, mutation, coalescent, trait, fitness",16
math,2013,108,"ller, teichm, teichmuller, grafting, ray",7
math,2013,109,"tilings, tiling, hexagon, rhombus, substitution",10
math,2013,110,"phylogenetic, genome, tree, quartet, tgcc",5
math,2013,111,"wave, damping, blow, ast, semilinear",7
math,2013,112,"kutta, runge, schemes, integrators, implicit",9
math,2013,113,"sparse, sensing, recovery, ell, signal",25
math,2013,114,"control, stochastic, optimal, retrospective, prospective",8
math,2013,115,"body, my, rotopulsators, problem, orbits",10
math,2013,116,"integrals, hypergeometric, expansions, functions, elliptic",11
math,2013,117,"hbox, yamabe, quad, curvature, gu",4
math,2013,118,"homogenization, homogenized, heat, oscillations, oscillating",7
math,2013,119,"equations, symmetries, differential, gambier, lie",8
math,2013,120,"ekr, intersecting, mathcal, sperner, stabilizer",5
math,2013,121,"consensus, agent, agents, control, impulsive",9
math,2013,122,"subdivision, bezier, trapezium, spline, splines",6
math,2013,123,"matrices, free, hadamard, rag, matrix",4
math,2013,124,"waves, water, boussinesq, gravity, periodic",10
math,2013,125,"opinion, evolutionary, dynamics, game, replicator",6
math,2013,126,"mhd, eqref, magnetic, incompressible, b11",8
math,2013,127,"setoids, mct, category, wiring, diagrams",6
math,2013,128,"mapping, group, magnus, torelli, surface",3
math,2013,129,"fractional, derivatives, caputo, calculus, variations",16
math,2013,130,"modules, weight, superalgebra, lie, module",6
math,2013,131,"yang, mills, vortices, moduli, gauge",6
math,2013,132,"controllability, observability, heat, control, equation",6
math,2013,133,"systems, hamiltonian, mechanical, nonholonomic, emph",5
math,2013,134,"fractional, nwald, order, numerical, diffusion",7
math,2013,135,"boltzmann, vlasov, numerical, maxwell, plasma",11
math,2013,136,"groupoids, spans, linearization, tqft, topological",2
math,2013,137,"fa, gami, sayd, algebra, hochschild",9
math,2013,138,"noncommutative, triples, spectral, quantum, commutative",9
math,2013,139,"macdonald, schur, polynomials, littlewood, quasisymmetric",8
math,2013,140,"ren, hilliard, cahn, viscous, fluids",4
math,2013,141,"index, nonunital, singer, atiyah, noncommutative",6
math,2013,142,"motivic, motives, schemic, hh, motive",6
math,2013,143,"hamilton, jacobi, viscosity, equations, homogenization",8
math,2013,144,"gaudin, xxz, spin, bethe, quantum",8
math,2013,145,"foliations, foliation, leaves, leaf, codimension",4
math,2013,146,"painlev, hbar, heun, equations, les",5
math,2013,147,"porous, flow, deformation, pressure, solid",3
math,2013,148,"automata, automaton, cellular, mealy, dfa",8
math,2013,149,"strichartz, estimates, dinger, schr, smoothing",5
math,2014,0,"graphs, graph, gg, vertices, vertex",249
math,2014,1,"operators, spaces, hardy, mathbb, varphi",160
math,2014,2,"regression, test, estimation, estimator, estimators",80
math,2014,3,"knot, knots, homology, floer, links",96
math,2014,4,"groups, group, subgroups, subgroup, gg",104
math,2014,5,"control, systems, state, input, lyapunov",44
math,2014,6,"algebras, algebra, von, neumann, mathcal",82
math,2014,7,"ideals, ideal, ring, rings, rr",69
math,2014,8,"solutions, elliptic, partial, array, regularity",70
math,2014,9,"surfaces, k3, moduli, curves, projective",64
math,2014,10,"navier, stokes, equations, solutions, initial",58
math,2014,11,"ricci, curvature, metrics, hler, metric",67
math,2014,12,"entropy, maps, hyperbolic, ergodic, diffeomorphisms",56
math,2014,13,"dinger, schr, equation, nonlinear, solutions",66
math,2014,14,"optimization, problems, problem, algorithm, programming",47
math,2014,15,"operators, spectrum, spectral, operator, schr",49
math,2014,16,"quantum, classical, states, entanglement, pcsft",30
math,2014,17,"permutations, words, pattern, patterns, permutation",59
math,2014,18,"stochastic, equations, differential, driven, sdes",69
math,2014,19,"element, method, galerkin, mesh, finite",42
math,2014,20,"surfaces, curvature, minimal, hypersurfaces, mathbb",49
math,2014,21,"random, distribution, variables, distributions, statistics",47
math,2014,22,"matrix, algorithm, tensor, matrices, algorithms",36
math,2014,23,"banach, spaces, ell, space, lipschitz",33
math,2014,24,"gradient, convergence, optimization, convex, proximal",17
math,2014,25,"forms, modular, cusp, eisenstein, hecke",30
math,2014,26,"traffic, road, network, vehicles, ltm",20
math,2014,27,"tilting, cluster, category, categories, algebras",32
math,2014,28,"codes, code, latin, weight, hamming",41
math,2014,29,"matrices, random, matrix, ensemble, distribution",46
math,2014,30,"eigenvalues, steklov, eigenvalue, eigenfunctions, laplacian",26
math,2014,31,"predator, diffusion, population, reaction, fronts",33
math,2014,32,"power, load, grid, generation, energy",26
math,2014,33,"categories, category, operads, mathscr, operad",29
math,2014,34,"curves, elliptic, curve, over, genus",39
math,2014,35,"market, risk, price, portfolio, arbitrage",41
math,2014,36,"inverse, conductivity, fabrication, tomography, problem",23
math,2014,37,"pod, basis, residual, reduced, method",6
math,2014,38,"periodic, hamiltonian, bifurcation, systems, bifurcations",30
math,2014,39,"spacetime, einstein, spacetimes, mass, black",27
math,2014,40,"lie, algebras, hom, algebra, superalgebras",21
math,2014,41,"inequalities, inequality, right, left, frac",31
math,2014,42,"domains, mappings, holomorphic, cr, pseudoconvex",29
math,2014,43,"symplectic, contact, homology, manifolds, lagrangian",22
math,2014,44,"calabi, witten, yau, mirror, gromov",26
math,2014,45,"brownian, process, processes, motion, vy",24
math,2014,46,"queue, service, server, customers, queues",36
math,2014,47,"fractal, dim, dimension, hausdorff, cantor",19
math,2014,48,"partitions, ramanujan, pmod, partition, identities",11
math,2014,49,"percolation, cle, sle, passage, loewner",17
math,2014,50,"convex, bodies, minkowski, area, body",23
math,2014,51,"numbers, stirling, polynomials, fibonacci, bernoulli",17
math,2014,52,"image, retrieval, phase, regularization, reconstruction",23
math,2014,53,"semigroup, semigroups, monoids, lex, monoid",23
math,2014,54,"epidemic, disease, infection, virus, model",14
math,2014,55,"poisson, courant, algebroids, lie, quantization",8
math,2014,56,"change, detection, test, time, wbs",19
math,2014,57,"zeta, riemann, cosh, values, zeros",17
math,2014,58,"logic, intuitionistic, semantics, logics, modal",23
math,2014,59,"primes, prime, log, numbers, gaps",27
math,2014,60,"frames, wavelet, frame, wavelets, transform",24
math,2014,61,"hopf, algebra, categories, algebras, fusion",29
math,2014,62,"game, games, board, player, players",15
math,2014,63,"tverberg, bisector, delta, points, theorem",12
math,2014,64,"polynomials, orthogonal, laguerre, exceptional, jacobi",15
math,2014,65,"random, attachment, preferential, degree, trees",22
math,2014,66,"schemes, numerical, shallow, accuracy, scheme",10
math,2014,67,"polytopes, polytope, ehrhart, lattice, alcoved",20
math,2014,68,"ising, gibbs, model, magnetization, temperature",14
math,2014,69,"hecke, modules, lusztig, quantum, algebra",26
math,2014,70,"walk, random, walks, environment, site",9
math,2014,71,"distributed, communication, optimization, algorithm, fast",6
math,2014,72,"groups, group, polish, topological, amenable",22
math,2014,73,"aleph, spaces, space, xx, topology",14
math,2014,74,"clustering, communities, network, graph, histogram",10
math,2014,75,"vlasov, boltzmann, collision, relativistic, landau",6
math,2014,76,"pml, helmholtz, wave, boundary, method",11
math,2014,77,"monge, amp, re, qquad, complex",13
math,2014,78,"lav, forcing, diamond, cardinal, cardinals",9
math,2014,79,"persistent, persistence, homology, rna, topological",9
math,2014,80,"curvature, flow, mean, translating, flows",14
math,2014,81,"monte, carlo, mcmc, sampler, molecular",11
math,2014,82,"autoencoders, deep, networks, units, learning",2
math,2014,83,"gl, representations, langlands, rm, jacquet",19
math,2014,84,"mathematics, mathematical, students, education, woman",15
math,2014,85,"leq, pm, sets, gg, sum",12
math,2014,86,"synchronization, oscillators, networks, coupled, dynamics",10
math,2014,87,"elastic, strain, elasticity, rm, energy",17
math,2014,88,"vertex, toroidal, voa, algebras, algebra",8
math,2014,89,"mathfrak, mathtt, transport, optimal, biadan",4
math,2014,90,"chemotaxis, segel, keller, solutions, parabolic",10
math,2014,91,"particles, tasep, particle, exclusion, lorentz",8
math,2014,92,"julia, escaping, maps, transcendental, entire",14
math,2014,93,"schubert, varieties, flag, hessenberg, variety",11
math,2014,94,"nash, games, equilibria, equilibrium, payoffs",7
math,2014,95,"fields, pmod, class, equiv, sqrt",7
math,2014,96,"branching, supercritical, sqrt2, process, environment",7
math,2014,97,"landau, liquid, ginzburg, ericksen, leslie",11
math,2014,98,"policy, decision, markov, cost, state",4
math,2014,99,"supercharacter, characters, pp, blocks, groups",11
math,2014,100,"motivic, homotopy, adams, spectra, monoidal",7
math,2014,101,"continued, irrationality, fraction, fractions, ln",10
math,2014,102,"tropical, tropicalization, severi, curves, curve",10
math,2014,103,"functions, univalent, analytic, disk, harmonic",9
math,2014,104,"monotone, nonexpansive, mappings, iterative, convergence",17
math,2014,105,"reaction, gene, biochemical, chemical, sensitivities",10
math,2014,106,"games, mean, field, game, player",7
math,2014,107,"population, mutation, populations, individuals, selection",11
math,2014,108,"teichm, length, ller, petersson, surface",9
math,2014,109,"mathsf, vert, tilings, tiling, tiles",11
math,2014,110,"phylogenetic, trees, tree, distance, genome",9
math,2014,111,"wave, semilinear, blow, equations, estimates",9
math,2014,112,"methods, integrators, kutta, runge, parareal",13
math,2014,113,"recovery, sensing, sparse, signal, compressed",15
math,2014,114,"control, stochastic, optimal, controls, backward",13
math,2014,115,"body, three, solar, problem, om",11
math,2014,116,"barnes, asymptotic, function, expansions, integrals",12
math,2014,117,"curvature, manifolds, scalar, bach, pinching",9
math,2014,118,"om, homogenization, varepsilon, corrector, periodic",9
math,2014,119,"symmetries, equations, lax, lie, symmetry",10
math,2014,120,"cff, pg, intersecting, mathcal, interval",5
math,2014,121,"consensus, agent, agents, distributed, control",18
math,2014,122,"splines, quadrature, spline, subdivision, interpolation",19
math,2014,123,"matrices, hadamard, fs, times, matrix",8
math,2014,124,"waves, water, gravity, boussinesq, depth",7
math,2014,125,"opinion, opinions, ldyn, dynamics, replicator",10
math,2014,126,"mhd, incompressible, magnetic, magnetohydrodynamic, resistive",7
math,2014,127,"logics, categories, lambda, calculi, ludics",9
math,2014,128,"mapping, torelli, group, class, surface",3
math,2014,129,"fractional, calculus, derivatives, lagrange, noether",9
math,2014,130,"modules, sl, frak, mathfrak, weight",10
math,2014,131,"mills, yang, connections, monopoles, instantons",8
math,2014,132,"controllability, cascade, heat, equation, approximate",7
math,2014,133,"nonholonomic, chaplygin, hamiltonian, systems, sds",11
math,2014,134,"fractional, difference, diffusion, numerical, schemes",10
math,2014,135,"boltzmann, kinetic, plasma, transport, vlasov",8
math,2014,136,"gapped, topological, theories, xy, gauge",5
math,2014,137,"hochschild, drep, algebra, cohomology, operations",7
math,2014,138,"noncommutative, quantum, superplane, civita, connection",7
math,2014,139,"littlewood, polynomials, macdonald, tokuyama, schur",5
math,2014,140,"hilliard, cahn, solutions, equation, pseudomonotone",7
math,2014,141,"index, pairing, dirac, eta, operators",4
math,2014,142,"motives, motivic, eff, gm, dm",6
math,2014,143,"hamilton, jacobi, viscosity, equations, equation",8
math,2014,144,"spin, bethe, baxter, operators, sl",5
math,2014,145,"foliations, foliation, codimension, holomorphic, kupka",9
math,2014,146,"painlev, heun, piii, equation, vi",13
math,2014,147,"immiscible, homogenized, flow, posteriori, multiscale",1
math,2014,148,"automata, automaton, cellular, alphabet, ca",7
math,2014,149,"strichartz, dinger, schr, estimates, dispersive",6
math,2015,0,"graphs, graph, gg, vertices, vertex",303
math,2015,1,"operators, spaces, hardy, operator, mathbb",167
math,2015,2,"regression, estimator, estimation, estimators, sample",104
math,2015,3,"knots, knot, links, homology, link",100
math,2015,4,"groups, group, subgroups, subgroup, finite",88
math,2015,5,"control, systems, system, state, time",68
math,2015,6,"algebras, algebra, unital, crossed, mathcal",94
math,2015,7,"ideals, ring, rings, ideal, rr",61
math,2015,8,"solutions, elliptic, quad, partial, frac",97
math,2015,9,"surfaces, moduli, k3, fano, projective",70
math,2015,10,"stokes, navier, equations, solutions, euler",65
math,2015,11,"ricci, metrics, curvature, hler, metric",84
math,2015,12,"entropy, topological, shadowing, lyapunov, diffeomorphisms",79
math,2015,13,"equation, dinger, schr, nonlinear, solutions",70
math,2015,14,"optimization, programming, problems, semidefinite, algorithm",28
math,2015,15,"operators, spectrum, dinger, schr, operator",73
math,2015,16,"quantum, states, state, classical, entanglement",48
math,2015,17,"permutations, words, tableaux, pattern, tableau",41
math,2015,18,"stochastic, differential, equations, noise, driven",54
math,2015,19,"element, mesh, error, meshes, method",51
math,2015,20,"surfaces, curvature, minimal, surface, hypersurfaces",42
math,2015,21,"random, distribution, dependence, distributions, variables",51
math,2015,22,"matrix, rank, sparse, low, tensor",47
math,2015,23,"banach, spaces, space, ell, lipschitz",55
math,2015,24,"convergence, convex, optimization, gradient, objective",17
math,2015,25,"forms, modular, weight, siegel, cusp",36
math,2015,26,"traffic, charging, vehicles, routing, vehicle",21
math,2015,27,"cluster, tilting, categories, category, algebras",37
math,2015,28,"codes, code, pg, designs, latin",36
math,2015,29,"matrices, random, matrix, distribution, ensemble",47
math,2015,30,"eigenvalue, laplacian, eigenvalues, dirichlet, domains",32
math,2015,31,"diffusion, species, predator, dispersal, reaction",42
math,2015,32,"power, electricity, energy, market, cost",27
math,2015,33,"categories, category, operads, infty, monoidal",35
math,2015,34,"curves, elliptic, curve, over, genus",39
math,2015,35,"arbitrage, market, risk, price, utility",36
math,2015,36,"imaging, inverse, conductivity, acoustic, cloaking",43
math,2015,37,"reduced, collocation, sparse, grid, assimilation",4
math,2015,38,"canards, periodic, systems, hamiltonian, system",36
math,2015,39,"spacetime, mass, spacetimes, black, einstein",40
math,2015,40,"lie, algebras, leibniz, algebra, superalgebras",33
math,2015,41,"inequalities, inequality, hermite, vert, functions",39
math,2015,42,"vert, domains, mappings, holomorphic, mathbb",36
math,2015,43,"symplectic, contact, manifolds, hamiltonian, underleftarrow",31
math,2015,44,"witten, calabi, yau, gromov, invariants",26
math,2015,45,"brownian, processes, vy, motion, process",53
math,2015,46,"queue, service, server, queues, servers",36
math,2015,47,"fractal, fractals, self, hausdorff, dimension",25
math,2015,48,"identities, 3f, partitions, ramanujan, parts",17
math,2015,49,"percolation, sle, loewner, vacant, passage",20
math,2015,50,"bodies, convex, body, minkowski, inequality",26
math,2015,51,"numbers, bernoulli, aleph, polynomials, lucas",21
math,2015,52,"image, reconstruction, retrieval, phase, inpainting",23
math,2015,53,"monoids, semigroup, semigroups, monoid, varrho",18
math,2015,54,"disease, epidemic, infection, infected, model",20
math,2015,55,"lie, poisson, groupoids, algebroids, algebroid",15
math,2015,56,"change, series, time, estimation, autoregressive",27
math,2015,57,"zeta, riemann, zeros, values, hypothesis",13
math,2015,58,"logic, logics, modal, propositional, nonstandard",17
math,2015,59,"primes, log, prime, sum, progressions",23
math,2015,60,"frames, frame, gabor, wavelets, wavelet",19
math,2015,61,"hopf, graded, categories, algebras, category",16
math,2015,62,"game, games, chess, player, waiter",20
math,2015,63,"packings, packing, points, triangles, bound",32
math,2015,64,"polynomials, orthogonal, jacobi, qq, hermite",20
math,2015,65,"random, networks, attachment, trees, graph",22
math,2015,66,"scheme, order, conservation, high, discontinuous",9
math,2015,67,"polytopes, polytope, neighborly, ehrhart, facet",15
math,2015,68,"ising, spin, model, temperature, gibbs",21
math,2015,69,"hecke, affine, canonical, mathfrak, lusztig",19
math,2015,70,"random, walk, walks, environment, legs",12
math,2015,71,"distributed, communication, optimization, convergence, convex",7
math,2015,72,"bf, group, groups, topological, left",21
math,2015,73,"xx, metrizable, spaces, space, compact",20
math,2015,74,"clustering, communities, community, detection, planted",15
math,2015,75,"boltzmann, vlasov, equation, collision, cutoff",16
math,2015,76,"helmholtz, scattering, pml, method, integral",14
math,2015,77,"monge, amp, hessian, equations, re",15
math,2015,78,"aleph, cardinals, cardinal, forking, jep",13
math,2015,79,"persistent, persistence, topological, data, homology",9
math,2015,80,"flow, curvature, mean, shrinkers, shortening",15
math,2015,81,"monte, carlo, langevin, metropolis, mcmc",12
math,2015,83,"gl, representations, jacquet, automorphic, arthur",20
math,2015,84,"mathematics, students, hiele, education, mathematical",17
math,2015,85,"sets, subset, mathbb, product, rm",13
math,2015,86,"synchronization, oscillators, network, phase, kuramoto",11
math,2015,87,"elastic, energy, rm, bigg, plastic",14
math,2015,88,"vertex, widehat, algebras, toroidal, gl",9
math,2015,89,"transport, barycenters, optimal, wasserstein, transportation",10
math,2015,90,"segel, keller, chemotaxis, nabla, system",15
math,2015,91,"particle, exclusion, particles, tasep, process",12
math,2015,92,"julia, transcendental, maps, mandelbrot, escaping",15
math,2015,93,"schubert, varieties, flag, polynomials, variety",10
math,2015,94,"games, game, players, nash, equilibrium",11
math,2015,95,"fields, kg, number, galois, ucl",11
math,2015,96,"branching, particles, offspring, process, walk",13
math,2015,97,"nematic, landau, liquid, ginzburg, energy",17
math,2015,98,"policy, avar, programming, dynamic, markov",3
math,2015,99,"supercharacter, pp, blocks, character, characters",9
math,2015,100,"spectra, homotopy, theory, motivic, kqkq",6
math,2015,101,"continued, fraction, irrational, irrationality, numbers",11
math,2015,102,"tropical, tropicalization, curves, severi, secondary",12
math,2015,103,"univalent, functions, starlike, harmonic, disk",16
math,2015,104,"splitting, monotone, rachford, convergence, nonexpansive",15
math,2015,105,"reaction, networks, chemical, biochemical, network",12
math,2015,106,"games, mean, field, inspection, game",5
math,2015,107,"population, coalescent, mutation, mutations, kingman",22
math,2015,108,"teichm, ller, masur, bdd, surfaces",10
math,2015,109,"tilings, tiles, tiling, aztec, domino",9
math,2015,110,"tanglegrams, trees, tree, phylogenetic, gonosomal",7
math,2015,111,"wave, solutions, lifespan, cauchy, exterior",6
math,2015,112,"kutta, runge, methods, integrators, symplectic",10
math,2015,113,"sensing, sparse, recovery, ell, compressed",22
math,2015,114,"control, stochastic, bellman, optimal, switching",11
math,2015,115,"body, resonant, apsidal, orbit, resonances",14
math,2015,116,"bessel, hypergeometric, integrals, functions, function",7
math,2015,117,"curvature, manifolds, yamabe, flat, qq",10
math,2015,118,"homogenization, varepsilon, coefficients, periodic, elliptic",13
math,2015,119,"symmetries, equations, abel, differential, lie",15
math,2015,120,"intersecting, families, mathcal, tt, family",9
math,2015,121,"consensus, agent, triggered, agents, distributed",15
math,2015,122,"spline, splines, bicubic, chebyshev, hierarchical",7
math,2015,123,"hadamard, matrices, matrix, permanent, perm",14
math,2015,124,"boussinesq, water, waves, tension, 2d",15
math,2015,125,"opinion, replicator, agents, game, mutation",5
math,2015,126,"mhd, magnetic, magnetohydrodynamics, compressible, initial",10
math,2015,127,"categories, universes, hits, homotopy, type",7
math,2015,128,"mapping, torelli, group, aff, johnson",6
math,2015,129,"fractional, derivatives, variation, conformable, calculus",10
math,2015,130,"mathfrak, modules, lie, sl, superalgebras",10
math,2015,131,"mills, yang, dhym, connections, monopoles",6
math,2015,132,"controllability, degenerate, equations, approximate, null",6
math,2015,133,"tulczyjew, hamiltonian, lagrangian, systems, bundle",12
math,2015,134,"fractional, caputo, sn, derivative, exp",8
math,2015,135,"kinetic, cherenkov, numerical, boris, boltzmann",4
math,2015,136,"topological, bulk, metaplectic, tqfts, anyons",4
math,2015,137,"hochschild, homotopy, algebras, odot, homology",8
math,2015,138,"noncommutative, quantum, algebra, differential, calculus",9
math,2015,139,"plethysm, richardson, littlewood, schur, quasisymmetric",3
math,2015,140,"cahn, hilliard, equation, film, damage",10
math,2015,141,"index, equivariant, infinitesimal, eta, formula",4
math,2015,142,"motives, motivic, tate, des, motivique",4
math,2015,143,"hamilton, jacobi, homogenization, coercive, viscosity",6
math,2015,144,"bethe, yangian, spin, gaudin, degeneracy",4
math,2015,145,"foliations, foliation, leaves, leaf, foliated",6
math,2015,146,"painlev, heun, equation, isomonodromic, confluent",8
math,2015,147,"fracture, ventcell, oswr, biot, interface",2
math,2015,148,"automata, automaton, synchronizing, languages, multipass",5
math,2015,149,"ith, dinger, strichartz, dispersion, schr",4
math,2016,0,"graphs, graph, gg, vertices, vertex",348
math,2016,1,"operators, spaces, mathbb, hardy, operator",171
math,2016,2,"regression, estimator, estimators, estimation, data",113
math,2016,3,"knots, knot, links, homology, link",79
math,2016,4,"groups, group, subgroups, gg, subgroup",96
math,2016,5,"control, systems, controller, design, system",75
math,2016,6,"algebras, algebra, mathcal, cal, cuntz",102
math,2016,7,"ideals, rings, ideal, ring, rr",88
math,2016,8,"solutions, elliptic, regularity, quad, partial",85
math,2016,9,"surfaces, moduli, fano, projective, k3",75
math,2016,10,"navier, stokes, equations, solutions, euler",57
math,2016,11,"hler, ricci, metrics, einstein, manifolds",73
math,2016,12,"entropy, maps, anosov, hyperbolic, topological",92
math,2016,13,"equation, schr, dinger, nonlinear, solutions",75
math,2016,14,"optimization, problems, programs, programming, constraints",51
math,2016,15,"operators, schr, dinger, eigenvalues, spectrum",53
math,2016,16,"quantum, states, state, ic, entanglement",50
math,2016,17,"permutations, words, tableaux, permutation, pattern",45
math,2016,18,"stochastic, differential, equations, noise, driven",65
math,2016,19,"element, galerkin, error, method, finite",55
math,2016,20,"surfaces, curvature, minimal, hypersurfaces, surface",48
math,2016,21,"distribution, random, variables, distributions, statistics",48
math,2016,22,"matrix, tensor, rank, algorithms, matrices",54
math,2016,23,"banach, spaces, space, fna, convex",39
math,2016,24,"convex, gradient, optimization, convergence, algorithm",29
math,2016,25,"forms, modular, hecke, eisenstein, siegel",56
math,2016,26,"traffic, charging, vehicles, vehicle, model",39
math,2016,27,"cluster, tilting, algebras, categories, category",47
math,2016,28,"codes, code, designs, dual, latin",45
math,2016,29,"matrices, random, matrix, ensembles, gaussian",38
math,2016,30,"eigenvalues, laplacian, eigenvalue, steklov, neumann",34
math,2016,31,"diffusion, reaction, prey, population, predator",38
math,2016,32,"power, energy, voltage, grid, wind",44
math,2016,33,"category, categories, monoidal, operads, infty",24
math,2016,34,"curves, elliptic, curve, over, points",43
math,2016,35,"risk, market, price, pricing, options",36
math,2016,36,"scattering, imaging, inverse, conductivity, wave",45
math,2016,37,"pod, collocation, misc, intrusive, pdes",10
math,2016,38,"bifurcation, periodic, systems, bifurcations, hamiltonian",31
math,2016,39,"spacetime, spacetimes, black, mass, hole",29
math,2016,40,"lie, algebras, algebra, mathfrak, superalgebras",27
math,2016,41,"inequalities, inequality, hermite, hadamard, num",32
math,2016,42,"domains, mappings, holomorphic, pseudoconvex, metric",30
math,2016,43,"symplectic, contact, hamiltonian, lagrangian, manifolds",25
math,2016,44,"invariants, witten, gromov, calabi, yau",21
math,2016,45,"brownian, processes, process, motion, vy",33
math,2016,46,"service, queue, server, traffic, queues",26
math,2016,47,"fractal, dim, dimension, sets, self",28
math,2016,48,"ramanujan, partitions, identities, series, andrews",27
math,2016,49,"percolation, sle, critical, passage, random",29
math,2016,50,"bodies, convex, minkowski, body, isoperimetric",33
math,2016,51,"numbers, lucas, polynomials, sequences, fibonacci",26
math,2016,52,"retrieval, image, phase, reconstruction, regularization",31
math,2016,53,"semigroups, monoids, monoid, semigroup, mathit",25
math,2016,54,"disease, infected, infection, epidemic, susceptible",19
math,2016,55,"poisson, lie, algebroid, algebroids, quantization",26
math,2016,56,"change, estimator, series, estimation, time",24
math,2016,57,"zeta, riemann, zeros, multiple, values",25
math,2016,58,"logic, propositional, msf, intuitionistic, incompleteness",18
math,2016,59,"prime, primes, leq, log, sum",22
math,2016,60,"frames, frame, gabor, wavelet, wavelets",34
math,2016,61,"hopf, mathscr, algebras, category, categories",17
math,2016,62,"game, games, player, number, players",25
math,2016,63,"packing, points, packings, triangle, distances",31
math,2016,64,"polynomials, orthogonal, laguerre, jacobi, christoffel",25
math,2016,65,"random, graphs, trees, graph, degree",28
math,2016,66,"schemes, scheme, order, cell, weno",17
math,2016,67,"polytopes, polytope, ehrhart, psd, lattice",14
math,2016,68,"ising, model, potts, gibbs, ferromagnetic",11
math,2016,69,"hecke, mathfrak, algebra, affine, crystal",22
math,2016,70,"walk, random, walks, environment, quenched",26
math,2016,71,"distributed, decentralized, optimization, primal, agents",5
math,2016,72,"leftthreetimes, box, actions, group, groups",10
math,2016,73,"xx, spaces, lindel, space, countable",22
math,2016,74,"clustering, community, detection, algorithm, graph",25
math,2016,75,"boltzmann, vlasov, bf, equation, solutions",19
math,2016,76,"helmholtz, scattering, integral, boundary, method",20
math,2016,77,"monge, amp, re, equation, isoperimetric",15
math,2016,78,"forcing, cardinal, mathrm, cardinals, axcount",12
math,2016,79,"persistence, persistent, data, topological, rna",11
math,2016,80,"curvature, mean, flow, translating, shrinkers",19
math,2016,81,"monte, carlo, markov, da, langevin",6
math,2016,82,"neural, networks, network, deep, olfactory",3
math,2016,83,"gl, langlands, representations, packets, arthur",20
math,2016,84,"mathematics, mathematical, tissot, his, century",20
math,2016,85,"sets, aa, sum, leq, arithmetic",20
math,2016,86,"oscillators, kuramoto, synchronization, phase, coupling",13
math,2016,87,"elastic, elasticity, energy, trm, strain",25
math,2016,88,"vertex, algebras, algebra, operator, modules",12
math,2016,89,"transport, optimal, mospa, wasserstein, transportation",9
math,2016,90,"chemotaxis, segel, keller, varepsilon, quad",12
math,2016,91,"process, particles, exclusion, particle, kpz",17
math,2016,92,"julia, maps, post, transcendental, set",16
math,2016,93,"schubert, hess, flag, varieties, hessenberg",12
math,2016,94,"games, game, player, nash, equilibrium",15
math,2016,95,"fields, np, galois, lenstra, ell",8
math,2016,96,"branching, immigration, process, random, walk",9
math,2016,97,"nematic, liquid, landau, crystal, skyrmion",15
math,2016,98,"conditional, learning, samples, distribution, sample",1
math,2016,99,"characters, defect, groups, character, blocks",10
math,2016,100,"spectra, equivariant, homotopy, motivic, theory",9
math,2016,101,"continued, fractions, fraction, logarithms, numbers",9
math,2016,102,"tropical, tropicalization, curves, analytification, varieties",14
math,2016,103,"functions, univalent, harmonic, subharmonic, mathcal",14
math,2016,104,"nonexpansive, splitting, monotone, forward, backward",12
math,2016,105,"reaction, networks, chemical, qss, cdc20",13
math,2016,106,"games, mean, players, field, game",4
math,2016,107,"population, coalescent, seed, fitness, individuals",12
math,2016,108,"teichm, ller, geodesics, hyperbolic, metric",11
math,2016,109,"tilings, delone, domino, tiling, rectangles",8
math,2016,110,"phylogenetic, tree, trees, gene, csd",11
math,2016,111,"wave, semilinear, blow, up, 3wri",6
math,2016,112,"ssp, methods, integrators, kutta, runge",14
math,2016,113,"recovery, sensing, ell, sparse, compressed",13
math,2016,114,"control, stochastic, optimal, switching, backward",13
math,2016,115,"body, problem, collinear, masses, kepler",11
math,2016,116,"functions, bessel, hypergeometric, integrals, expansions",15
math,2016,117,"curvature, yamabe, scalar, riemannian, manifold",7
math,2016,118,"homogenization, corrector, scale, nabla, periodic",15
math,2016,119,"symmetries, equation, equations, riccati, lie",10
math,2016,120,"intersecting, families, binom, khachatrian, ahlswede",12
math,2016,121,"consensus, agent, leader, agents, network",10
math,2016,122,"interpolation, spline, splines, chebyshev, chebyshevian",8
math,2016,123,"hadamard, matrices, taq, matrix, condensation",6
math,2016,124,"waves, water, boussinesq, capillary, gravity",9
math,2016,125,"opinion, dynamics, evolutionary, cooperation, adopters",6
math,2016,126,"mhd, resistive, magnetohydrodynamics, magnetohydrodynamic, equations",7
math,2016,127,"bf, hyperdoctrine, lm, executions, category",3
math,2016,128,"mapping, group, class, handlebody, surface",8
math,2016,129,"fractional, calculus, caputo, noether, variations",16
math,2016,130,"mathfrak, modules, virasoro, lie, csv",6
math,2016,131,"mills, instantons, yang, 2g, monopoles",15
math,2016,132,"observability, controllability, heat, equation, boundary",3
math,2016,133,"hamiltonian, blender, symmetries, noether, nonholonomic",4
math,2016,134,"fractional, numerical, method, order, scheme",16
math,2016,135,"vlasov, kinetic, conservation, numerical, scheme",9
math,2016,136,"gauging, tqfts, gapped, quantum, topological",6
math,2016,137,"hochschild, algebras, infty, homology, inftya",9
math,2016,138,"noncommutative, algebra, quantum, geometry, mathcal",7
math,2016,139,"schur, quasisymmetric, macdonald, polynomials, immaculate",5
math,2016,140,"cahn, hilliard, varepsilon, film, phase",7
math,2016,141,"index, equivariant, dirac, kalau, walze",8
math,2016,142,"motives, eff, motive, motivic, nori",8
math,2016,143,"hamilton, jacobi, homogenization, viscosity, hamiltonians",5
math,2016,144,"bethe, quantum, gl, gaudin, knizhnik",5
math,2016,145,"foliations, lnp, codimension, foliated, foliation",6
math,2016,146,"painlev, qq, vi, pad, equations",11
math,2016,147,"porous, flow, fracture, poroelasticity, darcy",11
math,2016,148,"automata, automaton, cellular, ca, alphabet",10
math,2016,149,"schr, dinger, estimates, dispersive, strichartz",7
math,2017,0,"graphs, graph, gg, vertices, vertex",364
math,2017,1,"operators, spaces, hardy, mathbb, operator",183
math,2017,2,"regression, estimator, estimators, estimation, data",114
math,2017,3,"knots, knot, link, homology, links",106
math,2017,4,"groups, group, subgroups, gg, subgroup",97
math,2017,5,"control, systems, controller, system, koopman",87
math,2017,6,"algebras, algebra, mathcal, unital, aa",72
math,2017,7,"ring, rings, ideals, ideal, rr",101
math,2017,8,"solutions, quad, elliptic, nabla, regularity",96
math,2017,9,"fano, surfaces, moduli, k3, curves",87
math,2017,10,"stokes, navier, equations, euler, solutions",92
math,2017,11,"ricci, hler, metrics, einstein, metric",86
math,2017,12,"entropy, maps, hyperbolic, topological, lyapunov",102
math,2017,13,"equation, dinger, schr, solutions, nonlinear",67
math,2017,14,"optimization, programs, problems, integer, programming",60
math,2017,15,"operators, spectrum, dinger, schr, operator",64
math,2017,16,"quantum, entanglement, states, state, varepsilon",52
math,2017,17,"permutations, words, word, permutation, pattern",53
math,2017,18,"stochastic, differential, equations, driven, solution",56
math,2017,19,"element, mesh, galerkin, discontinuous, methods",55
math,2017,20,"surfaces, curvature, minimal, hypersurfaces, surface",55
math,2017,21,"random, variables, distribution, stein, distributions",42
math,2017,22,"matrix, rank, algorithm, tensor, low",50
math,2017,23,"banach, spaces, space, convex, infty",47
math,2017,24,"gradient, convex, optimization, convergence, descent",40
math,2017,25,"forms, modular, hecke, cusp, eisenstein",34
math,2017,26,"traffic, charging, vehicles, vehicle, model",49
math,2017,27,"cluster, tilting, categories, algebras, category",38
math,2017,28,"codes, code, pg, designs, reed",42
math,2017,29,"matrices, ensembles, random, matrix, gaussian",49
math,2017,30,"eigenvalue, eigenfunctions, eigenvalues, laplacian, neumann",41
math,2017,31,"diffusion, predator, prey, species, reaction",43
math,2017,32,"power, storage, market, voltage, electricity",56
math,2017,33,"categories, operads, category, operad, globular",28
math,2017,34,"curves, elliptic, curve, over, hyperelliptic",24
math,2017,35,"hedging, market, risk, price, optimal",41
math,2017,36,"scattering, inverse, imaging, wave, incident",48
math,2017,37,"neural, pdes, pde, cod, physics",19
math,2017,38,"periodic, bifurcation, hamiltonian, systems, delay",26
math,2017,39,"spacetimes, mass, einstein, black, spacetime",24
math,2017,40,"lie, algebras, mathfrak, rota, baxter",28
math,2017,41,"left, right, inequalities, frac, inequality",36
math,2017,42,"domains, holomorphic, mappings, cr, mathbb",24
math,2017,43,"symplectic, lagrangian, contact, floer, hamiltonian",24
math,2017,44,"calabi, yau, witten, invariants, mirror",31
math,2017,45,"processes, brownian, process, motion, fractional",23
math,2017,46,"queue, service, server, servers, queueing",28
math,2017,47,"fractal, self, hausdorff, dimension, fractals",17
math,2017,48,"ramanujan, identities, overpartitions, partitions, series",26
math,2017,49,"percolation, sle, critical, passage, avoiding",21
math,2017,50,"minkowski, bodies, convex, brunn, body",27
math,2017,51,"numbers, stirling, fibonacci, polynomials, lucas",26
math,2017,52,"image, retrieval, regularization, phase, denoising",25
math,2017,53,"monoids, semigroups, semigroup, monoid, langle",31
math,2017,54,"epidemic, infected, infection, disease, susceptible",21
math,2017,55,"poisson, lie, ca, groupoid, algebroid",20
math,2017,56,"change, series, time, estimator, processes",24
math,2017,57,"zeta, riemann, values, zeros, multiple",23
math,2017,58,"logic, intuitionistic, hyperproperties, nonstandard, logics",13
math,2017,59,"prime, primes, right, left, numbers",26
math,2017,60,"frames, frame, gabor, parseval, wavelets",21
math,2017,61,"hopf, categories, category, fusion, algebras",18
math,2017,62,"game, games, chocolate, cop, pebbling",17
math,2017,63,"packings, triangle, points, packing, mathbb",23
math,2017,64,"polynomials, orthogonal, jacobi, mehler, bochner",13
math,2017,65,"random, trees, graphs, graph, attachment",33
math,2017,66,"schemes, scheme, flux, entropy, weno",23
math,2017,67,"polytopes, polytope, ehrhart, lattice, associahedra",21
math,2017,68,"ising, temperature, gibbs, spin, model",23
math,2017,69,"hecke, crystal, rc, infty, algebras",10
math,2017,70,"walk, random, walks, environment, galton",20
math,2017,71,"distributed, communication, optimization, decentralized, consensus",16
math,2017,72,"group, polish, groups, amenable, topological",16
math,2017,73,"spaces, space, subbase, pseudocompact, metrizable",16
math,2017,74,"clustering, community, graph, spectral, detection",15
math,2017,75,"boltzmann, vlasov, equation, solutions, maxwellian",19
math,2017,76,"helmholtz, boundary, impedance, method, numerical",10
math,2017,77,"monge, amp, re, hessian, harmonic",19
math,2017,78,"forcing, cardinals, cardinal, aleph, imp",19
math,2017,79,"persistent, persistence, rips, vietoris, homology",15
math,2017,80,"curvature, flow, mean, flows, hypersurfaces",14
math,2017,81,"monte, carlo, langevin, sampling, multilevel",14
math,2017,82,"neural, net, codebook, networks, compression",3
math,2017,83,"gl, representations, langlands, local, supercuspidal",16
math,2017,84,"mathematics, mathematical, students, education, research",17
math,2017,85,"aa, sets, subset, frac, sum",27
math,2017,86,"network, synchronization, networks, oscillators, feed",17
math,2017,87,"elastic, energy, fracture, elasticity, continuum",15
math,2017,88,"vertex, algebra, cri, algebras, mathfrak",13
math,2017,89,"transport, optimal, barycenter, wasserstein, marginal",13
math,2017,90,"chemotaxis, segel, keller, nabla, system",23
math,2017,91,"exclusion, vphantom, kpz, particle, process",16
math,2017,92,"julia, maps, fatou, sets, set",21
math,2017,93,"schubert, hessenberg, varieties, flag, variety",12
math,2017,94,"player, games, game, nash, equilibrium",9
math,2017,95,"fields, quadratic, imaginary, galois, number",19
math,2017,96,"branching, processes, process, superprocesses, survival",11
math,2017,97,"liquid, landau, nematic, energy, ginzburg",21
math,2017,98,"policy, decision, mdp, discounted, reward",6
math,2017,99,"characters, character, supercharacter, brauer, groups",11
math,2017,100,"motivic, spectra, homotopy, langle8, spectrum",15
math,2017,101,"continued, fractions, fraction, diophantine, serret",10
math,2017,102,"tropical, curves, tropicalization, geometry, mathscr",18
math,2017,103,"univalent, mathtt, functions, starlike, harmonic",14
math,2017,104,"variational, monotone, convergence, rachford, douglas",15
math,2017,105,"reaction, networks, network, chemical, systems",15
math,2017,106,"games, mean, field, game, players",12
math,2017,107,"population, coalescent, coalescents, evolutionary, selection",9
math,2017,108,"teichm, ller, geodesics, hyperbolic, surfaces",14
math,2017,109,"tilings, 4m, tiles, tiling, times",9
math,2017,110,"phylogenetic, trees, tree, networks, genome",14
math,2017,111,"wave, blow, initial, semilinear, equation",12
math,2017,112,"kutta, runge, methods, integrators, patankar",16
math,2017,113,"ell, sparse, sensing, recovery, signal",12
math,2017,114,"control, stochastic, optimal, backward, bellman",13
math,2017,115,"tidal, body, orbital, masses, energy",10
math,2017,116,"hypergeometric, integrals, expansions, functions, left",14
math,2017,117,"curvature, scalar, manifolds, yamabe, conformal",13
math,2017,118,"homogenization, varepsilon, estimates, elliptic, scale",12
math,2017,119,"symmetries, lie, differential, equations, symmetry",11
math,2017,120,"intersecting, mathcal, families, family, la",15
math,2017,121,"consensus, agent, leader, agents, control",13
math,2017,122,"splines, approximation, interpolation, quadrature, spline",11
math,2017,123,"matrices, butson, hadamard, 4v4v, permanental",10
math,2017,124,"waves, water, solitary, boussinesq, wave",12
math,2017,125,"opinion, opinions, social, dynamics, game",11
math,2017,126,"mhd, magnetic, magnetohydrodynamic, incompressible, vacuum",12
math,2017,127,"monad, category, monads, adj, univalent",9
math,2017,128,"mapping, group, mod, surface, class",13
math,2017,129,"fractional, derivative, caputo, differential, calculus",13
math,2017,130,"mathfrak, modules, weight, lie, algebras",3
math,2017,131,"mills, yang, instantons, kapustin, witten",10
math,2017,132,"controllability, observability, null, control, memory",9
math,2017,133,"hamiltonian, hamilton, jacobi, reduced, regular",3
math,2017,134,"fractional, method, numerical, scheme, diffusion",18
math,2017,135,"vlasov, maxwell, kinetic, scheme, nitsche",6
math,2017,136,"tqfts, topological, symmetry, quantum, tqft",7
math,2017,137,"hochschild, cohomology, algebra, algebras, infinity",8
math,2017,138,"noncommutative, quantum, calculus, differential, geometry",9
math,2017,139,"schur, macdonald, polynomials, cylindric, functions",9
math,2017,140,"hilliard, cahn, phase, bf, existence",8
math,2017,141,"index, dirac, ltlt, equivariant, operators",11
math,2017,142,"motives, motivic, ayoub, motive, functor",5
math,2017,143,"hamilton, jacobi, viscosity, equations, hamiltonian",12
math,2017,144,"bethe, integrable, spin, quantum, chains",5
math,2017,145,"foliations, foliation, leaves, holomorphic, singular",10
math,2017,146,"painlev, equation, connection, fifth, equations",4
math,2017,147,"fracture, porous, media, fractures, fractured",12
math,2017,148,"automata, cellular, ca, automaton, sia",6
math,2017,149,"strichartz, dinger, schr, estimates, equation",6
math,2018,0,"graphs, graph, gg, vertices, vertex",389
math,2018,1,"operators, spaces, hardy, mathbb, operator",204
math,2018,2,"regression, estimator, estimators, estimation, sample",139
math,2018,3,"knot, knots, links, homology, link",97
math,2018,4,"groups, group, subgroups, gg, finite",108
math,2018,5,"control, systems, system, controller, nonlinear",87
math,2018,6,"algebras, algebra, mathcal, unital, von",102
math,2018,7,"ring, ideals, ideal, rings, rr",88
math,2018,8,"solutions, elliptic, equation, partial, begin",115
math,2018,9,"moduli, surfaces, k3, nef, projective",65
math,2018,10,"navier, stokes, equations, euler, solutions",79
math,2018,11,"ricci, metrics, einstein, curvature, hler",77
math,2018,12,"entropy, maps, hyperbolic, diffeomorphisms, topological",89
math,2018,13,"equation, dinger, schr, nonlinear, solutions",86
math,2018,14,"optimization, programming, problems, semidefinite, programs",75
math,2018,15,"operators, spectrum, dinger, schr, operator",56
math,2018,16,"quantum, states, varepsilon, state, qubit",64
math,2018,17,"permutations, words, pattern, word, permutation",66
math,2018,18,"stochastic, differential, equations, sdes, solution",55
math,2018,19,"element, method, mesh, meshes, galerkin",77
math,2018,20,"surfaces, curvature, minimal, hypersurfaces, mathbb",40
math,2018,21,"distribution, random, variables, distributions, stein",45
math,2018,22,"matrix, algorithm, tensor, algorithms, rank",43
math,2018,23,"banach, spaces, space, ell, property",58
math,2018,24,"gradient, convex, optimization, convergence, stochastic",56
math,2018,25,"forms, modular, hecke, cusp, maass",53
math,2018,26,"traffic, vehicles, vehicle, charging, model",43
math,2018,27,"cluster, tilting, algebras, auslander, categories",42
math,2018,28,"codes, code, designs, distance, mds",48
math,2018,29,"matrices, random, entries, matrix, dpps",33
math,2018,30,"eigenvalue, laplacian, eigenvalues, steklov, neumann",45
math,2018,31,"diffusion, reaction, kpp, fronts, population",38
math,2018,32,"power, control, voltage, energy, renewable",66
math,2018,33,"categories, category, mathcal, infty, operads",32
math,2018,34,"curves, elliptic, curve, over, mathbb",20
math,2018,35,"price, volatility, risk, market, pricing",38
math,2018,36,"scattering, inverse, wave, problem, imaging",58
math,2018,37,"neural, reduced, deep, pdes, dnn",19
math,2018,38,"periodic, hamiltonian, systems, bifurcation, delay",26
math,2018,39,"spacetime, einstein, spacetimes, mass, vacuum",32
math,2018,40,"lie, algebras, mathfrak, leibniz, algebra",22
math,2018,41,"inequalities, inequality, right, left, ber",31
math,2018,42,"domains, holomorphic, hartogs, domain, mappings",31
math,2018,43,"symplectic, contact, lagrangian, manifolds, hamiltonian",18
math,2018,44,"witten, invariants, calabi, yau, gromov",39
math,2018,45,"brownian, processes, motion, fractional, process",39
math,2018,46,"queue, service, servers, queueing, server",20
math,2018,47,"dimension, fractal, self, similar, hausdorff",22
math,2018,48,"ramanujan, identities, partitions, overline, series",35
math,2018,49,"percolation, sle, passage, lpp, lqg",26
math,2018,50,"minkowski, bodies, convex, body, brunn",30
math,2018,51,"numbers, fibonacci, stirling, bernoulli, polynomials",40
math,2018,52,"image, regularization, reconstruction, imaging, retrieval",43
math,2018,53,"semigroups, monoids, monoid, semigroup, subsemigroups",24
math,2018,54,"epidemic, infection, infected, disease, model",22
math,2018,55,"lie, poisson, algebroids, algebroid, symplectic",19
math,2018,56,"series, time, processes, process, change",19
math,2018,57,"zeta, riemann, values, multiple, function",14
math,2018,58,"logic, logics, modal, semantics, intuitionistic",29
math,2018,59,"primes, prime, log, numbers, le",26
math,2018,60,"frames, frame, gabor, wavelet, wavelets",30
math,2018,61,"hopf, categories, algebras, braided, monoidal",15
math,2018,62,"game, player, games, maker, number",30
math,2018,63,"packings, points, packing, frac, eso",26
math,2018,64,"polynomials, orthogonal, qq, jacobi, orthogonality",19
math,2018,65,"random, attachment, preferential, trees, degree",24
math,2018,66,"scheme, schemes, entropy, weno, order",26
math,2018,67,"polytopes, ehrhart, polytope, lattice, simplices",23
math,2018,68,"spin, ising, gibbs, model, temperature",16
math,2018,69,"underline, sstd, queer, lusztig, kazhdan",9
math,2018,70,"walk, random, walks, environment, rotor",19
math,2018,71,"distributed, communication, optimization, algorithm, agents",30
math,2018,72,"group, groups, topological, polish, amenable",18
math,2018,73,"space, iqn, spaces, xx, iwqn",25
math,2018,74,"clustering, community, block, graph, spectral",14
math,2018,75,"boltzmann, vlasov, collision, relativistic, equation",21
math,2018,76,"helmholtz, scattering, wave, method, boundary",21
math,2018,77,"monge, amp, re, estimates, equation",18
math,2018,78,"aleph, cardinals, cardinal, forcing, mathrm",29
math,2018,79,"persistent, persistence, homology, rips, vietoris",23
math,2018,80,"flow, curvature, translating, mean, solitons",22
math,2018,81,"langevin, sampling, monte, carlo, tempering",13
math,2018,82,"networks, neural, deep, network, relu",14
math,2018,83,"gl, langlands, representations, local, mathrm",24
math,2018,84,"mathematics, students, revolutions, classroom, teaching",11
math,2018,85,"sum, aa, sets, additive, mathbb",12
math,2018,86,"oscillators, neurons, oscillator, synchronization, kuramoto",15
math,2018,87,"fracture, elasticity, energy, elastic, crack",22
math,2018,88,"vertex, mathfrak, algebra, modules, algebras",16
math,2018,89,"transport, optimal, transports, cost, entropic",19
math,2018,90,"nabla, segel, keller, chemotaxis, cdot",17
math,2018,91,"exclusion, particles, process, kpz, particle",23
math,2018,92,"julia, maps, alternated, entire, sets",10
math,2018,93,"schubert, flag, varieties, variety, cohomology",17
math,2018,94,"games, nash, game, equilibrium, players",17
math,2018,95,"fields, number, galois, quadratic, class",18
math,2018,96,"branching, process, infty, random, walk",19
math,2018,97,"landau, ginzburg, nematic, liquid, cgl",14
math,2018,98,"decision, heuristics, policy, reward, policies",3
math,2018,99,"defect, character, block, groups, blocks",15
math,2018,100,"tmf, spectra, motivic, homotopy, equivariant",15
math,2018,101,"continued, fractions, fraction, irrationality, numbers",15
math,2018,102,"tropical, curves, tropicalization, geometry, moduli",11
math,2018,103,"functions, subharmonic, univalent, disk, unit",17
math,2018,104,"nonexpansive, monotone, splitting, operators, convergence",15
math,2018,105,"reaction, leaping, chemical, networks, network",17
math,2018,106,"games, mean, field, game, mfg",18
math,2018,107,"coalescent, population, species, selection, kingman",14
math,2018,108,"teichm, ller, petersson, progressions, el",9
math,2018,109,"tilings, tiling, tile, tiles, hexagons",13
math,2018,110,"phylogenetic, trees, tree, cophenetic, fitch",10
math,2018,111,"wave, semilinear, damping, equations, global",13
math,2018,112,"integrators, kutta, runge, methods, parareal",11
math,2018,113,"recovery, sparse, signal, sensing, ell",11
math,2018,114,"control, stochastic, optimal, backward, principle",11
math,2018,115,"body, om, masses, problem, configurations",10
math,2018,116,"hypergeometric, ln, integrals, int, dx",18
math,2018,117,"curvature, scalar, yamabe, metrics, ric",13
math,2018,118,"homogenization, corrector, varepsilon, periodic, homogenized",13
math,2018,119,"symmetries, lie, plesset, equations, clairin",5
math,2018,120,"mathcal, intersecting, families, binom, tt",7
math,2018,121,"consensus, agents, agent, leader, control",17
math,2018,122,"quadrature, splines, subdivision, spline, mellin",10
math,2018,123,"matrices, permanent, mathbf, matrix, hadamard",23
math,2018,124,"water, waves, boussinesq, gravity, wave",13
math,2018,125,"opinion, dynamics, evolutionary, agents, cooperators",14
math,2018,126,"mhd, magnetic, magnetohydrodynamics, incompressible, resistive",10
math,2018,127,"types, univalent, categories, kampen, theory",8
math,2018,128,"mapping, mod, genus, group, class",7
math,2018,129,"fractional, caputo, differential, hilfer, derivatives",16
math,2018,130,"mathfrak, modules, bbbk, superalgebras, verma",6
math,2018,131,"mills, yang, instantons, calorons, nahm",8
math,2018,132,"controllability, observability, control, equation, null",13
math,2018,133,"systems, semitoric, integrable, lagrangian, mechanics",10
math,2018,134,"fractional, numerical, method, fast, scheme",19
math,2018,135,"kinetic, vlasov, particle, boltzmann, method",14
math,2018,136,"anyons, defects, topological, theories, quantum",5
math,2018,137,"hochschild, algebras, cohomology, algebra, dg",10
math,2018,138,"noncommutative, spheres, riemannian, quantizations, quantum",5
math,2018,139,"schur, macdonald, llt, polynomials, basement",9
math,2018,140,"hilliard, cahn, equation, system, boundary",12
math,2018,141,"index, callias, operators, dirac, operator",8
math,2018,142,"motives, motivic, motive, pic, equivariant",12
math,2018,143,"hamilton, jacobi, viscosity, hamiltonians, equations",10
math,2018,144,"bethe, widehat, ansatz, mathfrak, opers",4
math,2018,145,"foliation, foliations, finsler, leaves, mathtt",7
math,2018,146,"painlev, heun, confluent, solutions, equation",8
math,2018,147,"porous, flow, media, darcy, fluid",14
math,2018,148,"automata, dfas, automaton, sds, cellular",6
math,2018,149,"strichartz, estimates, dinger, schr, smoothing",8
math,2019,0,"graphs, graph, gg, vertices, edge",416
math,2019,1,"operators, spaces, hardy, mathbb, operator",183
math,2019,2,"regression, estimator, estimators, estimation, likelihood",143
math,2019,3,"knots, knot, links, homology, link",90
math,2019,4,"groups, group, subgroups, subgroup, gg",107
math,2019,5,"control, systems, controller, system, state",115
math,2019,6,"algebras, algebra, mathcal, cuntz, leavitt",75
math,2019,7,"ideals, ideal, ring, rings, rr",105
math,2019,8,"solutions, elliptic, regularity, boundary, equation",128
math,2019,9,"surfaces, fano, curves, moduli, surface",73
math,2019,10,"navier, stokes, equations, solutions, euler",110
math,2019,11,"ricci, metrics, hler, curvature, metric",75
math,2019,12,"entropy, maps, topological, shadowing, mixing",77
math,2019,13,"equation, dinger, schr, solutions, nonlinear",96
math,2019,14,"optimization, problems, objective, programming, problem",73
math,2019,15,"spectral, operators, spectrum, eigenvalues, operator",54
math,2019,16,"quantum, qubit, states, classical, state",41
math,2019,17,"permutations, words, word, patterns, permutation",64
math,2019,18,"stochastic, equations, differential, noise, driven",56
math,2019,19,"element, method, error, mesh, galerkin",73
math,2019,20,"surfaces, minimal, curvature, willmore, surface",57
math,2019,21,"distribution, copulas, random, distributions, extreme",69
math,2019,22,"matrix, low, rank, tensor, matrices",44
math,2019,23,"banach, spaces, space, property, operators",53
math,2019,24,"gradient, convex, optimization, convergence, methods",80
math,2019,25,"forms, modular, hecke, cusp, ll",49
math,2019,26,"traffic, vehicles, vehicle, demand, problem",64
math,2019,27,"cluster, tilting, category, algebras, categories",51
math,2019,28,"codes, code, designs, ryser, latin",51
math,2019,29,"matrices, random, matrix, ensembles, wigner",42
math,2019,30,"eigenvalue, laplacian, eigenvalues, dirichlet, riemannian",39
math,2019,31,"diffusion, reaction, prey, population, predator",59
math,2019,32,"power, energy, voltage, market, generation",78
math,2019,33,"category, categories, infty, mathcal, monoidal",35
math,2019,34,"curves, elliptic, over, curve, abelian",25
math,2019,35,"risk, price, optimal, pricing, option",46
math,2019,36,"inverse, scattering, wave, conductivity, reconstruction",50
math,2019,37,"neural, pdes, pod, method, error",30
math,2019,38,"periodic, bifurcation, kam, bifurcations, systems",28
math,2019,39,"mass, spacetimes, spacetime, black, einstein",31
math,2019,40,"lie, algebras, mathfrak, algebra, nilpotent",38
math,2019,41,"inequalities, left, right, inequality, rm",24
math,2019,42,"domains, mathbb, holomorphic, mappings, big",22
math,2019,43,"symplectic, contact, hamiltonian, reeb, lagrangian",26
math,2019,44,"calabi, yau, witten, invariants, gromov",28
math,2019,45,"brownian, processes, process, vy, motion",26
math,2019,46,"service, queue, server, queues, arrival",25
math,2019,47,"fractal, dimension, self, hausdorff, sets",34
math,2019,48,"ramanujan, identities, series, partitions, partition",33
math,2019,49,"percolation, sle, loewner, passage, critical",35
math,2019,50,"minkowski, convex, bodies, body, brunn",27
math,2019,51,"numbers, fibonacci, identities, polynomials, lucas",31
math,2019,52,"regularization, image, reconstruction, retrieval, phase",38
math,2019,53,"semigroups, semigroup, monoids, monoid, ss",29
math,2019,54,"epidemic, infected, disease, hiv, model",17
math,2019,55,"lie, poisson, algebroid, quantization, mathsans",24
math,2019,56,"change, series, time, autoregressive, estimator",31
math,2019,57,"zeta, riemann, zeros, hypothesis, function",24
math,2019,58,"logic, logics, modal, semantics, intuitionistic",34
math,2019,59,"primes, prime, twin, numbers, log",27
math,2019,60,"frames, frame, gabor, transform, uncertainty",35
math,2019,61,"hopf, categories, category, fusion, algebras",31
math,2019,62,"game, games, player, cop, nim",32
math,2019,63,"packings, crescent, points, triangle, packing",24
math,2019,64,"polynomials, orthogonal, zeros, hermite, jacobi",26
math,2019,65,"random, graph, networks, trees, diameter",11
math,2019,66,"scheme, weno, schemes, numerical, entropy",33
math,2019,67,"polytope, polytopes, ehrhart, lattice, polyhedra",20
math,2019,68,"ising, spin, temperature, model, gibbs",20
math,2019,69,"hecke, mathfrak, lusztig, affine, algebras",23
math,2019,70,"walk, random, walks, environment, conditioned",28
math,2019,71,"distributed, communication, optimization, decentralized, algorithms",28
math,2019,72,"group, paratopological, groups, topology, topological",20
math,2019,73,"spaces, varkappa, mathbf, metrizable, space",21
math,2019,74,"clustering, detection, community, spectral, graph",23
math,2019,75,"boltzmann, vlasov, equation, landau, collision",12
math,2019,76,"helmholtz, wave, scattering, method, boundary",32
math,2019,77,"monge, amp, re, hessian, harmonic",18
math,2019,78,"forcing, cardinal, aleph, cardinals, kappa",24
math,2019,79,"persistent, persistence, homology, topological, data",25
math,2019,80,"flow, curvature, mean, ancient, translating",11
math,2019,81,"langevin, sampling, monte, carlo, mcmc",19
math,2019,82,"neural, networks, deep, training, network",23
math,2019,83,"gl, automorphic, langlands, representations, local",16
math,2019,84,"mathematics, mathematical, students, labor, emotional",19
math,2019,85,"mathbb, subset, aa, sidon, gg",25
math,2019,86,"synchronization, oscillators, kuramoto, networks, coupled",15
math,2019,87,"elastic, materials, elasticity, energy, strain",20
math,2019,88,"vertex, mathfrak, algebras, algebra, modules",21
math,2019,89,"transport, optimal, wasserstein, kantorovich, entropic",17
math,2019,90,"nabla, chemotaxis, segel, keller, tumor",18
math,2019,91,"exclusion, particle, particles, tasep, process",16
math,2019,92,"julia, maps, cal, fatou, set",14
math,2019,93,"schubert, varieties, flag, variety, cohomology",10
math,2019,94,"games, nash, game, equilibrium, equilibria",17
math,2019,95,"fields, quadratic, number, extensions, class",16
math,2019,96,"branching, immigration, processes, random, process",18
math,2019,97,"landau, nematic, liquid, gennes, energy",17
math,2019,98,"policy, decision, reinforcement, learning, critic",13
math,2019,99,"characters, defect, blocks, groups, pp",15
math,2019,100,"hg, motivic, homotopy, morava, theory",11
math,2019,101,"cfrac, continued, fractions, fraction, sqrt",11
math,2019,102,"tropical, curves, tropicalization, trop, toric",11
math,2019,103,"functions, subharmonic, univalent, starlike, analytic",21
math,2019,104,"splitting, monotone, mappings, nonexpansive, algorithm",17
math,2019,105,"reaction, networks, chemical, systems, network",20
math,2019,106,"mean, games, equilibria, game, field",8
math,2019,107,"population, fitness, mutation, ancestral, coalescent",12
math,2019,108,"teichm, ller, surfaces, geodesics, geodesic",12
math,2019,109,"tilings, tiling, tiles, tile, hexagons",21
math,2019,110,"phylogenetic, tree, trees, networks, gene",17
math,2019,111,"wave, semilinear, blow, damped, damping",19
math,2019,112,"methods, kutta, runge, implicit, integrators",18
math,2019,113,"recovery, sparse, ell, signal, thresholding",18
math,2019,114,"control, stochastic, optimal, horizon, mean",9
math,2019,115,"body, masses, dust, problem, relative",11
math,2019,116,"hypergeometric, integrals, functions, fox, bessel",15
math,2019,117,"curvature, scalar, metrics, yamabe, manifolds",7
math,2019,118,"homogenization, varepsilon, scale, periodic, homogenized",17
math,2019,119,"symmetries, equations, lie, equation, symmetry",13
math,2019,120,"mathcal, intersecting, families, binom, family",13
math,2019,121,"consensus, agent, agents, multi, gossip",13
math,2019,122,"splines, spline, quadrature, interpolation, approximation",17
math,2019,123,"hadamard, matrices, cup, matrix, circulant",11
math,2019,124,"waves, water, boussinesq, gravity, solitary",8
math,2019,125,"opinion, social, influence, dynamics, game",14
math,2019,126,"mhd, magnetic, helicity, magnetohydrodynamics, vacuum",16
math,2019,127,"csqf, monad, category, semantics, mathbf",12
math,2019,128,"mapping, te, mod, class, torelli",9
math,2019,129,"fractional, caputo, calculus, derivative, derivatives",20
math,2019,130,"modules, mathfrak, mfrak, virasoro, lie",14
math,2019,131,"mills, yang, instantons, monopoles, kapustin",8
math,2019,132,"controllability, control, equation, null, observability",14
math,2019,133,"integrable, kovalevskaya, hamiltonian, semitoric, systems",7
math,2019,134,"fractional, numerical, method, diffusion, scheme",15
math,2019,135,"kinetic, vlasov, maxwell, boltzmann, collision",7
math,2019,136,"topological, quantum, tqft, anomalies, gapped",8
math,2019,137,"hochschild, dg, mathsf, algebra, cohomology",10
math,2019,138,"noncommutative, quantum, fodc, bullet, hom",7
math,2019,139,"schur, functions, cylindric, macdonald, symmetric",7
math,2019,140,"cahn, hilliard, system, film, phase",8
math,2019,141,"index, dirac, genera, elliptic, pseudodifferential",7
math,2019,142,"motives, motivic, eff, voevodsky, gm",10
math,2019,143,"hamilton, jacobi, equations, viscosity, hamiltonians",10
math,2019,144,"gaudin, dihedral, hamiltonians, integrable, ultralocal",3
math,2019,145,"foliations, foliation, foliated, leaves, cal",7
math,2019,146,"heun, painlev, biconfluent, bhe, segur",6
math,2019,147,"porous, flow, darcy, fracture, pressure",12
math,2019,148,"automata, ca, cellular, vn, automaton",8
math,2019,149,"strichartz, dinger, schr, estimates, potentials",10
math,2020,0,"graphs, graph, gg, vertices, vertex",431
math,2020,1,"operators, spaces, hardy, mathbb, operator",197
math,2020,2,"regression, estimator, estimators, estimation, data",164
math,2020,3,"knot, knots, links, link, homology",129
math,2020,4,"groups, group, subgroups, gg, subgroup",101
math,2020,5,"control, systems, controller, system, state",173
math,2020,6,"algebras, algebra, mathcal, von, unital",89
math,2020,7,"ideals, ring, ideal, rr, rings",74
math,2020,8,"solutions, elliptic, partial, nabla, quad",125
math,2020,9,"moduli, surfaces, k3, curves, fano",95
math,2020,10,"navier, stokes, solutions, equations, compressible",111
math,2020,11,"ricci, metrics, einstein, hler, curvature",84
math,2020,12,"entropy, anosov, hyperbolic, topological, maps",84
math,2020,13,"equation, dinger, schr, solutions, nonlinear",81
math,2020,14,"optimization, programming, problems, programs, convex",89
math,2020,15,"spectrum, dinger, schr, operators, operator",70
math,2020,16,"quantum, state, states, entanglement, classical",56
math,2020,17,"permutations, words, permutation, pattern, word",73
math,2020,18,"stochastic, equations, differential, driven, drift",59
math,2020,19,"element, mesh, error, method, galerkin",86
math,2020,20,"surfaces, minimal, curvature, surface, willmore",40
math,2020,21,"distribution, random, variables, distributions, statistics",57
math,2020,22,"matrix, tensor, matrices, rank, algorithm",80
math,2020,23,"banach, spaces, ell, space, infty",58
math,2020,24,"gradient, optimization, convex, stochastic, convergence",78
math,2020,25,"forms, modular, ll, hecke, weight",58
math,2020,26,"traffic, vehicles, vehicle, demand, problem",81
math,2020,27,"categories, tilting, cluster, category, mathcal",58
math,2020,28,"codes, code, designs, distance, decoding",52
math,2020,29,"matrices, random, matrix, determinantal, ensembles",49
math,2020,30,"eigenvalues, eigenvalue, laplacian, eigenfunctions, steklov",44
math,2020,31,"diffusion, reaction, prey, predator, species",54
math,2020,32,"power, voltage, energy, electricity, grid",78
math,2020,33,"categories, category, infty, operads, functors",53
math,2020,34,"curves, elliptic, hyperelliptic, curve, genus",39
math,2020,35,"risk, market, portfolio, dividend, price",33
math,2020,36,"scattering, inverse, wave, transmission, boundary",57
math,2020,37,"neural, deep, learning, physics, pdes",37
math,2020,38,"periodic, systems, kam, cycles, delay",54
math,2020,39,"spacetimes, spacetime, sitter, einstein, black",34
math,2020,40,"lie, algebras, hom, leibniz, baxter",36
math,2020,41,"inequalities, inequality, left, right, big",49
math,2020,42,"domains, holomorphic, mappings, cr, oka",37
math,2020,43,"symplectic, contact, manifolds, reeb, fillings",27
math,2020,44,"witten, mirror, invariants, calabi, gromov",21
math,2020,45,"brownian, motion, processes, process, fractional",28
math,2020,46,"queue, service, server, queues, queueing",49
math,2020,47,"fractal, fractals, dimension, self, hausdorff",31
math,2020,48,"ramanujan, partitions, identities, series, andrews",35
math,2020,49,"percolation, sle, passage, lqg, critical",30
math,2020,50,"bodies, convex, body, volume, minkowski",22
math,2020,51,"numbers, fibonacci, polynomials, stirling, lucas",30
math,2020,52,"image, reconstruction, regularization, retrieval, tomography",58
math,2020,53,"monoids, semigroups, semigroup, monoid, puiseux",27
math,2020,54,"epidemic, covid, infected, model, sir",68
math,2020,55,"algebroid, lie, vb, poisson, algebroids",20
math,2020,56,"change, test, series, time, detection",34
math,2020,57,"zeta, riemann, values, multiple, zeros",33
math,2020,58,"logic, logics, modal, semantics, couniform",24
math,2020,59,"primes, prime, log, frac, sum",25
math,2020,60,"frame, frames, wavelet, gabor, wavelets",24
math,2020,61,"hopf, categories, category, braided, algebras",36
math,2020,62,"game, players, winning, player, games",23
math,2020,63,"points, packing, triangle, apollonian, nn",24
math,2020,64,"polynomials, orthogonal, jacobi, hermite, laguerre",17
math,2020,65,"random, trees, graph, graphs, networks",25
math,2020,66,"scheme, flux, schemes, weno, order",36
math,2020,67,"polytopes, polytope, ehrhart, lattice, facet",19
math,2020,68,"ising, gibbs, spin, model, tap",20
math,2020,69,"mathfrak, crystals, hecke, affine, lusztig",15
math,2020,70,"walk, random, walks, environment, galton",22
math,2020,71,"distributed, communication, decentralized, optimization, gradient",39
math,2020,72,"group, groups, compact, actions, gg",19
math,2020,73,"countable, aleph, space, spaces, xx",23
math,2020,74,"clustering, graph, community, spectral, data",35
math,2020,75,"boltzmann, vlasov, relativistic, equation, cutoff",25
math,2020,76,"helmholtz, maxwell, wave, numerical, method",27
math,2020,77,"monge, amp, hessian, re, equation",21
math,2020,78,"aleph, cardinal, cardinals, forcing, indescribability",19
math,2020,79,"persistence, persistent, topological, rips, data",16
math,2020,80,"curvature, flow, mean, ancient, shrinkers",33
math,2020,81,"langevin, sampling, mcmc, monte, carlo",28
math,2020,82,"neural, networks, deep, activation, network",28
math,2020,83,"gl, representations, langlands, mathrm, jacquet",16
math,2020,84,"mathematics, students, day, mathematical, teaching",21
math,2020,85,"subset, aa, sets, mathbb, 2a",20
math,2020,86,"synchronization, phase, oscillators, kuramoto, neurons",28
math,2020,87,"elasticity, strain, elastic, crack, energy",22
math,2020,88,"vertex, algebra, algebras, mathfrak, modules",18
math,2020,89,"transport, optimal, wasserstein, transportation, sinkhorn",15
math,2020,90,"chemotaxis, segel, keller, nabla, model",20
math,2020,91,"particle, exclusion, particles, tasep, kpz",17
math,2020,92,"julia, maps, fatou, escaping, mandelbrot",18
math,2020,93,"schubert, varieties, flag, variety, hessenberg",22
math,2020,94,"games, nash, game, equilibrium, player",26
math,2020,95,"fields, ell, class, number, quadratic",24
math,2020,96,"branching, process, immigration, galton, watson",20
math,2020,97,"landau, liquid, nematic, ericksen, ginzburg",17
math,2020,98,"policy, decision, learning, reinforcement, mdps",22
math,2020,99,"blocks, alperin, character, defect, groups",11
math,2020,100,"motivic, homotopy, spectra, stable, spectrum",13
math,2020,101,"continued, fractions, fraction, irrational, numbers",14
math,2020,102,"tropical, tropicalization, curves, toric, geometry",21
math,2020,103,"univalent, subharmonic, functions, harmonic, prec",23
math,2020,104,"variational, monotone, convergence, mappings, inequalities",19
math,2020,105,"reaction, chemical, multistationarity, networks, kinetic",20
math,2020,106,"games, mean, game, field, player",17
math,2020,107,"population, coalescent, mutation, genetic, selection",15
math,2020,108,"geodesics, psl, geodesic, simeq, fuchsian",5
math,2020,109,"tilings, tiling, tile, tiles, perimeter",12
math,2020,110,"phylogenetic, tree, trees, networks, gene",17
math,2020,111,"wave, semilinear, blow, damping, equation",29
math,2020,112,"methods, kutta, runge, schemes, implicit",13
math,2020,113,"recovery, sparse, sensing, ell, compressed",15
math,2020,114,"control, stochastic, optimal, principle, problem",15
math,2020,115,"body, problem, masses, orbits, planar",13
math,2020,116,"integrals, hypergeometric, bessel, function, beta",14
math,2020,117,"curvature, scalar, yamabe, riemannian, metrics",15
math,2020,118,"homogenization, varepsilon, homogenized, corrector, coefficients",11
math,2020,119,"symmetries, equations, lie, differential, equation",14
math,2020,120,"mathcal, intersecting, families, leq, sperner",13
math,2020,121,"consensus, agent, agents, multi, control",15
math,2020,122,"splines, spline, quadrature, approximation, subdivision",14
math,2020,123,"matrices, hadamard, matrix, permanent, permanents",10
math,2020,124,"water, waves, boussinesq, vorticity, gravity",13
math,2020,125,"opinion, opinions, dynamics, agents, social",13
math,2020,126,"mhd, magnetohydrodynamic, magnetohydrodynamics, compressible, solutions",13
math,2020,127,"category, categories, monads, mathscr, comprehension",17
math,2020,128,"mapping, te, torelli, group, johnson",13
math,2020,129,"fractional, caputo, derivative, calculus, derivatives",16
math,2020,130,"mathfrak, modules, superalgebras, lie, pe",12
math,2020,131,"mills, yang, instantons, connections, hermitian",12
math,2020,132,"controllability, control, equation, null, boundary",12
math,2020,133,"hamiltonian, spray, lagrangian, stages, systems",4
math,2020,134,"fractional, numerical, subdiffusion, volterra, method",12
math,2020,135,"kinetic, ugkwp, vlasov, particle, boltzmann",13
math,2020,136,"topological, symmetry, gut, anomalies, anomaly",11
math,2020,137,"hochschild, pl, algebra, commutative, associative",4
math,2020,138,"noncommutative, quantum, geometry, spectral, triple",6
math,2020,139,"schur, hall, macdonald, tableaux, ninth",6
math,2020,140,"cahn, hilliard, phase, interface, equation",10
math,2020,141,"index, ltlt, dirac, operators, operatorname",7
math,2020,142,"motives, motivic, pink, tannakian, hodge",7
math,2020,143,"hamilton, jacobi, equations, viscosity, discount",9
math,2020,144,"baxter, gaudin, tq, quantum, spin",4
math,2020,145,"fa, foliations, foliation, iso, wh",5
math,2020,146,"painlev, isomonodromy, qq, sakai, jimbo",2
math,2020,147,"porous, fracture, fractures, media, flow",14
math,2020,148,"automata, automaton, cellular, word, ca",13
math,2020,149,"strichartz, dinger, schr, decaying, smoothing",2
math,2021,0,"graphs, graph, gg, vertices, vertex",459
math,2021,1,"operators, spaces, hardy, mathbb, weighted",169
math,2021,2,"regression, estimator, estimators, estimation, data",179
math,2021,3,"knots, knot, links, homology, link",124
math,2021,4,"groups, group, subgroups, gg, subgroup",115
math,2021,5,"control, systems, controller, system, state",151
math,2021,6,"algebras, algebra, mathcal, unital, leavitt",90
math,2021,7,"ideals, ideal, rings, ring, rr",91
math,2021,8,"solutions, elliptic, regularity, boundary, quad",124
math,2021,9,"surfaces, fano, k3, moduli, curves",87
math,2021,10,"navier, stokes, equations, compressible, solutions",116
math,2021,11,"ricci, metrics, einstein, hler, curvature",77
math,2021,12,"entropy, maps, diffeomorphisms, dynamical, hyperbolic",89
math,2021,13,"equation, dinger, schr, nonlinear, solutions",101
math,2021,14,"optimization, problems, programming, problem, convex",103
math,2021,15,"operators, spectral, dinger, eigenvalues, operator",55
math,2021,16,"quantum, state, states, qubit, qubo",67
math,2021,17,"permutations, words, word, left, right",58
math,2021,18,"stochastic, equations, differential, driven, noise",53
math,2021,19,"element, method, error, meshes, finite",87
math,2021,20,"surfaces, curvature, minimal, surface, mathbb",49
math,2021,21,"random, distribution, copulas, variables, distributions",57
math,2021,22,"tensor, matrix, rank, low, algorithms",78
math,2021,23,"banach, spaces, space, ell, mathcal",66
math,2021,24,"gradient, optimization, convergence, convex, methods",88
math,2021,25,"forms, modular, gl, hecke, ll",54
math,2021,26,"traffic, demand, vehicles, vehicle, charging",86
math,2021,27,"tilting, cluster, categories, category, triangulated",56
math,2021,28,"codes, code, designs, latin, distance",59
math,2021,29,"matrices, random, matrix, eigenvalue, ensembles",46
math,2021,30,"eigenvalue, steklov, eigenvalues, eigenfunctions, laplacian",45
math,2021,31,"diffusion, prey, reaction, predator, population",64
math,2021,32,"power, energy, market, electricity, grid",80
math,2021,33,"categories, category, infty, functors, operads",58
math,2021,34,"curves, elliptic, curve, over, mathbb",41
math,2021,35,"market, risk, portfolio, pricing, optimal",38
math,2021,36,"wave, inverse, scattering, tomography, frequency",43
math,2021,37,"neural, pdes, reduced, network, deep",56
math,2021,38,"bifurcation, systems, periodic, hamiltonian, system",56
math,2021,39,"spacetimes, spacetime, mass, black, einstein",44
math,2021,40,"lie, algebras, rota, baxter, leibniz",36
math,2021,41,"inequalities, inequality, functions, some, hermite",28
math,2021,42,"quasiconformal, mathbb, mappings, holomorphic, domains",29
math,2021,43,"symplectic, contact, lagrangian, manifolds, floer",32
math,2021,44,"witten, invariants, gromov, calabi, yau",25
math,2021,45,"brownian, processes, motion, vy, process",23
math,2021,46,"service, queue, server, queueing, servers",35
math,2021,47,"fractal, hausdorff, dimension, fractals, self",32
math,2021,48,"ramanujan, partitions, series, partition, identities",33
math,2021,49,"percolation, sle, passage, critical, lqg",32
math,2021,50,"minkowski, bodies, convex, body, inequality",35
math,2021,51,"numbers, stirling, polynomials, fibonacci, bell",35
math,2021,52,"retrieval, image, reconstruction, regularization, phase",31
math,2021,53,"semigroups, semigroup, monoids, monoid, krull",36
math,2021,54,"epidemic, covid, infected, disease, model",56
math,2021,55,"lie, algebroids, poisson, algebroid, quantization",24
math,2021,56,"change, series, time, autoregressive, detection",33
math,2021,57,"zeta, riemann, values, zeros, function",27
math,2021,58,"logic, logics, semantics, mathsf, modal",42
math,2021,59,"primes, prime, log, leq, sum",17
math,2021,60,"frames, frame, wavelet, mathbf, gabor",23
math,2021,61,"hopf, ver, categories, category, algebras",18
math,2021,62,"game, games, player, burning, players",32
math,2021,63,"points, packing, triangle, packings, sets",32
math,2021,64,"polynomials, orthogonal, hermite, askey, recurrence",27
math,2021,65,"random, trees, attachment, tree, graphs",31
math,2021,66,"schemes, weno, scheme, order, discontinuous",39
math,2021,67,"polytopes, tes, polytope, ehrhart, mono",13
math,2021,68,"ising, spin, gibbs, model, temperature",25
math,2021,69,"mathfrak, hecke, imath, lusztig, algebras",23
math,2021,70,"walk, random, walks, quenched, environment",16
math,2021,71,"distributed, communication, optimization, decentralized, gradient",44
math,2021,72,"groups, group, topological, polish, compact",19
math,2021,73,"zf, space, sf, spaces, countable",22
math,2021,74,"clustering, community, graph, data, communities",27
math,2021,75,"boltzmann, vlasov, equation, landau, kinetic",25
math,2021,76,"helmholtz, pml, method, scattering, boundary",33
math,2021,77,"monge, amp, re, estimates, equations",17
math,2021,78,"cardinal, cardinals, forcing, aleph, zfc",23
math,2021,79,"persistent, persistence, homology, barcodes, topological",20
math,2021,80,"flow, curvature, mean, translating, solitons",25
math,2021,81,"langevin, sampling, monte, carlo, dynamics",33
math,2021,82,"neural, networks, deep, training, relu",42
math,2021,83,"representations, supercuspidal, automorphic, gl, cuspidal",14
math,2021,84,"mathematics, students, mathematical, mathematicians, teachers",23
math,2021,85,"ldots, bfx, bfa, varphi, subset",14
math,2021,86,"oscillators, synchronization, dynamics, kuramoto, coupling",32
math,2021,87,"elastic, energy, crack, strain, fracture",24
math,2021,88,"vertex, mathfrak, hbar, algebras, algebra",16
math,2021,89,"transport, optimal, cost, wasserstein, problem",29
math,2021,90,"chemotaxis, segel, nabla, keller, tumor",33
math,2021,91,"particles, particle, exclusion, process, tasep",16
math,2021,92,"julia, maps, wandering, transcendental, hubbard",15
math,2021,93,"schubert, flag, varieties, variety, hessenberg",17
math,2021,94,"games, nash, game, equilibrium, player",19
math,2021,95,"fields, quadratic, number, sqrt, class",11
math,2021,96,"branching, particles, processes, process, particle",15
math,2021,97,"landau, ginzburg, nematic, gennes, energy",14
math,2021,98,"policy, mdps, learning, reinforcement, decision",32
math,2021,99,"blocks, alperin, defect, characters, groups",21
math,2021,100,"motivic, ku, spectra, homotopy, wedge",22
math,2021,101,"continued, fractions, fraction, irrationality, numbers",22
math,2021,102,"tropical, varieties, flag, positively, tropicalization",9
math,2021,103,"functions, subharmonic, harmonic, univalent, starlike",10
math,2021,104,"monotone, splitting, rachford, convergence, douglas",18
math,2021,105,"reaction, networks, chemical, network, deficiency",15
math,2021,106,"games, mean, field, game, equilibria",22
math,2021,107,"population, seed, selection, ancestral, mutation",11
math,2021,108,"teichm, ller, geodesics, surface, closed",11
math,2021,109,"tilings, tiling, tiles, tile, delone",23
math,2021,110,"phylogenetic, tree, trees, species, genome",20
math,2021,111,"wave, semilinear, blow, lifespan, global",14
math,2021,112,"integrators, kutta, runge, methods, multirate",15
math,2021,113,"ell, sparse, recovery, sensing, signal",14
math,2021,114,"control, stochastic, optimal, bellman, principle",11
math,2021,115,"body, problem, orbit, planar, three",25
math,2021,116,"hypergeometric, bessel, functions, integral, integrals",15
math,2021,117,"curvature, scalar, metrics, manifolds, ricci",17
math,2021,118,"homogenization, varepsilon, scale, periodic, homogenized",19
math,2021,119,"symmetries, symmetry, equation, equations, differential",9
math,2021,120,"sunflower, mathcal, intersecting, families, binom",18
math,2021,121,"consensus, agent, agents, distributed, communication",7
math,2021,122,"splines, quadrature, spline, catmull, trigonometric",10
math,2021,123,"matrices, hadamard, matrix, determinant, entries",13
math,2021,124,"waves, boussinesq, water, abcd, wave",10
math,2021,125,"opinion, dynamics, social, agents, opinions",14
math,2021,126,"mhd, magnetic, magnetohydrodynamics, magnetohydrodynamic, resistive",16
math,2021,127,"rewriting, agda, categories, category, type",23
math,2021,128,"mapping, mod, group, mathrm, class",9
math,2021,129,"fractional, derivatives, caputo, calculus, differential",8
math,2021,130,"mathfrak, modules, lie, superalgebras, whittaker",7
math,2021,131,"mills, yang, instantons, connections, deformed",9
math,2021,132,"controllability, observability, control, equation, null",17
math,2021,133,"left, right, systems, integrable, singularities",5
math,2021,134,"fractional, method, difference, numerical, order",15
math,2021,135,"particle, spline, sme, discrete, preserving",3
math,2021,136,"tqfts, topological, theories, tqft, phases",12
math,2021,137,"hochschild, algebra, cohomology, homology, graded",10
math,2021,138,"noncommutative, quantum, vert1, calculi, gauge",6
math,2021,139,"schur, macdonald, polynomials, functions, quasisymmetric",13
math,2021,140,"hilliard, cahn, phase, mobility, interface",11
math,2021,141,"dirac, index, secondary, compact, scalar",3
math,2021,142,"eff, motives, gm, motivic, mdm",5
math,2021,143,"hamilton, jacobi, viscosity, partial, equations",15
math,2021,144,"mathfrak, screening, gaudin, bethe, baxter",5
math,2021,145,"foliations, foliation, projective, leaves, foliated",7
math,2021,146,"painlev, heun, equations, isomonodromy, dp1",8
math,2021,147,"porous, fractures, fracture, flow, darcy",20
math,2021,148,"automata, cellular, automaton, filtrations, toom",7
math,2021,149,"strichartz, ith, dinger, schr, estimates",9
math,2022,0,"graphs, graph, gg, vertices, vertex",466
math,2022,1,"operators, spaces, hardy, mathbb, operator",213
math,2022,2,"regression, estimator, estimators, estimation, data",152
math,2022,3,"knot, knots, links, homology, manifolds",119
math,2022,4,"groups, group, subgroups, gg, subgroup",134
math,2022,5,"control, systems, controller, system, mpc",180
math,2022,6,"algebras, algebra, mathcal, von, unital",85
math,2022,7,"ideals, ideal, ring, rings, rr",84
math,2022,8,"solutions, elliptic, nabla, quad, equation",137
math,2022,9,"fano, surfaces, moduli, k3, projective",105
math,2022,10,"navier, stokes, equations, solutions, euler",105
math,2022,11,"ricci, hler, einstein, metrics, curvature",80
math,2022,12,"entropy, maps, topological, anosov, dynamical",79
math,2022,13,"equation, dinger, schr, nonlinear, solutions",101
math,2022,14,"optimization, objective, problems, programming, problem",110
math,2022,15,"operators, dinger, schr, operator, spectral",68
math,2022,16,"quantum, state, states, classical, entanglement",84
math,2022,17,"permutations, words, paths, patterns, pattern",58
math,2022,18,"stochastic, differential, equations, sdes, noise",75
math,2022,19,"element, method, galerkin, error, discontinuous",75
math,2022,20,"surfaces, curvature, minimal, surface, hypersurfaces",44
math,2022,21,"random, variables, distribution, distributions, stein",71
math,2022,22,"matrix, tensor, rank, matrices, low",75
math,2022,23,"banach, spaces, greedy, space, mathcal",60
math,2022,24,"gradient, optimization, convergence, stochastic, convex",79
math,2022,25,"forms, modular, gl, ll, hecke",47
math,2022,26,"traffic, demand, vehicle, vehicles, routing",79
math,2022,27,"cluster, tilting, category, categories, mathcal",48
math,2022,28,"codes, code, designs, hamming, list",49
math,2022,29,"matrices, random, matrix, entries, ensembles",56
math,2022,30,"steklov, eigenvalues, eigenvalue, laplacian, dirichlet",44
math,2022,31,"diffusion, reaction, population, predator, species",44
math,2022,32,"power, energy, renewable, market, electricity",47
math,2022,33,"categories, category, infty, monoidal, mathcal",54
math,2022,34,"curves, elliptic, curve, mathbb, over",38
math,2022,35,"risk, market, portfolio, optimal, utility",48
math,2022,36,"scattering, inverse, imaging, problem, wave",43
math,2022,37,"neural, deep, learning, pdes, networks",83
math,2022,38,"bifurcation, systems, periodic, cycles, orbits",33
math,2022,39,"mass, spacetimes, spacetime, einstein, cosmological",32
math,2022,40,"lie, algebras, rota, baxter, mathfrak",45
math,2022,41,"inequalities, inequality, radius, numerical, dots",35
math,2022,42,"holomorphic, domains, mappings, quasiconformal, pseudoconvex",31
math,2022,43,"symplectic, contact, lagrangian, reeb, manifolds",27
math,2022,44,"invariants, witten, gromov, calabi, yau",25
math,2022,45,"brownian, motion, processes, process, vy",17
math,2022,46,"queue, service, server, servers, customer",22
math,2022,47,"dim, fractal, cantor, sets, dimension",32
math,2022,48,"ramanujan, identities, partitions, andrews, parts",31
math,2022,49,"percolation, sle, passage, critical, lqg",25
math,2022,50,"minkowski, bodies, convex, brunn, inequality",27
math,2022,51,"numbers, stirling, fibonacci, polynomials, degenerate",39
math,2022,52,"image, reconstruction, retrieval, phase, regularization",38
math,2022,53,"monoids, preceq, semigroups, monoid, semigroup",40
math,2022,54,"epidemic, infected, disease, covid, model",55
math,2022,55,"lie, poisson, quantization, algebroid, algebroids",17
math,2022,56,"change, series, autoregressive, detection, time",27
math,2022,57,"zeta, riemann, multiple, values, zeros",36
math,2022,58,"logic, logics, modal, semantics, intuitionistic",27
math,2022,59,"primes, prime, log, le, sum",26
math,2022,60,"frame, frames, gabor, wavelet, transform",27
math,2022,61,"hopf, rep, category, categories, algebras",16
math,2022,62,"game, games, player, players, avoider",23
math,2022,63,"packing, circles, points, tverberg, lines",33
math,2022,64,"polynomials, orthogonal, laguerre, recurrence, jacobi",22
math,2022,65,"random, trees, tree, graphs, vertices",26
math,2022,66,"scheme, schemes, entropy, order, high",32
math,2022,67,"polytopes, polytope, ehrhart, lattice, facets",26
math,2022,68,"ising, spin, temperature, model, potts",28
math,2022,69,"imath, hecke, widetilde, lusztig, mathfrak",17
math,2022,70,"random, walk, walks, mott, galton",18
math,2022,71,"distributed, communication, optimization, decentralized, agents",46
math,2022,72,"group, mdim, actions, groups, amenable",19
math,2022,73,"space, sf, xx, spaces, baire",27
math,2022,74,"clustering, graph, community, data, planted",29
math,2022,75,"boltzmann, vlasov, landau, equation, collision",29
math,2022,76,"helmholtz, scattering, method, maxwell, element",31
math,2022,77,"monge, amp, re, hessian, estimates",26
math,2022,78,"cardinal, cardinals, aleph, forcing, mathsf",30
math,2022,79,"persistence, persistent, homology, topological, data",41
math,2022,80,"curvature, flow, mean, ancient, translating",21
math,2022,81,"langevin, sampling, monte, carlo, dynamics",25
math,2022,82,"neural, networks, training, deep, relu",35
math,2022,83,"gl, automorphic, langlands, representations, cuspidal",16
math,2022,84,"mathematics, mathematical, students, education, teaching",33
math,2022,85,"sets, integers, ldots, sum, leq",23
math,2022,86,"synchronization, oscillators, kuramoto, neurons, dynamics",18
math,2022,87,"fracture, crack, elastic, elasticity, stress",27
math,2022,88,"vertex, mathfrak, yangian, algebras, algebra",12
math,2022,89,"transport, optimal, ot, entropic, kantorovich",20
math,2022,90,"segel, keller, chemotaxis, nabla, tumor",18
math,2022,91,"exclusion, particle, particles, process, hydrodynamic",25
math,2022,92,"julia, maps, feig, critically, set",14
math,2022,93,"schubert, flag, varieties, variety, hessenberg",15
math,2022,94,"games, nash, game, equilibrium, player",27
math,2022,95,"fields, quadratic, number, galois, sqrt",23
math,2022,96,"branching, process, processes, galton, watson",17
math,2022,97,"landau, ginzburg, liquid, nematic, energy",16
math,2022,98,"policy, learning, reinforcement, decision, rl",34
math,2022,99,"ell, acd, defect, bbb, pp",15
math,2022,100,"spectra, motivic, homotopy, vee, equivariant",19
math,2022,101,"continued, fractions, numbers, irrational, fraction",7
math,2022,102,"tropical, tropicalization, curves, ceresa, moduli",14
math,2022,103,"functions, univalent, harmonic, starlike, minda",14
math,2022,104,"monotone, splitting, operators, bregman, convergence",12
math,2022,105,"reaction, networks, chemical, network, biochemical",16
math,2022,106,"games, mean, field, player, game",14
math,2022,107,"population, genetic, selection, mutation, dispersal",8
math,2022,108,"teichm, ller, geodesic, closed, hyperbolic",15
math,2022,109,"tilings, tiling, pentagons, tiles, rotationally",8
math,2022,110,"phylogenetic, networks, tree, trees, species",15
math,2022,111,"wave, lifespan, equations, solutions, blow",14
math,2022,112,"kutta, runge, methods, integrators, schemes",16
math,2022,113,"sensing, compressed, recovery, sparse, ell",5
math,2022,114,"control, stochastic, optimal, state, principle",13
math,2022,115,"body, problem, orbits, circular, restricted",13
math,2022,116,"bessel, functions, hypergeometric, function, asymptotics",12
math,2022,117,"curvature, scalar, yamabe, manifolds, riemannian",18
math,2022,118,"varepsilon, homogenization, periodic, downarrow, plate",10
math,2022,119,"symmetries, symmetry, equations, lie, differential",10
math,2022,120,"intersecting, cap, mathcal, families, ldots",10
math,2022,121,"consensus, agents, agent, leader, observer",17
math,2022,122,"splines, quadrature, spline, interpolation, trigonometric",9
math,2022,123,"matrices, determinants, matrix, hadamard, dope",10
math,2022,124,"waves, boussinesq, water, temperature, gravity",8
math,2022,125,"opinion, social, dynamics, cooperation, opinions",18
math,2022,126,"mhd, magnetic, magnetohydrodynamics, incompressible, solutions",16
math,2022,127,"extensionality, renaming, categories, univalence, univalent",9
math,2022,128,"mapping, mod, group, class, text",17
math,2022,129,"fractional, prabhakar, qq, integral, noether",3
math,2022,130,"mathfrak, modules, module, verma, lie",7
math,2022,131,"mills, yang, instantons, hermitian, monopoles",13
math,2022,132,"controllability, null, control, equation, wave",10
math,2022,133,"systems, hamiltonian, reduction, nonholonomic, symmetries",9
math,2022,134,"fractional, scheme, numerical, method, derivative",10
math,2022,135,"vlasov, numerical, boltzmann, scheme, maxwell",11
math,2022,136,"phases, tqfts, tqft, symmetry, topological",7
math,2022,137,"hochschild, cohomology, algebra, cyclic, braided",6
math,2022,138,"quantum, noncommutative, calculi, varrho, minkowski",8
math,2022,139,"schur, macdonald, functions, littlewood, polynomials",10
math,2022,140,"hilliard, cahn, mobility, nonlocal, model",7
math,2022,141,"index, dirac, walze, kalau, kastler",10
math,2022,142,"sh, motives, motivic, fr, nis",5
math,2022,143,"hamilton, jacobi, viscosity, equations, hamiltonian",9
math,2022,144,"mathfrak, gaudin, bethe, gl, hat",4
math,2022,145,"foliations, leaves, foliation, singular, riemannian",6
math,2022,146,"painlev, isomonodromic, equations, nagloo, painleve",6
math,2022,147,"porous, fracture, darcy, fractures, flow",10
math,2022,148,"automata, cellular, automaton, language, ca",8
math,2022,149,"strichartz, dinger, schr, estimates, wave",12
math,2023,0,"graphs, graph, gg, vertices, vertex",506
math,2023,1,"operators, hardy, spaces, mathbb, operator",199
math,2023,2,"regression, estimator, estimators, estimation, data",200
math,2023,3,"knot, knots, links, homology, link",100
math,2023,4,"groups, group, subgroups, subgroup, gg",124
math,2023,5,"control, systems, system, controller, mpc",193
math,2023,6,"algebras, algebra, unital, mathcal, leavitt",80
math,2023,7,"ideals, rings, ring, ideal, modules",114
math,2023,8,"solutions, partial, elliptic, begin, nabla",112
math,2023,9,"moduli, fano, k3, surfaces, curves",104
math,2023,10,"navier, stokes, euler, solutions, equations",116
math,2023,11,"ricci, hler, curvature, metrics, manifolds",87
math,2023,12,"entropy, maps, varphi, anosov, hyperbolic",79
math,2023,13,"equation, dinger, schr, solutions, ground",89
math,2023,14,"optimization, problems, programming, problem, objective",131
math,2023,15,"operators, spectral, dinger, spectrum, schr",52
math,2023,16,"quantum, state, states, entanglement, classical",75
math,2023,17,"permutations, words, paths, word, permutation",45
math,2023,18,"stochastic, differential, equations, noise, driven",63
math,2023,19,"element, mesh, meshes, galerkin, error",73
math,2023,20,"surfaces, minimal, curvature, hypersurfaces, surface",70
math,2023,21,"distribution, random, variables, poisson, distributions",46
math,2023,22,"matrix, tensor, rank, low, algorithms",64
math,2023,23,"banach, spaces, space, ell, xx",60
math,2023,24,"gradient, optimization, convergence, adam, convex",84
math,2023,25,"forms, modular, gl, ll, hecke",54
math,2023,26,"traffic, vehicle, demand, problem, vehicles",73
math,2023,27,"cluster, tilting, categories, mathcal, category",44
math,2023,28,"codes, code, latin, designs, perfect",60
math,2023,29,"matrices, random, cumulants, matrix, entries",42
math,2023,30,"steklov, eigenvalues, eigenvalue, laplacian, domains",47
math,2023,31,"diffusion, reaction, prey, predator, species",68
math,2023,32,"power, energy, renewable, control, voltage",49
math,2023,33,"categories, category, infty, operads, monoidal",54
math,2023,34,"curves, elliptic, curve, isogeny, torsion",52
math,2023,35,"risk, portfolio, optimal, asset, price",43
math,2023,36,"inverse, scattering, wave, acoustic, problem",39
math,2023,37,"neural, informed, physics, pdes, learning",97
math,2023,38,"systems, dot, bifurcations, bifurcation, cycles",37
math,2023,39,"spacetime, spacetimes, einstein, kerr, mass",41
math,2023,40,"lie, algebras, hom, algebra, superalgebras",34
math,2023,41,"inequalities, right, left, ij, inequality",28
math,2023,42,"mappings, holomorphic, domains, kobayashi, visibility",26
math,2023,43,"symplectic, contact, hamiltonian, reeb, lagrangian",26
math,2023,44,"witten, calabi, yau, invariants, gromov",37
math,2023,45,"brownian, motion, processes, process, vy",17
math,2023,46,"queue, service, server, queues, queueing",33
math,2023,47,"fractal, dimension, hausdorff, self, dim",34
math,2023,48,"ramanujan, identities, partitions, partition, mex",42
math,2023,49,"percolation, sle, passage, loewner, critical",36
math,2023,50,"bodies, convex, minkowski, brunn, body",43
math,2023,51,"numbers, stirling, fibonacci, polynomials, lucas",31
math,2023,52,"image, retrieval, reconstruction, phase, regularization",37
math,2023,53,"monoids, semigroups, monoid, semigroup, ss",39
math,2023,54,"epidemic, disease, infected, model, infection",40
math,2023,55,"poisson, lie, algebroids, quantization, algebroid",23
math,2023,56,"change, series, time, detection, estimator",24
math,2023,57,"zeta, riemann, zeros, values, multiple",33
math,2023,58,"logic, logics, semantics, modal, mathsf",43
math,2023,59,"prime, primes, log, numbers, intervals",33
math,2023,60,"frames, frame, gabor, wavelet, align",20
math,2023,61,"hopf, categories, category, algebras, braided",18
math,2023,62,"game, player, games, nim, winning",37
math,2023,63,"packings, packing, points, disks, plane",29
math,2023,64,"polynomials, orthogonal, laguerre, askey, recurrence",33
math,2023,65,"random, trees, graph, nyi, graphs",33
math,2023,66,"schemes, scheme, numerical, weno, shock",36
math,2023,67,"polytope, polytopes, ehrhart, plgcat, lattice",21
math,2023,68,"ising, gibbs, spin, model, temperature",34
math,2023,69,"hecke, algebra, schur, lusztig, basis",12
math,2023,70,"random, walk, walks, environment, earthworm",15
math,2023,71,"communication, distributed, decentralized, optimization, federated",42
math,2023,72,"group, groups, actions, amenable, gg",17
math,2023,73,"spaces, space, hurewicz, xx, topology",36
math,2023,74,"clustering, graph, community, algorithm, network",34
math,2023,75,"boltzmann, vlasov, varepsilon, kinetic, equation",25
math,2023,76,"helmholtz, method, scattering, boundary, maxwell",34
math,2023,77,"monge, amp, re, hessian, equation",32
math,2023,78,"cardinals, cardinal, hod, aleph, zfc",24
math,2023,79,"persistent, persistence, homology, topological, data",36
math,2023,80,"curvature, flow, mean, shrinkers, flows",25
math,2023,81,"langevin, sampling, monte, carlo, molecular",29
math,2023,82,"neural, networks, relu, deep, training",54
math,2023,83,"gl, representations, mathrm, supercuspidal, gsp",20
math,2023,84,"mathematics, mathematical, students, gpt, education",28
math,2023,85,"aa, subset, sum, sets, ldots",19
math,2023,86,"synchronization, oscillators, network, networks, phase",26
math,2023,87,"elastic, energy, elasticity, bending, micromorphic",15
math,2023,88,"vertex, cal, algebra, algebras, modules",13
math,2023,89,"transport, optimal, ot, sinkhorn, wasserstein",31
math,2023,90,"chemotaxis, segel, keller, nabla, model",29
math,2023,91,"exclusion, particle, tasep, process, particles",19
math,2023,92,"julia, maps, wandering, fatou, laminations",25
math,2023,93,"schubert, varieties, flag, hessenberg, variety",12
math,2023,94,"games, nash, game, equilibrium, players",28
math,2023,95,"fields, number, quadratic, mathbb, ax",26
math,2023,96,"branching, process, brownian, processes, motion",15
math,2023,97,"liquid, landau, nematic, crystal, ginzburg",17
math,2023,98,"policy, reinforcement, learning, decision, rl",41
math,2023,99,"characters, fusion, pp, defect, groups",15
math,2023,100,"motivic, spectra, thh, spectrum, homotopy",14
math,2023,101,"continued, fractions, fraction, irrationality, numbers",10
math,2023,102,"tropical, widetilde, valuated, implicitization, prym",8
math,2023,103,"vmatrix, functions, univalent, starlike, harmonic",14
math,2023,104,"monotone, splitting, convergence, nonexpansive, variational",20
math,2023,105,"reaction, networks, chemical, network, biochemical",19
math,2023,106,"mean, games, field, game, equilibria",29
math,2023,107,"population, mutation, recombination, selection, coalescent",15
math,2023,108,"teichm, ller, geodesic, geodesics, hyperbolic",19
math,2023,109,"tilings, tiling, aztec, tiles, aperiodic",10
math,2023,110,"phylogenetic, trees, tree, gene, genes",23
math,2023,111,"wave, semilinear, lifespan, damped, blow",16
math,2023,112,"kutta, runge, schemes, methods, parareal",11
math,2023,113,"ell, elm, sensing, sparse, sparsity",7
math,2023,114,"control, stochastic, optimal, backward, bellman",14
math,2023,115,"body, orbit, upsilon, orbits, collision",20
math,2023,116,"hypergeometric, integrals, integral, function, bessel",9
math,2023,117,"curvature, scalar, metrics, manifolds, riemannian",15
math,2023,118,"homogenization, varepsilon, mathbf, periodic, homogenized",18
math,2023,119,"lie, zoomeron, symmetries, equations, symmetry",6
math,2023,120,"intersecting, mathcal, cap, families, sets",21
math,2023,121,"consensus, agent, agents, coverage, multi",11
math,2023,122,"splines, spline, subdivision, quadrature, approximation",19
math,2023,123,"hadamard, matrices, matrix, circulant, spectrahedron",7
math,2023,124,"waves, water, boussinesq, gravity, wave",15
math,2023,125,"opinion, cooperation, social, opinions, dynamics",19
math,2023,126,"mhd, magnetic, magnetohydrodynamics, initial, magnetohydrodynamic",11
math,2023,127,"categories, category, monoidal, univalent, coq",17
math,2023,128,"mapping, mod, class, group, text",14
math,2023,129,"fractional, calculus, leffler, mittag, caputo",9
math,2023,130,"modules, mathfrak, lie, sfp, virasoro",14
math,2023,131,"mills, yang, higgs, instantons, bullet",13
math,2023,132,"controllability, null, control, observability, controllable",23
math,2023,133,"systems, hamiltonian, chaplygin, bundle, mechanics",7
math,2023,134,"fractional, method, numerical, subdiffusion, ufde",16
math,2023,135,"vlasov, boltzmann, plasma, kinetic, methods",15
math,2023,136,"topological, tqft, tqfts, fusion, symmetry",19
math,2023,137,"hochschild, algebras, cohomology, algebra, associative",10
math,2023,138,"noncommutative, quantum, civita, bimodule, levi",5
math,2023,139,"macdonald, polynomials, schur, littlewood, kostka",10
math,2023,140,"cahn, hilliard, phase, equation, thin",16
math,2023,141,"index, eta, dirac, patodi, operators",6
math,2023,142,"motives, motivic, motive, rost, category",7
math,2023,143,"hamilton, jacobi, junction, viscosity, equations",8
math,2023,144,"bethe, gaudin, hamiltonians, mathfrak, ansatz",5
math,2023,145,"foliations, foliation, leaves, foliated, leaf",12
math,2023,146,"painlev, heun, umemura, fuchsian, accessory",5
math,2023,147,"porous, fracture, poroelasticity, fractures, darcy",11
math,2023,148,"automata, automaton, cellular, ca, alphabet",11
math,2023,149,"strichartz, dinger, schr, grushin, estimates",5
math,2024,0,"graphs, graph, gg, vertices, vertex",610
math,2024,1,"operators, spaces, hardy, mathbb, operator",256
math,2024,2,"regression, estimator, estimators, inference, data",222
math,2024,3,"knots, knot, links, homology, link",165
math,2024,4,"groups, group, subgroups, gg, subgroup",158
math,2024,5,"control, systems, controller, system, mpc",208
math,2024,6,"algebras, algebra, mathcal, unital, von",99
math,2024,7,"ideals, rings, ideal, ring, rr",110
math,2024,8,"solutions, nabla, elliptic, regularity, equation",129
math,2024,9,"moduli, fano, surfaces, curves, projective",125
math,2024,10,"navier, stokes, equations, solutions, euler",144
math,2024,11,"ricci, hler, metrics, curvature, metric",93
math,2024,12,"entropy, anosov, maps, topological, diffeomorphisms",92
math,2024,13,"equation, dinger, schr, solutions, nonlinear",122
math,2024,14,"optimization, problems, programming, problem, objective",133
math,2024,15,"operators, dinger, schr, operator, spectral",51
math,2024,16,"quantum, state, classical, entanglement, states",119
math,2024,17,"permutations, words, permutation, pattern, word",82
math,2024,18,"stochastic, equations, differential, noise, driven",66
math,2024,19,"element, mesh, method, finite, meshes",82
math,2024,20,"surfaces, curvature, minimal, hypersurfaces, mathbb",61
math,2024,21,"distribution, distributions, extreme, random, copulas",61
math,2024,22,"matrix, tensor, rank, low, algorithm",80
math,2024,23,"banach, spaces, space, vert, lipschitz",57
math,2024,24,"gradient, optimization, convergence, convex, stochastic",116
math,2024,25,"forms, modular, gl, ll, hecke",69
math,2024,26,"traffic, vehicle, demand, vehicles, charging",106
math,2024,27,"cluster, categories, textsf, algebras, tilting",62
math,2024,28,"codes, code, designs, decoding, reed",69
math,2024,29,"matrices, random, matrix, ensemble, entries",64
math,2024,30,"eigenvalue, laplacian, eigenvalues, dirichlet, steklov",68
math,2024,31,"diffusion, reaction, species, population, model",64
math,2024,32,"power, energy, storage, electricity, market",64
math,2024,33,"categories, category, infty, operads, mathcal",75
math,2024,34,"curves, elliptic, curve, over, mathbb",60
math,2024,35,"risk, market, portfolio, pricing, price",48
math,2024,36,"scattering, inverse, wave, imaging, source",62
math,2024,37,"neural, pdes, informed, physics, learning",155
math,2024,38,"periodic, systems, bifurcation, cycles, bifurcations",54
math,2024,39,"spacetimes, spacetime, einstein, black, mass",54
math,2024,40,"lie, algebras, mathfrak, rota, baxter",36
math,2024,41,"inequalities, bmatrix, inequality, ij, leq",28
math,2024,42,"domains, mappings, holomorphic, domain, mathbb",30
math,2024,43,"symplectic, contact, lagrangian, manifolds, ham",44
math,2024,44,"calabi, invariants, yau, mirror, witten",25
math,2024,45,"brownian, processes, process, motion, fractional",27
math,2024,46,"service, queueing, queue, server, queues",26
math,2024,47,"hausdorff, dimension, fractal, sets, self",49
math,2024,48,"ramanujan, partitions, partition, identities, andrews",41
math,2024,49,"percolation, sle, passage, lqg, random",37
math,2024,50,"minkowski, bodies, convex, body, mathit",46
math,2024,51,"numbers, fibonacci, stirling, polynomials, sequences",33
math,2024,52,"image, regularization, reconstruction, imaging, retrieval",43
math,2024,53,"monoids, semigroups, monoid, semigroup, mathcal",42
math,2024,54,"epidemic, disease, infection, infected, model",62
math,2024,55,"quantization, operatorname, lie, poisson, algebroids",27
math,2024,56,"test, change, series, time, detection",27
math,2024,57,"zeta, riemann, values, function, log",38
math,2024,58,"logic, logics, semantics, modal, mathsf",65
math,2024,59,"prime, primes, log, sum, frac",38
math,2024,60,"frames, frame, transform, wavelet, wavelets",27
math,2024,61,"hopf, categories, category, fusion, braided",31
math,2024,62,"game, player, games, burning, maker",49
math,2024,63,"points, packings, packing, convex, mathbb",36
math,2024,64,"polynomials, orthogonal, askey, orthogonality, jacobi",29
math,2024,65,"random, trees, attachment, graph, degree",28
math,2024,66,"schemes, weno, scheme, conservation, entropy",53
math,2024,67,"polytopes, polytope, ehrhart, vert, lattice",28
math,2024,68,"ising, spin, gibbs, temperature, model",35
math,2024,69,"hecke, mathfrak, modules, specht, algebra",21
math,2024,70,"walk, random, vrjp, walks, environment",24
math,2024,71,"distributed, communication, optimization, federated, decentralized",45
math,2024,72,"polish, group, groups, sofic, actions",28
math,2024,73,"spaces, space, topology, baire, xx",22
math,2024,74,"clustering, community, graph, data, algorithm",40
math,2024,75,"boltzmann, vlasov, landau, equation, poisson",29
math,2024,76,"helmholtz, scattering, pml, method, wave",39
math,2024,77,"monge, amp, re, hessian, equation",40
math,2024,78,"aleph, cardinal, cardinals, forcing, ulst",29
math,2024,79,"persistent, persistence, homology, topological, data",47
math,2024,80,"flow, curvature, mean, shrinkers, shortening",36
math,2024,81,"langevin, sampling, mcmc, monte, carlo",31
math,2024,82,"neural, networks, relu, deep, training",44
math,2024,83,"gl, representations, langlands, mathrm, supercuspidal",27
math,2024,84,"mathematics, mathematical, students, education, ethical",26
math,2024,85,"mathsf, subseteq, leq, mathbb, geq",12
math,2024,86,"synchronization, oscillators, networks, neurons, coupled",32
math,2024,87,"fracture, crack, elastic, energy, dislocation",26
math,2024,88,"mathfrak, hbar, vertex, sl, 2n",17
math,2024,89,"transport, optimal, sinkhorn, ot, wasserstein",35
math,2024,90,"chemotaxis, nabla, segel, keller, cdot",41
math,2024,91,"exclusion, asep, particles, particle, process",23
math,2024,92,"julia, maps, thurston, set, fatou",18
math,2024,93,"schubert, varieties, flag, hessenberg, variety",18
math,2024,94,"games, nash, game, equilibrium, equilibria",23
math,2024,95,"fields, galois, monogenic, cl, quadratic",20
math,2024,96,"branching, particles, process, brownian, processes",17
math,2024,97,"liquid, landau, smectic, nematic, ginzburg",12
math,2024,98,"policy, learning, reinforcement, reward, decision",41
math,2024,99,"characters, character, fusion, group, groups",26
math,2024,100,"motivic, spectra, bp, mathrm, homotopy",16
math,2024,101,"continued, fractions, fraction, irrationality, numbers",14
math,2024,102,"tropical, tropicalization, curves, toric, tev",20
math,2024,103,"functions, univalent, mathcal, subclass, prec",10
math,2024,104,"rachford, monotone, douglas, mappings, convergence",13
math,2024,105,"reaction, networks, chemical, homeostasis, network",20
math,2024,106,"games, mean, field, game, mfg",39
math,2024,107,"population, mutation, ancestral, coalescent, selection",11
math,2024,108,"teichm, ller, geodesics, geodesic, surfaces",14
math,2024,109,"tilings, tiling, tiles, tile, domino",18
math,2024,110,"phylogenetic, phylogeny, trees, tree, duplication",13
math,2024,111,"wave, semilinear, damping, solutions, initial",12
math,2024,112,"kutta, runge, integrators, methods, order",22
math,2024,113,"recovery, sparse, ell, signal, sensing",8
math,2024,114,"control, stochastic, optimal, viscosity, bellman",22
math,2024,115,"body, orbits, problem, solar, masses",20
math,2024,116,"integral, functions, expansions, integrals, hypergeometric",11
math,2024,117,"curvature, scalar, manifolds, ric, ricci",13
math,2024,118,"homogenization, coefficients, dfrac, periodic, varepsilon",14
math,2024,119,"symmetries, symmetry, equation, equations, differential",13
math,2024,120,"mathcal, intersecting, binom, families, family",23
math,2024,121,"consensus, agents, agent, control, mobile",8
math,2024,122,"splines, spline, quadrature, subdivision, approximation",11
math,2024,123,"matrices, hadamard, matrix, tt, permanent",16
math,2024,124,"waves, water, boussinesq, gravity, wave",21
math,2024,125,"opinion, opinions, dynamics, social, evolutionary",23
math,2024,126,"mhd, magnetic, magnetohydrodynamics, magnetohydrodynamic, incompressible",16
math,2024,127,"categories, category, categorical, syntax, types",18
math,2024,128,"mapping, group, handlebody, mod, class",10
math,2024,129,"fractional, leffler, mittag, caputo, variations",4
math,2024,130,"modules, mathfrak, sl, lie, superalgebras",8
math,2024,131,"mills, yang, instantons, connections, higgs",14
math,2024,132,"controllability, observability, null, control, parabolic",23
math,2024,133,"nonholonomic, hamilton, hamiltonian, systems, lagrangian",14
math,2024,134,"fractional, method, variable, numerical, order",11
math,2024,135,"kinetic, boltzmann, vlasov, scheme, method",18
math,2024,136,"topological, tqfts, symmetry, symmetries, gauge",19
math,2024,137,"hochschild, rm, inftya, nijenhuis, algebra",6
math,2024,138,"noncommutative, quantum, connection, durdevic, triple",6
math,2024,139,"schur, macdonald, functions, polynomials, symmetric",13
math,2024,140,"hilliard, cahn, phase, mobility, equation",14
math,2024,141,"index, dirac, operators, eta, callias",11
math,2024,142,"motives, motivic, motive, chow, ch",17
math,2024,143,"hamilton, jacobi, viscosity, du, equations",16
math,2024,144,"spin, bethe, baxter, dynamical, gl",5
math,2024,145,"foliations, foliation, leg, leaf, mathcal",10
math,2024,146,"painlev, heiles, isomonodromic, integrable, prelle",4
math,2024,147,"darcy, porous, fracture, pressure, media",20
math,2024,148,"automata, automaton, cellular, vert, ca",13
math,2024,149,"strichartz, dinger, schr, estimates, dispersive",18
math,2025,0,"graphs, graph, gg, vertex, vertices",790
math,2025,1,"operators, spaces, hardy, mathbb, operator",257
math,2025,2,"regression, estimator, estimation, estimators, data",279
math,2025,3,"knots, knot, links, homology, link",168
math,2025,4,"groups, group, subgroups, subgroup, gg",167
math,2025,5,"control, systems, system, controller, state",279
math,2025,6,"algebras, algebra, mathcal, unital, von",140
math,2025,7,"ideals, rings, ideal, ring, rr",151
math,2025,8,"solutions, elliptic, regularity, nabla, partial",175
math,2025,9,"surfaces, k3, fano, moduli, curves",149
math,2025,10,"navier, stokes, equations, euler, solutions",193
math,2025,11,"ricci, metrics, curvature, hler, manifolds",98
math,2025,12,"entropy, maps, ergodic, anosov, shadowing",149
math,2025,13,"equation, dinger, schr, solutions, nonlinear",167
math,2025,14,"optimization, problems, programming, programs, problem",170
math,2025,15,"operators, spectral, dinger, schr, magnetic",90
math,2025,16,"quantum, state, states, classical, entanglement",165
math,2025,17,"permutations, words, word, permutation, pattern",108
math,2025,18,"stochastic, noise, differential, equations, driven",98
math,2025,19,"element, meshes, mesh, method, error",100
math,2025,20,"surfaces, curvature, minimal, hypersurfaces, surface",59
math,2025,21,"distribution, random, variables, distributions, copulas",90
math,2025,22,"matrix, tensor, rank, low, precision",139
math,2025,23,"banach, spaces, space, ell, norm",63
math,2025,24,"gradient, optimization, convergence, convex, methods",178
math,2025,25,"forms, modular, ll, hecke, gl",106
math,2025,26,"traffic, demand, vehicle, charging, vehicles",153
math,2025,27,"cluster, categories, tilting, category, algebras",99
math,2025,28,"codes, code, latin, hamming, designs",67
math,2025,29,"matrices, random, matrix, entries, ensembles",71
math,2025,30,"eigenvalue, eigenvalues, steklov, laplacian, dirichlet",82
math,2025,31,"diffusion, predator, prey, species, reaction",81
math,2025,32,"power, energy, electricity, storage, renewable",87
math,2025,33,"category, categories, infty, operads, mathcal",86
math,2025,34,"curves, elliptic, curve, over, mathbb",78
math,2025,35,"risk, market, price, portfolio, asset",62
math,2025,36,"inverse, scattering, wave, problem, medium",89
math,2025,37,"neural, pdes, physics, informed, learning",133
math,2025,38,"bifurcation, delay, systems, periodic, cycles",54
math,2025,39,"spacetimes, spacetime, black, null, einstein",64
math,2025,40,"lie, algebras, rota, baxter, leibniz",56
math,2025,41,"inequalities, inequality, mathcal, ij, radius",41
math,2025,42,"holomorphic, domains, mappings, mathbb, domain",42
math,2025,43,"symplectic, contact, lagrangian, reeb, manifolds",52
math,2025,44,"mirror, witten, invariants, gromov, yau",43
math,2025,45,"brownian, processes, motion, le, process",29
math,2025,46,"queue, server, service, queues, servers",43
math,2025,47,"fractal, dimension, hausdorff, self, sets",60
math,2025,48,"ramanujan, partitions, identities, series, overpartitions",62
math,2025,49,"percolation, sle, passage, critical, random",58
math,2025,50,"minkowski, bodies, convex, body, inequality",63
math,2025,51,"numbers, fibonacci, stirling, polynomials, recurrence",49
math,2025,52,"retrieval, regularization, reconstruction, image, phase",47
math,2025,53,"monoid, monoids, semigroups, semigroup, mathcal",53
math,2025,54,"epidemic, disease, infected, infection, model",49
math,2025,55,"poisson, lie, algebroid, algebroids, courant",38
math,2025,56,"change, series, time, test, estimator",35
math,2025,57,"zeta, riemann, zeros, values, hypothesis",38
math,2025,58,"logic, mathsf, logics, semantics, modal",53
math,2025,59,"primes, prime, log, frac, sum",58
math,2025,60,"frames, frame, gabor, transform, wavelet",42
math,2025,61,"hopf, categories, algebra, fusion, algebras",35
math,2025,62,"game, games, player, players, wins",58
math,2025,63,"packings, points, mathbb, packing, triangle",43
math,2025,64,"polynomials, orthogonal, orthogonality, askey, jacobi",34
math,2025,65,"random, graph, degree, attachment, preferential",44
math,2025,66,"schemes, scheme, flux, order, weno",59
math,2025,67,"polytopes, polytope, ehrhart, lattice, alcoved",34
math,2025,68,"ising, spin, model, temperature, gibbs",51
math,2025,69,"hecke, mathfrak, mathbf, imath, sl",30
math,2025,70,"walk, random, walks, environment, tilde",25
math,2025,71,"distributed, communication, optimization, decentralized, gradient",57
math,2025,72,"groups, group, countable, topological, actions",30
math,2025,73,"topology, spaces, space, mathcal, xx",26
math,2025,74,"clustering, community, graph, communities, network",55
math,2025,75,"boltzmann, vlasov, landau, equation, collision",41
math,2025,76,"helmholtz, scattering, boundary, wave, method",41
math,2025,77,"monge, amp, re, hessian, estimates",38
math,2025,78,"aleph, cardinal, cardinals, forcing, woodin",34
math,2025,79,"persistent, persistence, topological, homology, data",57
math,2025,80,"flow, curvature, mean, shrinkers, flows",32
math,2025,81,"langevin, sampling, diffusion, monte, carlo",61
math,2025,82,"neural, networks, training, deep, relu",80
math,2025,83,"gl, representations, mathrm, langlands, rm",38
math,2025,84,"mathematics, mathematical, education, students, research",40
math,2025,85,"sets, sumset, subset, sumsets, aa",25
math,2025,86,"synchronization, oscillators, neurons, kuramoto, networks",45
math,2025,87,"crack, strain, elastic, fracture, elasticity",31
math,2025,88,"vertex, mathfrak, sl, algebras, algebra",34
math,2025,89,"transport, optimal, entropic, sinkhorn, wasserstein",68
math,2025,90,"segel, keller, chemotaxis, system, nabla",37
math,2025,91,"particles, exclusion, particle, kpz, asep",29
math,2025,92,"julia, maps, fatou, sets, set",21
math,2025,93,"schubert, varieties, flag, variety, hessenberg",28
math,2025,94,"games, nash, game, equilibrium, player",41
math,2025,95,"fields, quadratic, mathbb, number, galois",32
math,2025,96,"branching, processes, process, big, boldsymbol",25
math,2025,97,"landau, nematic, liquid, energy, ginzburg",24
math,2025,98,"policy, reinforcement, learning, decision, mdps",47
math,2025,99,"character, characters, groups, brauer, pp",23
math,2025,100,"motivic, spectra, adams, homotopy, thh",30
math,2025,101,"continued, fractions, boldsymbol, irrationality, fraction",20
math,2025,102,"tropical, curves, sol, toric, fans",20
math,2025,103,"univalent, harmonic, functions, mappings, starlike",20
math,2025,104,"monotone, splitting, rachford, convergence, douglas",25
math,2025,105,"reaction, networks, chemical, biochemical, network",23
math,2025,106,"mean, games, field, game, player",38
math,2025,107,"population, coalescent, mutation, ancestral, trait",17
math,2025,108,"teichm, ller, geodesic, geodesics, hyperbolic",31
math,2025,109,"tilings, tiling, tiles, aztec, domino",19
math,2025,110,"phylogenetic, tree, trees, leaf, networks",27
math,2025,111,"wave, semilinear, damping, lifespan, blow",20
math,2025,112,"runge, kutta, methods, integrators, implicit",27
math,2025,113,"recovery, sparse, ell, sensing, signal",18
math,2025,114,"control, stochastic, optimal, hjb, bellman",29
math,2025,115,"body, solar, orbits, sail, problem",16
math,2025,116,"expansions, bessel, integrals, asymptotic, functions",7
math,2025,117,"curvature, scalar, manifolds, rigidity, metrics",26
math,2025,118,"homogenization, homogenisation, periodic, scale, varepsilon",11
math,2025,119,"lie, symmetries, symmetry, equations, differential",10
math,2025,120,"mathcal, intersecting, binom, families, family",33
math,2025,121,"consensus, agent, agents, control, formation",14
math,2025,122,"splines, spline, quadrature, approximation, interpolation",25
math,2025,123,"matrices, permanental, hadamard, matrix, spectrahedral",11
math,2025,124,"water, waves, boussinesq, gravity, wave",21
math,2025,125,"opinion, opinions, dynamics, social, agents",22
math,2025,126,"mhd, magnetic, magnetohydrodynamic, compressible, incompressible",23
math,2025,127,"categories, category, semantics, monoidal, monad",24
math,2025,128,"mapping, mod, class, group, torelli",13
math,2025,129,"fractional, weierstrass, caputo, necessary, derivative",3
math,2025,130,"mathfrak, modules, verma, lie, superalgebras",21
math,2025,131,"mills, instantons, yang, 2g, witten",12
math,2025,132,"controllability, control, observability, null, equation",24
math,2025,133,"systems, haantjes, hamiltonian, integrable, hess",10
math,2025,134,"fractional, method, numerical, caputo, order",11
math,2025,135,"plasma, kinetic, boltzmann, vlasov, scheme",28
math,2025,136,"topological, tqft, tqfts, symmetry, theories",25
math,2025,137,"hochschild, homology, tambara, operations, cohomology",8
math,2025,138,"noncommutative, quantum, spectral, geometry, connections",13
math,2025,139,"schur, macdonald, polynomials, functions, symmetric",19
math,2025,140,"hilliard, cahn, thin, phase, film",21
math,2025,141,"index, dirac, operators, eta, spectral",11
math,2025,142,"motives, motivic, motive, nori, category",14
math,2025,143,"hamilton, jacobi, viscosity, equations, solutions",18
math,2025,144,"bethe, mathfrak, spin, gl, quantum",8
math,2025,145,"foliations, foliation, leaves, tautness, transversely",18
math,2025,146,"painlev, sle, bureau, isomonodromic, isospectral",7
math,2025,147,"porous, darcy, plmm, flow, fracture",18
math,2025,148,"automata, cellular, automaton, ca, alphabet",15
math,2025,149,"strichartz, estimates, dinger, schr, dispersive",16
