topic_id,label,enriched_description
0,Graph-Theoretic Coloring and Structural Analysis,"This topic centers on the study of graph-theoretic properties related to coloring schemes, structural decomposition, and advanced combinatorial structures in both labeled and unlabeled graphs. Key methods include exploring chromatic numbers, Hamiltonicity, and domatic partitioning through polynomial algorithms, minimalizable set systems, and matroid theory. Applications span theoretical computer science (e.g., routing protocols, transfinite graph theory) to applied fields like network design (e.g., Steiner tree configurations, semisymmetric digraphs), where techniques like Laplacian analysis or tournament-based ranking are used to optimize connectivity, coverage, or defensive-offensive alliances in heterogeneous systems. The research also intersects with hypergraph theory, Hedrite structures, and geometric graph embeddings, emphasizing both abstract algebraic properties (e.g., half-Tutte polynomials) and computational efficiency for problems like vertex/edge coloring under constraints such as heterochromatic or rainbow conditions."
1,Functional Analysis and Operator Theory with Hardy Spaces,"This topic centers on the study of bounded operators, selfadjoint structures, and their interplay within Hardy spaces, Sobolev-type function spaces, and weighted analysis. Key methodologies include Fourier analysis techniques—such as restriction theorems, doubling properties, and hyperinvariant subspaces—to analyze commuting tuples, dilations, and shifts in operator theory. Applications span harmonic analysis (e.g., Bergmann spaces, Nevanlinna theory) and interpolation of function spaces (Besov, BMO, Orlicz), often addressing lacunary or generalized inequalities to derive boundedness results for operators like Paley–Wiener transforms or Hardy space embeddings. The interplay with geometric properties—such as cusp behavior in domains or hyperbolicity—drives research into maximal functions, weighted norms, and the role of commutators in defining new operator classes."
2,Bayesian Nonparametric Causal Inference with Adaptive Shrinkage,"This topic centers on developing advanced statistical frameworks that integrate Bayesian nonparametric methods, adaptive shrinkage estimators, and causal inference to analyze complex data structures. Key research focuses on estimating treatment effects under censored or high-dimensional settings using priors like the Dirichlet process mixture (DPM) or Gaussian processes, often paired with penalized regression techniques such as Lasso or adaptive oracle theory. Methods leverage empirical Bayes approaches for efficient parameter estimation, including fiducial and minimax procedures to balance bias-variance trade-offs while handling non-Gaussian distributions (e.g., Weibull, IFS models). Applications span biomedical fields like asthma treatment evaluation (via MDMA-related studies) and high-dimensional genomics, where aggregated data-driven inference reduces uncertainty in probabilistic modeling. The interplay of meta-analyses, confidence interval testing (FWER), and predictive density estimation further refines causal discovery under sparse or censored covariates."
3,Advanced knot-theoretic invariants and concordance theory,"This topic focuses on the study of topological invariants—particularly Vassiliev, Khovanov, and Homfly-Homology polynomials—that classify knots and links under various algebraic and geometric constraints. Key methods include skein relations, branched coverings, and contact geometry-based fillings to derive robust invariants like ropelength or Casson’s signature, often applied in hyperbolic manifolds via Thurston’s geometrization program. Applications span knot concordance theory (e.g., virtual knots, ribbon knots), the classification of fibered links, and the analysis of sutured manifolds and colored knot diagrams, bridging pure mathematics with applications in quantum topology and low-dimensional surgery."
4,Thompson–Garside group theory,"This topic explores finitely generated groups with special algebraic structures, particularly those exhibiting Thompson-like or Garside properties—such as solvable decompositions, relator-based presentations, and hyperbolic behavior. Key methods include studying subgroup lattices (e.g., posets of subgroups), conjugacy classes, and automorphism groups to analyze orderings, residually finite, or virtually nilpotent structures. Applications span combinatorial group theory, geometric group theory, and computational algebra, with connections to Coxeter groups, Coxeter–Garside systems, and applications in hyperbolic geometry, such as the study of word problems and bestvina–Floyd-type embeddings."
5,Adaptive Control of Underactuated Dynamical Systems,"This topic centers on designing robust adaptive controllers for underactuated systems—particularly nonlinear, multivariable, and nonholonomic mechanical or aerospace structures like inverted pendulums, quadrotors, and spacecraft—that exhibit feedback loops, stall phenomena, or output surges. Key methods include linearization via parametrization (e.g., semiring-based approaches), Lyapunov stability analysis, and adaptive compensators to handle varying dynamics or unactuated degrees of freedom. Applications span real-time stabilization of attitude control in spacecraft, predictive model-based control for safety-critical systems like trailers, and optimal trajectory planning under constraints such as LPV (linear parameter-varying) or switched regimes. The research emphasizes robust stability, Lyapunov-based proofs, and symbolic/parametrical design tools to overcome inefficiencies in traditional PD controllers or inefficient switching strategies."
6,Crossed Algebraic Structures in Operator Theory,"This topic centers on the study of algebraic structures formed by operator algebras and their interactions with groupoids, particularly focusing on crossed products, imprimitivity theorems, and related constructions like Cuntz–Krieger algebras. Key methods include using von Neumann algebras, Banach spaces, and tracial theory to analyze properties such as amenability, derivations, and subalgebra hierarchies, often leveraging techniques from noncommutative geometry (e.g., GNS representations). Applications span quantum information theory, topological quantum field theories, and the classification of operator algebras with exotic automorphism groups, with recent advancements exploring connections to higher category theory and ultragraphs."
7,Computational Algebraic Geometry of Graded Rings,"This topic focuses on the study of algebraic structures in graded rings—particularly Noetherian, Gorenstein, and primary ideals—and their computational analysis using tools like Gröbner bases (e.g., Janet, Buchsbaum) and Macaulay2. Key methods include studying liaison theory, intersection theory, and Rees algebras to compute dimensions, depths, and cohomological invariants of modules over these rings, often leveraging techniques from commutative algebra such as the long mapping principle or Koszul complexes. Applications span algebraic geometry (e.g., resolving singularities via Buchsbaum–Eisenbud sequences) and homological algebra (e.g., injective resolutions, star filtrations), with a strong emphasis on efficient algorithmic implementations for symbolic computation in polynomial rings."
8,Nonlinear PDEs and Optimization with Quasiconvexity,"This topic centers on the study of nonlinear partial differential equations (PDEs), particularly those involving quasiconvexity, symmetry, and geometric properties like hyperplane tangency in domains. Key methods include variational analysis—such as Jensen’s inequalities, Bolle’s principle, and the use of LLL-type arrays—to analyze minima under constraints, often framed within elliptic or semilinear frameworks. The research emphasizes existence, uniqueness, and regularity of solutions, particularly for problems with changing signs or unstable growth conditions (e.g., fractional Laplacians). Applications span optimization over noncharacteristic boundaries, ergodic theory in annuli, and free-boundary problems like the thin-film equation, bridging theoretical rigor with computational challenges such as blow-up analysis."
9,Algebraic geometry of singularities and moduli spaces,"This topic focuses on the study of algebraic varieties—particularly K3 surfaces, Fano threefolds, and higher-dimensional varieties like quadrisecant bundles in projective space—with emphasis on their geometric properties such as singularities, degenerations, and birational transformations. Key methods include Kodaira’s theory of singularities, Noetherian analysis, and the classification of terminal or nef (nef) bundles via techniques like KBM (Kodaira–Mumford stability), while applications span modular forms for supersingular varieties and the construction of stable curves under log structures. The interplay between Picard groups, Hilbert schemes, and sheaf theory further drives research into moduli spaces of semistable varieties, with a particular interest in rational or cubic configurations (e.g., sextics) and their geometric invariants like genus or canonical embeddings."
10,Euler–Navier-Stokes Homoclinic Dynamics and Critical Flow Analysis,"This topic centers on the study of critical phenomena, stability thresholds, and homoclinic structures in both incompressible and compressible fluid dynamics, particularly within the Euler–Navier-Stokes framework. Key methods include averaging techniques (e.g., quasi-averaged motions), spectral analysis via resolvent operators, and numerical approaches like dyadic decompositions or hyperviscosity regularization to investigate blowup phenomena, shock formation, and vorticity breakdown. The research explores transitions between laminar and turbulent flows—such as in Couette–Taylor geometries, obstacle-driven shear layers, or geostrophic averaging—and connects these to ergodic properties, isospectral dynamics (e.g., Oseledets’ multiplicative chaos), and the role of friction or boundary conditions. Applications span from fundamental questions about global well-posedness for weak solutions to practical fluid mechanics, including vortex breakdown in aerospace or turbulence modeling in environmental flows."
11,Quaternionic and Complex Geometric Structures,"This topic explores advanced geometric frameworks combining hyperkähler, quaternionic, and complex structures on manifolds—particularly those with rich curvature properties like Ricci-flat or Einstein metrics. Key methods include constructing compatible scalar fields, analyzing pseudo-Kähler and almost-Kähler tensor bundles, and studying invariant connections (e.g., via Lie-algebraic groups SU(2)×SU(2), SL(n,C), or SU(n)). Applications span soliton theory in non-linear PDEs, compact quaternionic Kähler manifolds, and conformal geometry for finite-type metrics, with deep ties to algebraic geometry and differential equations. The interplay of hyperkähler flows, bisectional metrics, and pseudo-Riemannian curvature also drives research into exotic geometries and invariant differential operators."
12,Topological Dynamical Systems with Hyperbolic Structures,"This topic explores the mathematical study of dynamical systems—particularly diffeomorphisms and flows—on compact spaces, emphasizing hyperbolicity, ergodicity, and structural stability. Key methods include analyzing Lyapunov exponents, homoclinic tori, and laminations to characterize instability, mixing, and recurrent behavior in chaotic systems. Applications span theoretical physics (e.g., Anosov systems), geometric measure theory (e.g., invariant measures under quasiperiodic maps), and computational mathematics (e.g., shadowing properties for numerical approximation). The focus often lies on understanding how small perturbations or nonuniformity affect long-term orbits, with connections to symbolic dynamics (subshifts) and ergodic theory via maximal entropy or expansive mappings."
13,Nonlinear Schrödinger Solitons in Mathematical Physics,"This topic explores the mathematical study of soliton dynamics and wave interactions governed by nonlinear Schrödinger equations (NLS) and related partial differential systems, emphasizing asymptotic behaviors, well-posedness proofs, and existence of solutions under varying dispersion and nonlinearity regimes. Key methods include dispersion relation analysis, compact support techniques, and energy-based estimates, often leveraging tools like Strichartz spaces or variational principles to investigate both soliton formation (e.g., Airy or Bose-Einstein condensate models) and decay processes in repulsive/attractive potentials. Applications span from condensed matter physics (Bose–Einstein condensates) to hydrodynamic waves, with a focus on critical/subcritical regimes, scattering theory, and competition between solitons or nonlinear wave collisions."
14,Combinatorial Optimization Relaxations,"This topic focuses on the study of structured relaxations—particularly convex and semidefinite programming (SDP) relaxations—for solving high-dimensional combinatorial optimization problems, such as packing, matroid-based formulations, and traveling salesman variants. Key methods include leveraging symmetric barriers, algebraic decompositions, and matroid-theoretic properties to derive tighter relaxations, often generalized from classical LP/SDP frameworks (e.g., using SOS or QCSPS techniques). Applications span robust optimization, multi-objective decision-making, and large-scale discrete programming benchmarks, where these relaxations enable guaranteed integrality recovery, efficient solvability via specialized packages (e.g., PackLib), and hybrid algorithmic hybrids (e.g., evolutionary or branch-and-bound approaches). The emphasis lies on bridging theoretical guarantees with practical computational tools for problems like asymmetric TSPs, bilevel knapsacks, and matroid-based packing constraints."
15,Spectral Analysis of Quantum Operators,"This topic focuses on the mathematical study of eigenvalue spectra, eigenfunctions, and scattering properties of self-adjoint operators—particularly in quantum mechanics, differential equations, and operator theory. Key methods include the use of perturbation theory (e.g., Darboux–Birkhoff transformations), spectral analysis techniques (like Titchmarsh–Liouville theory and Weyl’s asymptotics), and the study of resonances and scattering amplitudes through adjoint operators and resolvents. Applications span solving Schrödinger-type equations on curved spaces, analyzing magnetic potentials in quantum systems, and understanding Anderson localization or periodic/discrete spectral gaps in physical models. The interplay between analytic functions (e.g., Poincaré–Von Zeippen representations) and discrete eigenvalues—such as in Hill’s equation or Hill operators—also drives research into singular perturbations and eigenvalue distributions."
16,Quantum Information Systems and Algorithms,"This topic centers on the mathematical and physical foundations of quantum information theory, exploring hybrid systems where classical and quantum mechanics intersect through advanced algebraic structures like Hilbert spaces, cocycles, and noncommutative algebras. Key methods include the analysis of entanglement dynamics via Markovian processes, stochastic generators (e.g., Ito calculus), and Lindblad master equations to model decoherence and noise in qubit baths or photon systems. Applications span quantum computing—such as QAOA algorithms for optimization—entanglement witnesses, and probabilistic protocols like POVMs, while also addressing foundational questions like contextuality, nonlocality, and the role of semilogic frameworks in quantum logic. The interplay between classical statistical mechanics (e.g., Loewner perturbations) and quantum information theory drives innovations in error correction, variational algorithms, and hybrid quantum-classical systems for solving NP-hard problems or simulating complex many-body processes."
17,Combinatorial Permutation Structures,"This topic explores the mathematical study of permutations, subsequences, and their structural properties through combinatorial methods like generating functions, bijections, and sieving techniques. Key research revolves around analyzing patterns (e.g., descents, ascents) in permutations, longest increasing/avoiding subsequences, and their connections to Catalan structures, Young tableaux, and quasisymmetric polynomials. Methods include the use of involutions, derangements, and statistical tools like major index or Chebyshev polynomials to enumerate and classify permutation-related sequences, such as Sturmian words or Lyndon words. Applications span theoretical computer science (e.g., sorting algorithms like quicksort), algebraic combinatorics (e.g., Foata’s rearrangement rules), and advanced enumerative techniques in permutation statistics, with ties to topics like octahedral groups and Möbius inversion."
18,Stochastic PDEs and Pathwise Analysis,"This topic centers on the rigorous study of stochastic partial differential equations (SPDEs) and their solutions, particularly focusing on methods to analyze continuity, pathwise behavior, and enhanced regularity in rough environments. Key research revolves around fractional Brownian motion, Hurst processes, and degenerate diffusion mechanisms, often employing techniques like the Maruyama scheme or Volterra-type integral representations. Backward stochastic partial differential equations (BSPDEs) and reflected stochastic differential equations (RSDEs) are central to understanding stationary solutions, uniqueness of solutions, and their applications in financial mathematics (e.g., BSDEs with noise-driven coefficients). The interplay between Lyapunov theory, modulus-of-continuity estimates, and the BMO/BMO* framework ensures precise control over solution paths, while rigorous frameworks like those developed by Lyons, Dalang, and Mueller bridge theoretical gaps. Applications span stochastic heat equations, wide-sense Hurst processes, and degenerate SPDEs in both forward and backward settings, with implications for modeling continuous-time financial derivatives and complex physical systems."
19,Discontinuous Galerkin Multiscale Finite Element Methods,"This topic centers on the development and analysis of discontinuous Galerkin (DG) finite element methods, particularly for solving complex partial differential equations with emphasis on multiscale phenomena. Key research focuses include designing high-quality, unstructured meshes—often hexahedral or irregular—while addressing challenges like anisotropy, convection-dominated flows, and nonconforming elements to ensure robust error estimates and convergence rates. Advanced techniques such as enriched formulations (e.g., bubble functions), stabilized approximations, and adaptive mesh refinement are explored to balance accuracy and computational efficiency, especially for problems with broken boundaries or high aspect ratios. Applications span fluid dynamics (nonhydrostatic, multiscale turbulence) and structural mechanics (elasticity, potentiality-based methods), leveraging posteriori error analysis and preconditioners to optimize convergence in complex geometries like free-form meshes or subgrid-scale modeling."
20,Quaternionic Geometric Differential Analysis,"This topic explores advanced geometric structures on surfaces, hypersurfaces, and submanifolds using quaternions and their algebraic properties to study curvature, minimal/umbilic configurations, and extremal mappings. Key methods include Willmore-type functionals, conformal and quaternionic embeddings, and solutions inspired by Konopelchenko’s techniques or Bernsteins’ partner maps, often applied in hyperbolic or projective geometries. Applications span from constructing exotic immersions (e.g., helicoids, tori) to analyzing singularities in spacelike/hypersurface settings, bridging Euclidean, Sitter, and anti-de Sitter spaces via conformal or hodographic transformations."
21,Asymptotic Statistical Inequality Theory,"This topic centers on the rigorous study of inequalities governing moments, distributions, and tail behaviors in random variables—particularly under asymptotic, probabilistic, or extremal conditions. Key methods include moment-based bounds (e.g., Khintchine’s, Linnik’s), martingale techniques, and copula-dependent dependence structures to analyze variance, stability, and convergence properties. Applications span statistical estimation (e.g., VC theory, confidence intervals) to extreme-value analysis in stochastic processes, with implications for machine learning (e.g., robust loss functions), risk assessment (e.g., Pareto tail behavior), and probabilistic combinatorics (e.g., mixing times). Themes like ultrametric spaces, pseudometric inequalities, and umbral calculus bridge theoretical advances with empirical approximations, often leveraging Gaussian or subgaussian analogs for tractability."
22,Sparse Matrix Algorithms & Krylov Methods,"This topic revolves around the development and optimization of numerical algorithms specifically designed for solving large, sparse linear systems and eigenvalue problems. Key methods include iterative solvers like GMRES, BiCGstab, and Chebyshev accelerated Krylov subspace techniques (e.g., GKO), alongside specialized preconditioners such as incomplete LU factorizations (ILU variants) and multigrid-inspired strategies. The research emphasizes high-performance computing frameworks like ScaLAPACK for parallel matrix operations, low-rank approximations via PCA or NMF, and structured tensor decompositions to handle high-dimensional data efficiently. Applications span scientific simulations in fluid dynamics, quantum chemistry, and structural analysis, where precision and scalability are critical despite the inherent sparsity of matrices arising from physical separations or probabilistic modeling (e.g., Bayesian approaches). Advanced techniques like quaternion-based rotations for geometric transformations and nested iterative schemes further refine numerical stability and convergence rates."
23,Functional analysis and operator theory with renorming emphasis,"This topic centers on the study of Banach spaces, their isometric and near-isometric structures, and advanced techniques like Szlenk indices, bump functions, and renormings. Key methods include analyzing incomparability in normed spaces, exploring Archimedean properties, and investigating Lipschitz-like conditions (e.g., Kadec–Riesz theorems). Applications span operator theory—such as unconditional bases, reflexivity, and summability—and the interplay between convexity, monotonicity, and differentiability in Banach space geometry. Subtopics like near-isomorphisms, renorming invariants (e.g., Peetre’s C-invariant), and fuzzy/statistical measures also emerge, bridging classical analysis with modern functional frameworks."
24,Nonconvex Optimization Challenges,"This topic focuses on the study of optimization problems where objective functions exhibit nonconvexity, saddle points, or complex constraints, often requiring advanced algorithms to handle global minima and extrema reliably. Key methods include proximal gradient-based techniques, accelerated stochastic optimization (e.g., Adam, SGD variants), and nonmonotone descent strategies for convergence verification in high-dimensional settings. Applications span machine learning, robust control, and scientific computing, where traditional convex solvers fail due to excessive computational costs or false local minima. The research emphasizes theoretical analysis of algorithmic complexity, oracle efficiency, and practical software implementations (e.g., CDOS, BCD) while addressing challenges like feasibility domains and non-smooth composite objectives."
25,Paramodular Forms and Lifting Theory,"This topic centers on the study of paramodular modular forms—generalizations of classical modular forms incorporating non-integral weights, automorphic functions over higher-dimensional groups (e.g., PSL₂(ℝ) or SL₂(ℂ)), and their analytic properties like zeroes, heights, and traces. Key methods include constructing Selberg-type series expansions, analyzing Rankin-Selberg convolutions with Eisenstein series, and exploiting lifting techniques from CM-forms to non-CM settings (e.g., via Prasad’s theory or Yoshida’s work). Applications span number-theoretic counting problems (e.g., prime-counting functions in modular forms), the study of Riemann-type zeroes for automorphic representations, and connections to Galois representations (e.g., via Hida theory or adic methods). The interplay with hyperdifferential operators, octonions, and special cases like Siegel modular forms further enriches the analysis, often intersecting with conjectures like those in Kolyvagin’s or Gross-Zagier-type frameworks."
26,Optimized Vehicular Traffic and Logistics Systems,"This topic centers on the mathematical modeling, algorithmic optimization, and policy analysis of vehicular traffic management in complex networks—particularly focusing on real-world scenarios like urban roadways, industrial logistics, and pharmaceutical supply chains. Key methods include multicommodity flow theory, dynamic scheduling for electric vehicle charging stations, and priority-based routing to mitigate congestion (e.g., via dominance-heuristic or knapsack-inspired approaches). Applications span private transportation optimization, FDA-regulated delivery networks, and sustainable mobility policies, often leveraging kinematic modeling of traffic jams or cost-sensitive inventory management in transient systems. The research integrates analytical frameworks with empirical data from Mexican case studies (e.g., KRBalek/Cuernevaca) to evaluate productivity gains, demand rebalancing, and ethical implications of automated vehicle policies."
27,Tilted Category Theory in Noncommutative Algebra,"This research focuses on the study of tilted categories—specifically their role in transforming and enriching noncommutative algebras, quiver representations, and derived categories—through techniques like Grothendieck’s tilting theory, Serre duality, and Reiten components. Key methods include constructing tilting objects via graded filtrations, Koszul complexes, and mutation operations (e.g., in cluster algebras), often applied to affine or noncommutative algebras with hereditary or Gorenstein properties. Applications span representation theory of quivers, the classification of varieties (e.g., Enriques surfaces) through derived equivalences, and the study of triangulated categories like qcoh or torsion theories, bridging algebraic geometry, combinatorics, and homological algebra."
28,Error-correcting algebraic coding theory with quantum and combinatorial extensions,"This topic centers on the study of advanced mathematical structures—primarily binary, ternary, or quasigroup-based codes and lattices—that enable robust error correction in communication systems. Key methods include constructing MDS (maximum-distance separable), Kerdock, Goethals, and Golay-type codes; exploring Clifford algebras for quantum coding; analyzing stabilizer codes and tensor networks; and leveraging combinatorial designs like Hadamard, finite geometry, or Grassmannian-based constructions. Applications span classical and quantum digital communications, cryptography, DNA sequencing, and mobile data transmission, where bounds on decoding performance (e.g., Hamming, BCH, Reed-Solomon) are optimized via nonintersecting subspaces, packing schemes, and extremal designs. The interplay of automorphisms, involutions, and modular arithmetic further refines error-resilient constructions, bridging classical coding theory with modern quantum information science."
29,Free Probability & Determinantal Ensembles,"This topic explores the mathematical framework of free probability theory, emphasizing non-commutative random variables and their probabilistic structures through Hermitian matrices, Gaussian ensembles, and cumulants. Key methods include the analysis of matrix models (e.g., Ginibre, Wishart, or Karpelevic ensembles), free convolution via Voiculescu’s algebra, and the study of eigenvalues under exchangeability and universality principles. Applications span statistical physics (free fermionic systems), random matrix theory (spherical/banded matrices), and combinatorial probability (determinantal point processes). The focus extends to asymptotic behaviors—such as limiting distributions, largest/smallest eigenvalues, and covariance structures—often leveraging techniques like the Tracy-Widom law or orthogonal polynomials (Jacobi, Hermite) for rigorous derivations."
30,Nonminimal eigenvalue analysis in Riemannian manifolds,"This topic explores the study of eigenvalues, nodal domains, and spectral properties of self-adjoint elliptic operators—particularly the Laplacian—in nonminimal settings such as compact manifolds with Dirichlet or Neumann boundary conditions. Key methods include pseudodifferential calculus, Weyl’s law refinements, and Tauberian estimates to analyze eigenvalue gaps, phase transitions, and curvature-dependent bounds (e.g., Ricci-flat or conformally deformed domains). Applications span geometric spectral theory, scattering theory in fractal or multiscale geometries, and the analysis of vibrating systems with irregular boundaries. Subelliptic and hypoellipticity conditions are often examined via sharp inequalities, including those derived from Gagliardo–Nirenberg–Sobolev embeddings or semiclassical asymptotics for quasimodes."
31,Reactive-Spatial Dynamics in Multispecies Systems,"This topic examines the interplay between chemical reaction-advection-diffusion dynamics and spatial-temporal patterns within multispecies ecological, biological, or mathematical frameworks. Key research focuses on modeling systems like flames, tumors, microbial populations, or predator-prey interactions using variants of the Fisher-KPP equations, Perron’s principle, variational methods (e.g., Gierer-Meinhardt, Cushing), and delayed differential kernels to analyze fronts, speed transitions, and hysteresis effects. Applications span biological phenomena such as cellular proliferation or tumor spreading, environmental systems like phytoplankton dispersal, and engineering models of combustion or chemical memory in structured media. Methods include numerical simulations (e.g., finite-element filtering) alongside analytical tools like bifurcation theory, stochastic segregation, and reaction-rate optimization to assess coexistence, extinction thresholds, and adaptive fertility-driven dynamics under varying environmental conditions."
32,Smart Grid Cyber-Physical Security Optimization,"This topic focuses on integrating cybersecurity, energy system optimization, and smart grid technologies to enhance resilience, reliability, and efficiency in modern power networks. Key research involves modeling and analyzing distributed microgrid systems, renewable energy integration (e.g., wind/hydrogen storage), and real-time fault detection using phasor measurement units (PMUs) or SCADA cyber-attacks. Methods include optimization frameworks like mixed-integer programming (MIP), second-order cone programming (SDP), and dynamic control strategies for load balancing, voltage stability, and outage prevention. Applications span global energy markets—from national grid planning to decentralized smart communities—while addressing cyber-physical threats, cost-effective resource dispatch, and adaptive demand management to mitigate blackouts or overheated converter failures."
33,Enriched Homotopy Theory and Operadic Structures,"This topic centers on the study of enriched category theory, homotopical algebra, and operadic structures within mathematical foundations. Key methods include constructing and analyzing enriched categories (e.g., bicategories, ∞-categories) using simplicial, cubical, or globular frameworks, while leveraging techniques like Quillen model categories, cofibrations, and fibrant replacements to explore equivalences and homotopy limits/colimits. Operads—both classical and enriched (e.g., little cubes, shells, suboperads)—play a central role in defining algebraic structures such as associative algebras, monoidal categories, or even higher operadic algebras, often via Hochschild homology or Segal’s approach to model categories. Applications span theoretical mathematics (e.g., the study of toposes, presheaves, and topological spaces) to computational algebra (e.g., Koszul complexes, derivators), with connections to physics (e.g., quantum field theory via operads) and machine learning (e.g., categorical data structures). The interplay between homotopy theory, enrichment, and model categories enables rigorous frameworks for understanding higher-dimensional phenomena in algebra, topology, and category theory."
34,Heegner–Selmer theory of CM elliptic curves,"This topic explores the interplay between Heegner points, Selmer groups, and complex multiplication (CM) in the study of elliptic curves over number fields. Key methods include constructing parametrizations via abelian varieties, analyzing endomorphism rings, and leveraging Galois representations to classify torsion subgroups and rank-1 isogeny classes. Applications span modular forms, Tate–Shafarevich conjectures, and the resolution of parity problems in Birch and Swinnerton-Dyer theory, particularly for supersingular or CM curves with hyperelliptic Jacobians. The research often employs advanced techniques from algebraic geometry (e.g., Weil pairings, Selmer filters) and arithmetic geometry (e.g., Shafarevich–Tate groups, superspecial fields), bridging number theory and algebraic topology through the lens of elliptic curve isogenies."
35,Financial Derivatives Modeling with Martingales,"This topic centers on the mathematical modeling of financial derivatives—particularly options, swaps, and structured products—using martingale theory, stochastic calculus (e.g., Laplace, Laguerre transforms), and numerical methods like Monte Carlo simulation. Key research focuses on pricing contingent claims under volatility uncertainty, arbitrage-free valuation frameworks (e.g., Geman–Hartman processes, numeraire-dependent pricing), and optimal hedging strategies for investors and insurers. Themes include American-style option exercise, credit risk modeling via default processes (e.g., Lando’s model), and the development of subdiffusive or path-dependent structures to capture market inefficiencies or liquidity constraints. Applications span portfolio optimization, reinsurance pricing, and regulatory arbitrage, with cross-disciplinary ties to economic theory, game theory, and numerical analysis."
36,acoustic and electromagnetic invisibility cloaking,"This topic explores the theoretical and experimental methods for creating artificial media that manipulate wave propagation—particularly acoustic, electromagnetic, and phononic waves—to achieve near-invisibility or controlled scattering behavior. Key approaches include inverse scattering theory, homogenization techniques, and wave inversion algorithms (e.g., Talbot effect-based refocusing, Huygens’ principle extensions) to reconstruct unknown obstacles or inhomogeneities in media with varying conductivities or impedances. Applications span cloaking devices for electromagnetic waves (metamaterials), acoustic invisibility via metamaterial design (e.g., resonant scatterers, plasmonic structures), and thermoacoustic imaging for non-destructive evaluation of buried objects. Practical challenges involve balancing uniqueness guarantees in inversion problems, handling high-frequency noise, and fabricating scalable cloaking elements with tunable properties, often leveraging numerical methods like finite-element tomography or pseudospectral wave equations."
37,Multiscale Numerical Methods for PDEs with Noise,"This topic focuses on advanced numerical techniques combining multilevel, sparse-grid interpolation, and machine learning methods to solve partial differential equations (PDEs) in complex environments like atmospheric sciences or aeroacoustics. Key methodologies include Galerkin-based finite element approaches with reduced basis techniques, nonlinear preconditioners, and adaptive sampling strategies (e.g., Smolyak grids), often paired with deep neural networks (DNNs) for data-driven PDE solvers like physics-informed neural networks (PINNs). The research emphasizes error reduction via posteriori error estimators, residual-based enrichment methods, and hybrid intrusive/nonintrusive approaches to balance accuracy and computational efficiency. Applications span high-dimensional problems in atmospheric assimilation, emission modeling, and computational fluid dynamics, where noise and uncertainty propagation necessitate robust multiscale approximations and probabilistic sampling (e.g., Monte Carlo methods)."
38,Nonlinear Dynamical Chaos in Perturbed Hamiltonian Systems,"This topic centers on the study of complex dynamical behaviors—particularly chaotic oscillations, bifurcations, and resonant phenomena—in near-integrable or perturbed Hamiltonian systems. Researchers employ methods like Melnikov theory for impulsive perturbations, Arnoldian techniques to analyze separatrix reconnections, and geometric unfolding (e.g., versal deformations) to classify singularities and unfoldings. Key applications include modeling forced oscillators (e.g., Duffing’s equation), chaotic attractors in delayed dynamical systems, and the role of symmetry-breaking bifurcations in phase-space portraits. The interplay between periodic/periodic-like structures (e.g., snaking tongues, subharmonic cycles) and exotic behaviors like canard explosions or strange attractors is a core focus, often bridging theoretical analysis with numerical simulations and control strategies for stability."
39,Finslerian Cosmological Geometry and Relativistic Singularities,"This topic explores the geometric, topological, and physical properties of spacetime structures in general relativity, particularly focusing on Finslerian metrics—non-Riemannian geometries—and their applications to cosmology, wormhole dynamics, and singularity formation. Key methods include analyzing asymptotically flat or Euclidean spacetimes via Penrose slicing, microlocal analysis (e.g., wavefront sets), and quasilocal energy-momentum constructions, often leveraging techniques like the Bondi–Sachs formalism or conformal compactification. Research emphasizes black hole interiors (e.g., Kerr–Nordström solutions), cosmic horizons, and the role of null infinity in relativistic systems, while addressing challenges such as causality censorship, trapped surfaces, and the behavior of spacetime near singularities like crunch events or Big Bangs. The interplay between geometric structures (e.g., indicatrices, polyhomogeneous expansions) and physical phenomena—such as gravitational radiation, vacuum energy, or brane dynamics—drives investigations into both fundamental questions about spacetime geometry and practical models for cosmic evolution."
40,Noncommutative algebraic structures and deformations,"This topic centers on the study of noncommutative algebras—particularly associative, superalgebras, and related structures like Lie algebras, Malcev algebras, and graded/nongraded variants—that arise in abstract algebra, representation theory, and mathematical physics. Key methods include algebraic constructions (e.g., bar constructions, extensions via prederivations), deformation quantization (e.g., Novikov–Krichever formalisms, Rinehart theory), and cohomological techniques (e.g., Hochschild homology/cohomology, Cartan subalgebras). Applications span quantum groups, topological field theories, and nonassociative algebra, with a focus on classifying solvable, nilpotent, or filiform algebras while exploring their geometric and physical interpretations in areas like integrable systems and superstring theory."
41,Polynomial Approximation and Functional Analysis,"This topic centers on the study of polynomial approximations, orthogonal polynomials (e.g., Laguerre, Krawtchouk, Jacobi), and their applications in functional analysis, operator theory, and numerical methods. Key research focuses include constructing monic or generalized polynomial families, analyzing stability, bounds, and convergence properties via norms, inequalities, and inner products within Hilbert spaces or weighted scales. Methods often involve Padé approximants, orthogonal expansions, and discrete/continuous kernels (e.g., Schwarz, Grüss), while applications span solving Fredholm integral equations, bounding zeros of special functions, and developing efficient algorithms for numerical integration or stability analysis in dynamical systems."
42,Complex analytic geometry and function theory,"This topic centers on the study of complex domains, holomorphic mappings, and their geometric properties within both real and complex manifolds. Key methods include analyzing meromorphic functions, pseudoconvexity via Levi forms, and the behavior of hypersurfaces under codimension constraints, often leveraging techniques like holomorphy preservation (CR theory), compactness arguments, and subdomain decompositions. Applications span conformal mappings, quasiconformal deformations, and the classification of domains with singularities or nondegenerate immersions, bridging areas such as Riemannian geometry, quaternionic analysis, and pseudoconvexity theory to solve problems in analytic continuation, distortion estimates, and geometric function theory."
43,Symplectic Geometry and Floer Theory,"This topic centers on the study of symplectic manifolds, their substructures like Lagrangian four-manifolds, and advanced techniques such as fibrations, pseudoholomorphic disk theory, and Gromov invariants. Key methods include constructing spectral invariants via Floer homology (e.g., Zehnder–Floer theory), analyzing monodromy in symplectic fibrations, and exploring capacities—both geometric (Hofer) and topological (Hamiltonian)—to classify symplectic capacities. Applications span exotic symplectic structures on manifolds like the torus or lens spaces, overtwisted contact geometry, and the classification of tight fillable symplectic 4-manifolds via Lefschetz fibrations and Weinstein fillings. The interplay between cotangent bundles, hyperbolic structures, and non-degenerate symplectomorphisms drives much of the research, with a focus on invariants like the Zehnder class and spectral Floer homology."
44,Mirror Symmetry & Topological String Theory,"This topic centers on the study of mirror symmetry—a deep duality between complex geometric structures (like Calabi–Yau manifolds) and their string-theoretic counterparts, particularly in the context of topological string theory. Key methods include the use of Gromov-Witten invariants, moduli spaces of cycles, and advanced techniques like gluing constructions (e.g., CY3/bbb gluing), while leveraging noncommutative geometry, branes (D-branes, M5-branes), and twisted cohomotopy. Applications span from computing refined Gromov-Witten invariants via the Rozansky-Witten formula to resolving conjectures in mirror symmetry (e.g., Casson’s wall-crossing conjecture) and exploring topological quantum field theories (TQFTs). The interplay with supergravity, sigma models, and nonabelian gauge theories—such as those arising from gauged linear sigma models (GLSMs)—enables deeper insights into anomalies, symmetries, and the holographic principle in string theory."
45,Fractional Stochastic Processes and Boundary Theory,"This topic centers on the study of fractional Brownian motion, multifractional processes, and their rigorous mathematical characterization through advanced stochastic calculus. Key methods include the use of Hida distributions, Wiener–Itô chaos expansions, and Girsanov’s theorem to analyze fractional diffusions, white noise, and related martingale structures. Applications span capacity theory, hitting probabilities, and asymptotic behavior in random walks or diffusive processes, often with a focus on planar boundaries, self-similarity, or stable processes. The interplay between integrability conditions (e.g., Hurst exponent analysis), Levy processes, and functional stochastic measures—such as those in the Krein–Milman framework—drives much of the theoretical exploration, particularly in refining exit/overshoot phenomena and compensators for non-Gaussian noise."
46,Multimodal Queueing & Wireless Resource Optimization,"This topic centers on the integration of queueing theory with wireless communication networks, exploring how to optimize resource allocation and scheduling under heavy-tailed arrival patterns, interference constraints, and multiclass user demands. Key methods include fluid-limit approximations for stability analysis in SRPT (Shortest Remaining Processing Time) queues, adaptive priority policies like AIMD (Additive Increase Multiplicative Decrease), and advanced beamforming techniques in IRS-based wireless systems to mitigate fading and interference. Applications span real-time wireless networks—such as drone-assisted satellite communications under LAAN (licensed-assigned access networks)—where buffer management, multiclass utility maximization, and outage probability minimization are critical for system throughput, latency control, and energy-efficient access policies."
47,Fractal Geometry and Measure Theory in Noncommutative Spaces,"This topic explores the intersection of fractal theory, Hausdorff dimension estimation, and noncommutative algebraic structures—particularly through the lens of spectral analysis, Dixmier trace formalisms, and multifractal measures. Key methods include comparing iterative function systems (IFS), superfractal constructions like Sierpiński gaskets or carpets, and the application of Besicovitch’s measure theory to analyze self-similarity and connectedness in metric spaces. The study generalizes classical fractal concepts—such as Cantor sets, Buffon needles, and snowflake transformations—to noncommutative algebras (e.g., C*- or von Neumann triples), leveraging tools like contractivity, spectral averages, and gauge-theoretic projections to define traceability and dimensions in abstract settings. Applications span mathematical physics (e.g., quantum chaos via spectral functions), computational geometry (packing problems, labyrinths), and functional analysis (intermediate spaces between Banach and Fréchet structures)."
48,Advanced Partition Theory and q-Series Analysis,"This topic centers on the exploration of refined partition structures, hypergeometric series, and q-extensions in number theory, particularly through Ramanujan’s contributions and modern refinements. Key methods include modular arithmetic (e.g., Rogers-Ramanujan identities), generating functions for overpartitions, and asymptotic evaluations of sums via bilateral series or hyperharmonic polynomials. Applications span combinatorial enumeration—such as counting jagged or concave partitions—and connections to special functions like psi-functions and q-series, often analyzed through congruences or symmetrized variants. Researchers also address ambiguities in notation (e.g., ‘tilde’ or overlined symbols) and refine algebraic identities (e.g., Bernoulli-like formulas), bridging pure theory with computational tools like symbolic software (e.g., SageMath notebooks)."
49,Critical Percolation and Random Geometry,"This topic centers on the study of critical percolation models—random lattice processes where connectivity transitions from finite to infinite clusters at a phase boundary—and their deep connections with random geometric structures. Key methods include inductive reasoning, recursive site/edge occupation analysis (e.g., Flory’s loop theory), and conformal mapping techniques (e.g., Loewner chains, SLE processes) to model self-similar fractal shapes like loops, clusters, or interlacements. Applications span statistical physics (coexistence of phases, fugacity-driven transitions) to quantum field theory (superconformal CFTs, Liouville theory), where percolation-inspired random walks underpin non-trivial scaling laws and critical exponents. The interplay between probability theory (e.g., Hammersley’s site/edge models) and conformal field theory (e.g., BFKL dynamics, Liouville gravity) drives innovations in understanding large-scale geometric deviations, equipotential boundaries, and the statistical indistinguishability of random configurations."
50,Minkowski-Geometric Extremal Analysis,"This topic focuses on the study of convex bodies, their geometric properties, and extremal configurations within Euclidean spaces, emphasizing inequalities, volumes, and isoperimetric problems. Key methods include Minkowski’s summation theory, Brunn-Minkowski analysis, and techniques like symmetrization, radial projections, and quermassintegrals to quantify shapes (e.g., widths, volumes, surface areas). Applications span from classical isoperimetry—comparing shapes under volume constraints—to modern research on polyconvex bodies, anisotropic metrics, and combinatorial convexity, often bridging pure mathematics with computational geometry and optimization. The interplay of convexity, concavity, and discrepancy measures (e.g., Busemann’s or Hadwiger’s) drives advancements in geometric inequalities, invariant theory, and the classification of extremal shapes like ellipsoids or spindles."
51,Combinatorial Number Theory and Sequence Analysis,"This topic explores deep connections between integer sequences, divisibility properties, and combinatorial structures through advanced mathematical techniques like recurrence relations, generating functions, and umbral calculus. Key methods include the analysis of Catalan-like sequences (e.g., Fibonacci, Lucas, Motzkin), the study of generalized Bernoulli numbers via Stirling expansions and formal power series, and the application of Zeilberger’s algorithm for exact summation identities. Applications span numerology—such as curious properties of concatenated or triangular numbers—and the derivation of conjectures like the Takeuchi divisibility conditions (e.g., ‘2n’-based patterns). The interplay between classical theorems (Eulerian, Catalan) and modern formalisms (umbral polynomials, Bell polynomials) drives research into integer partitions, digit-based curiosities (Zeckendorf representations), and even connections to algebraic geometry via monomial ideals or generating series for combinatorial objects like Narayana triangles. The field bridges pure mathematics with computational challenges, emphasizing elegant proofs over brute-force enumeration."
52,Inverse Radiographic Image Reconstruction,"This topic focuses on the mathematical and computational methods used to recover high-quality images from corrupted or incomplete radiographic data, such as CT scans or microscopy projections, often under severe limitations like noise, blur, or limited sampling. Key research revolves around iterative algorithms—such as alternating direction method of multipliers (ADMM) variants, total variation (TV), and Tikhonov regularization—to balance reconstruction fidelity with computational efficiency while addressing singularity challenges in inverse problems. Advanced techniques include phase retrieval methods (e.g., Bakushinskii-inspired approaches), Besov-space-based regularizers, and hybrid learning-driven strategies to improve robustness against artifacts like speckle or motion blur. Applications span medical imaging (breast CT, MRI) and industrial microscopy, where accurate reconstruction of transparent objects or deep structures is critical for qualitative and quantitative analysis."
53,Algebraic combinatorics in quasigroup theory,"This topic focuses on the study of algebraic structures like quasigroups, semigroups, and monoids through combinatorial methods, particularly emphasizing their decompositions, tilings, and structural properties. Key research revolves around classifying irreducible or homogeneous configurations (e.g., in word problems, rewriting systems), analyzing nilpotent or cancellative substructures, and exploring connections to pseudogroups, rings, and algebraic varieties via congruences and bijections. Applications span theoretical algebra—such as solving the semigroup word problem, studying automaticity, and understanding presentability—and computational mathematics, including algorithms for generating minimal generators (e.g., in polycyclic groups or finite quasivarieties). Methods often blend symbolic computation (FFTs, plactic monoids), order-theoretic analysis (preorders, orders), and geometric interpretations (diagonalized structures, rook moves) to bridge abstract algebra with numerical and combinatorial insights."
54,Multiscale Infectious Disease Modeling,"This topic centers on the mathematical and computational study of infectious disease dynamics across diverse scales—from individual cellular interactions to global pandemic propagation. Key methods include network-based percolation models, stochastic simulations of intrahost viral replication (e.g., HIV), and metapopulation frameworks for human or non-human systems like honeybee colonies. Research emphasizes probabilistic thresholds (e.g., epidemic threshold in SIR-like models) and the role of heterogeneous structures—such as immune cell networks (CD8+ T cells, MHC interactions)—in shaping infection spread and vaccine efficacy. Applications span clinical epidemiology (HIV/AIDS, COVID-19), zoonotic outbreaks (dengue, tuberculosis), and emerging threats like opioid-induced infections or mutagenic viruses, often integrating mobility data, resource constraints, and behavioral factors to predict outbreak risks and design control strategies."
55,Higher-Order Quantization Frameworks,"This topic explores advanced mathematical frameworks bridging Poisson geometry, Lie algebroids, and noncommutative quantization theories, emphasizing structures like bialgebroids, gerbes, and higher stacks. Key methods include Fedosov prequantization, deformation quantization via R∧A (Riemannian-algebraic) approaches, and the study of star products on manifolds or bundles, often leveraging symplectic, hypersymplectic, and multisymplectic geometries. Applications span from constructing noncommutative algebras for quantum field theory to analyzing higher-dimensional topological phases, including massless particle dynamics, branes, and gauge-theoretic deformations in mathematical physics."
56,Nonlinear Time-Series Signal Estimation with Residual Analysis,"This topic focuses on the statistical modeling of complex, irregular time-series data—particularly in fields like economics and finance—where subthreshold signals, heteroscedastic noise, and volatility patterns drive estimation challenges. Key methods include autoregressive (AR) and generalized ARCH (GARCH)-type models, mixed-data-dependent GARCH (MIND-GARCH), and advanced deconvolution techniques like the Nehari approach or bootstrap-assisted inference to handle irregular observations and sequential detection of faults. The analysis often employs likelihood-based estimators, moment-matching (e.g., QMLE), and asymptotic theory to assess goodness-of-fit under non-stationary or self-similar processes, while applications span asset pricing volatility modeling, economic regime changes, and astronomical signal processing where lagged dependencies and tail behaviors require specialized tests like CUSUM or functional data analysis. Suboptimal estimators and adaptive methods (e.g., Lasso, moving averages) are also explored to improve efficiency in high-dimensional or sparse settings."
57,Riemann–Hurwitz Multizeta Relations,"This topic explores deep mathematical connections between Riemann zeta functions, polylogarithms, and their generalizations (multizeta values) through intricate relations derived from algebraic structures like shuffle algebras, Drinfeld’s associators, or combinatorial series. Key methods include the use of Balazard–Saïas theory, binomial expansions, and regularized integrals to study zeroes, critical values, and moments of these functions, often intersecting with number-theoretic hypotheses (e.g., Riemann Hypothesis variants) and analytic continuations via Lerch’s or Hurwitz-type formulae. Applications span from quantum field theory (hep-ph) to modular forms, where universal relations—such as those involving Euler sums, Apery sequences, or multitangent functions—unify classical analysis with modern algebraic geometry, yielding insights into universality properties and conjectures like the ‘Big Picture Conjecture’ for multizeta values."
58,Dialectical Constructivist Logics,"This topic encompasses the study of intuitionistic, constructive, and paraconsistent logics that incorporate dialogical, epistemic, or nonmonotonic frameworks—such as hypersequents, Takano’s systems, and Boolean-algebra-inspired variants—to explore formal proof theory under conditions of uncertainty, contradiction tolerance, or computable reasoning limits. Key methods include the analysis of constructive calculi (e.g., Gödelian and Gentzen-style), fuzzy and quantale-based semantics, and dialogical proofs (e.g., S4, modal logics with epistemic dependencies). Applications span mathematical logic’s foundational debates (e.g., incompleteness paradoxes vs. eliminability of intuitionism), computational theory (e.g., decidable/indecidable frameworks in arithmetical systems like ZF or PA), and AI reasoning under ambiguity (e.g., paraconsistent logics for knowledge representation). Themes also intersect with nonstandard analysis, preferential logic, and games-based semantics, often interrogating how formal structures justify or challenge classical logical intuitions while preserving mathematical rigor."
59,prime-number multiplicative structures and probabilistic methods,"This topic explores the intricate relationships between prime numbers, their distributions, and related mathematical constructs like twin primes, reciprocal pairs, and arithmetic progressions through advanced sieving techniques (e.g., Eratosthenes’ sieve, Legendre’s sieve). Key methodologies include analyzing multiplicative functions, totient values, and probabilistic bounds (such as the Kelly criterion variants ‘kelly1’ and ‘kelly2’) to study prime gaps, conjectures like Goldbach’s or Twin Prime Conjecture, and their implications for number-theoretic progressions. The research often integrates combinatorial arguments with analytic techniques—such as logarithmic analysis, uniform distribution properties, and moments of primes—to derive exact or asymptotic results. Applications span cryptography, algorithmic number theory, and the study of prime constellations (e.g., ‘bigr’/‘bigl’ triplets), bridging theoretical insights with empirical distributions in distributed systems or computational primality testing."
60,Multiscale analysis with wavelet-based frames,"This topic centers on the study of multiresolution frameworks using wavelet and frame theory to analyze signals, functions, or operators in mathematical spaces. Key methods include designing multiwavelet systems, Bessel and Heisenberg frames, and biorthogonal/orthonormal bases for efficient signal decomposition via transforms like the Fast Fourier Transform (FFT) or wavelets, often leveraging radial basis functions (RBFs) or interpolatory kernels. Applications span mathematical physics—such as uncertainty quantification, sampling theory, and operator analysis in noncommutative algebras—and computational mathematics, including image processing, data compression, and solving partial differential equations with localized bases like shearlets or quarklets. The focus extends to theoretical advancements in overcomplete frames, endomorphism spaces, and geometric interpretations (e.g., tori, Clifford algebras) while addressing practical challenges like reconstruction losses, invertibility, and alignment of multiwavelet packets."
61,Hopf-algebraic structures in equivariant and coalgebraic mathematics,"This topic centers on the study of Hopf algebras, bialgebras, and coalgebras within advanced algebraic frameworks like category theory, tensor categories, and equivariant mathematics. Key methods include the analysis of quasitriangular, quasitriangularized, and braided structures, often leveraging techniques such as Tannaka-Krein reconstruction, crossed products, and matched extensions to explore their categorical properties. Applications span representation theory (e.g., finite-dimensional algebras, semisimple or cosemisimple Hopf-Galois extensions), equivariantizations of monoidal categories, and the construction of fusion rings or graded algebraic structures under constraints like cocycle conditions or centralizer-based twists. The interplay between coalgebraic operations—such as coactions, cointegrals, and twisting mechanisms—and their role in defining noncommutative geometry or topological quantum field theories also drives research here."
62,Combinatorial Game Theory and Strategic Card/Graph-Based Puzzles,"This topic centers on the intersection of combinatorial game theory, discrete mathematics, and strategic card-based or graph-theoretic puzzles. Key research revolves around analyzing games like Nim, Wythoff’s game, and variants of solitaire (e.g., peg solitaire) using mathematical structures such as nimbers, Grundy numbers, and positional strategies to determine winning/losing conditions or optimal moves. The field also explores card-counting techniques in blackjack, pathfinding algorithms for graph-based puzzles like the Rubik’s Cube or Tower of Hanoi, and theoretical frameworks (e.g., PSPACE-completeness) for solving complex combinatorial problems. Applications span cryptography, AI decision-making, and algorithmic game design, often leveraging advanced computational methods to model player interactions, deviations from optimal play, or dynamic game resolutions."
63,Geometric Packing Theory in Euclidean/Hyperbolic Spaces,"This topic explores the mathematical study of optimal arrangements and densest packings of geometric shapes—such as circles, disks, spheres, and simplices—in Euclidean, spherical, or hyperbolic geometries. Key methods include using combinatorial bounds (e.g., Hales’ conjectures), lattice structures (like Delone’s criteria), and probabilistic or geometric inequalities (e.g., Borsuk–Ulam theorems) to analyze distances, volumes, and incidences between bodies. Research often focuses on deriving exact or near-optimal density values for configurations like Apollonian circles, kissing numbers in higher dimensions, or quasicrystal arrangements, with applications in crystallography, robotics, and computational geometry. The interplay of classical results (e.g., Kepler’s conjecture) and modern advancements—such as hyperbolic packing theory and centerpoint theorems—drives both foundational and applied discoveries."
64,Orthogonal Polynomials and Multivariate Spectral Analysis,"This topic centers on the study of orthogonal polynomials—such as Askey’s family (Jacobi, Laguerre, Meixner, Pollaczek, ultraspherical, Gegenbauer, etc.)—and their extensions to multivariate settings, including bispectral and paraorthogonal systems. Key methods involve constructing spectral operators, analyzing zeros via recurrence relations or asymptotics, and deriving generating functions or inversion formulas (e.g., for Hankel, Toeplitz, or difference operators). Applications span probability theory (via moment measures), quantum physics (Hecke algebras, oscillator representations), and approximation theory (lacunary series, biorthogonality). Multivariate extensions explore orthogonal polynomials over circles/unit arcs, hypergeometric series, and special functions like Appell or Mehler polynomials, often bridging classical analysis with modern algebraic geometry."
65,Evolving Multiplex Network Analysis,"This topic focuses on the study of dynamic, interconnected systems where nodes (such as vertices or entities) evolve over time through complex dependencies, spanning multiple layers like social, physical, or informational networks. Key methods include recursive graph traversal techniques—such as spanning trees, preferential attachment models, and hyperforest structures—to analyze structural properties like connectivity, clustering coefficients, and transitivity across evolving configurations of nodes and edges. The analysis often employs probabilistic distributions (e.g., log-log relationships) and statistical laws (like Erdős–Rényi or preferential attachment) to derive extremal characteristics, such as the giant component’s size or temperature-dependent phase transitions in multiplex networks. Applications span physics (e.g., critical phenomena), social sciences (e.g., social network surfer behavior via algorithms like PageRank), and computational mathematics (e.g., randomized search heuristics for graph optimization). The interplay of homophily, transitivity, and edge dependencies drives insights into network segregation, connectivity dynamics, and emergent behaviors in systems ranging from web graphs to biological proteomes."
66,High-Resolution Discontinuous Advection Methods,"This topic focuses on the development and application of advanced numerical methods—particularly discontinuous Galerkin (DG), finite volume (FV), and weighted essentially non-oscillatory (WENO) schemes—to solve hyperbolic conservation laws with high accuracy while mitigating artifacts like oscillations, viscosity-induced instabilities, and artificial diffusion. Key research emphasizes adaptive mesh refinement (AMR), shock-capturing techniques, and spectral or pseudo-spectral dealiasing to enhance resolution in complex geometries, such as fluid–polymer interfaces or oil reservoir simulations. Methods often leverage conservative formulations, entropy-aware reconstruction (e.g., Roe, Godunov schemes), and hybrid approaches (like DG-FV hybrids) to balance accuracy with computational efficiency while addressing challenges like interface tracking, multi-phase flows, and magnetohydrodynamics (MHD). Applications span fluid dynamics (shallow-water modeling, jet propulsion), reservoir engineering, and polymer processing, where accurate advection-diffusion interactions are critical for predicting transient phenomena or optimizing industrial processes."
67,Combinatorial polytope dissections and geometric decompositions,"This topic explores the mathematical properties, methods, and applications of polyhedra, polytopes, and their subdivisions through techniques like triangulations, simplicial dissections, and Voronoi-based partitions. Key research focuses on equidecomposability—how shapes can be cut into pieces that can be rearranged to form another shape—and the study of lattice structures, zonotopes, and convex polytopes via methods such as Delaunay triangulations, Kalai’s perfect dissections, and hyperdeterminant analysis. Applications span computational geometry (e.g., using polymake or associahedron frameworks), combinatorial optimization (e.g., transportation problems on polytopal complexes), and geometric probability, with connections to algebraic geometry (e.g., Ehrhart theory) and topological data analysis. The interplay between simplicial structures, triangulations, and geometric constraints—such as rigid dilation or projective relations—drives innovations in both theoretical foundations and algorithmic implementations for polyhedral modeling."
68,Spin-glass and glassy phase criticality in disordered systems,"This topic centers on the study of critical phenomena in spin-glass systems, where disordered interactions lead to complex metastable states and non-ergodic dynamics. Key methods include replica symmetry-breaking analysis (e.g., Parisi’s ansatz), hierarchical models like the Sherrington-Kirkpatrick model, and advanced Monte Carlo simulations using techniques such as the Glauber or Metastate Gibbs measure. Applications span condensed matter physics—such as frustrated magnets, diluted Ising systems, and random-field Potts models—to statistical mechanics, where these phenomena inform theories of glassy transitions, jamming, and disordered phase spaces in both spin systems and market economics. The interplay between criticality, superfrustration, and metastability is explored via scaling laws, contour enumeration (e.g., SOS models), and rigorous bounds like those from Winterbottom or Capel’s work on Gibbsianness. The focus also extends to broader mathematical frameworks, including matroids, Cayley graphs, and hierarchical structures, bridging physics with combinatorics."
69,Lusztig–Kashiwara Crystal Theory in Affine Hecke Algebras,"This topic centers on the study of crystal bases within affine Hecke algebras and their applications to representation theory, particularly for semisimple Lie algebras and quantum groups. Key methods include constructing distinguished crystal bases via avoiding configurations, parametrizations of Weyl group elements (e.g., WW, wx), and geometric realizations using Young tableaux or quiver representations. The focus spans irreducible modules over Hecke algebras, their categorification in derived categories, and connections to affine Kac–Moody algebras, including the role of Lusztig’s conjectures and Kazhdan–Lusztig polynomials in defining crystal structures. Applications extend to quantum groups (e.g., SL₂, GLₙ), cyclotomic Hecke algebras, and geometric combinatorics via rigged configurations or cylindric tableaux, bridging abstract algebra with representation theory and algebraic geometry."
70,Random Walk Theory in Complex Environments,"This topic explores the mathematical study of random walks—particularly their behavior, transience, and escape probabilities—in structured or chaotic environments like trees, planar graphs, and financial networks. Key methods include analyzing conditioned walks (e.g., via Revesz’s site occupation times), quenched randomness in heterogeneous conductances (inspired by ‘bbz’-style resistor networks), and the interplay between recurrent/transient processes and limiting behaviors (limsup, lim). Applications span physics (diffusive chaos in Earthworm-like drifts), probability theory (recurrent walks on trees), and finance (multiplexed investor behavior under biased randomness). Early works by Erdős and later extensions via Harnack’s inequalities or the ‘Hull of random walks’ framework bridge pure math with applied problems like transient diffusion, localizations, and escape probabilities in complex systems."
71,Distributed Optimization in Networked Systems,"This topic centers on scalable optimization techniques across decentralized networks, leveraging subgradient methods and iterative algorithms to solve global problems like consensus or prediction while minimizing communication overhead. Key research focuses on hybrid approaches combining centralized and distributed strategies—such as federated learning frameworks (e.g., FL)—to balance accuracy and efficiency under constraints like Lipschitz continuity or convexity. Methods include asynchronous gossip-based updates, projected gradient descent variants (e.g., PSGD), and Byzantine-tolerant protocols to handle unreliable nodes. Applications span machine learning (e.g., ESOM, PDMM) and escience workflows where distributed agents optimize shared objectives under diminishing error bounds or cross-layer constraints."
72,Topological group dynamics and measure-theoretic structures,"This topic investigates the interplay between topological groups, their actions on spaces, and associated measure-theoretic properties such as ergodicity, amenability, and coarse geometry. Key methods include studying asymptotic behaviors of orbits under group actions (e.g., via cocycles or dynamic systems), analyzing compactness, metrizability, and separability in topological frameworks, and exploring embeddability into higher-dimensional spaces while preserving structural invariants like homeomorphisms or coarse equivalences. Applications span ergodic theory—such as studying aperiodic tilings, minimal actions, or the ‘earring’ phenomenon—and the classification of amenable groups, where Bernoulli shifts, Polish spaces, and Borel dynamics play central roles. The study also bridges abstract algebra (e.g., subgroups, polishification) with geometric measure theory, including coarse topology, globalizations, and embeddings into Cantor-like structures."
73,Topological Set Theory Foundations,"This topic explores the deep structural properties of topological spaces, particularly focusing on hereditarily scattered, uncountable, and indecomposable sets within infinite cardinal hierarchies. Key methods include characterizing indecomposability via subsequence structures (e.g., Hindman’s theorem, Waerden’s partition results), analyzing coreflection and reflection principles in topology (e.g., Lindelöf, Tychonoff axioms), and studying convergence behaviors across spaces like compacta, paracompactness, or supercomplete topologies. Applications span foundational set theory (ZFC variants, AC₀/ACA) to computable analysis, where results on realcompactification, metrizability, and uniform structures bridge abstract topology with constructive mathematics. The interplay between cardinal arithmetic (e.g., κ, ω), partition schemes, and topological extensions (like Souslin’s hierarchy or Volterra’s constructions) drives much of the research, often contrasting counterexamples to classical assumptions."
74,Adaptive Neural Clustering with Multimodal Data Analysis,"This topic focuses on developing advanced algorithms for hierarchical and ultrametric clustering of noisy, multimodal data using self-organizing maps (SOMs), Kohonen networks, and spectral/graph-based methods. Key research emphasizes adaptive partitioning—such as interval-based thinning or blockmodeling—to extract latent structures in high-dimensional vectors, often involving empirical distance metrics like Wasserstein distances or sparse embeddings. Methods include hierarchical agglomerative clustering, subspace analysis via USVT (ultra-sparse vector transform), and semidefinite programming for biclique/block detection, with applications in network inference, community discovery, and exploratory data visualization. Supervised/unsupervised hybrid approaches and consistency checks (e.g., Hartigan’s median-based tests) refine membership assignments, while statistical dependency modeling (e.g., SBMs or spectral cuts) bridges structural graph theory and machine learning for robust clustering validation."
75,Plasma kinetic stability and bifurcation theory,"This topic examines the interplay between plasma physics and mathematical bifurcation theory to analyze transitions in magnetized collisional or noncollisional plasmas, particularly focusing on singularities, overdetermined systems, and energy-based functionals. Key methods include linearizing Vlasov-Boltzmann-Maxwell equations around steady states (e.g., Maxwellian equilibria), applying Poincaré–Darboux unfoldings to bifurcation scenarios like transcritical or pitchfork types, and leveraging functional analysis techniques such as coercivity, compactness, and hypocoercivity to study stability. Applications span plasma confinement in fusion devices, collisional relaxation dynamics (e.g., BGK models), and the emergence of hard/soft singularities in kinetic energy landscapes, often bridging relativistic plasmas with nonrelativistic limits via cutoff-dependent estimates. The work also explores boundary-layer effects, entropy production, and hypocoercive control strategies to stabilize unstable states, with cross-connections to stochastic processes (e.g., Fokker–Planck) and geometric inequalities governing plasma tails."
76,Numerical Electromagnetic and Acoustic Wave Analysis,"This topic focuses on the development and application of advanced numerical methods for solving electromagnetic (EM) and acoustic wave propagation problems, particularly within complex geometries like gratings, dielectric structures, and inhomogeneous media. Key techniques include time-domain finite-difference (FDTD), spectral-element boundary-element methods (BEM/EFIE), and hybrid formulations such as the Trefftz-based or Laplace-decomposition approaches for stability and accuracy. The study emphasizes discretization strategies—like Lanczos quadrature, PML absorbing boundaries, or multiblock solvers—to handle singularities, high-frequency waves, and anisotropic materials while ensuring convergence in both frequency and time domains. Applications span antenna design, electromagnetic scattering from Earth/atmospheric interfaces, and wave propagation in dissipative or nonuniform environments, often leveraging hybrid EM-acoustic solvers (e.g., combining Maxwell’s equations with Laplace or Helmholtz PDEs). Preconditioners, adaptive mesh refinement, and parallel computing platforms (like MLFMA or PWDG) are critical for scalability, while stability analyses (e.g., via Lorentzian damping or impedance conditions) mitigate numerical instabilities in high-wavenumber problems."
77,Geometric Analysis of Ricci Curvature and Prescribed Tensions,"This topic explores the interplay between Riemannian geometry, Ricci curvature, and geometric inequalities to study properties of manifolds under prescribed tension or Dirichlet boundary conditions. Key methods include variational approaches (e.g., Dirichlet energy minimization), harmonic and pseudoharmonic maps, and estimates derived from Ricci flow, heat equation, or parabolic PDEs. Applications span regularity theory for entire functions on manifolds, intrinsic volume comparisons, and solutions to complex-valued equations like the 2u problem, often leveraging techniques from Monge-Ampère theory, Kahler geometry, and Liouville-type results. The focus extends to boundedness of norms, curvature-prescribed structures, and removable singularities in elliptic/parabolic settings."
78,Forcing-Based Large Cardinal Analysis,"This topic explores the interplay between forcing extensions, large cardinal notions (such as supercompactness, Woodin numbers, and inaccessible cardinals), and their implications for set-theoretic models of mathematics. Core methods include constructing or analyzing forcing posets to preserve or destroy specific properties like GCH, determinacy, or stationarity, often leveraging extender-based techniques (e.g., Shelah’s *extenders*, Morasses, or Woodin’s *underscores*). Applications span model theory—such as studying indestructibility of large cardinals under certain conditions—and the study of real-valued functions (e.g., ccc, weakly compact reals) to explore consistency strength and axiomatic set theories like ZFC+ω1-c.c. or ZF+supercompact axioms. The analysis also connects to combinatorial set theory (e.g., determinacy, Ramsey-type theorems), ultrafilters, and the behavior of cardinal capacities under forcing, often using tools from poset theory, club sets, or reflection principles."
79,Topological Data Science for Biological Complexity,"This topic explores the application of topological data analysis (TDA) and persistent homology to study intricate biological structures like DNA, proteins, and RNA through computational frameworks. Key methods include analyzing writhe, linking numbers, and persistence barcodes to extract topological features from molecular sequences, protein folding trajectories, or spatial arrangements in cellular substrates. Researchers use binary representations of shapes, such as simplicial complexes or Vietoris-Rips filtrations, to model nonparametric topological invariants like homology strata, which reveal evolutionary, structural, or functional correspondences across primate phylogenic data or biomolecular interactions. Applications span from studying protein secondary structures and integrase-mediated recombination in DNA to visualizing hyperspectral sensor data for phenomics, integrating statistical, geometric, and topological calculi (e.g., bifiltration, sheaf theory) to automate feature extraction while preserving privacy and correctness under high-dimensional noise."
80,Geometric Deformation and Rigidity of Hypersurfaces,"this topic explores the mathematical study of hypersurfaces within Riemannian manifolds through deformation techniques, focusing on properties like area-preserving flows, curvature control, and rigidity under geometric constraints. Key methods include diffeomorphism theory, pseudolocality arguments (e.g., via Ecker–Gerhard’s work), and solutions to evolution equations (such as the mean curvature flow) to analyze singularities, compactness, and pinching phenomena in hypersurfaces of arbitrary codimension. Applications span geometric measure theory—dealing with shrinking/convex structures—and solitonic/ancient solutions for understanding noncompact hypersurface behavior, such as in expanding or anisotropic deformations. The interplay between classical differential geometry (e.g., umbilic points), rigidity theorems, and modern techniques like forcing methods in metric spaces drives advancements in both intrinsic curvature analysis and extrinsic embedding properties."
81,Multiscale Bayesian MCMC for Complex Systems,"This topic focuses on developing advanced Markov Chain Monte Carlo (MCMC) and sequential Monte Carlo methods to efficiently sample from high-dimensional, multiscale probability landscapes—particularly in fields like chemistry, biopolymers, and materials science. Key techniques include adaptive heuristic samplers (e.g., Hamiltonian Monte Carlo), reversible jump algorithms, and coarse-graining approaches to navigate slow conformational dynamics or energy barriers. The research emphasizes exact posterior inference under uncertainty, combining Bayesian statistics with variational methods (e.g., variational Bayes) and importance sampling to improve mixing and convergence in complex target distributions. Applications span atomistic-to-coarse-grained simulations of molecular systems, reactive dynamics, and sensitivity analysis for phase transitions, while addressing challenges like variance reduction, proposal distribution optimization, and adaptive tempering to enhance computational efficiency."
82,Quantized Deep Learning Architectures,"This topic explores the design and optimization of deep neural networks (dnns) with specialized focus on quantized architectures, including multilayer perceptrons (mlps), autoencoders, and Hopfield networks, often applied in unsupervised learning. Key methods involve sparse unit representations, binary/ternary quantization (binarization/ternarization), and loss-aware training techniques like mean squared error (mse) or gradient descent variants to balance approximation accuracy and computational efficiency. Applications span olfactory signal processing, implicit function recovery, and high-dimensional data compression, with convergence analyses addressing landscape stability in deep networks. Research emphasizes scalable optimization strategies for both shallow and deep architectures while addressing challenges like initialization-specific performance variations and negative sample handling."
83,Langlands–Vigneras Correspondences in Reductive Groups,"This topic explores deep connections between geometric, analytic, and algebraic structures in the study of reductive groups over local and global fields, particularly through the lens of Langlands’ conjectures and their adic/adic-like generalizations. Key methods include constructing supercuspidal representations via geometric or modular forms approaches (e.g., Baum–Connes descent, Arthur theory), analyzing transfer maps between groups like GL₂ and its metaplectic counterparts, and leveraging adic techniques (e.g., Vignères’ work on L-functions) to describe automorphic packets and their stability. Applications span number-theoretic invariants (Plancherel characters, periods), the classification of irreducible representations, and the development of new tools in harmonic analysis—bridging classical representation theory with modern algebraic geometry and p-adic analysis."
84,Historical-Mathematical Pedagogy and Cultural Contexts,"This topic explores the intersection of mathematics education, historical mathematical traditions, and sociocultural frameworks—spanning ancient civilizations like China, Mayan cultures, and medieval Europe—to inform modern teaching practices. Key methods include analyzing archival sources (e.g., *Archief* or *TISSM* datasets), reconstructing pedagogical dialogues from historical texts (e.g., Zeno’s paradoxes, Archimedes’ works) alongside contemporary critiques of informal learning and argumentation-based approaches. Scholarly attention emphasizes how cultural values—such as egalitarianism in Russian education, the Catholic-Orthodox debates on chronology, or the Mayan numeral systems—shape mathematical reasoning and problem-solving skills across disciplines like astronomy, calculus, and ethics. Applications span curriculum design (e.g., *PBL* projects), teacher training, and interdisciplinary studies (e.g., integrating history with mathematics via multimedia tools like Geogebra or LLMs). The focus bridges theoretical critiques of mathematical intelligence with practical innovations in classroom engagement and ethical awareness."
85,Additive Combinatorics of Sumsets and Progression-Free Sets,"This topic explores the mathematical study of arithmetic structures in integer sets, focusing on sumset properties, progression-free subsets, and their bounds under additive constraints. Key methods include Behrend-type constructions, Szemerédi’s theorem extensions, and Erdős–Turán type results to analyze the density and distribution of sumsets, while leveraging tools like quasinorms, multiplicative structures, and measure-theoretic approaches for rigorous analysis. Applications span number theory, discrete mathematics, and algorithmic problems where understanding additive growth or avoiding arithmetic progressions is critical, such as in cryptography, coding theory, and geometric combinatorics."
86,Neural Burst Dynamics in Heterogeneous Networks,"This topic explores the mathematical modeling of neuronal burst firing, oscillations, and synchronization within complex neural networks—particularly focusing on heterogeneous systems where neurons exhibit diverse excitability states like excitatory/inhibitory balance, slow dynamics, or chaotic behavior. Key methods include Kuramoto-like oscillators, phase-resetting approaches (e.g., ISIS), and bifurcation analysis to study transitions between spiking, bursting, and silent states under stimuli or noise. Applications span neuroscience research on brain rhythms (e.g., arousal, emotions), physiological phenomena like epileptic seizures or visual processing, and computational neuroscience challenges such as synchronizability and error resilience in neural populations. The interplay of synaptic plasticity, refractoriness, and stochasticity is central to understanding how localized bursts propagate across distributed networks, often analyzed via symbolic expressions or hybrid dynamical systems (e.g., Hindmarsh–Rose models)."
87,Nonlinear Elastic Fracture Mechanics in Metamaterials,"This topic explores the behavior of nonlinear elastic systems under fracture, deformation, and damage, particularly in metamaterial structures like thin films, pipes, and shell-like configurations. Key methods include atomistic-to-continuum coupling (quasicontinuum frameworks), peridynamics for nonlocal crack propagation, and experimental validation via stress analysis and wrinkle formation studies. Applications span material aging, creep-induced damage in weldments, and pressurized elastic structures where defects like cavities or dislocations drive brittle failure under quasistatic or dynamic loading conditions. The interplay between energy minimizers, curvature-driven patterns (e.g., elastica loops), and plasticity theories—such as Hencky’s strain measures or Cosserat-based models—is central to understanding crack initiation, growth, and minimal-energy configurations in heterogeneous materials."
88,Quantum algebraic structures and modular representations,"This topic explores advanced algebraic frameworks combining vertex algebras, fusion rules, and nonlocal symmetries—particularly in the study of quantum groups, superalgebras, and their categorical properties. Key methods include constructing free modules over Hopf algebras (e.g., Yangians), analyzing twisted cofinite structures via Dijkgraaf–Vafa–Witten theory, and leveraging modular invariance in conformal field theories (CFTs) to derive moonshine-like phenomena. Applications span nonlocal quantum systems (e.g., Ising models, toroidal deformations), the classification of simple Lie superalgebras, and the study of parafermionic or ghost fields in string theory, with ties to automorphisms, braided categories, and algebraic K-theory."
89,Optimized Transport Theory with Entropic & Discrete Methods,"This topic centers on the mathematical study of optimal transport (OT) frameworks, particularly focusing on Kantorovich–Monge formulations and their extensions through entropic regularization, duality, and discrete approximations. Key methods include Wasserstein distances, Sinkhorn algorithms, and convex optimization via subgradients or Lagrangian relaxations, with applications in high-dimensional data analysis (e.g., image processing, machine learning). The research emphasizes unbalanced transport problems, measurable/empirical measures, and geometric interpretations like Voronoi diagrams or barycentric decompositions, often bridging continuous OT theory with discrete combinatorial optimization. Subfields explore entropic regularized OT (EROT), duality-based solvers for non-separable costs, and applications in computational geometry (e.g., antigraphs, polyhedral structures) while addressing theoretical challenges like measurability and extremal properties."
90,Bacterial chemotaxis modeling in mechanobiological tissue dynamics,"This topic explores the mathematical and computational framework of bacterial chemotactic behavior—specifically how *aerotaxis* (oxygen-driven movement) and other chemoattractant gradients influence cell migration, colony formation, and morphogenesis. Key methods include solving parabolic partial differential equations (PDEs), such as those derived from Segel’s or Keller–Segel models, combined with regularized quasilinear systems to analyze front propagation, diffusion, and signaling kinetics in vitro and in tissue contexts. Research emphasizes experimentally validated *in silico* models of bacterial invasion, tumor growth, plaque formation, and mechanobiological adaptations under nutrient gradients, often integrating cross-disciplinary approaches like PDE theory, Liapunov stability analysis, and adaptive numerical methods to study stationary/unstationary states, sensitivity measures, and global dynamics in cancerous or infectious environments."
91,Nonlinear Stochastic Asymmetric Hydrodynamic Systems,"The study of asymmetric nonequilibrium particle systems undergoing diffusion, reaction, or exclusion processes in hydrodynamical limits, where deviations from equilibrium and directional fluctuations—often arising due to zero-energy principles, Benois-type constraints, or fluctuating sources—drive emergent behaviors. Key methods include Freidlin’s analysis of rare events, the Kipnis–Tracy–Sznitman limit theorems (e.g., TASEPs), rescaling techniques (like Lieb–Nürnberger measures), and grandcanonical measures to model particle distributions under disordered or catalytic conditions (e.g., Kusynski’s bond processes). Applications span hydrodynamic transport in combustion, tagged diffusive systems (e.g., asymmetric exclusion on random tubes), and critical dynamics of slow fluctuations in disordered media (KPZ universality class with asymmetries), bridging mathematical rigor (via Onsager-Benoist symmetries) with physical intuition (e.g., current–variance relations). Themes like exclusion–condensation, macroscopic fluctuation theory, or multi-class processes reveal how rigidity or asymmetry transforms transience into stationary regimes, often probed via Kubo conductivity or Brownian flight deviations from the Lorentz model."
92,Complex dynamical systems and fractal geometry,"This topic centers on the study of complex dynamical systems, particularly focusing on iterated function maps, polynomial dynamics, and their associated geometric structures like Julia sets, Fatou domains, and laminations. Key methods include analyzing parameter-dependent behaviors (e.g., bifurcations, basins of attraction), using techniques from measure theory, perturbation theory, and transseries to model escaping or wandering orbits within fractal sets. Applications span mathematical physics—such as the Mandelbrot set’s visualizations and its role in chaos theory—and computational mathematics, where algorithms like Newton iteration and symbolic dynamics (e.g., kneading sequences) are deployed for classification and visualization of chaotic maps. The interplay between algebraic geometry (polynomials, meromorphic functions), ergodic theory, and topological dynamics drives much of the research, with recent advancements in quasisymmetries and geometric laminations bridging gaps between symbolic and analytic approaches."
93,Combinatorial Schubert Calculus and Representation Theory,"This topic centers on the study of combinatorial structures in Grassmannians and flag varieties, particularly through Schubert theory, which provides tools to analyze intersections, multiplicities, and cohomological properties via polynomials (Schubert polynomials, positroids). Key methods include using equivariant cohomology, Grothendieck rings, and combinatorial enumerative techniques—such as the Giambelli formula, Dale’s rules, or the Zeta function approach—to derive explicit formulas for vanishing loci, degenerations, and flag varieties. Applications span representation theory (e.g., Lie algebras, PBW bases), quantum cohomology, and algebraic geometry, with connections to combinatorics (Katalan numbers, biwords) and even physical models like the ‘quantum dreams’ puzzle. The interplay between classical Schubert calculus and modern computational frameworks (e.g., smt, cf, cfl) drives advancements in both theoretical and experimental mathematics."
94,Cooperative Strategic Game Theory with Policy Applications,"This topic explores the intersection of cooperative game theory, strategic interactions, and policy design through mixed-matrix games, Nash equilibria, and coalition formation. Key methods include analyzing payoff structures via fictitious play, Shapley value decomposition, and Myerson’s incentive-compatible mechanisms while addressing incomplete or correlated information. Applications span economic negotiations (e.g., firms’ joint decision-making), stochastic game dynamics (like Brownian motion-based strategies), and policy evaluation under anarchy or distributive turnpike theory. The focus often lies on robust algorithms for coalition formation, robust equilibria, and globalized decision-making in both cooperative and non-cooperative settings, with a particular emphasis on real-world utility maximization and behavioral game theory."
95,Iwasawa Theory in Cyclotomic Fields,"This topic centers on the study of Iwasawa theory applied to cyclotomic fields, particularly focusing on their arithmetic structures like class groups, orders, and Galois extensions. Key methods include analyzing congruences, discriminants, and Stickelberger elements within these fields, often leveraging techniques from number-theoretic towers (e.g., Kummer or Heegner extensions) and modular forms to explore ramification and torsion in the associated Iwasawa modules. Applications span prime divisibility in class numbers, the behavior of units under congruences, and conjectures like the Leopoldt conjecture or the existence of monogenic orders, with connections to elliptic curves, p-adic analysis, and Galois representations. The field also intersects with algebraic number theory via methods like Greenberg’s hypothesis on abelian extensions and Shintani zeta functions for cyclotomic units."
96,Multitype Branching Processes in Stochastic Ecology,"This topic centers on the study of multitype branching processes—stochastic models describing how populations evolve through offspring generation, extinction, and environmental interactions. Key methods include analyzing superprocesses, rescaled limits, and critical/subcritical thresholds to understand survival dynamics under random environments or catalytic effects. Research often employs probabilistic techniques like Bienaymé–Théorie (Bienaymé), Galton–Watson processes, and Brownian motion variants to derive distribution functions for particle counts, maxima, and coalescence events in ecological or genetic contexts. Applications span population genetics (e.g., allelic immigration, dioecious species), catalytic biochemical processes (DNA polymerase walks), and theoretical physics (superprocesses beyond classical branching). The interplay of harmonic functions, stopping times, and dimensional limits further refines models for complex systems like supercritical environments or multitype particle motions."
97,Superconducting Flux Dynamics and Phase Transitions,"This topic explores the interplay between superconductivity, magnetic flux dynamics, and phase transitions in complex systems like superconducting junctions, nanowires, and layered materials. Key methods include Ginzburg–Landau theory, Josephson junction modeling, and hydrodynamic approaches to vortices and fluxons, often framed as evolutionary or differential equations with precise estimates of critical behaviors (e.g., near-critical phenomena, singularities). Applications span from understanding superconducting qubits and quantum computing elements—such as nanowire fluxon traps—to studying exotic liquid-like phases in superconductors, like the averaged vortex systems or skyrmion crystals. The research also examines well-posed mathematical formulations of problems like Navier–Stokes-like equations for superfluid dynamics, including global minimizers of energy landscapes and defects (e.g., vortices, domain walls) in anisotropic or doped superconductors."
98,Reinforcement Learning in Controlled MDPs,"This topic focuses on the development of advanced reinforcement learning (RL) and multi-agent decision-making frameworks within partially observable Markov decision processes (POMDPs), particularly those with structured policies, cost-sensitive dynamics, and long-horizon optimization. Key methods include dynamic programming refinements like value iteration or temporal difference (TD) learning, hybrid RL techniques combining deep neural networks (e.g., actor-critic architectures), and robust policy optimization approaches such as TRPO or PPO under uncertainty. Empirical evaluations often test these models on simulated environments with controlled state transitions, baseline comparisons against expert strategies, and theoretical analyses of convergence properties in unbounded or high-dimensional decision spaces. Applications span robotic control, game theory, music composition systems, and adaptive policy reformulation for complex sequential decision problems where empirical sampling dominates hypothesis-driven exploration."
99,Finite Group Representation Theory with Block Structures,"This topic explores the deep connections between finite groups, their irreducible representations, and block theory—focusing on how representation theory decomposes into blocks (defective or indecomposable subrepresentations) under conditions like solvability or the presence of odd order elements. Key methods include Brauer’s block theory, character tables, radical defects, and Morita equivalences, often leveraging advanced tools like Alperin’s indexing rule, McKay’s triality, and the work of Plesken, Benson, and Solomon on defect groups and supercharacter theory. Applications span classification problems (e.g., Sylow subgroups, conjugacy classes), fusion rings, and the study of finite-dimensional algebras, with ties to combinatorics (Stanley’s symmetric functions) and algebraic geometry (e.g., Brauer characters). Recent advancements also intersect with conjectures like the Harada–Norton theorem or the role of ‘widehat’ modules in defect theory, bridging representation theory with modular forms and Galois cohomology."
100,infinity-category homotopy theories,"This topic centers on the study of stable, triangulated, and ∞-categorical frameworks for homotopical algebra, particularly focusing on the interplay between homological theories—such as homology, cohomology, and spectra—and their algebraic, topological, and geometric realizations. Key methods include the use of derived categories, spectral sequences (e.g., Hirzebruch–Atiyah, Landweber), and Quillen model categories to construct and analyze ∞-algebras, stable homotopy groups, and motivic structures like cobordism theories or connective spectra. Applications span algebraic K-theory, equivariant topology, and the computation of invariants (e.g., Morava stabilizers, Bousfield localizations) via techniques like Goodwillie calculus, filtrations, and nonunital algebra theory. Theories such as THH, TMF, and BP are often central, alongside advancements in homotopy type theory and algebraic K-theory to unify classical and modern perspectives."
101,Diophantine Approximation & Specialized Number Theory,"This topic centers on the study of irrational numbers, their approximability by rationals, and advanced techniques in Diophantine analysis—particularly focusing on specializable structures like continued fractions, apery sequences, and recurrence-based expansions. Key methods include analyzing convergents, Liouville-type bounds, and metrical properties of irrationalities (e.g., via Khinchine’s theorem or Bourgain’s refinements), often leveraging algebraic number theory (e.g., Nesterenko’s work on conjugates) and transcendence theory (e.g., Shallit’s quantitive Diophantine approximations). Applications span cryptography, numerical analysis, and the classification of transcendental constants (like Ramanujan’s ‘abjl’ or Mersenne primes), with a strong emphasis on constructing efficient algorithms for approximating badly approximable pairs or multidimensional systems. The interplay between qualitative (e.g., bifurcating behavior in continued fractions) and quantitative (e.g., error estimates via Hurwitz constants) approaches drives much of the research, often using tools from combinatorics (ZDDs), coding theory (e.g., ‘frac14a’), or renormalization techniques."
102,Tropical Algebraic Geometry and Geometric Loci,"This topic centers on the study of tropical algebraic geometry, where classical geometric objects like varieties, hypersurfaces, and curves are analyzed through discretized or ultradiscrete valuations in semiring-based frameworks. Key methods include tropicalization—transforming algebraic structures into polyhedral data via valuations (e.g., Lukasiewicz’s *tropical* calculus)—and the investigation of associated combinatorial skeletons, such as fans, trees, and shellable complexes to study solvability and moduli problems. Applications span constructive proofs in algebraic geometry (e.g., implicitization, intersection theory), the study of tropical varieties via Plücker ideals and Gröbner bases, and the development of duality principles linking tropical and classical geometries, including the role of Maslov classes or cohomology in enriched settings. Works also explore hybrid approaches blending tropical methods with Berkovich spaces, semialgebraic analysis, or even algebraic topology (e.g., Lefschetz-type theorems for tropical loci), often using tools like *Mathematica* or *Maple* for computational preprocessing of high-dimensional data."
103,Complex Function Theory and Subordination,"This topic revolves around the study of complex analytic functions—specifically their subfunctions, quasiregular mappings, and univalent properties—that explore relationships like subordination, harmonic/quasiharmonic extensions, and starlikeness within bounded domains (e.g., the unit disk). Key methods include the use of martingale theory (via Agler’s *H*-spaces or Lyubarskii’s work), Caratheodory–Schwarz inequalities, and integral transforms (e.g., Hankel determinants, Bessel-type convolutions) to analyze growth conditions and exceptional sets. Applications span conformal mappings in geometry, Nevanlinna theory for meromorphic functions, and the classification of subclasses (e.g., superharmonic, spirallike) with applications in harmonic analysis and approximation theory."
104,Asynchronous Iterative Methods for Non-Expansive Operators,"This research focuses on developing and analyzing asynchronous iterative algorithms designed to solve problems involving non-expansive mappings, particularly within the framework of Banach spaces. Key methods include hybrid splitting techniques (e.g., Rachford-Kaczmarz, Douglas-Rachford), proximal and variational inclusion approaches, and inertial momentum-based schemes that leverage monotone and demiclosedness properties. The study emphasizes convergence analysis under conditions like maximal monotonicity, pseudocontractions, or hyperbolic contractions, often incorporating duality principles (e.g., Bregman, Eckstein) to ensure feasibility solutions. Applications span optimization problems in convex/nonconvex settings, variational inequalities, and solving systems of inclusions with applications in machine learning, robotics, and image reconstruction."
105,Stochastic biochemical reaction systems modeling,"This topic centers on the mathematical and computational study of stochastic biochemical networks, where processes like gene transcription, protein synthesis, phosphorylation cascades, and metabolic reactions are modeled using probabilistic frameworks. Key methods include hybrid Markov processes (e.g., continuous-time Markov chains), piecewise deterministic approaches, and quantitative systems biology techniques such as the quasi-steady-state approximation (QSSA) or stochastic simulation algorithms (e.g., Gillespie’s method). Applications span understanding cellular regulation—such as promoter-driven transcription, feedback loops in signaling pathways, and multistable states—while addressing challenges like multistationarity, bifurcations, and epigenetic dynamics. The interplay between deterministic and stochastic elements (e.g., synchronicity vs. asynchronicity) is explored to derive insights into gene expression variability, protein homeostasis, and network robustness in biological systems."
106,Stochastic Multi-Agent Control Dynamics,"This topic centers on the analysis of hybrid stochastic games involving multiple decision-making agents navigating dynamic, often infinite-horizon systems under Markovian or non-Markovian constraints. Key methods include backward induction via Bellman equations and extensions like the HJB (Hamilton-Jacobi-Bellman) framework, with applications in game-theoretic congestion control, Stackelberg dynamics, and stochastic optimal inspection strategies. The research emphasizes equilibria—such as Nash, saddle-point, or collectively rational ones—and their uniqueness under conditions like ε-inspectability or minor-majority rules, often modeled through graphon-based or population-level abstractions (e.g., ‘Lions’ theorem variants). Differential game theory and multitime stochastic processes are frequently used to study hybrid systems with impulsive or forward-backward dependencies, bridging theoretical insights with practical challenges in agent populations like shipping lanes or networked decision-making under uncertainty."
107,Evolutionary genetic coalescent dynamics,"This topic explores the interplay between neutral and selection-driven processes in genealogy, focusing on how allele coalescents, mutation-death dynamics, and population structure shape evolutionary trajectories. Key methods include Kingman’s coalescent theory, Moran and Ewens sampling formulas, and stochastic branching models (e.g., Bolthausen–Sznitman or Moran landscapes) to analyze genetic drift, recombination, and selection pressures across demes or continuous habitats. Applications span theoretical genetics—such as subfunctionalization, speciation mechanisms (including sympatric divergence), and the role of parasites or beneficial mutations—in evolutionary biology, population genomics, and even protocellular evolution. Empirical and computational approaches often integrate site-frequency spectra (SFS), coalescent-based methods (e.g., CM, MRCAs), and fitness landscapes to model invasion, extinction risks, and genetic bottlenecks under varying migration, dispersal, or environmental conditions."
108,Hyperbolic Teichmüller Theory of Surfaces,"This topic explores the interplay between hyperbolic geometry, Teichmüller theory, and geometric structures on punctured and closed surfaces. Key methods include studying quasiconformal mappings, quasisymmetric embeddings, and Gromov’s hyperbolicity to analyze metrics on moduli spaces of Teichmüller spaces, often via homology-based approaches (e.g., Weil-Petersson or Fenchel-Nielsen coordinates). Applications span the study of shortest geodesics, laminations, and quasifuchsian dynamics, with connections to algebraic geometry (via arithmetic surfaces) and geometric group theory. The research frequently addresses conjectures like Thurston’s once-punctured tori conjecture or investigates minimal volume metrics under constraints such as bending rigidity or asymmetric deformations."
109,Aperiodic tiling systems via substitution rules,"This topic explores mathematical frameworks for constructing aperiodic tilings—patterns that repeat in a non-translational manner—using substitution-based methods. Key research focuses on defining substitution schemes (e.g., pinwheel, lozenge) and their relation to quasicrystals or Delone sets, often leveraging Cech varieties, homeomorphisms, or algebraic structures like adic groups to analyze tileability and tiling relations. Methods include analyzing growth rules for prototiles (dominoes, tetrominoes), studying the geometric constraints of aperiodicity via angles, lengths, and parity conditions, and applying topological tools such as solenoid theory or torus embeddings to model repetitive but non-periodic patterns. Applications span condensed matter physics (quasicrystals), crystallography, and tiling theory itself, with recent work also intersecting with functional analysis (e.g., via Bellissard’s approach) and computational geometry for validating tileability under constraints like divisibility or coincidence conditions."
110,Phylogenetic Network Reconstruction with Genetic and Geometric Methods,"This topic focuses on the study of evolutionary relationships among species using advanced phylogenetic network reconstruction techniques, particularly those integrating genetic data like mitochondrial genomes, bacterial plasmids, and human DNA sequences. Key methods include neighbor-joining trees, maximum likelihood (ML), parsimony, and coalescent-based approaches to model reticulate evolution—where gene flow or hybridization introduces branching patterns beyond simple tree structures. The field emphasizes computational frameworks such as quartet splitting, tropical algebra, and geometric representations (e.g., Grassmannian manifolds) to handle complex networks like tanglegrams or multiset-based phylogenies. Applications span genomics, where genomic similarity indices (SNPs, indels) inform speciation events, to bioinformatics tools like HAPMAP for human ancestry studies. Conceptualizations bridge traditional tree-based models with reticulate evolution, enabling the analysis of genomewide patterns, ancestral state reconstruction, and even mathematical automata modeling of genetic strings."
111,Nonlinear hyperbolic wave systems with damping,"This topic focuses on the mathematical study of nonlinear hyperbolic partial differential equations (PDEs) modeling wave propagation in media with dissipative or dispersive effects, particularly those exhibiting quasilinear and multispeed behaviors. Key research revolves around proving global existence, regularity, and well-posedness of solutions—often under conditions like small initial data, exterior domains, or specific nonlinearities—while addressing challenges such as instability, blow-up phenomena, or ill-posedness in semilinear cases. Methods include parametrix constructions (e.g., Colombeau’s approach), energy estimates, and wavefront tracking techniques to analyze solutions across phases (uniphase/multiphase) and their behavior near critical thresholds (supercriticality). Applications span physical systems like fluid dynamics, elastic media, or plasma physics, where dissipative damping (e.g., overdamping) and nonlinearities (like amplitude-dependent terms) govern energy decay, stability, or radiation patterns. Works often combine analytical tools with numerical discretizations (e.g., finite-element methods) to bridge theory and computational validation."
112,Numerical Hamiltonian Integration Methods,"This topic focuses on the development and analysis of high-order numerical schemes specifically designed to preserve key properties—such as energy conservation, symplecticity, or Lie group structure—in solving ordinary differential equations (ODEs) arising from Hamiltonian systems. Key methods include explicit and implicit Runge–Kutta (RK), multistep integrators, exponential integrators, and compositional techniques like the Taylor series method (TSRK) and split-step schemes, often applied to stiff or stiffened systems. The research emphasizes balancing computational efficiency with accuracy, addressing challenges such as dispersion errors, stability, and parallelization (e.g., parareal methods). Applications span astrophysics (e.g., solar system dynamics), fluid mechanics (shearing flows), and computational chemistry, where accurate long-term integration of Hamiltonian constraints is critical for reliable simulations."
113,Compressed Sensing Recovery Algorithms,"This topic focuses on the mathematical and algorithmic frameworks for recovering sparse or structured signals from highly undersampled measurements, leveraging penalties like L1 regularization to enforce sparsity. Key methods include iterative thresholding (e.g., Landweber-style updates), greedy pursuit variants (like OMP/OMMP), and nonconvex optimization techniques such as reweighted Lasso or proximal gradient descent for robustness against corruption. The research emphasizes structured sparsity, adaptive dictionaries, and verifiable guarantees under coherence conditions, with applications spanning radar signal processing, compressed sensing in imaging, and machine learning-based pattern discrimination. Subsampling challenges are addressed via structured algorithms (e.g., Hankel matrices) and hybrid approaches like COSAMP or iterative hard-thresholding, while theoretical bounds on recovery rates (e.g., 4log(1/ε)) underpin practical implementations."
114,Stochastic Control with Nonlinear Obstacles,"This topic focuses on the analysis of stochastic control systems characterized by nonlinear dynamics, Brownian motion, and feedback mechanisms that incorporate obstacles or state-dependent constraints. Key methods include backward stochastic differential equations (BSDEs), viscosity solutions, and Hamilton-Jacobi-Bellman (HJB) optimality principles, often extended to multidimensional and superquadratic cost settings. The research emphasizes optimal control under stochastic environments with jumps, long-horizon decision problems, and feedback strategies that leverage information processes like Markovian or non-Markovian dynamics. Applications span risk management in financial markets, robust control of nonlinear systems, and the study of controlled Brownian motions with sensitivity to state-dependent uncertainties."
115,Three-body gravitational dynamics and chaotic resonance studies,"This topic focuses on the mathematical and physical analysis of three-body systems under Newtonian gravity, emphasizing chaotic behaviors, monodromy, and resonant interactions. Key methods include the use of Lagrange–Poincaré configurations, Sundman’s collisionless theory, homographic transformations, and numerical simulations (e.g., CR3BP variants) to study orbits, libration points, and equilibrium structures like choreographies or homoclinic trajectories. Applications span planetary formation models—such as extrasolar systems, Mercury’s spin-orbit dynamics, or binary planet capture—where chaotic resonance, tidal effects, and photogravitational perturbations drive complex motion patterns. The interplay between analytical techniques (e.g., regularization via Secant–Poincaré maps) and computational tools (QEP, averaged dynamics) reveals stability basins, collisional rebound scenarios, and the role of inertia tensor configurations in shaping chaotic orbits."
116,special_function_asymptotics,"This topic focuses on the rigorous analysis of special functions—such as Bessel, Airy, hypergeometric (e.g., 2F1), and confluent hypergeometric series—and their asymptotic behaviors under various parameter regimes. Key methods include Laurent series expansions, analytic continuation via Barnes–Gauss–Olver transformations, and recursive or integral representations to derive precise approximations for transcendental functions in physics, engineering, and applied mathematics. Research emphasizes deriving high-order remainders (εⁿ terms), multiparameter degenerations, and connections to orthogonal polynomials (e.g., Legendre, Hermite) via Stieltjes–Whittaker transformations or incomplete integrals. Applications span quantum mechanics (wavefunctions), signal processing (Fourier transforms), and stochastic processes (Brownian motion), where asymptotic precision is critical for numerical computations and theoretical proofs of identities like those in Ryzhik’s tables or generalized Ramanujan formulas."
117,Nonlinear Ricci Flow and Metric Rigidity,"This topic centers on the study of nonlinear Ricci flow—a powerful geometric evolution framework for manipulating Riemannian metrics—alongside its applications in understanding rigidity, extremal properties, and classification phenomena across manifolds. Key methods include solving partial differential equations (PDEs) via conformal rescalings, Yamabe-type problems, and Ricci curvature deformation techniques, often leveraging compactness principles or noncompact settings like annuli or hyperbolic spaces. Applications span geometric relativity, where metrics are prescribed under general relativity constraints, to classification results in low-dimensional manifolds (e.g., 2D/3D), including the study of singularities, blowups, and pinching phenomena. Surveys also emphasize connections between Ricci flow and other areas like harmonic maps, Cheeger–Gromov compactness, and the analysis of umbilic points or Einstein metrics, bridging abstract geometry with computational and analytical challenges."
118,Multiscale homogenization in heterogeneous media,"This topic explores the mathematical framework of homogenizing properties of materials with periodic or randomly distributed heterogeneities, focusing on how macroscopic behavior emerges from microscopic interactions. Key methods include asymptotic analysis via corrector functions, weak convergence techniques, and the use of differential operators (e.g., div, nabla) to analyze elliptic/parabolic equations in perforated or layered media. Applications span physics—such as piezoelectricity, thermal conduction, and diffusion in composite materials—to engineering problems like thin-shell structures and reaction-diffusion systems, where homogenization justifies effective coefficients for modeling large-scale behavior despite fine-scale variations."
119,Integrable PDE symmetries and solvability frameworks,"This topic focuses on the study of integrable partial differential equations (PDEs) and ordinary differential equations (ODEs), particularly those exhibiting rich symmetry structures like Lie algebras, pseudopotential methods, and Backlund transformations. Key research revolves around classifying integrable systems—such as the KdV, mKdV, Burgers, and Toda ladders—through methods like Hirota’s bilinear approach, nonlocal symmetries, and quasi-homogeneous reductions to analyze solvability conditions. The field emphasizes algebraic techniques (e.g., Nizhnik–Sternberg coverings, Nijenhuis tensor analysis) and formal solutions via prolongation schemes or pseudo-differential operators, often bridging linearizability theories with numerical routines in software like Maple. Applications span theoretical physics (e.g., soliton theory, quasiclassical approximations) to applied mathematics (e.g., heat conduction models, nonlinear wave dynamics), with a strong emphasis on constructing exact solutions, equivalence classes of hierarchies, and spatiotemporally deformed structures."
120,Combinatorial Poset Theory and Blocker Structures,"This topic centers on the study of partially ordered sets (posets), focusing particularly on blocker families, antichains, and their combinatorial properties within Sperner theory. Key methods include inductive reasoning over posets, applications of Erdős–Szekeres type theorems, and analysis of codimension and cardinality constraints in intersecting or disjoint subsets. Research often employs techniques like Frankl–Wilson-style blocker constructions, Deza–Frankl permutations, and Helly-type intersection principles to explore conditions under which families of sets (or posets) are 'blocked' by smaller substructures, with applications ranging from extremal combinatorics to coding theory and algebraic geometry. Themes also intersect with permutation-based combinatorics, vector spaces over finite fields, and structured partition analysis."
121,Distributed Robotic Consensus with Nonlinear Dynamics,"This topic explores the behavior, control, and coordination of multiagent robotic systems—particularly leaderless networks—under dynamical, distributed, and often nonsmooth conditions. Key research focuses on consensus algorithms that stabilize average or centroidal states despite delays, communication failures, or impulsive disturbances in networked agents (e.g., quadcopters, mobile robots). Methods include relaxing constraints via Moreau envelopes or averaging techniques to ensure robustness, while analyzing equilibria, stabilization criteria, and qualitative properties like connectedness or spanning trees. Applications span cooperative tasking (e.g., coverage, formation control) and regulatory frameworks for dynamic systems with event-driven or timed protocols. The interplay of nonlinearities, spectral analysis (Laplacian spectra), and synchronization protocols underlies advancements in efficient, fault-tolerant robotic coordination."
122,Polynomial Approximation Methods in Numerical Analysis,"This topic centers on the development, analysis, and application of polynomial-based approximation techniques—such as Padé approximants, splines, orthogonal polynomials (e.g., Chebyshev), and rational interpolants—to approximate functions, integrals, or solutions to differential equations. Key methods include constructing high-order interpolants via nodes, quadrature rules (Gaussian, trapezoidal, rectangular), and hierarchical schemes for scattered data or multivariate functions. The focus spans error assessment, reliability validation, and computational efficiency—often leveraging fast algorithms like subdivision or dilation techniques. Applications span scientific computing (e.g., integration over complex regions), signal processing (multiscale approximations), and machine learning (hyperinterpolation), with special attention to smoothness, compatibility constraints, and tolerance-based corrections in numerical outputs."
123,advanced matrix permanents and combinatorial structures,"This topic explores the deep interconnections between determinants, permanents, and specialized matrix operations—particularly symmetrized, Hadamard-weighted, or structured variants—across mathematical frameworks like semidefinite programming (SDP), convex optimization, and combinatorics. Key methods include Hadamard products, polynomial factorizations, Schur complements, and the use of spectral-theoretic properties (e.g., spectrahedra, positive definiteness) to analyze matrix families with parameters or constraints such as rank bounds, maximal orders, or subexponential growth. Applications span design theory (e.g., Golay codes, Hadamard matrices), probabilistic combinatorics (permanent-based sampling), and computational algebra (e.g., SageMath implementations for exact checks). The interplay between algebraic geometry (Positivstellensatz) and numerical linear algebra—such as LMI/SDP relaxations or convex hulls of determinants—also drives research into representable matrix sets, including superbimatrices and bimatrices. Theoretical breakthroughs often rely on combinatorial designs, Hadamard matrices, and permutation symmetries, with recent focus on efficient algorithms for high-dimensional cases (e.g., multivariate permanents, circulant structures)."
124,Shallow-Wave Dynamics with Viscous Buoyancy Effects,"This topic centers on the mathematical study of shallow-water wave propagation in viscous, stratified, or dissipative fluid systems influenced by buoyancy forces, including bottom topography and external factors like Coriolis effects. Key methods involve deriving and analyzing modified Boussinesq-type equations (e.g., damped, directional, or nonlinear variants) for both irrotational and rotating flows, often using spectral, asymptotic, or numerical techniques to prove posedness, regularity, and stability of solutions. Applications span coastal hydrodynamics—such as wave shoaling, breaking, and transport-diffusion in random bathymetries—to advanced phenomena like ferrofluidic electrohydrodynamic waves, stratified solitons, or bifurcations in shallow-layer dynamics. The field integrates insights from classical hydrodynamics (e.g., Naghdi’s equations), numerical formulations (e.g., parallelized BBM models), and interdisciplinary links to geophysical fluid mechanics, ocean engineering, and nonlinear science."
125,Evolutionary Social Dynamics in Agent-Based Networks,"This topic examines how cooperative and competitive strategies emerge, evolve, and interact within complex agent-based systems across cultural, ecological, or networked environments. Key methods include modeling evolutionary game theory—such as the Prisoner’s Dilemma variants (e.g., Nowak’s replicator dynamics)—to study cooperation under punishment, reputation, or social influence, often framed through sociophysics and replicator equations. Applications span from theoretical models of opinion formation (e.g., Deffuant-style threshold dynamics) to real-world phenomena like misinformation spread in networks, collective decision-making in healthcare, or cultural evolution in Arab/Egyptian societies. Coevolutionary approaches (e.g., Hawk-Dove games with mutation) and spatial configurations (like Lotka-Volterra-inspired competition for resources) are central, alongside empirical studies of adoption thresholds, factional dominance, and the role of cognitive biases in consensus formation."
126,3D Rotational Magnetohydrodynamic Stability Analysis,"This topic focuses on the mathematical study of stability, well-posedness, and solution structures in rotating magnetohydrodynamic (MHD) systems under pressureless or nearly incompressible conditions. Key methods include similarity transformations, fractional calculus approaches (e.g., Besov/Triebel spaces), and rigorous analysis of nonlinear PDEs like the resistive MHD equations or ideal Alfvén–Euler systems, often framed within global-in-time frameworks. Applications span plasma physics, semiconductor fluid dynamics, and astrophysical phenomena where magnetic fields interact with rotating fluids, including scenarios like dynamo processes, vortex decay, and interface stability in compressible/incompressible flows. The research emphasizes both analytical tools (e.g., pseudospectral methods, exponential decay estimates) and numerical validation via high-order discretizations, bridging classical hydrodynamics with modern functional analysis techniques."
127,Categorical Foundations of Lambda Calculi,"This topic explores the deep connections between category theory, lambda calculus, and computational semantics by developing categorical frameworks for encoding and analyzing programming languages. Key methods include categorification—transforming combinatorial structures into category-theoretic ones—to study monads, comonads, and higher-order operations like pairing and binding, often formalized via algebraic theories (e.g., Elgot’s theories or Kleene algebras). Applications span denotational semantics of functional programming (e.g., via bigraphs or stage calculi) to proving soundness in categorical logics, such as those for asynchronous systems or hybrid theories. The interplay between extensionality, coherence laws, and type theory (e.g., univalence principles) emerges as central, with tools like cofibrations, homotopy categories, and presheaf algebras bridging abstract algebra and computational practice."
128,Braid group representations and surface handlebodies,"This topic explores the deep interplay between braid groups, their representations, and geometric structures like orientable and nonorientable surfaces with handles, punctures, or twists. Key methods include studying mapping class groups, ergodic actions on handlebodies, and classifying homomorphisms (e.g., via Nielsen–Schreier theory or Dehn’s constructions), often framed through virtual fundamental regions (VFRs) or fatgraphs. Applications span topological invariants like the genus of surfaces, the Torelli group, and the classification of surface automorphisms, with connections to algebraic geometry (e.g., Hurwitz spaces) and low-dimensional topology (such as pants decompositions and branched coverings). Corrections to earlier work—like the ‘corrected Nielsen–Schreier’ or ‘virtually abelian’ refinements—highlight refined equivalences between braid representations, subgroup actions, and geometric properties of surfaces, bridging abstract algebra with geometric group theory."
129,Fractional Calculus and Variational Methods in Modern Optimization,"This topic centers on the rigorous mathematical study of fractional differentiation and integration, blending classical calculus with advanced formalisms like Riemann–Liouville, Caputo, and generalized operators to model complex systems. Key methods include variational principles (e.g., Euler–Lagrange, isoperimetric), optimal control theory, and fractional-order differential equations, often applied in physics, engineering, and financial modeling. Pioneering contributions by mathematicians like Leibniz, Euler, Riemann, Liouville, and modern researchers such as Agrawal, Torres, and Noether have shaped its development, particularly since the 20th century, with recent advancements in discrete fractional calculus, causality-based formulations, and hybrid optimization techniques (e.g., weighted variational approaches). The interplay between fractional calculus and conformable analysis, along with theoretical frameworks like Grönwall’s inequalities or Hermite–Hahn polynomials, underscores its role in solving ill-posed problems, existence proofs for solutions, and high-dimensional approximations. Applications span from signal processing to stochastic dynamics, where fractional derivatives capture memory effects and non-local dependencies."
130,Conformal Superalgebra Representations,"This topic explores the representation theory of conformal superalgebras—particularly Virasoro and super-Virasoro algebras—in both classical and quantum contexts, emphasizing their role in string theory, two-dimensional conformal field theories (CFTs), and mathematical physics. Key methods include constructing Verma modules, analyzing their indecomposable summands via tilting theory, and studying annihilation properties of highest-weight representations through Shapovalov forms or Whittaker models. The focus extends to affine superalgebras, quasifinite modules, and the classification of irreducible representations under conditions like finite-dimensionality or semisimplicity, often leveraging techniques from Lie algebra fusion rules (e.g., BGG resolution, Jantzen series). Applications span beyond CFTs to twisted conformal structures, modular invariance, and the study of hyperbolic spaces, with connections to quantum groups, Kac–Moody algebras, and even topological quantum field theories."
131,Gauge-theoretic solitons and moduli spaces,"This topic centers on the study of topological defects, solitonic solutions, and geometric structures within gauge theories, particularly monopoles, instantons, and vortices in non-Abelian and Abelian gauge fields. Key methods include Bogomolny equations, Seiberg-Witten theory, and moduli space analysis (e.g., Hitchin’s fibrations, Atiyah-Singer theorems), often leveraging techniques like twistor transformations, equivariant bundles, and harmonic maps to explore flatness, self-duality, and duality symmetries. Applications span condensed matter physics (e.g., skyrmions, magnetic textures) to high-energy theory (e.g., supersymmetric solitons in string/M-theory), with a focus on understanding their existence, stability, and topological properties across manifolds of varying dimensions—including nonorientable spaces—and their connections to Calabi-Yau geometries or heterotic compactifications. The interplay between mathematical structures like Grassmann bundles, prepotentials, and contact geometry further enriches the analysis, often requiring advanced tools from differential topology (e.g., Codazzi equations) and algebraic geometry."
132,Stirred semilinear wave systems with control,"This topic focuses on the mathematical analysis of semilinear and quasilinear wave equations coupled with stirred or distributed parameter systems, often involving nonlinearities like those in Ingham’s or Legendre transformations. Key methods include weak formulations, semidiscrete approximations (e.g., finite-element or spectral discretizations), and hybrid parabolic-wave cascades to study controllability, observability, and stabilization properties. Applications span physical modeling of vibrating strings/beams under external forcing, heat transfer with memory effects, and stochastic or impulsive dynamics in nonlinear PDEs, with special attention to degenerate or singular cases (e.g., fractional derivatives, Navier–Stokes-like couplings). Theories often leverage inequalities (weakened, uniform), Carleman estimates, and gap principles to derive existence/uniqueness results for solutions, while practical challenges involve approximate solvers like multitime schemes or semidiscrete approximations."
133,Nonholonomic Hamiltonian Mechanics,"This topic explores the mathematical framework of Hamiltonian systems under nonholonomic constraints, blending classical mechanics with advanced differential geometry and algebraic structures. Key methods include variational principles adapted for constrained dynamics (e.g., Dirac’s method), symplectic reduction techniques, and the study of integrable systems via Poisson brackets and algebroids. The research emphasizes geometric formulations like bifibrated geometries, conformal and almost complex structures, and the role of Schwarzian derivatives in analyzing singularities and monodromy. Applications span from theoretical physics (e.g., gyroscopic systems, magnetic dynamics) to discrete-time models (e.g., finite-element discretizations), with interdisciplinary links to economic theories (Kaldor’s work on optimal allocation) and fluid mechanics (hydrodynamic systems). The focus often lies on preserving integrability under nondegeneracy conditions while addressing challenges like the reduction of phase spaces via moment maps or the analysis of symplectic structures in contact geometry."
134,Fractional Numerical Methods for PDEs,"This topic focuses on the development and analysis of numerical techniques—particularly convolution-based, hybrid, and integro-differential approaches—for solving partial differential equations (PDEs) with fractional derivatives. Key methods include Chebyshev collocation schemes, Galerkin-type finite element approximations, and hybrid predictor-corrector frameworks that combine diffusion-advection dynamics with error-tolerant quadrature rules. The research emphasizes theoretical convergence proofs for singularities, stability analyses of time-stepping schemes (e.g., Dunford–Schwartz expansions), and efficient grid-based algorithms for fractional integro-differential systems. Applications span transport phenomena in porous media, wave propagation in nonlinear media, and transient heat conduction with memory effects, often leveraging transparent or oblivious numerical properties to balance accuracy and computational cost."
135,Multiscale Plasma-Fluid Kinetic Modeling,"This topic focuses on developing hybrid numerical methods to simulate multiscale plasma-fluid interactions by bridging kinetic, semi-Maxwellian, and fluid-scale dynamics. Key approaches include hybrid Monte Carlo–Lagrangian schemes (e.g., BGK-based collisional models), phase-space-preserving discretizations (like Nitsche’s penalization or RKEI-Galerkin methods), and upscaled macroscopic formulations (such as Vlasov-Maxwell systems coupled with reduced-order fluid equations). Applications span plasma physics—including tokamak discharges, streamer breakdowns, and cosmic plasmas—where collisionality varies across scales, requiring localized hybrid schemes to balance fidelity and computational efficiency. Methods often emphasize conservation laws, electromagnetic coupling, and multiscale transport phenomena (e.g., knudsen-layer effects or Maxwellian equilibrium assumptions) while addressing challenges like shock resolution and instability mitigation via limiter-based or penalized finite-element techniques."
136,Topological Quantum Field Theory and Categorical Gravity,"This topic centers on the study of topological quantum field theories (TQFTs), particularly their extensions into categorical frameworks like higher TQFTs, bicategories, and cobordism categories, with applications to quantum gravity and string theory. Key methods involve constructing TQFTs via modular data, cobordism invariants, and formal algebraic structures such as presheaves or Hopf algebras over manifolds, often leveraging techniques from representation theory (e.g., subfactor theory, Haagerup von Neumann algebras) to model quantum phases and symmetries. Theories like the Rozansky-Witten TQFTs, Donaldson’s gauge-theoretic invariants, and Segal’s categorical approaches to gravity intersect with advanced algebraic geometry and modular forms, exploring phenomena such as integrality, unimodality, and anomaly cancellation in stringy or noncommutative settings. Applications span defect algebras, anyonic excitations in condensed matter systems, and the topological classification of 3-manifolds via TQFTs, while broader efforts extend to ‘topologification’—a program linking quantum gravity, gauge theory, and higher category theory (e.g., pivotal categories, bicommutant algebras)."
137,homotopical algebraic operads and derived structures,"This topic revolves around the study of algebraic structures—such as algebras, coalgebras, modules, and bimodules—in the context of homotopy theory, particularly focusing on operadic frameworks, Hochschild homology/cohomology, and derived categories. Key methods include the use of dg (differential graded) algebras, cobar constructions, and operads to analyze deformations, miniversal enveloping structures, and topological twists. Applications span homotopy theory, representation theory, and even theoretical physics, where advanced techniques like Hochschild homology and Steenrod operations help classify algebraic configurations or compute invariants in noncommutative geometry and bordism theories."
138,Noncommutative Quantum Spacetime Geometries,"This topic explores the mathematical frameworks of noncommutative algebras and their applications in quantum spacetime theories, emphasizing deformed algebraic structures like Podles’ algebras, Drinfeld’s q-deformations, and Moyal-type calculi. Key methods involve studying twisted quantizations, Hopf algebras, and coalgebraic deformations—often intersecting with supergeometry, Minkowskian or Poincaré symmetries—to analyze obstructions in conformal, supersymmetric, or equivariant settings. Research focuses on constructing twisted connections, OSP-algebraic structures, and isospectral geometries (e.g., on spheres/tori) while addressing unitarity, CPT invariance, and metacurvature constraints. Applications span quantum field theory, algebraic geometry, and topological quantum computing, with a particular interest in hyperfinite modules, spectral triples, and the interplay between noncommutative spaces and classical geometries like Riemannian or Minkowskian manifolds."
139,Noncommutative symmetric function theory and combinatorial analysis,"This topic centers on the study of noncommutative, nonsymmetric, and generalized symmetric functions—particularly those arising from algebraic structures like ribbon polynomials, Jack polynomials, and Macdonald polynomials—while exploring their connections to group representations, posets, and combinatorial data such as Young tableaux and skew shapes. Key methods include the use of rigged configurations, Kostka–Foulkes correspondences, and determinantal evaluations (e.g., via the Littlewood–Richardson rule or Schensted’s insertion algorithm), often framed through combinatorial identities (like those of Krawtchouk, MacDonald, or Opdam). Applications span representation theory, quantum integrable systems, and algebraic geometry, with a focus on constructing bases for function spaces that encode properties like positivity, quasisymmetry, or superpolynomiality. The interplay between classical symmetric functions (e.g., Schur, Hall polynomials) and their noncommutative/affine variants—such as those studied via Dunkl operators, ribbon functors, or plethysm—drives much of the theoretical innovation, with recent work emphasizing algebraic combinatorics, poset theory, and even computational tools like Mathematica notebooks for systematic exploration."
140,Nonlinear Thin-Film Fluid Dynamics with Surfactant Effects,"This topic focuses on the mathematical modeling of complex fluid behaviors in thin films, emphasizing steady-state and evolving systems influenced by surfactants, viscous interactions, and interfacial phenomena. Key methods include solving parabolic and hyperbolic partial differential equations (SPDEs), such as those inspired by the Hilliard–Cahn model or the Muskat equation for phase separation, alongside lubrication theory and Oldroyd-type viscoelastic formulations. Applications span droplet dynamics, evaporation-driven instability patterns, and interfacial rupture in Newtonian and non-Newtonian fluids, often analyzed through Liapunov stability analysis, gradient flows, or homogenization techniques to study long-term behavior like coarsening or segregation. The interplay of convective, diffusive, and inertial effects—often coupled with weak solutions or pseudomonotonicity conditions—drives research into existence, uniqueness, and regularity of discontinuous or degenerate solutions in thin-film systems."
141,Noncommutative geometric indices and topological defects,"This topic centers on the study of noncommutative spectral indices—particularly Dirac-type operators on manifolds, fiber bundles, or groupoids—where pseudodifferential calculus, spinors, and elliptic theory intersect to define topological invariants. Key methods include twisted boundary conditions (e.g., Patodi, Callias), Atiyah-Singer index formulas for defects like cobordism classes, and the analysis of eta-invariants under parity or grading twists, often in the context of gerbes or higher categorical structures. Applications span geometric invariant theory (e.g., Kostant’s work on Lie group actions), noncommutative geometry (Connes’ von Neumann algebras), and the study of topological phases with defects (e.g., fractional quantum Hall systems via roe operators). The interplay between cobordism, holonomy, and spectral asymptotics—such as in Szegő limits or conical corner analysis—drives advances toward a unified framework for classifying invariants across manifolds, bundles, and groupoids."
142,Algebraic Motives and Tannakian Categories,"This topic centers on the study of algebraic motives—abstract mathematical objects encoding geometric and arithmetic information across algebraic varieties—as formalized within Tannakian categories, a framework from category theory. Key methods include constructing motivic cohomology theories via Voevodsky’s homotopy theory (dgms), Batyrev’s mirror symmetry-inspired approaches for rational equivalence, and the use of torsors, correspondences, and monoidal structures to analyze motive behavior under birational maps or adic/noncommutative settings. Applications span deep connections between algebraic geometry (e.g., Hodge theory via Beilinson–Dwork filtrations), arithmetic (e.g., Brauer groups, zeta functions), and string theory (stringy motives). Surveys often explore conjectures like the Tits–Villani uniformity problem or the Batyrev conjecture for uniformizability of motivic integrals, while advanced techniques involve endomotives, perverse sheaves, and bivariant cohomology to resolve degeneracies in mixed motives. The interplay between geometric (e.g., Severi varieties) and arithmetic (e.g., Witt rings) aspects remains a defining challenge."
143,Discontinuous Variational Hamilton-Jacobi Analysis,"This topic explores the mathematical framework of discontinuous solutions to Hamilton-Jacobi equations, emphasizing semicontinuous and viscosity methods within variational analysis. Key research focuses on constructing and classifying minimizers, subsolutions, and supersolutions for Hamiltonian systems with discontinuous potentials or gradients, often leveraging convexity, periodicity, and functional inequalities. Methods include the use of Jacobi fields, Poisson equations, and admissible decompositions (e.g., via Adomian’s decompositional approach) to study well-posedness, uniqueness, and convergence properties in both autonomous and time-dependent settings. Applications span optimal control, geometric evolution, and stochastic processes, with particular attention to behavior near critical junctions or boundaries where classical smoothness fails. The interplay between Hamiltonians, semigroup theory, and homogenization further enriches the analysis of discontinuous structures, such as percolation-inspired flux phenomena or path-dependent dynamics."
144,Quantum integrable spin chain systems,"This topic centers on the study of quantum many-body systems characterized by deep integrability, often modeled as spin chains with solvable Hamiltonians derived from Bethe ansatz techniques. Key methods include the use of Yang-Baxter relations, auxiliary matrices (e.g., Gaudin or Frakh operators), and twisted boundary conditions to analyze eigenstates and spectral properties under supersymmetry or superintegrable symmetries. The research explores connections between these systems and algebraic structures like Yangians, OSP(2|N) superalgebras, and their representations, with applications in condensed matter physics (e.g., Haldane’s spin chains), quantum field theory (e.g., Knizhnik-Zamolodchikov connections), and topological phases. Advanced techniques such as transfer matrices, monodromy methods, and screening operators further reveal universal properties like degeneracy patterns, entanglement entropy, or chiral symmetry breaking in open/closed chain configurations."
145,Foliation theory and singularity analysis,"This topic centers on the study of foliations—smooth or complex structures partitioning manifolds into leaf-like submanifolds—alongside their geometric, topological, and algebraic properties. Key methods include uniformization techniques (e.g., Plessis’s work), transversal intersections, and holomorphic/real analysis to explore symmetries, singularities, and branching phenomena in foliated spaces. Applications span complex dynamics (e.g., Kupka–Smale theory), Riemannian geometry (Godbillon’s invariant), and desingularization of algebraic varieties (Castelnuovo–Tjurina complexes). The interplay between nontransversality, pseudogroups, and moduli of deformations drives research into generic foliations, their removability, and the role of symmetries in defining universal unfoldings. Broader connections to Teichmüller theory, supercurves, and algebraic geometry further enrich its scope."
146,Isomonodromic Painlevé Systems and Related Structures,"This topic centers on the study of isomonodromic Painlevé equations—partially differential systems arising from monodromy-preserving deformations of Fuchsian or hypergeometric differential operators. Key methods include constructing Painlevé VI (PVI) hierarchies, exploring their connections to Garnier systems and Schlesinger transformations via isomonodromic deformations, and analyzing transcendental solutions through resurgence theory and asymptotics. Applications span integrable PDEs, quantum groups (Kac–Moody algebras), and the classification of algebraic curves with singularities, often intersecting with Painlevé transcendents, hypergeometric functions, and soliton theory. The field also emphasizes birational symmetries, monodromy data, and the interplay between classical and modern mathematical frameworks like affine Hecke algebras and q-series."
147,Multiscale Heterogeneous Poroelastic Modeling,"This topic focuses on advanced numerical frameworks for modeling transient fluid–solid interactions in heterogeneous porous media, emphasizing coupled poroelasticity and multiphysics phenomena. Key methods include multiscale variational approaches (e.g., GMSFEM, Ventcell), homogenized continuum theories (Biot, Terzaghi, Darcy/Brinkman extensions), and stabilized finite element techniques (P1, nonconforming, centered) to handle complex interfaces like fractures or unsaturated zones. Applications span subsurface reservoir engineering—including hydraulic fracturing, CO₂ sequestration, and hydrate dynamics—where heterogeneous permeabilities, reactive transport, and coupled stress–flow–deformation must be resolved efficiently across scales. Algorithmic innovations (e.g., posteriori error estimators, preconditioners like CPTR) and hybrid solvers (e.g., DFNS, PLMM) bridge asymptotic analysis with practical numerical robustness for fractured or multiphase media."
148,Algebraic Automata & Measure-Theoretic Structures,"This topic explores the intersection of algebraic structures—such as semigroups, groups, and monoids—with formal automata theory, measure theory, and dynamical systems to study properties like decidability, universality, and equicontinuity across infinite or nonstationary settings. Key methods include analyzing homomorphic mappings (e.g., using Toom’s algorithms), studying measure-preserving transformations, and applying Haar measures in the analysis of automata behaviors under perturbations or perturbations-invariant rules. Research often examines quasisturmian words, solvable systems like Baumslag-Solitar groups, and their connections to real-world computational models (e.g., LTL, Büchi acceptance), bridging abstract theory with applications in cybernetics, text processing, and particle physics via cylinder algebras or semigroup-based tilings. The study emphasizes both theoretical rigor—such as proving expandability or minimal automata—and practical constraints like finite-state limits versus infinite-memory systems."
149,Microlocal Dispersive Analysis of Schrödinger-Type Equations,"This topic focuses on the study of dispersive and smoothing properties in solutions to Schrödinger-type partial differential equations (PDEs), particularly under rough potentials, inhomogeneities, or magnetic fields. Key methods include Strichartz estimates, parametrix constructions, microlocal analysis via wavefront sets, and sharp decay/loss bounds for scattering operators, often leveraging tools from Fourier analysis (e.g., Gabor transforms) and Sobolev spaces. Applications span global well-posedness, trapping-free propagation, and the control of singularities in inhomogeneous or anisotropic settings, with connections to quasimodes, fractal behavior, and wave revivals. Obstacles like nonlocal dependencies, degeneracy, or repulsive potentials are systematically addressed via refined estimates (e.g., endpoint Strichartz, fractional norms), sometimes requiring novel assumptions on data or boundary conditions."
