subject,year_from,year_to,topic_id,category,best_match_topic,best_match_sim,words
math,2000,2001,0,evolve,0,0.180551,"sedenion, assessor, splitter, goedel, groebner, maximality, preference, bure, survey, petri"
math,2000,2001,1,evolve,1,0.204884,"determinant, compactly, hankel, automata, permanent, entry, matrix, quaternion, geh, startling"
math,2000,2001,2,stable,2,0.518693,"goth, superconformal, jordanian, algebra, kos, cal, subalgebra, schrodinger, hopf, scva"
math,2000,2001,3,evolve,3,0.471909,"biconvolution, clifford, gebra, narnhofer, arveson, unitless, noncommutative, kms, william, filling"
math,2000,2001,4,stable,4,0.571958,"imbedding, action, quasifold, hyperkaehler, diagram, platonov, group, alpha, plotkin, subgroup"
math,2000,2001,5,stable,5,0.688637,"janet, pommaret, eisenbud, ideal, morita, popescu, grobner, ext, schreyer, whitehead"
math,2000,2001,7,evolve,7,0.378752,"lescop, casson, hale, knot, taut, dehn, filling, bennequin, vainshtein, shapiro"
math,2000,2001,8,stable,8,0.55909,"iomdin, singularities, konig, circuit, foata, bijection, hamilton, exemplification, consolidated, chromatic"
math,2000,2001,9,evolve,9,0.438463,"odot, bialgebroid, qkt, hyperk, groupoid, dkp, bracket, vassiliev, poisson, legendrian"
math,2000,2001,10,evolve,10,0.4028,"gelfand, subm, mokrane, ppsmall, tilouine, lambda, ellipticity, subcomplex, bernstein, measurable"
math,2000,2001,11,stable,11,0.520628,"noi, kick, linearization, unilateral, verd, geostrophic, vep, germ, stall, brjuno"
math,2000,2001,12,evolve,12,0.288059,"combat, janus, langley, drag, incident, anders, upgoing, institute, inaccessible, measurement"
math,2000,2001,13,evolve,13,0.485009,"flipturn, approx0, precsim, polygon, joss, grigorchuk, pol, lecomte, products, rostislav"
math,2000,2001,15,evolve,15,0.337221,"brane, painlev, vassiliev, okamoto, hyperk, monopole, chiral, aspinwall, supersymmetry, observable"
math,2000,2001,16,evolve,16,0.382283,"enumerator, barnes, kerdock, mth, extraspecial, code, clifford, gram, spread, runge"
math,2000,2001,17,evolve,17,0.080059,"prelle, elfs, maplev, unresolved, koiran, providence, informative, lis, singer, calibration"
math,2000,2001,18,evolve,18,0.392601,"alpha, szlenk, omega, word, index, return, rostislav, filling, null, phi"
math,2000,2001,19,evolve,19,0.361597,"doniach, steady, tba, quasigeostrophic, configurational, qtm, beta, kms, quasihole, paneitz"
math,2000,2001,20,stable,20,0.509042,"invitation, amitsur, tower, herstein, coset, galois, place, division, compositeness, krammer"
math,2000,2001,21,stable,21,0.612654,"askey, ortholattice, wilson, forrester, catalan, hexagon, compass, macdonald, residue, binomial"
math,2000,2001,22,evolve,22,0.333059,"bkm, reynold, householder, inheretnly, dv2, meshless, sigular, rbf, rbfs, drm"
math,2000,2001,23,stable,23,0.505527,"peg, solitaire, duotaire, ravikumar, player, impartial, hop, disjunctive, nim, language"
math,2000,2001,24,stable,24,0.553971,"neccessary, mat, minor, commute, bbb, pairwise, quasi, combinatoric, inclusion, quantum"
math,2000,2001,25,evolve,25,0.482227,"kaehler, manifold, temperate, asd, metric, foliation, amn, kahler, leaf, audible"
math,2000,2001,26,stable,26,0.534591,"arakelov, fan, cohomology, hodge, sheaf, variety, lielie, subanalytic, nieto, varitie"
math,2000,2001,27,evolve,27,0.468992,"dirac, pss, bidifferential, fredholm, inmathbb, bispectral, dmod, operator, pseudodifferential, selfadjoint"
math,2000,2001,28,evolve,28,0.47612,"maple, mirror, cal, parametrisation, quintic, tschirnhausian, roan, heegner, nekovar, monodromy"
math,2000,2001,29,evolve,29,0.144146,"multiresolution, equiresolution, pvi, homoclinic, lax, melnikov, equisolvable, equiresolvable, painleve, garnier"
math,2000,2001,30,evolve,30,0.492774,"diffraction, continuum, mende, slit, jitomirskaya, packing, baire, tarski, congruent, indecomposable"
math,2000,2001,31,stable,31,0.889538,"josephson, holistic, junction, sivashinsky, kuramoto, stock, centre, modelling, spatio, operating"
math,2000,2001,32,stable,32,0.510309,"idgba, ultrauniform, raq, betan, isoparametric, bump, rolle, steprans, gns, pip"
math,2000,2001,33,evolve,33,0.411644,"codim, ador, flame, schroedinger, nard, breather, supp, quenching, geostrophic, geometrization"
math,2000,2001,34,evolve,34,0.444773,"metastable, walker, eps, uparrow, favourite, pitchfork, blackjack, ln2, fluctuation, hermite"
math,2000,2001,35,evolve,35,0.147788,"sbat, pluriminimal, canm, nelson, galilei, willmore, dilaton, gravity, gustavson, worldline"
math,2000,2001,36,stable,36,0.561685,"homotopy, cardinal, beth, category, equivalence, weasel, operad, omega, aleph, dolan"
math,2000,2001,37,stable,37,0.712849,"dissection, prisms, simplice, polytope, triangulation, simplicial, extremal, size, archimedean, solid"
math,2000,2001,38,evolve,38,0.466403,"vibroimpact, anelastic, exactness, nondegenerate, penalty, revision, bicomplex, moreau, triangulation, impact"
math,2000,2001,39,evolve,39,0.237647,"kodaira, dominable, semidensitie, okamoto, smallbbb, tinybbb, toric, bbb, projective, bundle"
math,2000,2001,40,stable,40,0.597832,"tricomplex, polar, nspace, psi, asian, summation, cosexponential, dlt, yor, azimuthal"
math,2000,2001,41,evolve,41,0.219788,"quantization, arrangement, poly, kks, locality, fermion, distinguishability, quantum, eigenfunction, eigenstate"
math,2000,2001,42,stable,42,0.858191,"move, doyle, reidemeister, circle, immersion, applet, diagrammatical, knot, spiral, isotopic"
math,2000,2001,43,evolve,43,0.118801,"isophasal, painlev, calogero, painleve, mound, corner, koranyi, inozemtsev, drainage, retention"
math,2000,2001,44,evolve,44,0.286725,"pack, noncentered, kunze, thoery, exponent, krein, hermitian, monic, rgensen, hoffmann"
math,2000,2001,45,stable,45,0.670473,"diffuse, unawareness, orderable, ordering, disorder, predecessor, surprise, braid, successor, gauge"
math,2000,2001,46,stable,46,0.564153,"unextended, subsequence, doplicher, quasihomogeneous, covariance, gns, nonrelativistic, roughness, variance, stationary"
math,2000,2001,47,evolve,47,0.131771,"hep, radin, extender, bateman, takeuchi, clausen, nvarie, schaar, 2as, believable"
math,2000,2001,48,stable,48,0.588411,"kontsevich, maslov, lagrangian, exhaustion, fedosov, symplectic, hamiltonian, sextuple, submanifold, isochronous"
math,2000,2001,49,disappear,0,0.0,"avalanche, sung, son, balanced, nonlinearity, characteristic, boolean, bad, global, local"
math,2001,2002,0,evolve,0,0.352664,"amoebas, survey, wavelet, sedenion, gromov, introduction, hat, magician, kenzo, assessor"
math,2001,2002,1,evolve,1,0.049504,"xxz, bbc, bbr, determinant, bbrx, matrix, bethe, entry, bljw, det"
math,2001,2002,2,stable,2,0.623245,"goth, algebra, hopf, subalgebra, algebras, associative, lie, cal, koppinen, noncommutative"
math,2001,2002,3,evolve,3,0.173537,"cuntz, kms, biconvolution, krieger, clifford, gebra, noncommutative, narnhofer, arveson, blackadar"
math,2001,2002,4,evolve,4,0.436307,"action, quasifold, group, imbedding, subgroup, automorphism, quasitorus, corepresentation, hyperkaehler, diagram"
math,2001,2002,5,evolve,5,0.425467,"ideal, janet, pommaret, eisenbud, morita, popescu, glicci, grobner, bigraded, ring"
math,2001,2002,6,evolve,6,0.432611,"hat, subfactor, bochner, putx, hartog, setminus, radulescu, pfl, jar, bigcup"
math,2001,2002,7,stable,7,0.525624,"knot, bennequin, casson, link, quandle, lescop, homology, sphere, branched, hale"
math,2001,2002,8,stable,8,0.668416,"iomdin, dom, polycycle, circuit, singularities, konig, domatic, ceil, foata, pollack"
math,2001,2002,9,evolve,9,0.266589,"bracket, odot, dispersionless, spinor, gerbe, bialgebroid, groupoid, poisson, qkt, contact"
math,2001,2002,10,evolve,30,0.080059,"lambda, aut, inn, semidirect, gelfand, tilouine, ppsmall, mokrane, subm, ellipticity"
math,2001,2002,11,evolve,11,0.35234,"noi, kick, lienard, qes, linearization, unperturbed, patchy, uniphase, condensate, invertability"
math,2001,2002,12,evolve,12,0.137155,"mdma, asthma, combat, particulate, experimental, janus, langley, inversion, meta, measurement"
math,2001,2002,13,evolve,13,0.354088,"flipturn, coloured, prod, approx0, mansour, precsim, sidon, polygon, simion, tangential"
math,2001,2002,15,stable,15,0.668416,"brane, instanton, string, nahm, witten, monopole, calabi, iia, supersymmetric, yau"
math,2001,2002,16,evolve,16,0.48563,"litsyn, code, krasikov, enumerator, stabilizer, barnes, kerdock, mth, extraspecial, ashikhmin"
math,2001,2002,17,evolve,17,0.493853,"geman, yor, asian, worker, prelle, condor, transfom, option, laplace, financial"
math,2001,2002,18,evolve,30,0.057096,"palindrome, alpha, multipermutation, szlenk, tracial, word, omega, knill, rote, hof"
math,2001,2002,19,evolve,19,0.147788,"charge, steady, temperature, doniach, phonon, gibbs, dilute, tba, quasigeostrophic, sae"
math,2001,2002,20,stable,20,0.572464,"galois, invitation, gal, tower, mod, amitsur, herstein, coset, ramification, representation"
math,2001,2002,21,evolve,21,0.088246,"askey, mn3, ortholattice, wilson, catalan, root, schubert, permutation, ehrlich, forrester"
math,2001,2002,22,evolve,22,0.095838,"autocorrection, bkm, approximant, pade, efficiently, reynold, householder, import, stream, inheretnly"
math,2001,2002,23,evolve,23,0.461147,"peg, fusion, motzkin, wzw, solitaire, duotaire, diagonalisable, ravikumar, catalan, player"
math,2001,2002,24,stable,24,0.695416,"bbb, neccessary, mat, minor, commute, resp, stenrood, cochains, hochshild, blem"
math,2001,2002,25,stable,25,0.752103,"kahler, kaehler, manifold, metric, geodesic, isospectral, foliation, scriptstyle, sasakian, riemannian"
math,2001,2002,26,stable,26,0.653819,"cohomology, variety, arakelov, fan, hodge, schubert, rig, motivic, polylogarithm, sheaf"
math,2001,2002,27,evolve,27,0.453752,"dirac, frame, titchmarsh, pseudodifferential, operator, pss, adjoint, selfadjoint, cgu, unif"
math,2001,2002,28,evolve,28,0.38737,"quot, mirror, cal, maple, particlular, tableaus, subcollection, intention, parametrisation, quintic"
math,2001,2002,29,evolve,29,0.192221,"painleve, poissonized, fredholm, determinant, formalism, plancherel, multiresolution, discrete, equiresolution, bessel"
math,2001,2002,30,evolve,30,0.223568,"slit, diffraction, sec, lattice, continuum, congruent, mende, flex, jitomirskaya, meager"
math,2001,2002,31,stable,31,0.713641,"josephson, holistic, junction, sivashinsky, kuramoto, centre, dissection, stock, enstrophy, modelling"
math,2001,2002,32,evolve,32,0.141809,"idgba, narrow, kappa, banach, ultrauniform, raq, archimedean, betan, isoparametric, hindman"
math,2001,2002,33,evolve,33,0.170284,"borcher, shock, codim, thickness, ador, schroedinger, flame, breakdown, nard, breather"
math,2001,2002,34,evolve,34,0.314897,"walker, quicksort, metastable, burst, fluctuation, eps, fkg, random, nur, uparrow"
math,2001,2002,35,evolve,35,0.427661,"gravity, anholonomic, wormhole, sbat, einstein, cosmological, warp, ansatz, vacuum, gravitational"
math,2001,2002,36,evolve,36,0.457895,"cardinal, omega, homotopy, aleph, category, dihomotopy, ccc, beth, equivalence, rings"
math,2001,2002,37,stable,37,0.765908,"dissection, prisms, simplice, hkt, polytope, triangulation, hyperkaehler, torunczyk, michelson, pasynkov"
math,2001,2002,38,evolve,38,0.167558,"greechie, rbf, vibroimpact, anelastic, exactness, nondegenerate, penalty, errata, wavelet, revision"
math,2001,2002,39,stable,39,0.671369,"toric, curve, genus, kodaira, bundle, projective, threefold, fibration, orbifold, surface"
math,2001,2002,40,evolve,40,0.184084,"tricomplex, thematic, bicomplex, polar, nspace, psi, zero, bailey, asian, summation"
math,2001,2002,41,evolve,41,0.105679,"ohno, quantization, baxter, isham, toda, quantum, ashtekar, yang, corepresentation, barnes"
math,2001,2002,42,evolve,42,0.214038,"move, doyle, reidemeister, zivaljevic, circle, immersion, diagrammatical, applet, vassiliev, knot"
math,2001,2002,43,evolve,43,0.203964,"shilov, cauchi, fpl, conductivity, isophasal, yangian, boundary, szeg, remnant, painlev"
math,2001,2002,44,evolve,44,0.416288,"monic, pack, plurisubharmonic, sobolev, eikinal, noncentered, bernstein, inequality, cusp, fond"
math,2001,2002,45,evolve,45,0.442991,"diffuse, smc, unawareness, braid, orderable, amc, ordering, disorder, subproduct, predecessor"
math,2001,2002,46,evolve,46,0.304584,"unextended, subsequence, jackknife, jack, doplicher, quantile, shortfall, variance, subthreshold, conditional"
math,2001,2002,47,evolve,47,0.162775,"incomparability, pairsum, berenstein, fst, residue, mod, zelevinsky, hep, radin, extender"
math,2001,2002,48,evolve,48,0.360595,"lagrangian, kontsevich, maslov, hamiltonian, submanifold, symplectic, konopelchenko, isomonodromy, arnold, sbd"
math,2002,2003,0,evolve,0,0.225401,"lecture, survey, amoebas, hypercomputation, mathematic, absoluteness, introduction, goussarov, lineal, logic"
math,2002,2003,1,evolve,1,0.118801,"10j, foam, multiply, crane, wign, barrett, transpose, xxz, complementary, defect"
math,2002,2003,2,stable,2,0.689554,"algebra, hopf, lie, algebras, subalgebra, goth, enveloping, frak, associative, quantum"
math,2002,2003,3,evolve,3,0.066937,"traceable, trace, symmetrizer, quasidiagonal, multivariable, cuntz, clifford, kms, osserman, wybourne"
math,2002,2003,4,stable,4,0.697816,"group, subgroup, action, automorphism, minimalizable, abelian, asdim, combable, conjugacy, quasifold"
math,2002,2003,5,evolve,5,0.460806,"ideal, gin, rees, grobner, ring, janet, subsetneq, koszul, macaulay, ratliff"
math,2002,2003,6,evolve,6,0.365129,"hat, logvinenko, sereda, immersion, subfactor, lesssim, cap, int, bochner, putx"
math,2002,2003,7,stable,7,0.669816,"casson, knot, link, triangulation, ropelength, branched, seiberg, lescop, algebre, bennequin"
math,2002,2003,8,evolve,8,0.382436,"iomdin, dom, ktt, polycycle, circuit, digraph, tree, singularities, hypergraph, puiseux"
math,2002,2003,9,stable,9,0.594473,"poisson, frakh, algebroid, spinor, bracket, compatible, leibnizian, integrability, lie, dispersionless"
math,2002,2003,11,disappear,0,0.0,"lienard, linearization, rfde, initiale, noi, kick, loi, ito, lipschitzian, apportionment"
math,2002,2003,12,disappear,0,0.0,"propositional, reversal, causal, refocusing, mdma, intuitionistic, asthma, quantified, medium, backtransport"
math,2002,2003,13,evolve,13,0.229264,"bnat, alphaf, nyman, flipturn, nat, coloured, prod, approx0, mansour, precsim"
math,2002,2003,14,stable,14,0.837674,"dilation, commuting, tuple, straight, noncommuting, cancellable, semigroup, piece, characterisation, subsemigroup"
math,2002,2003,15,stable,15,0.645912,"brane, instanton, witten, string, simon, supersymmetry, orientifold, monopole, vilkovisky, batalin"
math,2002,2003,16,stable,16,0.612126,"code, preparata, kerdock, litsyn, mds, krasikov, goethal, enumerator, stabilizer, binary"
math,2002,2003,17,evolve,17,0.295568,"geman, quantizer, yor, asian, investor, utility, sequential, insurance, portfolio, distortion"
math,2002,2003,19,evolve,19,0.139363,"tricritical, multiparticle, ultraviolet, temperature, spin, irrep, tba, onsager, pott, hydrodynamic"
math,2002,2003,20,stable,20,0.547168,"galois, mod, krammer, bigelow, amitsur, gal, representation, invitation, automorphic, phi"
math,2002,2003,21,evolve,21,0.427339,"permutation, vassiliev, polynomial, chebyshev, letter, spr, matroid, pattern, generating, askey"
math,2002,2003,22,evolve,22,0.315626,"approximable, denominator, pair, irrational, diophantine, simultaneous, autocorrection, sup, approximation, bkm"
math,2002,2003,23,stable,23,0.614105,"creature, technology, peg, game, fusion, motzkin, wzw, solitaire, duotaire, diagonalisable"
math,2002,2003,24,evolve,36,0.066937,"bbb, neccessary, mat, bargmann, minor, segal, cup, commute, cap, mathcal"
math,2002,2003,25,stable,25,0.587975,"kahler, metric, kaehler, manifold, isospectral, einstein, curvature, foliation, sasakian, leaf"
math,2002,2003,26,stable,26,0.637494,"cohomology, torsor, arakelov, variety, schubert, motivic, equivariant, iwasawa, hodge, reciprocity"
math,2002,2003,27,evolve,27,0.468656,"pseudodifferential, operator, dirac, svep, transaloid, adjoint, pmatrix, frame, titchmarsh, rdx"
math,2002,2003,28,evolve,28,0.100621,"tqft, quot, sextic, mirror, cal, mondromy, ordianry, ieeducible, metacyclic, maple"
math,2002,2003,29,evolve,29,0.440783,"schlesinger, isomonodromy, painleve, msf, wavelet, poissonized, pvi, dpiv, dpii, dpv"
math,2002,2003,30,evolve,30,0.227847,"delone, lattice, diffraction, omega, lambda, hausdorff, packing, fractal, quasirandom, repetitive"
math,2002,2003,31,evolve,31,0.241725,"josephson, holistic, junction, sivashinsky, sedenion, kite, smagorinsky, kuramoto, subgrid, ion"
math,2002,2003,32,evolve,32,0.272281,"spr, lip, banach, scr, coreflection, nearisometrie, subsymmetric, coinvariant, idgba, paracompact"
math,2002,2003,33,evolve,33,0.435506,"shock, frw, slash, wave, conservation, hole, vibrational, stewartson, davey, orr"
math,2002,2003,34,evolve,34,0.235747,"nur, ise, random, metastable, walker, walk, lam, probability, quicksort, hypergroup"
math,2002,2003,35,evolve,35,0.049504,"sundman, willmore, gravity, anholonomic, einstein, wormhole, sbat, osserman, dkp, monopole"
math,2002,2003,36,evolve,36,0.431811,"coring, cardinal, homotopy, operad, category, morita, quantale, wirthmuller, aleph, omega"
math,2002,2003,37,evolve,37,0.376884,"dissection, prisms, polytope, simplice, hkt, triangulation, symmetry, multiwavelet, kaehler, 7hyp"
math,2002,2003,38,stable,38,0.81932,"segmentation, enviromental, hubert, hydrological, missing, greechie, rbf, hmm, vibroimpact, discharge"
math,2002,2003,39,evolve,39,0.444594,"fibration, curve, projective, genus, toric, kodaira, bundle, modulus, threefold, orbifold"
math,2002,2003,40,stable,40,0.561411,"multivector, gamma, summation, zero, proximate, hypergeometric, arithmetical, tricomplex, askey, thematic"
math,2002,2003,41,evolve,41,0.174788,"kinematical, quantum, podle, arrangement, homgeom, cqms, olmo01, hbar, grassberger, ohno"
math,2002,2003,42,evolve,42,0.409647,"vassiliev, twist, knot, isotopie, virtual, break, map, move, circle, doyle"
math,2002,2003,43,evolve,43,0.475628,"rbns, determinism, synchronicity, shilov, paraboloid, cauchi, synchronous, collapse, asynchronicity, fpl"
math,2002,2003,44,evolve,44,0.267094,"lpy, monic, hermitian, inequality, sobolev, pack, paraboloid, plurisubharmonic, kernel, schwartz"
math,2002,2003,45,evolve,45,0.397664,"emptyset, braid, diffuse, lawrence, smc, krammer, unawareness, twist, orderable, amc"
math,2002,2003,46,evolve,46,0.265842,"mmse, shrinkage, probable, unextended, weibull, subsequence, jackknife, bayesian, variance, jack"
math,2002,2003,47,evolve,47,0.165221,"gauss, talbot, roger, sum, boustrouphedon, incomparability, pairsum, boustrophedon, rieman, berenstein"
math,2002,2003,48,stable,48,0.568146,"fantappie, hamiltonian, maslov, lagrangian, fomenko, mini, hofer, anharmonic, bettencourt, symplectic"
math,2003,2004,0,evolve,0,0.395685,"arabic, rhythm, goedel, numeral, lecture, rosy, mathematic, survey, logic, theory"
math,2003,2004,1,stable,1,0.536406,"tridiagonal, leonard, wign, multihomogeneous, bethe, matrix, janossy, seebold, varrho, 10j"
math,2003,2004,2,stable,2,0.776096,"hopf, algebra, frak, subalgebra, lie, associative, algebras, module, bialgebra, enveloping"
math,2003,2004,3,evolve,3,0.098284,"osp, levitzki, krieger, cuntz, blackadar, amitsur, pell, superalgebra, pap, boson"
math,2003,2004,4,stable,4,0.741621,"group, automorphism, subgroup, action, abelian, amenability, marguli, wreath, tidy, conjugacy"
math,2003,2004,5,evolve,5,0.433059,"ideal, longmapsto, buchsbaum, multr, ring, rees, macaulay, closure, distraction, monomial"
math,2003,2004,6,evolve,37,0.049504,"int, hat, korput, 4dt, cal, bigcup, sereda, logvinenko, extremum, immersion"
math,2003,2004,7,stable,7,0.675811,"knot, casson, link, triangulation, branched, heegaard, framing, homology, nous, seiberg"
math,2003,2004,8,evolve,8,0.188867,"circuit, digraph, zigzag, iomdin, dom, tree, valent, meshalkin, graph, gonal"
math,2003,2004,9,stable,9,0.500468,"poisson, algebroid, spinor, symplectic, nijenhuis, dressing, bracket, holonomy, lie, gerbe"
math,2003,2004,10,stable,10,0.631008,"lambda, 3st, kimura, tropical, plucker, grassmannian, phylogenetic, nucleic, holmes, billera"
math,2003,2004,11,evolve,11,0.270284,"laskar, vartheta, papaphilippou, valluri, cart, merritt, robutel, ferraz, superconformal, mello"
math,2003,2004,12,evolve,12,0.038742,"organic, isomerism, lunn, benzene, senior, chemistry, ethene, cyclopropane, stochasity, korner"
math,2003,2004,13,evolve,13,0.46079,"projectively, resp, star, fiberwise, bnat, alphaf, quantization, product, nyman, flipturn"
math,2003,2004,14,evolve,14,0.288806,"dilation, commuting, tuple, straight, separative, noncommuting, cancellable, semigroup, ell, row"
math,2003,2004,15,stable,15,0.582227,"brane, instanton, witten, gauge, string, denominator, supersymmetric, futaki, mill, gromov"
math,2003,2004,16,stable,16,0.667624,"code, convolutional, goppa, enumerator, mds, preparata, kerdock, litsyn, forney, krasikov"
math,2003,2004,17,evolve,17,0.253467,"lfsr, geman, quantizer, numeraire, service, register, financial, queue, discipline, encyclopedia"
math,2003,2004,18,evolve,18,0.400339,"coboundary, shift, bilateral, microstate, letter, semicircular, word, equicontinuity, reg1998, subshift"
math,2003,2004,19,evolve,19,0.398131,"charge, pott, shell, body, umbilic, basilar, temperature, biquaternionic, cochlea, tricritical"
math,2003,2004,20,stable,20,0.537378,"galois, mod, representation, sov, newform, nest, division, krammer, partitioning, characteristic"
math,2003,2004,21,stable,21,0.517437,"polynomial, permutation, schubert, orthogonal, equi, generating, root, vassiliev, gelfond, chebyshev"
math,2003,2004,22,stable,22,0.824103,"capacitance, approximable, conductor, implicitization, multidimensional, routine, denominator, pair, calculation, irrational"
math,2003,2004,23,evolve,23,0.402055,"creature, technology, hanoi, nash, delannoy, peg, fusion, game, hinz, tognoli"
math,2003,2004,25,stable,25,0.670371,"manifold, kahler, metric, kaehler, curvature, bisectional, ricci, hler, hyperbolic, einstein"
math,2003,2004,26,evolve,26,0.366101,"cohomology, reciprocity, adic, variety, arakelov, equivariant, biliaison, torsor, hodge, kawamata"
math,2003,2004,27,evolve,27,0.294094,"frame, pseudodifferential, operator, titchmarsh, dirac, eta, hartwig, spectral, eigenfunction, grassmannian"
math,2003,2004,28,evolve,28,0.396189,"shafarevich, lawrence, tate, 2gl, graver, semistable, tqft, torsion, quot, quaternionic"
math,2003,2004,29,disappear,0,0.0,"bold, wavelet, schlesinger, msf, isomonodromy, microprocessor, painleve, pseudoconcave, pic, differintegration"
math,2003,2004,30,evolve,30,0.146996,"fractal, duplex, omega, superfractal, delone, zehnder, nfl, subset, semicapacity, ehrhart"
math,2003,2004,31,evolve,31,0.217062,"aerotaxis, hypersingular, josephson, methylation, endothelial, holistic, csp, junction, oxygen, morphological"
math,2003,2004,32,evolve,32,0.397272,"banach, talamanca, kadec, renorming, spr, lip, figa, hoelder, herz, space"
math,2003,2004,33,evolve,33,0.295568,"shock, wave, viscosity, homoclinic, breather, frw, cauchy, sge, hoelder, loc"
math,2003,2004,34,stable,34,0.541275,"walk, lambda, random, percolation, brownian, multiplexed, sle, fluctuation, probability, passage"
math,2003,2004,35,evolve,35,0.235747,"osserman, hole, black, sdim, eine, gilt, quasilocal, teilmenge, penrose, und"
math,2003,2004,36,stable,36,0.598819,"segal, category, operad, homotopy, morita, topoi, omega, cardinal, coalgebras, equivalence"
math,2003,2004,37,evolve,37,0.237221,"dissection, dedekind, presymplectic, circ77, schodinger, symmetry, noether, prisms, incidence, girstmair"
math,2003,2004,38,evolve,38,0.275409,"segmentation, enviromental, hubert, hydrological, gpa, missing, quasiconvex, greechie, karcher, rbf"
math,2003,2004,39,stable,39,0.601433,"curve, bundle, toric, degeneration, projective, proj, fibration, singularity, fibre, divisor"
math,2003,2004,40,evolve,40,0.289254,"gamma, summation, qkzb, zero, askey, hypergeometric, multivector, trigonometric, zeta, series"
math,2003,2004,41,evolve,41,0.280467,"osp, reebless, quantum, coadjoint, psl, lewis, quantization, kinematical, superconformal, superintegrable"
math,2003,2004,42,stable,42,0.512009,"vassiliev, arc, map, cod, unimodal, circle, subhyperbolic, orbit, solenoid, twist"
math,2003,2004,43,stable,43,0.547168,"rbns, lam, determinism, gallery, synchronicity, qes, boundary, dirichlet, pauli, tit"
math,2003,2004,44,evolve,44,0.205343,"ehi, inequality, lpy, alve, shlyahtenko, logarithmic, kawasaki, ostrowski, sobolev, bouchaud"
math,2003,2004,45,evolve,45,0.313809,"braid, emptyset, holomorph, conjugacy, aut, burillo, diffuse, strand, conjugate, ventura"
math,2003,2004,46,evolve,46,0.484094,"jackknife, estimator, sec, mmse, inference, shrinkage, variance, pdf, ifs, bayes"
math,2003,2004,47,stable,47,0.532595,"parallelotope, sum, irrationality, prime, zonotopal, gauss, over4, flt, 2ab, issai"
math,2003,2004,48,evolve,48,0.455687,"maslov, lagrangian, hamiltonian, fantappie, symplectic, kaehler, gevrey, magnetic, fomenko, mini"
math,2003,2004,49,evolve,5,0.110462,"semistar, derridj, fer, makhlouf, chebyshev, star, hypoellipticity, nagata, operation, title"
math,2004,2005,0,evolve,0,0.387346,"lecture, arabic, mathematic, talk, theory, introduction, conference, survey, university, mathematical"
math,2004,2005,1,stable,1,0.572452,"tridiagonal, leonard, determinant, loophole, diagonal, superpolynomial, matrix, temperley, redheffer, bethe"
math,2004,2005,2,stable,2,0.825437,"algebra, hopf, frak, lie, subalgebra, algebras, bialgebra, module, nichols, rinehart"
math,2004,2005,3,evolve,3,0.294784,"tracial, rokhlin, unital, osp, kishimoto, godbillon, vey, crossed, unitarity, jonesxu04"
math,2004,2005,4,stable,4,0.725736,"group, automorphism, subgroup, action, braid, relator, hol, conjugacy, holomorph, amenability"
math,2004,2005,5,stable,5,0.615989,"ideal, macaulay, cohen, star, kunz, ring, ree, monomial, semistar, gorenstein"
math,2004,2005,6,evolve,6,0.261059,"ivashkovitch, chirka, hartog, codim, bar, diffeormorphic, nonimbeddability, underset, int, inhomogenous"
math,2004,2005,7,stable,7,0.543073,"knot, casson, heegaard, homology, link, khovanov, concordance, floer, alexander, triangulation"
math,2004,2005,8,evolve,8,0.425664,"pebble, quadrangularity, vertex, valent, lamp, graph, bouwkamp, circuit, hyperedge, digraph"
math,2004,2005,9,stable,9,0.562323,"poisson, dispersionless, bracket, cofoliation, symplectic, contact, cartan, spinor, algebroid, connection"
math,2004,2005,10,evolve,41,0.038742,"lambda, pieri, 3st, kimura, tropical, homotopie, plucker, harness, phcpack, rll"
math,2004,2005,11,evolve,11,0.213809,"laskar, spe, portrait, queueing, salinity, dynamical, shear, resonant, stability, pucci"
math,2004,2005,12,evolve,12,0.456943,"jitter, bubble, pulsation, frequency, ida, dms, bjerkne, methode, transition, organic"
math,2004,2005,13,evolve,13,0.452832,"equivocation, projectively, resp, star, 2log, fiberwise, chou, conical, log, patodi"
math,2004,2005,14,evolve,14,0.456814,"cic, ell, arctan, dilation, commuting, tuple, nonrelativistic, inftyr, sqrt, brace"
math,2004,2005,15,stable,15,0.631731,"brane, witten, seiberg, monopole, gauge, eta, instanton, string, sliceness, twisted"
math,2004,2005,16,stable,16,0.617437,"code, convolutional, mds, griess, goppa, enumerator, loops, hsu, correspondance, triality"
math,2004,2005,17,stable,17,0.551947,"ddh, planet, alliance, lfsr, diversity, service, moon, geman, capture, quantizer"
math,2004,2005,18,evolve,18,0.443821,"shift, subshift, fermionic, coboundary, takahashi, tsirelson, palindrome, bilateral, microstate, quasitrace"
math,2004,2005,19,evolve,19,0.28525,"paraboson, charge, body, zeno, pott, adiabatic, collisionless, temperature, png, gibbs"
math,2004,2005,20,stable,20,0.511101,"galois, representation, conductor, mod, cpx, irreducible, gal, character, newform, berele"
math,2004,2005,21,stable,21,0.502981,"schubert, polynomial, pattern, permutation, orthogonal, macmahon, bijection, jack, generating, catalan"
math,2004,2005,22,evolve,22,0.347153,"capacitance, approximable, conductor, implicitization, diophantine, multidimensional, correction, routine, denominator, pseudometric"
math,2004,2005,23,evolve,23,0.261838,"creature, nim, woman, secretary, heap, man, dog, technology, game, hanoi"
math,2004,2005,24,evolve,24,0.317706,"gaut, bbb, dim, saerens, bbbc, zame, dadok, lyubich, eremenko, bedford"
math,2004,2005,25,stable,25,0.536928,"kaehler, manifold, kahler, curvature, einstein, ricci, metric, riemannian, hyperbolic, sectional"
math,2004,2005,26,stable,26,0.501869,"torsor, variety, cohomology, imb, hodge, lefschetz, motivic, reciprocity, schubert, rational"
math,2004,2005,27,stable,27,0.516691,"spectrum, operator, frame, hyperinvariant, adjoint, coast, semielliptic, discreteness, dirac, resolvent"
math,2004,2005,28,evolve,28,0.190522,"lam, shafarevich, lawrence, ramified, elliptic, paramodular, tate, supersingular, 2gl, covering"
math,2004,2005,30,evolve,30,0.287279,"lat, hexagonal, packing, lacunary, fractal, delone, lattice, borel, clone, aperiodic"
math,2004,2005,31,evolve,31,0.043525,"curvelet, mesenchymal, treatment, quasigeostrophic, tlm, aerotaxis, hypersingular, josephson, methylation, dsc"
math,2004,2005,32,evolve,32,0.293869,"banach, omegalt, frechet, ind, space, comp, topology, talamanca, isometry, kadec"
math,2004,2005,33,stable,33,0.546802,"wave, undercompressive, shock, nonsqueezing, profile, inviscid, odinger, overcompressive, burger, kdv"
math,2004,2005,34,stable,34,0.576233,"percolation, random, brownian, walk, passage, probability, sle, goe, animal, reversible"
math,2004,2005,35,evolve,35,0.221869,"spacetime, enneper, hole, curvature, submanifold, black, hodographic, penrose, einstein, ebenfelt"
math,2004,2005,36,evolve,36,0.430895,"category, segal, homotopy, coring, monoidal, operad, functor, cardinal, omega, poset"
math,2004,2005,37,evolve,37,0.196568,"polytope, dissection, net, moebius, symmetry, zigzag, aubert, hat, covariant, cox73"
math,2004,2005,38,evolve,38,0.307311,"frac14a, gill, segmentation, frac14, stepper, aggregation, enviromental, hubert, hydrological, minima"
math,2004,2005,39,stable,39,0.754844,"curve, degeneration, genus, bundle, surface, modulus, fibration, divisor, arithmetically, projective"
math,2004,2005,40,evolve,40,0.315346,"hypergeometric, partition, dqi, zero, andrew, gamma, summation, revers, identity, bessel"
math,2004,2005,41,evolve,41,0.456023,"kappa, quantum, lambda, loops, hole, osp, zeta, reebless, electrostatic, coadjoint"
math,2004,2005,42,stable,42,0.619533,"vassiliev, tangle, map, virtual, julia, unimodal, henon, arc, mapping, knot"
math,2004,2005,43,evolve,43,0.461875,"rbns, lam, danckwert, boundary, exit, domain, dirichlet, superconductivity, neumann, hua"
math,2004,2005,44,evolve,44,0.231884,"multiplicativity, boshernitzan, inequality, umd, ehi, abs, convolution, ormander, dyadic, pavlovic"
math,2004,2005,45,evolve,45,0.437842,"braid, birman, sigma, garside, eta, monoid, quasipositive, artin, emptyset, conjuguate"
math,2004,2005,46,evolve,46,0.397893,"jackknife, estimator, mixture, volatility, bayesian, sample, likelihood, garch, inference, breakdown"
math,2004,2005,47,stable,47,0.507903,"parallelotope, prime, sum, msbm, factorial, sequence, square, integer, modulo, irrationality"
math,2004,2005,48,evolve,48,0.433191,"cotangent, maslov, lagrangian, symplectic, hamiltonian, tori, frankel, plancherel, savart, zehnder"
math,2005,2006,0,evolve,0,0.343093,"chapter, lecture, introduction, partner, uniformizability, galaxy, mathematic, survey, theory, vasyunin"
math,2005,2006,1,stable,1,0.725383,"leonard, tridiagonal, determinant, matrix, standardized, dkmvz2, kashaev, diagonal, bryuno, reichstein"
math,2005,2006,2,stable,2,0.728348,"algebra, frak, hopf, lie, lhg, algebras, subalgebra, lam, module, bialgebra"
math,2005,2006,3,evolve,3,0.358827,"osp, pollard, subdiagonal, commutation, tracial, rokhlin, lightlike, unital, generalisation, superalgebra"
math,2005,2006,4,stable,4,0.798183,"group, subgroup, automorphism, action, coxeter, conjugacy, braid, wreath, abelian, apollonian"
math,2005,2006,5,stable,5,0.681928,"ideal, ring, hyperquasigroup, gorenstein, macaulay, cohen, monomial, qfqf, ree, multiplicity"
math,2005,2006,6,evolve,6,0.243626,"bard, varpi, holomorphy, ivashkovitch, burkholder, chirka, bar, mathsf, lakshmibai, int"
math,2005,2006,7,stable,7,0.651372,"knot, link, alexander, ieie, surgery, homology, fibred, nous, khovanov, casson"
math,2005,2006,8,evolve,8,0.464406,"pebble, heterochromatic, diam, vertex, multary, turan, graph, biased, cover, bruijn"
math,2005,2006,9,stable,9,0.510719,"contact, poisson, algebroid, cartan, bracket, symplectic, nonholonomic, structure, connection, spinor"
math,2005,2006,11,evolve,11,0.133874,"fbw, laskar, ftsm, stabilizability, stochastic, periodic, ballistic, motion, dynamical, trailer"
math,2005,2006,12,evolve,12,0.345155,"jitter, odat, traceroute, causal, bubble, internet, frequency, pulsation, auditory, car"
math,2005,2006,13,evolve,13,0.333059,"log, liminf, equivocation, projectively, resp, star, qyz, qzx, 2rs, 2log"
math,2005,2006,14,stable,14,0.512654,"cic, main1, rubei, ell, rubei1, purnaprajna, gallego, arctan, veronese, dilation"
math,2005,2006,15,evolve,15,0.369189,"brane, sigma, witten, gauge, instanton, bikaehler, string, eta, supersymmetric, chiral"
math,2005,2006,16,evolve,16,0.462506,"code, speech, convolutional, mds, griess, hansen, vandermonde, vladut, goppa, tsfasman"
math,2005,2006,17,evolve,17,0.305964,"ddh, queue, server, planet, service, alliance, portfolio, lfsr, buffer, customer"
math,2005,2006,18,evolve,18,0.296992,"shift, subword, zoo, palindrome, palindromic, subshift, lou, fermionic, word, quasisturmian"
math,2005,2006,19,evolve,19,0.360806,"particle, body, pdem, libration, temperature, charge, thermodynamic, sherrington, paraboson, kirpatrick"
math,2005,2006,20,stable,20,0.647336,"galois, flgee, nest, representation, character, brauer, qdss, conductor, irreducible, spark"
math,2005,2006,21,stable,21,0.678216,"permutation, pattern, bijection, polynomial, pseudopositive, orthogonal, schubert, octahedron, equi, tableaux"
math,2005,2006,22,stable,22,0.561411,"presynaptic, spike, capacitance, implicitization, approximable, timing, aftereffect, postsynaptic, correction, dag"
math,2005,2006,23,stable,23,0.504315,"bimatrix, game, creature, nash, scientist, equilibrium, joint, nim, woman, desiderata"
math,2005,2006,24,evolve,24,0.312094,"leq2n, hilb, aaut, dim, gaut, leqcard, bbb, aut, bbbc, saerens"
math,2005,2006,25,stable,25,0.516411,"kahler, ricci, manifold, metric, curvature, teichmuller, lamination, overset, riemannian, hyperbolic"
math,2005,2006,26,evolve,26,0.434931,"cohomology, variety, schubert, pole, lefschetz, algebraic, hodge, residue, adic, rational"
math,2005,2006,27,evolve,27,0.39329,"frame, spectrum, operator, menshov, symbol, overcompleteness, adjoint, localization, resonance, dirac"
math,2005,2006,28,evolve,28,0.390072,"hyperelliptic, attitude, microsupport, tqft, lam, shafarevich, cal, weierstrass, lawrence, shm"
math,2005,2006,29,stable,29,0.653027,"residuality, bogoliubov, analog, fractional, dissipative, wavelet, mra, debye, essay, exponential"
math,2005,2006,30,stable,30,0.636687,"conc, nite, lattice, semilattice, hexagonal, otimes, fractal, lat, clone, subset"
math,2005,2006,31,stable,31,0.849096,"pluralism, bus, cuernevaca, pluralist, krbalek, mexico, seba, management, curvelet, viability"
math,2005,2006,32,evolve,32,0.375168,"erstnev, banach, lindelof, separable, space, amenability, subspace, isometry, ctph, cswp"
math,2005,2006,33,stable,33,0.500917,"wave, strichartz, debye, odinger, profile, schr, shock, dinger, undercompressive, kdv"
math,2005,2006,34,stable,34,0.579036,"brownian, percolation, random, walk, markov, bin, probability, viterbi, fragmentation, chain"
math,2005,2006,35,evolve,35,0.368568,"curvature, gravity, submanifold, proximity, anholonomic, spacelike, gauge, einstein, mean, vacuum"
math,2005,2006,36,stable,36,0.554928,"coring, category, morita, quantale, homotopy, groupoid, poset, qgr, operad, etale"
math,2005,2006,37,evolve,37,0.485009,"orthocentric, moebius, orthocenter, polytope, simplice, dim, adele, excited, simplex, moroz"
math,2005,2006,38,evolve,38,0.299847,"ralsfa, frac14a, microarray, gill, infft, ggim, ifraa, nonequispaced, stopping, segmentation"
math,2005,2006,39,stable,39,0.615193,"curve, genus, divisor, modulus, bundle, surface, degeneration, projective, singularity, cac"
math,2005,2006,40,stable,40,0.707099,"zeta, zrank, zero, riemann, ramanujan, hypergeometric, andrew, summation, partition, series"
math,2005,2006,41,evolve,41,0.145342,"kappa, osp, nafl, autonomic, quantum, gyron, acs, kinematical, observable, lambda"
math,2005,2006,42,evolve,42,0.212279,"tangle, vassiliev, nontwist, map, virtual, mapping, julia, kauffman, reconnection, bone"
math,2005,2006,43,evolve,43,0.231884,"template, rbns, dirichlet, neumann, domain, lam, boundary, pauli, eigenvalue, wzw"
math,2005,2006,44,evolve,44,0.465129,"inequality, convolution, tomega, tsirelson, bobkov, prekopa, riesz, multiplicativity, sivashinsky, tauberian"
math,2005,2006,45,evolve,45,0.360806,"braid, rap, monoid, ald, involution, counter, birman, language, sigma, lap"
math,2005,2006,46,stable,46,0.651372,"estimator, likelihood, nonparametric, breakdown, scatter, regression, estimation, mixture, jackknife, bayesian"
math,2005,2006,47,evolve,47,0.190522,"prime, sum, parallelotope, mueller, labelling, qbar, modulo, magilatin, integer, pbar"
math,2005,2006,48,evolve,48,0.346181,"hamiltonian, symplectic, cotangent, fsde, lagrangian, floer, qale, maslov, diffeomorphism, capacity"
math,2005,2006,49,evolve,49,0.381088,"motivic, wronskian, analytic, hange, goulaouic, gration, henselian, mie, constructible, clucker"
math,2006,2007,0,evolve,0,0.453752,"napkin, introduction, university, survey, chapter, taiwan, math, lecture, mathematical, mathematic"
math,2006,2007,1,stable,1,0.574533,"leonard, tridiagonal, matrix, determinant, diagonal, entry, householder, forest, quaternion, standardized"
math,2006,2007,2,stable,2,0.733878,"algebra, hopf, algebras, frak, quiver, lie, subalgebra, preprojective, module, vir"
math,2006,2007,3,evolve,3,0.35234,"tracial, subfactor, rokhlin, unital, osp, uhf, rtimes, arveson, pollard, subdiagonal"
math,2006,2007,4,stable,4,0.909308,"subgroup, group, automorphism, action, coxeter, conjugacy, abelian, fic, braid, quotient"
math,2006,2007,5,stable,5,0.697945,"ideal, monomial, ring, macaulay, cohen, module, ass, multiplicity, gorenstein, artinian"
math,2006,2007,6,stable,6,0.593469,"bbt, bar, int, bard, big, partial, bbd, holomorphy, bigr, bigl"
math,2006,2007,7,stable,7,0.641357,"knot, nous, link, homology, khovanov, des, surgery, triangulation, heegaard, alexander"
math,2006,2007,8,stable,8,0.752324,"pebble, vertex, graph, factorisation, color, edge, rainbow, digraph, chromatic, heterochromatic"
math,2006,2007,9,evolve,9,0.487991,"cartan, connection, algebroid, contact, bundle, geometry, poisson, structure, groupoid, symplectic"
math,2006,2007,10,evolve,10,0.322741,"bacharach, padua, corpuscle, interpolation, wicksell, lagrange, transform, mysovskikh, sivashinsky, bargmann"
math,2006,2007,11,evolve,11,0.433722,"trajectory, periodic, lyapunov, stability, bbbb, stochastic, retarded, differential, truncator, tmm"
math,2006,2007,12,evolve,12,0.383814,"kohonen, genotope, jitter, multicast, frequency, odat, traceroute, learner, unicast, causal"
math,2006,2007,13,evolve,13,0.431618,"lcs, log, quad, frac, max, resp, liminf, sup, latin, equivocation"
math,2006,2007,14,evolve,14,0.2063,"ell, cic, main1, gls, rubei, genuine, emptysetn, quadrangular, semigroup, rubei1"
math,2006,2007,15,stable,15,0.562678,"hep, brane, bihermitian, sigma, monopole, string, duality, coisotropic, witten, wall"
math,2006,2007,16,evolve,16,0.479311,"code, convolutional, p53, mdm2, macwilliam, speech, forney, repressor, transcripion, gene"
math,2006,2007,17,evolve,17,0.330168,"auction, server, price, pricing, queue, mpgps, service, market, ddh, supersaturated"
math,2006,2007,18,evolve,18,0.327676,"transitivity, subshift, lambda, shift, entropy, kengo, index, subword, zoo, palindrome"
math,2006,2007,19,evolve,19,0.473912,"temperature, particle, collision, sim, polymer, body, energy, boltzmann, thermodynamic, gyrostat"
math,2006,2007,20,evolve,20,0.419601,"galois, representation, character, brauer, conductor, irreducible, irrg, ibrg, ipig, flgee"
math,2006,2007,21,stable,21,0.705216,"permutation, pattern, polynomial, patience, multiarrangement, dumont, orthogonal, tableaux, bijection, root"
math,2006,2007,22,stable,22,0.516057,"carbuncle, presynaptic, spike, capacitance, correction, implicitization, approximable, microwave, noiseless, susceptibility"
math,2006,2007,23,evolve,23,0.375628,"parafermion, bimatrix, game, creature, financing, nash, pseudofinite, option, scientist, positional"
math,2006,2007,24,evolve,24,0.217086,"varpi, leq2n, subseteq, hilb, antidual, triplet, circ, sqcap, aaut, mapsto"
math,2006,2007,25,stable,25,0.613403,"asdim, manifold, ricci, metric, riemannian, curvature, kahler, kaehler, hler, anasdim"
math,2006,2007,26,stable,26,0.539067,"hodge, variety, cohomology, adic, chow, lubin, rational, etale, tate, crystal"
math,2006,2007,27,stable,27,0.734779,"symbol, operator, dirac, pseudodifferential, hill, spectrum, fredholm, spectral, adjoint, frame"
math,2006,2007,28,evolve,28,0.192221,"attitude, hyperelliptic, superconformal, fermionic, kostka, unrestricted, nullwerte, microsupport, angular, gepner"
math,2006,2007,29,stable,29,0.500255,"residuality, wavelet, bogoliubov, lbi, analog, fractional, drp, noninteger, dissipative, truncated"
math,2006,2007,30,evolve,30,0.338589,"lattice, conc, fractal, semilattice, nite, otimes, lotimes, subset, cantor, set"
math,2006,2007,31,evolve,31,0.129563,"pluralism, bus, pluralist, krbalek, cuernevaca, gnrh, mexico, seba, management, protein"
math,2006,2007,32,evolve,32,0.498131,"banach, pmb, metrizable, separable, compacta, stab, erstnev, space, compactum, equicontinuous"
math,2006,2007,33,stable,33,0.608594,"wave, schr, dinger, shock, decay, colombeau, profile, regularity, schrodinger, viscous"
math,2006,2007,34,stable,34,0.674449,"random, walk, percolation, fragmentation, brownian, deviation, markov, probability, coalescent, site"
math,2006,2007,35,evolve,35,0.196568,"curvature, varsigma, laguerre, submanifold, hypersurface, conformal, smallint, cmc, sitter, finsleroid"
math,2006,2007,36,stable,36,0.7729,"category, functor, homotopy, coring, operad, groupoid, morita, monoidal, equivalence, poset"
math,2006,2007,37,evolve,37,0.41916,"orthocentric, polytope, delaunay, coincidence, tetrahedra, moebius, catalogue, simplice, hyperdeterminant, record"
math,2006,2007,38,evolve,38,0.18238,"margin, ralsfa, classifier, subresultant, microarray, sparsity, karakosta, frac14a, hyponormal, bicomplex"
math,2006,2007,39,stable,39,0.68383,"modulus, curve, bundle, surface, singularity, projective, genus, divisor, vph, birational"
math,2006,2007,40,stable,40,0.829995,"zeta, zero, series, partition, ramanujan, riemann, function, expansion, hypergeometric, zrank"
math,2006,2007,41,evolve,41,0.45645,"oper, bol, subloop, commutant, gaudin, loop, kappa, quantum, kohno, osp"
math,2006,2007,42,evolve,42,0.268926,"hessenberg, classicality, nonorientable, quandle, basin, virtual, map, mapping, immediate, tangle"
math,2006,2007,43,evolve,43,0.284943,"slit, dirichlet, tomar, alloy, boundary, surgery, painleve, domain, krahn, ultracontractivity"
math,2006,2007,44,evolve,44,0.405122,"inequality, multiplicativity, subellipticity, hardy, norm, patch, convolution, riesz, sobolev, tomega"
math,2006,2007,45,stable,45,0.595948,"garside, braid, automata, qgr, monoid, rap, spec, mod, birman, cycling"
math,2006,2007,46,stable,46,0.536874,"estimator, fdp, likelihood, fwer, regression, skull, breakdown, nonparametric, mixture, estimation"
math,2006,2007,47,stable,47,0.578116,"sfrac12, mod, fleck, wwo, prime, sum, sequence, binom, integer, happy"
math,2006,2007,48,evolve,48,0.479311,"symplectic, lagrangian, capacity, bondi, paf, mel, hamiltonian, nikov, zehnder, maclaurin"
math,2006,2007,49,evolve,49,0.095838,"fan, analytic, bner, treve, hypoellipticity, motivic, wronskian, hange, gration, goulaouic"
math,2007,2008,0,evolve,0,0.368992,"numeral, lecture, university, napkin, introduction, math, blink, professor, survey, testimony"
math,2007,2008,1,evolve,1,0.425467,"matrix, leonard, cmv, tridiagonal, determinant, nonimmersion, diagonal, quaternion, hadamard, row"
math,2007,2008,2,stable,2,0.80229,"algebra, algebras, quiver, hopf, lie, hecke, module, subalgebra, bialgebra, baxter"
math,2007,2008,3,evolve,3,0.425131,"osp, anabla, tracial, superalgebra, subfactor, rokhlin, akivis, quasideterminant, lightlike, noncommutative"
math,2007,2008,4,stable,4,0.827041,"subgroup, group, automorphism, conjugacy, action, abelian, coxeter, quotient, braid, equivariant"
math,2007,2008,5,stable,5,0.649164,"ideal, biss, ring, macaulay, monomial, cohen, module, tor, mccoy, grade"
math,2007,2008,6,evolve,6,0.280664,"bar, int, bbt, partial, aluthge, big, 2dx, vec, cup, holomorphy"
math,2007,2008,7,stable,7,0.637069,"knot, heegaard, tunnel, link, nous, homology, que, floer, des, khovanov"
math,2007,2008,8,evolve,8,0.391874,"pebble, graph, vertex, edge, chromatic, heterochromatic, subgraph, mcc, color, rainbow"
math,2007,2008,9,evolve,9,0.444933,"connection, groupoid, poisson, contact, cartan, spin, bracket, spinor, holonomy, structure"
math,2007,2008,10,stable,10,0.674533,"xuf, lambda, vandermonde, farey, lagrange, interpolation, bacharach, padua, corpuscle, wicksell"
math,2007,2008,11,stable,11,0.520969,"periodic, clb, stochastic, differential, trajectory, stability, integrator, bifurcation, timestepper, volterra"
math,2007,2008,12,evolve,12,0.038742,"ultrametricity, genotope, kohonen, impedance, blockmodel, port, kdem, jitter, pulse, frequency"
math,2007,2008,13,evolve,13,0.137155,"log, geqslant10, eqnarray, max, hdot, loc, sup, frac, lcs, liminf"
math,2007,2008,14,stable,14,0.517886,"coisometric, mealy, dilation, semigroup, commuting, ell, cic, irrational, alphabet, main1"
math,2007,2008,15,evolve,15,0.356448,"hep, witten, brane, supertrace, sigma, cdr, gromov, mirror, string, calabi"
math,2007,2008,16,evolve,16,0.380747,"code, convolutional, codebook, greedy, dissection, dar, tai, xing, czy, mdm2"
math,2007,2008,17,stable,17,0.579591,"price, pricing, portfolio, market, utility, financial, auction, ask, bid, cash"
math,2007,2008,18,evolve,18,0.419153,"entropy, episturmian, word, var, subshift, shift, transitivity, ohno, lambda, sft"
math,2007,2008,19,evolve,19,0.395568,"particle, polymer, temperature, collision, flow, oscillator, tagged, fluid, charge, position"
math,2007,2008,20,stable,20,0.6585,"goth, galois, character, irreducible, cyclotomic, ggg, representation, ramification, extension, prime"
math,2007,2008,21,stable,21,0.526532,"permutation, pattern, polynomial, orthogonal, schubert, generating, thom, catalan, bijection, root"
math,2007,2008,22,evolve,22,0.237221,"vepsi, carbuncle, capacitance, presynaptic, precision, spike, error, svd, correction, implicitization"
math,2007,2008,23,evolve,23,0.098284,"game, parafermion, dividend, army, bimatrix, cave, eriksson, duel, hood, sheriff"
math,2007,2008,24,evolve,24,0.389086,"lamin, tilde, spinorielle, varpi, leq2n, trique, conforme, galit, stricte, subseteq"
math,2007,2008,25,stable,25,0.551532,"ricci, manifold, riemannian, geodesic, metric, kahler, curvature, hler, teichmuller, hyperbolic"
math,2007,2008,26,stable,26,0.713937,"adic, chow, cohomology, variety, hodge, rational, hdots, algebraic, arithmetic, psh"
math,2007,2008,27,stable,27,0.599004,"operator, symbol, dirac, pmatrix, pseudodifferential, spectral, spectrum, adjoint, frame, selfadjoint"
math,2007,2008,28,evolve,28,0.36891,"kolyvagin, heegner, hyperelliptic, quartic, quintic, attitude, masur, cp1, shafarevich, strata"
math,2007,2008,29,evolve,29,0.116441,"wavelet, fractional, residuality, osculator, noninteger, derivative, leibniz, bogoliubov, autoregressive, lbi"
math,2007,2008,30,stable,30,0.618912,"varlambda, lattice, subset, set, fractal, kappa, bbc, tiling, euc, bormxi"
math,2007,2008,31,stable,31,0.542565,"gali, cooperator, sali, biological, pluralism, dealiasing, harvest, bus, cooperation, porous"
math,2007,2008,32,stable,32,0.577595,"banach, separable, shilov, space, pmb, reflexive, sitter, transfinite, frechet, alexandroff"
math,2007,2008,33,stable,33,0.77262,"wave, posedness, schrodinger, schr, dinger, decay, regularity, schroedinger, navi, nonlinear"
math,2007,2008,34,stable,34,0.780471,"percolation, walk, random, brownian, deviation, probability, markov, environment, distribution, tail"
math,2007,2008,35,stable,35,0.649233,"smarandache, isotope, submanifold, curvature, grotemeyer, unomasuno, gauss, bol, censorship, moufang"
math,2007,2008,36,stable,36,0.682294,"category, functor, homotopy, operad, module, object, scr, groupoid, poset, coring"
math,2007,2008,37,evolve,37,0.267094,"csls, hddc, coincidence, polytope, orthocentric, schrohe, simplice, delaunay, tetrahedra, monvel"
math,2007,2008,38,evolve,38,0.204884,"aggregation, medallion, classifier, trs, lasso, pursuit, margin, polygraphic, termination, polygraph"
math,2007,2008,39,stable,39,0.617779,"genus, curve, bundle, modulus, projective, surface, divisor, singularity, moduli, orbifold"
math,2007,2008,40,stable,40,0.655041,"zeta, zero, riemann, partition, series, hypergeometric, function, epsilon, expansion, identity"
math,2007,2008,41,evolve,41,0.369189,"loop, moufang, subloop, oper, resistance, bol, quantum, commutant, rif, diassociative"
math,2007,2008,42,evolve,42,0.341842,"homfly, mutant, satellite, cobordism, hessenberg, julia, classicality, map, mapping, tangle"
math,2007,2008,43,evolve,43,0.39734,"painleve, boundary, nodal, dirichlet, domain, spinc, fat, explosion, harnack, worm"
math,2007,2008,44,evolve,44,0.438853,"hardy, inequality, jmath, sobolev, riesz, orlicz, ipsi, green, norm, tsb"
math,2007,2008,45,stable,45,0.603008,"garside, braid, orb, automata, spider, leg, monoid, submonoid, membership, language"
math,2007,2008,46,stable,46,0.847492,"estimator, estimation, nonparametric, likelihood, regression, confidence, sample, procedure, test, prior"
math,2007,2008,47,evolve,47,0.426088,"prime, fleck, mod, sfrac12, nathanson, sum, integer, pseudosquare, progression, binom"
math,2007,2008,48,evolve,48,0.205343,"symplectic, lagrangian, gradshteyn, submanifold, cotangent, integral, holographic, formula, rhyzik, capacity"
math,2007,2008,49,evolve,49,0.309026,"indi, gsp, wedge, eigencurve, brownien, int, fan, nonprimitive, temps, analytic"
math,2008,2009,0,evolve,0,0.482227,"nact, lecture, chapter, survey, nfum, university, supercharacter, introduction, morass, numeral"
math,2008,2009,1,stable,1,0.52296,"matrix, column, camion, scalapack, row, determinant, eigenvalue, leonard, factorization, entry"
math,2008,2009,2,stable,2,0.821349,"algebra, algebras, lie, hopf, hecke, quiver, subalgebra, koszul, tmop, associative"
math,2008,2009,3,evolve,3,0.432264,"tracial, osp, unital, subfactor, winn, bigwedge, cocycle, anabla, krieger, tilde"
math,2008,2009,4,stable,4,0.592689,"subgroup, group, automorphism, action, coxeter, conjugacy, abelian, bbz, xgal, ssympeo"
math,2008,2009,5,stable,5,0.735114,"ideal, ring, noetherian, gorenstein, macaulay, monomial, module, cohen, levalg, stanley"
math,2008,2009,6,evolve,6,0.389513,"prt, dxdt, int, bar, vert, hbox, partial, qquad, mapsto, nabla"
math,2008,2009,7,stable,7,0.725511,"knot, heegaard, cipq, homology, link, cipl, surgery, floer, aipq, aipl"
math,2008,2009,8,evolve,8,0.356814,"alliance, vertex, defensive, graph, pebble, bbz, offensive, edge, cchi, subgraph"
math,2008,2009,9,stable,9,0.572554,"nonholonomic, cartan, contact, poisson, connection, algebroid, moufang, bracket, structure, bundle"
math,2008,2009,10,evolve,10,0.43593,"xuf, decoder, lambda, vandermonde, farey, tropical, lagrange, dmc, interpolation, coamoebas"
math,2008,2009,11,stable,11,0.517437,"bifurcation, periodic, stochastic, reset, differential, parametrical, stability, unstable, scheffer, clb"
math,2008,2009,12,evolve,12,0.225905,"bss, thermoacoustic, frequency, thread, meandering, eeg, enhancement, jam, pdsaw, north"
math,2008,2009,13,stable,13,0.596416,"bockstein, sup, olson, dim, log, dis, submodule, end, remain, 13n"
math,2008,2009,14,evolve,14,0.18653,"semigroup, coisometric, mealy, cogenerator, cal, dilation, ell, posint, amenable, diophantine"
math,2008,2009,15,evolve,15,0.478924,"kuranishi, string, gauge, brane, witten, supersymmetric, cdr, calabi, yau, gromov"
math,2008,2009,16,evolve,16,0.443372,"code, ternary, hamming, neighborliness, binary, convolutional, iitaka, skew, codebook, delsarte"
math,2008,2009,17,stable,17,0.564153,"portfolio, price, buffer, market, pricing, utility, asset, cash, economic, saem"
math,2008,2009,18,stable,18,0.591609,"subshift, entropy, word, recurrent, flaw, recurrence, buchi, automata, episturmian, dyck"
math,2008,2009,19,evolve,19,0.474248,"particle, temperature, boson, gibbs, hartree, ising, relativistic, skyrme, external, soliton"
math,2008,2009,20,stable,20,0.828296,"galois, character, goth, irreducible, representation, gsp, field, extension, selmer, cyclotomic"
math,2008,2009,21,stable,21,0.670624,"polynomial, permutation, pattern, macdonald, root, orthogonal, excedance, derangement, stirling, interlace"
math,2008,2009,22,evolve,22,0.043525,"lag, vepsi, pentadiagonal, pearson, numerical, carbuncle, del, integration, integrator, multistep"
math,2008,2009,23,evolve,23,0.431811,"hypersubstitution, shortfall, succession, game, kifer, rna, rule, option, equilibrium, dolinsky"
math,2008,2009,24,evolve,24,0.420628,"lamin, bbb, textup, agnihotri, tilde, belkale, schottky, woodward, klyachko, spinorielle"
math,2008,2009,25,stable,25,0.618974,"geodesic, einstein, metric, ricci, manifold, hler, riemannian, curvature, lamination, hyperbolic"
math,2008,2009,26,stable,26,0.739815,"cohomology, adic, hodge, variety, chow, rational, roch, algebraic, arithmetic, motif"
math,2008,2009,27,stable,27,0.656628,"operator, resolvent, adjoint, spectral, svep, dirac, spectrum, symbol, fredholm, pseudodifferential"
math,2008,2009,28,evolve,28,0.194122,"cal, tqft, kolyvagin, heegner, conifold, unbranched, hyperelliptic, quintic, quot, quartic"
math,2008,2009,29,evolve,29,0.165945,"suslov, genocchi, halburd, ward, difference, wavelet, camassa, fractional, holm, hirota"
math,2008,2009,30,stable,30,0.656823,"varlambda, lattice, set, pluri, subset, hausdorff, cantor, hull, omega, bbb"
math,2008,2009,31,evolve,31,0.100621,"gali, fdof, cooperator, canard, sali, biological, immp, mode, cdg, adaptation"
math,2008,2009,32,evolve,32,0.464406,"banach, separable, space, predual, minitwistor, compact, metrizable, subspace, continuous, shilov"
math,2008,2009,33,stable,33,0.700186,"wave, schrodinger, schroedinger, posedness, dinger, schr, navi, initial, nls, nonlinear"
math,2008,2009,34,stable,34,0.885349,"walk, random, percolation, brownian, deviation, environment, branching, probability, distribution, markov"
math,2008,2009,35,stable,35,0.6009,"smarandache, curvature, isotope, submanifold, hypersurface, gauss, cala, willmore, lorentzian, conformal"
math,2008,2009,36,stable,36,0.689886,"category, functor, homotopy, cohoch, morphism, module, groupoid, sheaf, monad, bimodule"
math,2008,2009,37,evolve,37,0.218313,"polytope, soap, csls, wythoffembeddable4, wythoffian, wythoffembeddable3, brick, fax, tetrahedra, film"
math,2008,2009,38,evolve,38,0.137026,"lla, svm, bds, classifier, subgradient, nonconcave, lasso, aggregation, incremental, heredity"
math,2008,2009,39,stable,39,0.57521,"cale, bundle, curve, genus, modulus, toric, surface, divisor, projective, singularity"
math,2008,2009,40,stable,40,0.809658,"hypergeometric, zeta, zero, riemann, series, function, partition, analytic, beta, tornheim"
math,2008,2009,41,evolve,9,0.098284,"quantum, moufang, rope, loop, rosen, lindblad, infrared, entanglement, subloop, ucp"
math,2008,2009,42,evolve,42,0.483294,"fff, rotation, ccc, map, cobordism, homfly, mutant, julia, homeomorphism, satellite"
math,2008,2009,43,evolve,43,0.304387,"bumping, painleve, domain, eigenvalue, boundary, dirichlet, gjms, robin, neumann, laplacian"
math,2008,2009,44,stable,44,0.602895,"inequality, hardy, paraboloid, sobolev, screened, subelliptic, carmichael, multiplier, subharmonic, estimate"
math,2008,2009,45,evolve,45,0.395568,"braid, garside, orb, monoid, automata, saturable, mod, involution, multiarrangement, recognizable"
math,2008,2009,46,stable,46,0.881154,"estimator, likelihood, estimation, nonparametric, regression, test, procedure, consistency, sample, prior"
math,2008,2009,47,evolve,47,0.402869,"wcud, prime, lcm, sum, integer, goldbach, square, fleck, mod, progression"
math,2008,2009,48,stable,48,0.538101,"maslov, ham, symplectic, cotangent, confluent, othogonal, rosochatius, hamiltonian, golomb, hagan"
math,2008,2009,49,evolve,49,0.141809,"indi, noeth, adiques, privil, rianit, connexit, baranovsky, analytic, germ, sultat"
math,2009,2010,0,evolve,0,0.377556,"supercharacter, lecture, chapter, kodag, nact, logic, kowalevski, survey, theory, goodstein"
math,2009,2010,1,stable,1,0.506031,"matrix, binet, row, gabp, determinant, column, entry, ladik, backtrackless, ablowitz"
math,2009,2010,2,stable,2,0.773304,"algebra, algebras, hopf, associative, lie, subalgebra, quiver, hecke, module, affine"
math,2009,2010,3,evolve,3,0.106599,"ear, tracial, von, subfactor, ced, cocycle, osp, unital, noncommutative, txy"
math,2009,2010,4,stable,4,0.649785,"arb, group, subgroup, ara, automorphism, coxeter, conjugacy, abelian, action, mbb"
math,2009,2010,5,stable,5,0.758582,"ideal, ring, monomial, groebner, sdepth, stanley, gorenstein, noetherian, macaulay, module"
math,2009,2010,6,stable,6,0.589691,"int, displaymath, bar, vec, qquad, prt, infty, dxdt, bbb, lim"
math,2009,2010,7,stable,7,0.824017,"knot, heegaard, homology, link, floer, surgery, khovanov, legendrian, une, des"
math,2009,2010,8,stable,8,0.633411,"vertex, graph, edge, pvef, squaregraph, triangle, chromatic, steinhaus, subgraph, qvf"
math,2009,2010,9,stable,9,0.508874,"poisson, contact, connection, moufang, nonholonomic, structure, symplectic, bracket, lie, cartan"
math,2009,2010,10,evolve,10,0.248869,"wonderful, xuf, wdvv, trilogarithm, tropical, decoder, shellable, lambda, interpolation, vandermonde"
math,2009,2010,11,stable,11,0.510848,"bkr, bifurcation, stochastic, periodic, differential, fbm, delay, feedback, stability, hurst"
math,2009,2010,12,evolve,12,0.043525,"acute, multistable, thermoacoustic, detector, chip, enhancement, whittle, tomography, frequency, waveform"
math,2009,2010,13,evolve,13,0.446912,"bockstein, dim, star, sup, log, esssup, leq, olson, lcm, semistar"
math,2009,2010,14,evolve,14,0.248409,"1ax, bidding, farey, semigroup, chess, commuting, intelligencer, coisometric, possesse, diophantine"
math,2009,2010,15,stable,15,0.547789,"witten, brane, string, gromov, calabi, yau, bps, monopole, gauge, heterotic"
math,2009,2010,16,evolve,16,0.482563,"code, gray, binary, nonregular, quaternary, macwilliam, projectivity, hamming, ternary, aberration"
math,2009,2010,17,evolve,17,0.467429,"portfolio, price, caravan, channel, market, volatility, buzzati, plenoptic, pricing, information"
math,2009,2010,18,evolve,18,0.208747,"subshift, sft, recurrence, word, automata, superconnection, recurrent, entropy, shift, cellular"
math,2009,2010,19,stable,19,0.530895,"particle, polymer, ising, temperature, fluid, cutoff, charge, phase, mass, boson"
math,2009,2010,20,stable,20,0.763687,"galois, character, representation, tra, irreducible, field, cyclotomic, gsp, selmer, extension"
math,2009,2010,21,stable,21,0.664774,"polynomial, permutation, interlace, pattern, gessel, nomial, generating, orthogonal, root, bijection"
math,2009,2010,22,evolve,22,0.480847,"lce, sagbi, hypersecant, quasicontinuum, qmr, integrator, raviart, factorisation, viscoplasticity, approximation"
math,2009,2010,23,evolve,23,0.395568,"game, player, sink, hypersubstitution, shortfall, succession, man, rule, cancellative, kifer"
math,2009,2010,24,evolve,24,0.209026,"bbb, lamin, circ, textbf, tilde, bullet, hol, bot, resp, mathcal"
math,2009,2010,25,stable,25,0.666491,"ricci, metric, manifold, geodesic, hler, kahler, einstein, riemannian, curvature, foliation"
math,2009,2010,26,stable,26,0.762311,"cohomology, variety, adic, roch, stack, algebraic, hodge, grothendieck, chow, motif"
math,2009,2010,27,stable,27,0.639149,"operator, gabor, resolvent, adjoint, spectrum, spectral, sturm, frame, schroedinger, dirac"
math,2009,2010,28,stable,28,0.654099,"viro, hqft, turaev, tqft, hyperelliptic, rohde, jacobian, grad, fuchs, cal"
math,2009,2010,29,evolve,29,0.311943,"hess, wavelet, zhukovskii, appel, fractional, refinable, rot, suslov, derivative, nonhomogeneous"
math,2009,2010,30,stable,30,0.519774,"lattice, varlambda, set, fractal, hausdorff, subset, cantor, boolean, measure, agreeable"
math,2009,2010,31,evolve,31,0.217086,"burster, immp, qcf, cell, burst, beam, variability, protein, mode, unstructured"
math,2009,2010,32,evolve,32,0.464406,"banach, mathnormal, riem, space, metacompact, oka, compact, alexandroff, lbg, separable"
math,2009,2010,33,stable,33,0.615057,"schrodinger, wave, posedness, shock, schroedinger, initial, parabolic, navi, dinger, schr"
math,2009,2010,34,stable,34,0.886894,"walk, random, brownian, percolation, distribution, environment, probability, branching, markov, law"
math,2009,2010,35,evolve,35,0.481861,"curvature, hypersurface, smarandache, submanifold, spacetime, isothermic, spacelike, willmore, conformal, lorentzian"
math,2009,2010,36,stable,36,0.760653,"category, functor, homotopy, module, operad, monoidal, morphism, object, subcategory, subcategorie"
math,2009,2010,37,evolve,37,0.321784,"symp, boldmath, polytope, 2vect, symmetry, tetrahedra, vect, soap, hypersphere, cube"
math,2009,2010,38,evolve,38,0.287151,"sparsity, minimization, penalty, lla, regularization, sparsistency, cork, plug, sparse, svm"
math,2009,2010,39,stable,39,0.698453,"curve, birational, singularity, genus, surface, bundle, modulus, cale, divisor, projective"
math,2009,2010,40,stable,40,0.576036,"hypergeometric, zero, zeta, riemann, series, function, identity, bailey, analytic, expansion"
math,2009,2010,41,stable,41,0.508044,"gaudin, tornheim, hua, quantum, zeta, commute, double, unity, tsumura, collide"
math,2009,2010,42,stable,42,0.570864,"map, fff, renormalization, rotation, julia, ccc, circle, return, harmonic, yoccoz"
math,2009,2010,43,stable,43,0.547561,"painlev, billiard, dirichlet, holomorphy, cklund, domain, robin, laplacian, boundary, eigenvalue"
math,2009,2010,44,stable,44,0.774224,"inequality, hardy, carleson, norm, sobolev, sharp, lieb, estimate, subelliptic, bhp"
math,2009,2010,45,stable,45,0.516578,"braid, alphabetic, garside, injection, apn, hypermap, strand, undecidable, renner, presentation"
math,2009,2010,46,stable,46,0.882308,"estimator, likelihood, estimation, regression, nonparametric, test, selection, procedure, bootstrap, sample"
math,2009,2010,47,stable,47,0.555294,"mod, sum, tra, prime, kloosterman, integer, goldbach, sequence, binom, wcud"
math,2009,2010,48,stable,48,0.507399,"maslov, lagrangian, symplectic, submanifold, hamiltonian, menger, chekhanov, ham, cotangent, formula"
math,2009,2010,49,evolve,49,0.212279,"patching, harbater, hartmann, indi, germ, factorization, retract, multivariable, filtration, poincar"
math,2010,2011,0,stable,0,0.703516,"chapter, logic, jeep, lecture, theory, proof, mathematic, nonstandard, survey, pade"
math,2010,2011,1,evolve,1,0.420409,"matrix, row, hermitian, supertropical, column, hadamard, wign, eigenvalue, entry, comu"
math,2010,2011,2,stable,2,0.829249,"algebra, algebras, subalgebra, lie, associative, hopf, cluster, bialgebra, hom, quiver"
math,2010,2011,3,evolve,3,0.186659,"osp, unconditionality, sachse, unital, supermanifold, gct1, molotkov, superalgebra, chamber, jantzen"
math,2010,2011,4,stable,4,0.841504,"subgroup, group, conjugacy, automorphism, action, coxeter, arb, abelian, nilpotent, solvable"
math,2010,2011,5,stable,5,0.751036,"ideal, ring, monomial, stanley, macaulay, intra, cohen, bner, gorenstein, module"
math,2010,2011,6,evolve,6,0.484179,"int, abeq1, bar, vec, ast, infty, times, lim, vmo, 0dx"
math,2010,2011,7,stable,7,0.780492,"knot, heegaard, homology, dans, link, une, floer, des, nous, surgery"
math,2010,2011,8,stable,8,0.713757,"graph, vertex, edge, chromatic, digraph, triangle, tree, bipartite, subgraph, rainbow"
math,2010,2011,9,evolve,9,0.445437,"contact, poisson, vee, algebroid, connection, bracket, cartan, legendrian, imath, geometry"
math,2010,2011,10,evolve,10,0.32738,"tropical, develin, wonderful, struve, ardila, hurwitz, spherical, matroid, xuf, cjm"
math,2010,2011,11,stable,11,0.717311,"periodic, differential, stochastic, delay, spde, stability, bifurcation, bkr, semimartingale, diffusion"
math,2010,2011,12,evolve,12,0.125284,"signal, hyperanalytic, multipath, fisheye, channel, pseudocube, euclidien, probe, acute, corneal"
math,2010,2011,13,evolve,13,0.038742,"sup, bockstein, limsup, dim, star, leqslant, rightsquigarrow, enskip, lfe, aouchiche"
math,2010,2011,14,evolve,14,0.284023,"odp, ell, cal, semigroup, modulea, clh, 1ax, bidding, farey, bimodulea"
math,2010,2011,15,stable,15,0.692561,"brane, witten, donaldson, gauge, wall, bps, string, monopole, thomas, simon"
math,2010,2011,16,evolve,16,0.483814,"code, dbf, bcal, acal, gcal, gray, binary, nonregular, tester, quaternary"
math,2010,2011,17,stable,17,0.599661,"channel, portfolio, policy, market, price, station, queue, information, wealth, liquidity"
math,2010,2011,18,evolve,18,0.18238,"interlacement, lossless, word, polyphenyl, shift, recurrence, spiro, hexagonal, mapsto, atlas"
math,2010,2011,19,stable,19,0.688186,"particle, fluid, mass, temperature, magnetic, vortex, boltzmann, velocity, potential, polymer"
math,2010,2011,20,stable,20,0.822852,"galois, representation, character, irreducible, cyclotomic, field, characteristic, extension, automorphic, gal"
math,2010,2011,21,stable,21,0.688186,"polynomial, permutation, generating, macdonald, pattern, root, identity, webs, orthogonal, tutte"
math,2010,2011,22,evolve,22,0.422556,"afem, lce, quasicontinuum, approximation, error, sagbi, integrator, hypersecant, integration, bpx"
math,2010,2011,23,stable,23,0.519601,"game, dividend, player, liar, sceptic, crystal, sprout, paul, renyi, spot"
math,2010,2011,24,evolve,24,0.393853,"noindent, bbb, prec, ldots, queer, heron, bulygin, cyphertext, rai, lamin"
math,2010,2011,25,stable,25,0.723952,"manifold, hler, ricci, kahler, metric, riemannian, geodesic, curvature, hyperbolic, einstein"
math,2010,2011,26,stable,26,0.689437,"cohomology, variety, adic, adot, hodge, chow, algebraic, kuenneth, rational, motif"
math,2010,2011,27,stable,27,0.500339,"operator, spectrum, schrodinger, gabor, adjoint, spectral, hermitean, lpdo, resolvent, pseudodifferential"
math,2010,2011,28,evolve,28,0.235242,"viro, hqft, turaev, calabi, yau, isogenie, hyperdeterminant, jacobian, hypermatrix, hyperelliptic"
math,2010,2011,29,evolve,29,0.231884,"shadow, lerw, wavelet, buchstaber, fractional, duhamel, hess, zhukovskii, lookback, discrete"
math,2010,2011,30,stable,30,0.663385,"packing, lattice, set, tiling, fractal, dense, hausdorff, measure, subset, tardy"
math,2010,2011,31,evolve,31,0.170284,"spot, synchronization, cell, quasicontinuum, burster, nis, chaotic, chaos, detachment, immp"
math,2010,2011,32,stable,32,0.511101,"banach, amenability, space, compact, topology, hccp, precompact, metrizable, topological, metacompact"
math,2010,2011,33,stable,33,0.661411,"wave, schrodinger, posedness, initial, dinger, schr, nonlinear, strichartz, global, nls"
math,2010,2011,34,stable,34,0.852212,"walk, random, markov, environment, brownian, distribution, probability, percolation, branching, law"
math,2010,2011,35,evolve,35,0.461147,"spacetime, spacelike, curvature, conformal, hypersurface, supermultiplet, submanifold, lorentzian, minkowski, timelike"
math,2010,2011,36,stable,36,0.930254,"category, functor, operad, monoidal, module, object, auslander, monad, homotopy, equivalence"
math,2010,2011,37,evolve,37,0.350343,"polytope, alb, reptile, simplice, symp, boldmath, face, 2vect, ritz, kaehler"
math,2010,2011,38,evolve,38,0.35096,"qualification, submodular, loan, minimization, sparse, lasso, regularization, plug, firefly, sparsity"
math,2010,2011,39,stable,39,0.904525,"curve, genus, bundle, surface, projective, modulus, moduli, divisor, birational, threefold"
math,2010,2011,40,stable,40,0.707158,"zeta, zero, hypergeometric, const, function, be1, gamma, riemann, thinspace, series"
math,2010,2011,41,evolve,41,0.295568,"quantum, gaudin, tornheim, sadr, whkae, double, hua, polylogarithm, metaplectic, lanford"
math,2010,2011,42,stable,42,0.516288,"map, tangle, renormalization, immersion, dealternator, mapping, harmonic, julia, rotation, circle"
math,2010,2011,43,stable,43,0.596839,"dirichlet, domain, painlev, billiard, laplacian, boundary, neumann, eigenvalue, eigenfunction, accumulation"
math,2010,2011,44,stable,44,0.614726,"inequality, hardy, dyadic, sobolev, norm, carleson, sharp, estimate, abs, santalo"
math,2010,2011,45,evolve,45,0.223568,"braid, monoid, garside, artin, act, presentation, bkl, quasipotency, strand, alphabetic"
math,2010,2011,46,stable,46,0.790974,"estimator, likelihood, regression, nonparametric, selection, estimation, test, sample, procedure, gruss"
math,2010,2011,47,stable,47,0.540849,"sum, mod, integer, prime, bimagic, sequence, mohanty, digit, davenport, rng"
math,2010,2011,48,evolve,48,0.356814,"hamiltonian, lagrangian, maslov, jacob, ham, hook, schafheitlin, integral, submanifold, symplectic"
math,2010,2011,49,evolve,49,0.409647,"plexe, bch, latin, analytic, plex, patching, harbater, hartmann, chet, indi"
math,2011,2012,0,stable,0,0.671244,"chapter, logic, axiomatic, theory, axiom, introduction, lecture, survey, mathematic, proof"
math,2011,2012,1,stable,1,0.688411,"matrix, wign, entry, machep, chio, eigenvector, eigenvalue, bethe, toeplitz, skew"
math,2011,2012,2,stable,2,0.620756,"algebra, algebras, subalgebra, quiver, cluster, lie, associative, module, hopf, leonard"
math,2011,2012,3,stable,3,0.504264,"supergroup, superalgebra, nuclear, foliation, unital, subhomogeneous, supermanifold, cocycle, leaf, kirchberg"
math,2011,2012,4,stable,4,0.862974,"subgroup, group, action, automorphism, conjugacy, abelian, aut, coxeter, nilpotent, amenable"
math,2011,2012,5,stable,5,0.631008,"ideal, monomial, ring, macaulay, gorenstein, semiring, cohen, stanley, simpleness, groebner"
math,2011,2012,6,stable,6,0.715977,"bar, vec, ast, int, nearrow, tilde, partial, over2, infty, lim"
math,2011,2012,7,stable,7,0.798437,"knot, heegaard, homology, link, floer, surgery, bridge, sphere, arbiter, une"
math,2011,2012,8,stable,8,0.774053,"vertex, graph, gam, edge, chromatic, bipartite, tree, digraph, rainbow, color"
math,2011,2012,9,stable,9,0.725566,"algebroid, courant, contact, poisson, connection, structure, symplectic, nonholonomic, bracket, twistor"
math,2011,2012,10,stable,10,0.676036,"tropical, pencil, channel, resonance, rgst, resonant, develin, stieltjes, separation, eliminate"
math,2011,2012,11,stable,11,0.597288,"periodic, stochastic, differential, backward, attractor, bifurcation, stability, bsde, spde, diffusion"
math,2011,2012,12,stable,12,0.549036,"conductivity, peer, signal, reconstruction, ssr, measurement, seismic, tomography, placement, blockmodel"
math,2011,2012,13,evolve,6,0.170284,"semistar, vec, prob, frac, leq, orgraph, max, rfloor, bohnenblust, sup"
math,2011,2012,14,stable,14,0.71831,"oddp, ddp, mersenne, cal, odp, semigroup, unitary0, khinchin, fraction, ell"
math,2011,2012,15,evolve,15,0.478038,"brane, bps, donaldson, gauge, instanton, heterotic, chamber, witten, thomas, wall"
math,2011,2012,16,evolve,16,0.460806,"code, extremality, dbf, codeword, twin, ternary, convolutional, bcal, hadamard, acal"
math,2011,2012,17,evolve,17,0.466743,"channel, policy, queue, storage, portfolio, market, communication, server, service, agent"
math,2011,2012,18,evolve,18,0.464535,"word, sturmian, trapezoidal, commutation, entropy, subshift, recurrence, mixing, thue, compound"
math,2011,2012,19,stable,19,0.731797,"particle, fluid, vortex, shear, magnetic, soliton, mass, incompressible, velocity, formation"
math,2011,2012,20,stable,20,0.746657,"galois, representation, irreducible, field, automorphic, character, cyclotomic, extension, adic, discriminant"
math,2011,2012,21,stable,21,0.690114,"polynomial, permutation, orthogonal, tableaux, pattern, root, generating, tff, stirling, genocchi"
math,2011,2012,22,evolve,22,0.297901,"bicg, afem, approximation, numerical, solve, error, tsrk, integration, integrator, accuracy"
math,2011,2012,23,stable,23,0.532723,"game, wadge, player, determinacy, scoring, dividend, crystal, sink, playing, beggar"
math,2011,2012,24,evolve,24,0.205343,"mathbi, noindent, bbb, prec, mathcal, turaev, widetilde, sbv, bar, quasianalytic"
math,2011,2012,25,stable,25,0.737607,"ricci, hler, manifold, curvature, metric, kahler, geodesic, riemannian, overrightarrow, sectional"
math,2011,2012,26,stable,26,0.643444,"cohomology, variety, adic, hodge, sheaf, height, ron, modular, algebraic, meromorphic"
math,2011,2012,27,stable,27,0.620969,"operator, toeplitz, symbol, spectrum, pmatrix, krein, selfadjoint, spectral, gabor, resolvent"
math,2011,2012,28,evolve,28,0.221869,"cal, hyperelliptic, derivable, picard, calabi, viro, acute, hqft, mirror, alg"
math,2011,2012,29,evolve,29,0.422405,"fdtd, ladder, wavelet, filter, adi, iir, shadow, fractional, jet, canard"
math,2011,2012,30,stable,30,0.584095,"packing, set, lattice, measure, subset, cantor, fscr, hausdorff, computable, ultrafilter"
math,2011,2012,31,evolve,31,0.431248,"synchronization, ebv, material, concertina, atomistic, discharge, gtpase, strain, mode, tripping"
math,2011,2012,32,stable,32,0.665561,"banach, gurarii, separable, space, countable, metrizable, acn, topology, compact, glp"
math,2011,2012,33,stable,33,0.779466,"wave, posedness, initial, kdv, decay, dinger, schr, global, regularity, navi"
math,2011,2012,34,stable,34,0.888618,"walk, random, markov, brownian, distribution, probability, coalescent, branching, tail, environment"
math,2011,2012,35,stable,35,0.664494,"submanifold, curvature, timelike, mathscr, spacetime, spacelike, immersion, conformal, lorentzian, parallel"
math,2011,2012,36,stable,36,0.933063,"category, functor, operad, monoidal, module, monad, homotopy, auslander, object, tilting"
math,2011,2012,37,stable,37,0.557895,"polytope, horoball, tetrahedron, lct, alb, nonclassical, facet, howroyd, symmetry, cry"
math,2011,2012,38,evolve,38,0.477723,"lasso, minimization, sparsity, sparse, penalty, qualification, acq, bloomp, recovery, blot"
math,2011,2012,39,stable,39,0.768034,"curve, genus, bundle, modulus, projective, moduli, surface, threefold, semistable, divisor"
math,2011,2012,40,stable,40,0.659711,"zeta, zero, solc, hypergeometric, function, identity, theta, riemann, expansion, series"
math,2011,2012,41,evolve,41,0.426088,"tornheim, quantum, spinc, transfer, diagonalization, zeta, baxter, quantization, qsl, semiclassical"
math,2011,2012,42,evolve,42,0.339094,"map, mapping, julia, knotoid, renormalization, nielsen, micronuclear, tangle, crossing, brunnian"
math,2011,2012,43,stable,43,0.676176,"laplacian, dirichlet, boundary, domain, eigenfunction, eigenvalue, door, painlev, robin, neumann"
math,2011,2012,44,stable,44,0.673348,"hardy, inequality, sharp, estimate, zygmund, norm, sobolev, calderon, dyadic, kernel"
math,2011,2012,45,evolve,45,0.401912,"chein, sortable, monoid, braid, coxeter, dixon, omega, grammar, closure, submonoid"
math,2011,2012,46,stable,46,0.894769,"estimator, regression, estimation, likelihood, nonparametric, sample, selection, covariance, procedure, quantile"
math,2011,2012,47,stable,47,0.665969,"prime, sum, mod, binom, integer, sequence, vert, divisibility, giuga, sieve"
math,2011,2012,48,evolve,48,0.436126,"cotangent, lagrangian, routh, hamiltonian, integral, formulae, psl4, symplectic, formula, pgl3"
math,2011,2012,49,evolve,49,0.253467,"plexe, sect, conne, moscovici, setback, spani, bch, kmkm, analytic, latin"
math,2012,2013,0,stable,0,0.857742,"logic, chapter, mathematic, theory, survey, calculus, lecture, proof, introduction, idea"
math,2012,2013,1,stable,1,0.778836,"matrix, entry, wign, eigenvector, hadamard, eigenvalue, diagonal, toeplitz, row, hermitian"
math,2012,2013,2,stable,2,0.726313,"frak, algebra, algebras, subalgebra, lie, quiver, hopf, cluster, moody, kac"
math,2012,2013,3,stable,3,0.593049,"superalgebra, supergroup, supermanifold, osp, tracial, otime, unital, nuclear, overrightarrow, tensor"
math,2012,2013,4,stable,4,0.777076,"subgroup, group, action, abelian, automorphism, ggg, conjugacy, coxeter, aut, cyclic"
math,2012,2013,5,stable,5,0.791433,"ideal, ring, macaulay, cohen, monomial, artinian, depth, noetherian, lyubeznik, betti"
math,2012,2013,6,stable,6,0.616975,"bar, vec, ast, infty, cpb, big, partial, int, bxy, dot"
math,2012,2013,7,stable,7,0.856716,"knot, homology, link, heegaard, khovanov, surgery, floer, concordance, bridge, une"
math,2012,2013,8,stable,8,0.726912,"vertex, graph, edge, rainbow, tree, color, bipartite, cycle, minimum, gam"
math,2012,2013,9,stable,9,0.812046,"contact, algebroid, courant, symplectic, connection, structure, poisson, plectic, bracket, bundle"
math,2012,2013,10,evolve,10,0.095838,"tropical, channel, pencil, helgason, kapranov, resonance, discord, rgst, qubit, resonant"
math,2012,2013,11,stable,11,0.578614,"bifurcation, stochastic, semimartingale, periodic, bsde, differential, attractor, backward, diffusion, drift"
math,2012,2013,12,evolve,12,0.419277,"reconstruction, conductivity, signal, tomography, network, measurement, cloaking, sinlet, bispectrum, peer"
math,2012,2013,13,evolve,13,0.217062,"smdsup, lrnorm, sumd, txd, lrbrace, udi, lonelr, sinh, frac, semistar"
math,2012,2013,14,evolve,14,0.459881,"oddp, semigroup, ddp, fraction, ell, mersenne, cal, odp, circ, orthodox"
math,2012,2013,15,stable,15,0.614273,"string, brane, witten, gauge, refined, bps, eta, instanton, donaldson, supersymmetry"
math,2012,2013,16,stable,16,0.545693,"code, remoteness, duadic, lee, codeword, extremality, quaternary, binary, ternary, circulant"
math,2012,2013,17,evolve,17,0.395429,"channel, communication, agent, sensor, controller, processor, queue, wireless, policy, credit"
math,2012,2013,18,stable,18,0.532723,"word, entropy, shift, kakutani, lcm, recurrence, subshift, neuronal, dualizable, unbordered"
math,2012,2013,19,stable,19,0.683179,"particle, fluid, vortex, elastic, collision, magnetic, incompressible, soliton, energy, interaction"
math,2012,2013,20,stable,20,0.752786,"galois, character, representation, automorphic, irreducible, field, cyclotomic, unitary, selmer, subfield"
math,2012,2013,21,stable,21,0.594277,"polynomial, genocchi, permutation, bijection, tutte, pattern, root, orthogonal, tableaux, stirling"
math,2012,2013,22,evolve,22,0.495624,"error, approximation, con, galerkin, discretization, numerical, scheme, accuracy, splitting, deim"
math,2012,2013,23,evolve,23,0.440568,"game, player, clutter, scoring, nim, play, wadge, coalition, maker, dynkin"
math,2012,2013,24,evolve,24,0.438589,"mathcal, 0ab, mathbi, ehs, dixmi, gorenstein, indent, derivation, emptyset, bullet"
math,2012,2013,25,stable,25,0.735694,"ricci, manifold, riemannian, curvature, metric, geodesic, hler, finsler, volume, hyperbolic"
math,2012,2013,26,stable,26,0.6279,"adic, variety, cohomology, modular, hodge, narasimhan, algebraic, sheaf, motive, motivic"
math,2012,2013,27,stable,27,0.857282,"operator, frame, symbol, adjoint, spectrum, spectral, toeplitz, pseudodifferential, resolvent, dirac"
math,2012,2013,28,evolve,28,0.441656,"mirror, calabi, atr, hyperelliptic, yau, conifold, darmon, fuchs, threefold, quintic"
math,2012,2013,29,evolve,29,0.482378,"wavelet, fractional, derivative, decoherence, filter, fdtd, ladder, differentiator, adi, discrete"
math,2012,2013,30,stable,30,0.547689,"tiling, lattice, set, measure, subset, cantor, hausdorff, varlambda, hull, packing"
math,2012,2013,31,evolve,31,0.486881,"mode, material, synchronization, atomistic, plate, slow, ebv, scale, cell, vibration"
math,2012,2013,32,stable,32,0.831416,"banach, metrizable, space, separable, compact, lindel, topological, countable, mch, topology"
math,2012,2013,33,stable,33,0.845411,"wave, initial, posedness, navi, dinger, schr, kdv, stoke, compressible, global"
math,2012,2013,34,stable,34,0.833511,"walk, random, markov, brownian, distribution, probability, environment, population, law, coalescent"
math,2012,2013,35,stable,35,0.565914,"submanifold, helix, curvature, lorentzian, timelike, umbilical, immersion, spacetime, hypersurface, spacelike"
math,2012,2013,36,stable,36,0.815412,"category, functor, operad, monoidal, module, homotopy, topos, monad, object, tilting"
math,2012,2013,37,stable,37,0.500917,"polytope, tetrahedron, junta, platonic, horoball, subspace, angle, cube, symmetry, lct"
math,2012,2013,38,stable,38,0.761079,"minimization, lasso, algorithm, bfgs, sparse, iteration, sparsity, regularization, convex, programming"
math,2012,2013,39,stable,39,0.821349,"curve, modulus, genus, bundle, projective, toric, surface, fibration, divisor, singularity"
math,2012,2013,40,stable,40,0.716102,"zeta, ramanujan, zero, riemann, function, series, hypergeometric, spt, bessel, identity"
math,2012,2013,41,evolve,41,0.317506,"quantum, zeta, alpha, quantization, photon, overpartition, tornheim, superstring, spinc, transfer"
math,2012,2013,42,stable,42,0.578019,"virtual, map, julia, tent, birack, homeomorphism, rotation, knot, mapping, quasiconformal"
math,2012,2013,43,stable,43,0.827508,"dirichlet, eigenfunction, domain, boundary, laplacian, eigenvalue, neumann, robin, pseudoconvex, pmsm"
math,2012,2013,44,stable,44,0.849416,"inequality, hardy, dyadic, sharp, norm, zygmund, estimate, riesz, carleson, boundedness"
math,2012,2013,45,evolve,45,0.455227,"bogoljubov, braid, chein, monoid, sortable, diamond, arational, garside, benardete, nitecki"
math,2012,2013,46,stable,46,0.825437,"estimator, regression, estimation, likelihood, selection, nonparametric, sample, covariance, statistic, minimax"
math,2012,2013,47,stable,47,0.509928,"prime, sum, efq, integer, kloosterman, congruence, sequence, mod, bbf, sieve"
math,2012,2013,48,stable,48,0.517901,"hamiltonian, lagrangian, fbsde, displaceable, cimmino, integral, cotangent, ocone, formula, schwarz"
math,2012,2013,49,evolve,49,0.175897,"iint, poincar, germ, plexe, semianalyticity, sect, bergman, conne, determination, analytic"
math,2013,2014,0,stable,0,0.590327,"logic, chapter, mathematic, survey, theory, axiom, mathematical, calculus, introduction, lecture"
math,2013,2014,1,stable,1,0.690394,"matrix, entry, diagonal, eigenvector, row, determinant, wign, axb, hadamard, eigenvalue"
math,2013,2014,2,stable,2,0.773069,"algebra, algebras, frak, lie, subalgebra, hopf, derivation, quiver, associative, cluster"
math,2013,2014,3,evolve,3,0.350836,"superalgebra, osp, otime, tensor, supergroup, krieger, omni, bss, border, unital"
math,2013,2014,4,stable,4,0.886429,"group, subgroup, automorphism, action, abelian, conjugacy, aut, cyclic, amenable, coxeter"
math,2013,2014,5,stable,5,0.817525,"ideal, macaulay, ring, monomial, cohen, artinian, gorenstein, module, noetherian, syzygy"
math,2013,2014,6,stable,6,0.557435,"vec, bar, big, int, loc, infty, nabla, partial, ast, quad"
math,2013,2014,7,stable,7,0.816594,"knot, link, homology, concordance, heegaard, surgery, khovanov, alexander, floer, bridge"
math,2013,2014,8,stable,8,0.911516,"graph, vertex, edge, rainbow, subgraph, color, tree, clique, chromatic, bipartite"
math,2013,2014,9,stable,9,0.676315,"contact, algebroid, connection, structure, courant, symplectic, hypercomplex, bundle, trisymplectic, poisson"
math,2013,2014,10,stable,10,0.692561,"ridgelet, hurwitz, fej, fekete, contant, pendulum, tropical, nwald, economical, channel"
math,2013,2014,11,stable,11,0.590114,"stochastic, bsde, backward, differential, bifurcation, stability, lyapunov, periodic, attractor, diffusion"
math,2013,2014,12,stable,12,0.644661,"signal, measurement, network, ppm, conductivity, reconstruction, traffic, modulation, gpt, modulator"
math,2013,2014,13,stable,13,0.686341,"displaystyle, frac, quad, log, sqrt, lrnorm, sumd, smdsup, sin, leq"
math,2013,2014,14,evolve,14,0.35853,"semigroup, fraction, upfamilie, oddp, upsilon, ldots, lumer, ell, ddp, contraction"
math,2013,2014,15,stable,15,0.520689,"bps, brane, instanton, string, witten, gauge, donaldson, supersymmetry, invariant, thomas"
math,2013,2014,16,stable,16,0.58591,"code, hamming, remoteness, label, propelinear, ord, duadic, quaternary, codeword, transitive"
math,2013,2014,17,evolve,17,0.329248,"controller, price, sensor, communication, channel, service, design, pricing, option, queue"
math,2013,2014,18,stable,18,0.619269,"word, subshift, entropy, onesided, shift, alphabet, privileged, sturmian, distal, nonunital"
math,2013,2014,19,stable,19,0.754719,"particle, vortex, fluid, energy, collision, temperature, palinstrophy, boltzmann, phase, elastic"
math,2013,2014,20,stable,20,0.720449,"galois, character, irreducible, representation, field, automorphic, langland, quadratic, prime, extension"
math,2013,2014,21,stable,21,0.776432,"polynomial, permutation, eulerian, orthogonal, pattern, macdonald, dyck, stirling, bijection, meixner"
math,2013,2014,22,stable,22,0.889341,"galerkin, error, discretization, preconditioner, approximation, numerical, element, integrator, accurate, discontinuous"
math,2013,2014,23,stable,23,0.522836,"game, player, mafia, skeleta, leonardo, avoider, enforcer, citizen, protest, replicator"
math,2013,2014,24,stable,24,0.582227,"mathcal, tcal, bbb, preenvelope, 0ab, diff, exp, mathbi, precover, ehs"
math,2013,2014,25,stable,25,0.711939,"finsler, ricci, manifold, riemannian, metric, curvature, geodesic, hler, einstein, hyperbolic"
math,2013,2014,26,stable,26,0.687217,"variety, cohomology, adic, hodge, motivic, chow, valuation, modular, rational, algebraic"
math,2013,2014,27,stable,27,0.875967,"operator, frame, adjoint, spectrum, resolvent, pseudodifferential, spectral, symbol, sturm, dirac"
math,2013,2014,28,evolve,28,0.326387,"tope, mirror, configuration, calabi, yau, linkage, torelli, hyperelliptic, threefold, picard"
math,2013,2014,29,stable,29,0.650191,"fractional, wavelet, cometric, derivative, difference, caputo, antipodal, scheme, filter, circumcenter"
math,2013,2014,30,stable,30,0.630249,"axs, set, lattice, subset, hausdorff, measure, fractal, cantor, tiling, multifractal"
math,2013,2014,31,evolve,31,0.387498,"multiscale, mode, synchronization, material, mesh, scale, genome, cell, sand, ilu"
math,2013,2014,32,stable,32,0.658881,"banach, space, metrizable, separable, topological, compact, countable, topology, slash, subspace"
math,2013,2014,33,stable,33,0.890954,"wave, initial, posedness, navi, regularity, stoke, global, dinger, schr, parabolic"
math,2013,2014,34,stable,34,0.856716,"random, walk, markov, brownian, probability, environment, distribution, population, percolation, law"
math,2013,2014,35,stable,35,0.517437,"lorentzian, curvature, submanifold, spacetime, slant, helix, timelike, surface, hypersurface, minimal"
math,2013,2014,36,stable,36,0.836433,"category, functor, monoidal, module, operad, homotopy, monad, matroid, poset, mackey"
math,2013,2014,37,evolve,37,0.490072,"polytope, subspace, csls, csl, angle, cube, tetrahedron, pachner, coincidence, gzk"
math,2013,2014,38,stable,38,0.769036,"minimization, sparse, sparsity, algorithm, lasso, regularization, optimization, convex, iteration, programming"
math,2013,2014,39,stable,39,0.806794,"curve, modulus, surface, genus, bundle, singularity, toric, projective, del, pezzo"
math,2013,2014,40,stable,40,0.667837,"zeta, zero, function, hypergeometric, series, riemann, expansion, ramanujan, gamma, fouri"
math,2013,2014,41,stable,41,0.58779,"alpha, hbar, zeta, subdivision, multizeta, quantum, conical, loop, gyroscope, circuit"
math,2013,2014,42,evolve,42,0.377504,"map, virtual, jassologic, pseudoknot, homeomorphism, prony, mapping, julia, quasiconformal, knot"
math,2013,2014,43,stable,43,0.836422,"dirichlet, domain, boundary, laplacian, eigenfunction, eigenvalue, neumann, robin, nodal, transmission"
math,2013,2014,44,stable,44,0.897853,"inequality, hardy, sharp, dyadic, sobolev, zygmund, estimate, norm, maximal, riesz"
math,2013,2014,45,evolve,45,0.470356,"garside, braid, monoid, automata, bogoljubov, mealy, chein, submonoid, unary, pro"
math,2013,2014,46,stable,46,0.881199,"estimator, estimation, regression, likelihood, nonparametric, sample, minimax, test, statistic, bayesian"
math,2013,2014,47,stable,47,0.538828,"binom, congruence, prime, sum, kloosterman, pmod, integer, equiv, mod, sequence"
math,2013,2014,48,evolve,48,0.477164,"hamiltonian, formulae, formula, integral, lagrangian, feynman, displaceable, kirwan, symplectic, tilde"
math,2013,2014,49,stable,49,0.507506,"bianalytic, bergman, frommer, analytic, iint, quy, strauch, weight, zelditch, catlin"
math,2014,2015,0,stable,0,0.800729,"logic, semantic, lecture, intuitionistic, mathematic, mathematical, survey, introduction, theory, proof"
math,2014,2015,1,stable,1,0.725539,"matrix, entry, hadamard, hankel, column, row, determinant, definite, diagonal, eigenvalue"
math,2014,2015,2,stable,2,0.785444,"algebra, frak, mathfrak, algebras, hopf, subalgebra, lie, quiver, module, derivation"
math,2014,2015,3,stable,3,0.577723,"tensor, superalgebra, von, rokhlin, rank, nuclear, haagerup, neumann, otime, osp"
math,2014,2015,4,stable,4,0.933511,"subgroup, group, automorphism, action, abelian, conjugacy, amenable, aut, cyclic, coxeter"
math,2014,2015,5,stable,5,0.78817,"ideal, ring, macaulay, cohen, monomial, depth, module, noetherian, artinian, rickart"
math,2014,2015,6,evolve,6,0.422405,"vec, cls, int, lex, quad, nabla, mathbb, bar, big, varphi"
math,2014,2015,7,stable,7,0.827379,"knot, homology, surgery, link, floer, heegaard, concordance, alexander, seifert, khovanov"
math,2014,2015,8,stable,8,0.836281,"graph, vertex, edge, tree, bipartite, subgraph, rainbow, chromatic, clique, color"
math,2014,2015,9,evolve,9,0.475744,"contact, algebroid, connection, nonholonomic, arbitrage, structure, quaternionic, holonomy, symplectic, geometry"
math,2014,2015,10,evolve,10,0.126988,"ridgelet, interpolation, hurwitz, fej, hermite, fekete, lissajous, contant, pendulum, tropical"
math,2014,2015,11,stable,11,0.838182,"sde, stochastic, backward, delay, diffusion, differential, stability, bifurcation, periodic, lyapunov"
math,2014,2015,12,stable,12,0.561493,"signal, measurement, traffic, recovery, network, reconstruction, node, optical, tomography, layout"
math,2014,2015,13,stable,13,0.582227,"frac, displaystyle, log, quad, leq, sqrt, sin, max, latin, qquad"
math,2014,2015,14,evolve,14,0.498131,"semigroup, diophantine, jac, dilation, envelope, tetrablock, pmatrix, ell, demjanenko, fraction"
math,2014,2015,15,stable,15,0.56079,"string, witten, brane, gauge, twisted, invariant, instanton, bps, gromov, eta"
math,2014,2015,16,stable,16,0.537378,"code, hamming, array, magic, gray, identifiability, remoteness, propelinear, enumerator, label"
math,2014,2015,17,stable,17,0.597193,"sensor, service, customer, price, consensus, queue, policy, server, agent, storage"
math,2014,2015,18,stable,18,0.673561,"word, shift, sturmian, distal, entropy, fibonacci, subshift, bracketed, stern, alphabet"
math,2014,2015,19,stable,19,0.757249,"particle, vortex, fluid, body, interaction, boltzmann, energy, soliton, collision, phase"
math,2014,2015,20,stable,20,0.741757,"galois, gal, representation, character, irreducible, field, langland, automorphic, selmer, bold"
math,2014,2015,21,stable,21,0.636042,"polynomial, permutation, pattern, dyck, stirling, orthogonal, bijection, tableaux, laguerre, macdonald"
math,2014,2015,22,stable,22,0.858191,"galerkin, error, discretization, integrator, approximation, numerical, accuracy, element, discontinuous, preconditioner"
math,2014,2015,23,stable,23,0.595948,"game, player, payoff, board, nash, core, equilibrium, pomax, skeleta, avoider"
math,2014,2015,24,stable,24,0.557895,"mathcal, bbb, widetilde, qcoh, tcal, pec, preenvelope, 0ab, bmo, varphi"
math,2014,2015,25,stable,25,0.840477,"ricci, manifold, curvature, metric, geodesic, finsler, riemannian, hler, hyperbolic, diffeomorphism"
math,2014,2015,26,stable,26,0.641273,"cohomology, variety, hodge, motivic, adic, tate, modular, shimura, eisenstein, valuation"
math,2014,2015,27,stable,27,0.862845,"operator, frame, adjoint, spectrum, resolvent, toeplitz, symbol, composition, spectral, dirac"
math,2014,2015,28,stable,28,0.579567,"hyperelliptic, mirror, curve, cal, elliptic, jacobian, tope, calabi, tamagawa, peakon"
math,2014,2015,29,evolve,29,0.410227,"fractional, wavelet, scheme, difference, derivative, tbc, sail, cff, crtbp, mol"
math,2014,2015,30,stable,30,0.718002,"set, ultrafilter, subset, lattice, measure, fractal, hausdorff, discrepancy, cantor, tiling"
math,2014,2015,31,evolve,31,0.321743,"platelet, multiscale, mesh, tsunami, mode, ltm, synchronization, coupling, interface, transient"
math,2014,2015,32,stable,32,0.71984,"banach, space, metrizable, topology, compactness, soft, chet, isometry, topological, haagerup"
math,2014,2015,33,stable,33,0.901913,"wave, initial, posedness, regularity, stoke, parabolic, navi, semilinear, dinger, schr"
math,2014,2015,34,stable,34,0.917733,"random, markov, walk, distribution, probability, brownian, percolation, population, law, site"
math,2014,2015,35,stable,35,0.702531,"curvature, submanifold, spacetime, spacelike, lorentzian, hypersurface, wintgen, conformal, cmc, biharmonic"
math,2014,2015,36,stable,36,0.88934,"category, functor, monoidal, operad, module, homotopy, tilting, equivalence, monad, sheaf"
math,2014,2015,37,evolve,37,0.395568,"polytope, subspace, brick, moebius, net, implosion, supercyclidic, angle, kenmotsu, regulus"
math,2014,2015,38,stable,38,0.596092,"minimization, sparse, algorithm, iteration, sparsity, convex, optimization, nonconvex, relaxation, kaczmarz"
math,2014,2015,39,stable,39,0.89543,"curve, surface, bundle, genus, singularity, modulus, projective, toric, fibration, locus"
math,2014,2015,40,stable,40,0.626712,"mathsf, zero, zeta, function, series, riemann, fouri, hypergeometric, partition, expansion"
math,2014,2015,41,stable,41,0.562158,"alpha, zeta, hbar, winding, quantum, subtori, subarrangement, double, cobar, arrangement"
math,2014,2015,42,evolve,42,0.489691,"quasiconformal, map, mapping, distortion, crossing, dilatation, homeomorphism, virtual, break, renormalization"
math,2014,2015,43,stable,43,0.777162,"dirichlet, domain, neumann, boundary, eigenvalue, eigenfunction, laplacian, robin, steklov, predator"
math,2014,2015,44,stable,44,0.849416,"inequality, hardy, sharp, sobolev, estimate, norm, dyadic, zygmund, orlicz, riesz"
math,2014,2015,45,stable,45,0.594277,"monoid, garside, braid, pic, act, mathrm, polymatroid, automata, cancellative, ker"
math,2014,2015,46,stable,46,0.781687,"estimator, estimation, regression, likelihood, sample, statistic, nonparametric, test, covariate, multivariate"
math,2014,2015,47,stable,47,0.560906,"prime, integer, iasi, congruence, sum, sequence, binom, mod, kurepa, pmod"
math,2014,2015,48,stable,48,0.61263,"lagrangian, formula, integral, wiener, hgf, hamiltonian, formulae, feynman, tori, variate"
math,2014,2015,49,evolve,49,0.462622,"bianalytic, bergman, denominator, definable, prec, analytic, steinhorn, zhitomirskii, elastodynamic, germ"
math,2015,2016,0,stable,0,0.849852,"logic, mathematic, lecture, survey, semantic, mathematical, theory, proof, language, introduction"
math,2015,2016,1,stable,1,0.557895,"matrix, hadamard, entry, definite, gue, column, ghd, row, eigenvector, determinant"
math,2015,2016,2,stable,2,0.911557,"algebra, mathfrak, algebras, lie, subalgebra, frak, hopf, module, cluster, associative"
math,2015,2016,3,stable,3,0.544466,"tensor, superalgebra, inar, rank, superalgebras, multilinear, nuclear, krieger, fischer, faithful"
math,2015,2016,4,stable,4,0.919941,"subgroup, group, automorphism, action, amenable, abelian, conjugacy, aut, solvable, cyclic"
math,2015,2016,5,stable,5,0.761893,"ideal, ring, macaulay, cohen, quasipolar, monomial, module, clean, binomial, bner"
math,2015,2016,6,stable,6,0.596839,"textless, int, quad, big, nabla, mathbb, infty, vec, partial, times"
math,2015,2016,7,stable,7,0.786388,"knot, link, homology, surgery, floer, heegaard, khovanov, alexander, milnor, slice"
math,2015,2016,8,stable,8,0.90729,"graph, vertex, edge, subgraph, clique, tree, hypergraph, chromatic, bipartite, minimum"
math,2015,2016,9,stable,9,0.548256,"arbitrage, contact, groupoid, spinor, algebroid, tulczyjew, connection, structure, legendrian, holonomy"
math,2015,2016,10,stable,10,0.51391,"tropical, severi, radon, secondary, fan, subfan, transform, interpolation, exit, ridgelet"
math,2015,2016,11,stable,11,0.725935,"sde, stochastic, delay, periodic, lyapunov, differential, stability, bifurcation, diffusion, control"
math,2015,2016,12,stable,12,0.82616,"measurement, signal, reconstruction, dictionary, tomography, recovery, conductivity, imaging, network, image"
math,2015,2016,13,stable,13,0.758998,"frac, log, rfloor, lfloor, displaystyle, sfp, sqrt, leq, right, text"
math,2015,2016,14,evolve,14,0.409647,"semigroup, ell, semiring, diophantine, dilation, gcd, transcendental, cdot, neq, semimodule"
math,2015,2016,15,evolve,15,0.404248,"string, heterotic, witten, brane, calabi, gauge, compactification, yau, supersymmetric, simon"
math,2015,2016,16,evolve,16,0.32738,"code, enumerator, array, hamming, distance, ecag, constacyclic, act, mbox, repetition"
math,2015,2016,17,stable,17,0.749936,"agent, customer, sensor, consensus, queue, server, price, service, job, cost"
math,2015,2016,18,stable,18,0.694461,"word, shift, cgci, entropy, subshift, hemisystem, sturmian, mixing, alphabet, topological"
math,2015,2016,19,stable,19,0.799844,"particle, fluid, body, energy, force, interaction, boltzmann, temperature, collision, vortex"
math,2015,2016,20,stable,20,0.824657,"galois, character, automorphic, gal, representation, prime, irreducible, field, characteristic, selmer"
math,2015,2016,21,stable,21,0.778796,"polynomial, tableau, permutation, tableaux, orthogonal, pattern, stirling, root, chebyshev, young"
math,2015,2016,22,stable,22,0.806304,"galerkin, error, discretization, numerical, approximation, accuracy, element, multigrid, preconditioner, integration"
math,2015,2016,23,stable,23,0.71475,"game, player, waiter, payoff, eps, client, core, wythoff, dtdgs, fixture"
math,2015,2016,24,stable,24,0.602895,"mathcal, widetilde, approx1, aleph, bbb, bmo, circ, mathop, stackrel, qcoh"
math,2015,2016,25,stable,25,0.950036,"ricci, curvature, riemannian, metric, geodesic, manifold, hler, finsler, hyperbolic, kahler"
math,2015,2016,26,stable,26,0.686498,"tate, cohomology, variety, adic, witt, motivic, chow, modular, hodge, valuation"
math,2015,2016,27,stable,27,0.631582,"operator, frame, adjoint, spectrum, toeplitz, dirac, spectral, resolvent, varepsilon, orkhss"
math,2015,2016,28,stable,28,0.536468,"mirror, threefold, hyperelliptic, jacobian, calabi, elliptic, curve, yau, cal, linkage"
math,2015,2016,29,stable,29,0.630015,"canard, filter, fractional, scheme, wavelet, mrl, derivative, difference, rosenau, fvdp"
math,2015,2016,30,stable,30,0.646028,"set, fractal, hausdorff, subset, measure, tiling, lattice, ultrafilter, packing, point"
math,2015,2016,31,stable,31,0.639473,"mesh, cell, synchronization, tissue, aortic, elasticity, multiscale, oscillation, interface, coupling"
math,2015,2016,32,stable,32,0.831695,"banach, space, metrizable, compact, separable, topology, topological, lipschitz, isometry, dentable"
math,2015,2016,33,stable,33,0.812008,"wave, initial, posedness, regularity, stoke, navi, parabolic, cauchy, semilinear, global"
math,2015,2016,34,stable,34,0.867477,"random, markov, walk, distribution, probability, brownian, percolation, population, environment, coalescent"
math,2015,2016,35,stable,35,0.549164,"curvature, hypersurface, spacetime, lorentzian, cmc, submanifold, schwarzschild, spacelike, surface, immersion"
math,2015,2016,36,stable,36,0.825212,"category, functor, homotopy, monoidal, operad, module, equivalence, monad, tilting, categorical"
math,2015,2016,37,evolve,37,0.213809,"polytope, ritz, subspace, neighborly, record, face, cubical, sectorial, permutohedron, chief"
math,2015,2016,38,stable,38,0.612249,"convex, sparse, optimization, minimization, relaxation, algorithm, objective, iteration, sparsity, sdp"
math,2015,2016,39,stable,39,0.847896,"curve, surface, genus, singularity, bundle, projective, modulus, fibration, moduli, locus"
math,2015,2016,40,stable,40,0.629178,"zeta, function, series, zero, partition, hypergeometric, bessel, mathsf, fouri, expansion"
math,2015,2016,41,evolve,41,0.438101,"quantum, alpha, hbar, zeta, double, contextuality, metaplectic, loop, moufang, winding"
math,2015,2016,42,stable,42,0.563126,"map, cmcal, mapping, quasiconformal, yoshikawa, homeomorphism, move, bius, circle, break"
math,2015,2016,43,stable,43,0.758937,"domain, dirichlet, boundary, neumann, eigenvalue, eigenfunction, nodal, robin, laplacian, candy"
math,2015,2016,44,stable,44,0.795116,"inequality, hardy, sobolev, sharp, riesz, estimate, norm, dyadic, carleson, boundedness"
math,2015,2016,45,stable,45,0.598752,"monoid, automata, braid, mathrm, ker, gbl, automaton, cact, garside, pro"
math,2015,2016,46,stable,46,0.880694,"estimator, estimation, covariance, likelihood, regression, sample, nonparametric, posterior, minimax, test"
math,2015,2016,47,stable,47,0.694036,"sum, prime, binom, integer, pmod, sequence, zsigmondy, congruence, equiv, modulo"
math,2015,2016,48,stable,48,0.600153,"lagrangian, symplectic, formula, hamiltonian, stretcher, feynman, integral, canvas, tori, gluing"
math,2015,2016,49,evolve,49,0.1965,"bergman, germ, analytic, conv, bianalytic, rabinoff, denominator, definable, hull, berkovich"
math,2016,2017,0,stable,0,0.906063,"logic, mathematic, lecture, mathematical, axiom, survey, theory, proof, semantic, course"
math,2016,2017,1,stable,1,0.623581,"matrix, eigenvector, hadamard, cmv, entry, factorization, pseudospectra, spn, eigenvalue, column"
math,2016,2017,2,stable,2,0.802462,"algebra, mathfrak, algebras, subalgebra, frak, lie, cluster, module, quiver, hopf"
math,2016,2017,3,evolve,3,0.317281,"tensor, otimes, cuntz, superalgebra, rank, nuclear, analytification, identifiability, faithful, decomposition"
math,2016,2017,4,stable,4,0.922319,"subgroup, group, automorphism, action, abelian, aut, amenable, cyclic, conjugacy, nilpotent"
math,2016,2017,5,stable,5,0.930254,"ideal, ring, monomial, macaulay, gorenstein, module, clean, cohen, noetherian, submodule"
math,2016,2017,6,stable,6,0.858062,"int, mathbb, nabla, big, partial, vec, dot, quad, varphi, times"
math,2016,2017,7,stable,7,0.838055,"knot, surgery, link, homology, floer, khovanov, heegaard, seifert, des, concordance"
math,2016,2017,8,stable,8,0.865334,"graph, vertex, edge, subgraph, chromatic, bipartite, hypergraph, clique, tree, domination"
math,2016,2017,9,stable,9,0.674095,"contact, algebroid, quaternionic, groupoid, poisson, structure, arbitrage, connection, legendrian, symplectic"
math,2016,2017,10,evolve,10,0.124033,"tropical, wulff, spherical, radon, interpolation, transform, hurwitz, newton, tribonacci, severi"
math,2016,2017,11,stable,11,0.635935,"stochastic, sde, lyapunov, bifurcation, control, periodic, delay, stability, differential, noise"
math,2016,2017,12,stable,12,0.655832,"measurement, reconstruction, signal, imaging, conductivity, tomography, network, recovery, optical, image"
math,2016,2017,13,stable,13,0.853632,"frac, log, right, leq, displaystyle, sqrt, quad, rfloor, max, lfloor"
math,2016,2017,14,evolve,14,0.497893,"semigroup, underbrace, ldots, seating, ldot, hypersemigroup, diophantine, brocard, dilation, ell"
math,2016,2017,15,stable,15,0.698539,"witten, instanton, brane, eff, string, bps, gauge, gromov, heterotic, eta"
math,2016,2017,16,evolve,16,0.270284,"code, constacyclic, textbf, hypersimplex, stimulus, lrc, ccc, codeword, dual, sumset"
math,2016,2017,17,stable,17,0.650403,"agent, customer, sensor, controller, design, cost, queue, price, control, consensus"
math,2016,2017,18,stable,18,0.590437,"word, entropy, sturmian, shift, topological, speedup, fip, mixing, subshift, cgci"
math,2016,2017,19,stable,19,0.699956,"particle, fluid, force, boltzmann, interaction, energy, external, body, velocity, temperature"
math,2016,2017,20,stable,20,0.729716,"galois, representation, character, automorphic, irreducible, field, prime, characteristic, gal, quadratic"
math,2016,2017,21,stable,21,0.732683,"polynomial, tableaux, permutation, tableau, orthogonal, root, pattern, simsun, bmu, tutte"
math,2016,2017,22,stable,22,0.902911,"galerkin, discretization, preconditioner, error, numerical, multigrid, element, mesh, approximation, accuracy"
math,2016,2017,23,stable,23,0.676315,"game, player, payoff, brush, waiter, equilibrium, core, anonymous, nash, wythoff"
math,2016,2017,24,stable,24,0.613849,"mathcal, widetilde, bbb, alg, oplus, cfdd, cfaa, tilde, approx1, aleph"
math,2016,2017,25,stable,25,0.904525,"ricci, curvature, metric, riemannian, hler, manifold, geodesic, finsler, hyperbolic, kahler"
math,2016,2017,26,stable,26,0.770174,"variety, cohomology, tate, eisenstein, motivic, adic, hodge, chow, hess, modular"
math,2016,2017,27,stable,27,0.662929,"frame, operator, varepsilon, spectrum, textless, adjoint, resonance, pseudodifferential, resolvent, toeplitz"
math,2016,2017,28,evolve,28,0.489691,"luc, cal, hyperelliptic, jacobian, curve, threefold, mirror, elliptic, heegner, yau"
math,2016,2017,29,stable,29,0.710914,"fractional, canard, scheme, wavelet, difference, derivative, caputo, filter, mimetic, boggio"
math,2016,2017,30,stable,30,0.684491,"fractal, set, measure, lattice, subset, borel, body, hausdorff, point, hull"
math,2016,2017,31,stable,31,0.624832,"mesh, cell, multiscale, synchronization, load, material, interface, response, medium, penguin"
math,2016,2017,32,stable,32,0.822852,"banach, space, metrizable, compact, topology, topological, besov, countable, lipschitz, weakly"
math,2016,2017,33,stable,33,0.852661,"wave, regularity, initial, posedness, parabolic, stoke, navi, schr, dinger, global"
math,2016,2017,34,stable,34,0.810605,"random, walk, markov, brownian, distribution, population, probability, percolation, environment, tail"
math,2016,2017,35,stable,35,0.732683,"hypersurface, submanifold, curvature, slant, spacetime, casorati, cmc, lorentzian, minkowski, meridian"
math,2016,2017,36,stable,36,0.711702,"category, functor, monoidal, matroid, homotopy, module, equivalence, categorical, operad, auslander"
math,2016,2017,37,evolve,37,0.362506,"underline, polytope, psd, hemi, contou, umc, gauging, slant, subspace, carr"
math,2016,2017,38,stable,38,0.777577,"optimization, minimization, convex, proximal, objective, algorithm, relaxation, regularization, iteration, sparse"
math,2016,2017,39,stable,39,0.823737,"curve, bundle, surface, genus, singularity, projective, locus, modulus, divisor, fibration"
math,2016,2017,40,stable,40,0.599369,"partition, series, hypergeometric, zero, bessel, function, zeta, expansion, theta, fouri"
math,2016,2017,41,evolve,41,0.263313,"hbar, quantum, panharmonic, superactivation, semiclassical, yukawa, loop, zeta, metaplectic, 6nx"
math,2016,2017,42,stable,42,0.560103,"map, mapping, homeomorphism, csd, rotation, ribbonlength, cmcal, julia, circle, tangle"
math,2016,2017,43,stable,43,0.800815,"dirichlet, domain, eigenvalue, boundary, neumann, eigenfunction, laplacian, nodal, num, billiard"
math,2016,2017,44,stable,44,0.825959,"inequality, hardy, sobolev, estimate, sharp, carleson, orlicz, multiplier, kernel, boundedness"
math,2016,2017,45,evolve,45,0.436767,"monoid, perm, closure, mathrm, automata, garside, automaton, braid, pseudomonotonicity, congruence"
math,2016,2017,46,stable,46,0.950496,"estimator, estimation, likelihood, sample, regression, posterior, covariance, nonparametric, test, bayesian"
math,2016,2017,47,stable,47,0.646404,"sum, prime, integer, sequence, digit, square, kloosterman, binom, consecutive, pmod"
math,2016,2017,48,stable,48,0.528561,"symplectic, hamiltonian, lagrangian, maslov, tori, formula, integral, bbp, banyaga, feynman"
math,2016,2017,49,evolve,49,0.426088,"nolimit, mathop, spec, eigencurve, germ, bergman, epdiff, analytic, coincidence, diff"
math,2017,2018,0,stable,0,0.843437,"logic, mathematic, mathematical, lecture, axiom, theory, proof, student, semantic, survey"
math,2017,2018,1,stable,1,0.630811,"matrix, eigenvalue, entry, factorization, nonnegative, hadamard, eigenvector, diagonal, wishart, column"
math,2017,2018,2,stable,2,0.91125,"mathfrak, algebra, frak, algebras, subalgebra, lie, quiver, module, cluster, commutative"
math,2017,2018,3,evolve,3,0.366853,"hirsch, tensor, semiflat, rank, nuclear, quasidiagonal, trace, cpd, svt, svd"
math,2017,2018,4,stable,4,0.891916,"subgroup, group, automorphism, aut, action, abelian, cyclic, amenable, conjugacy, rtime"
math,2017,2018,5,stable,5,0.749544,"ideal, ring, monomial, macaulay, gorenstein, cohen, noetherian, module, clean, stanley"
math,2017,2018,6,stable,6,0.718872,"int, mathbb, nabla, big, times, partial, quad, infty, rightarrow, dot"
math,2017,2018,7,stable,7,0.925919,"knot, link, homology, floer, surgery, heegaard, concordance, khovanov, alexander, seifert"
math,2017,2018,8,stable,8,0.933063,"graph, vertex, edge, chromatic, subgraph, tree, bipartite, domination, cycle, coloring"
math,2017,2018,9,stable,9,0.861594,"algebroid, contact, groupoid, poisson, spin, structure, connection, lie, integrable, quaternionic"
math,2017,2018,10,evolve,10,0.45909,"carlitz, lambda, levy, holder, tromp, tropical, wulff, summability, hunt, lescanne"
math,2017,2018,11,stable,11,0.787559,"lyapunov, control, stochastic, periodic, delay, stability, differential, bifurcation, diffusion, sde"
math,2017,2018,12,stable,12,0.841032,"imaging, reconstruction, signal, measurement, traffic, network, conductivity, tomography, vehicle, road"
math,2017,2018,13,stable,13,0.858062,"frac, right, log, leq, sqrt, displaystyle, quad, max, vert, align"
math,2017,2018,14,stable,14,0.606344,"semigroup, amicable, cdot, ell, ehresmann, osborn, ldot, hypersemigroup, ldots, underbrace"
math,2017,2018,15,stable,15,0.574672,"witten, eta, brane, instanton, simon, string, gromov, gauge, theta, invariant"
math,2017,2018,16,evolve,16,0.459151,"code, 24k, reed, muller, genome, parseval, enumerator, dna, binary, 2rn"
math,2017,2018,17,stable,17,0.607134,"controller, agent, market, sensor, customer, cost, price, control, design, storage"
math,2017,2018,18,stable,18,0.660906,"word, shift, lyndon, entropy, sturmian, subshift, substitution, alphabet, fibonacci, benzenoid"
math,2017,2018,19,stable,19,0.701179,"particle, energy, fluid, temperature, body, interaction, velocity, phase, liquid, boltzmann"
math,2017,2018,20,stable,20,0.766401,"character, galois, field, representation, irreducible, prime, quadratic, characteristic, gal, textrm"
math,2017,2018,21,stable,21,0.808283,"polynomial, permutation, tableaux, stirling, orthogonal, factorial, tutte, tableau, pattern, identity"
math,2017,2018,22,stable,22,0.854775,"galerkin, discretization, multigrid, preconditioner, error, numerical, element, mesh, approximation, discontinuous"
math,2017,2018,23,stable,23,0.594164,"game, player, payoff, chocolate, equilibrium, strategy, nash, nim, stopping, transposition"
math,2017,2018,24,stable,24,0.633962,"mathcal, alg, operatorname, bbb, widetilde, oplus, sls, odot, varphi, rtime"
math,2017,2018,25,stable,25,0.874716,"ricci, curvature, metric, hler, geodesic, manifold, riemannian, einstein, kahler, hyperbolic"
math,2017,2018,26,stable,26,0.818505,"variety, adic, cohomology, hodge, motivic, chow, modular, valuation, eisenstein, tate"
math,2017,2018,27,stable,27,0.865334,"operator, frame, spectrum, varepsilon, resolvent, toeplitz, spectral, hilbert, adjoint, symbol"
math,2017,2018,28,evolve,28,0.310114,"peakon, luc, cal, hyperelliptic, mirror, configuration, calabi, yau, attitude, octic"
math,2017,2018,29,stable,29,0.588714,"fractional, patankar, canard, scheme, tiny, derivative, difference, wavelet, caputo, advection"
math,2017,2018,30,stable,30,0.875507,"set, lattice, hausdorff, subset, fractal, borel, measure, tiling, point, hull"
math,2017,2018,31,stable,31,0.614402,"mesh, multiscale, fracture, grid, cell, material, flux, coarse, response, synchronization"
math,2017,2018,32,stable,32,0.783895,"banach, space, homogeneous, metrizable, topological, compact, topology, besov, lipschitz, separable"
math,2017,2018,33,stable,33,0.792449,"wave, regularity, initial, stoke, navi, posedness, parabolic, global, existence, cauchy"
math,2017,2018,34,stable,34,0.804627,"random, walk, population, probability, distribution, markov, percolation, brownian, law, site"
math,2017,2018,35,stable,35,0.791253,"hypersurface, curvature, submanifold, lorentzian, spacetime, biconservative, minimal, minkowski, meridian, conformal"
math,2017,2018,36,stable,36,0.896332,"category, functor, operad, monad, morphism, auslander, module, monoidal, homotopy, equivalence"
math,2017,2018,37,evolve,37,0.389086,"polytope, guard, underline, costa, cbs, psd, symmetry, presymplectic, ribaucour, hat"
math,2017,2018,38,stable,38,0.846969,"optimization, convex, minimization, relaxation, regularization, nonconvex, proximal, objective, algorithm, gradient"
math,2017,2018,39,stable,39,0.814918,"curve, genus, surface, projective, bundle, divisor, singularity, fano, modulus, locus"
math,2017,2018,40,stable,40,0.614273,"function, zeta, zero, partition, series, hypergeometric, mathsf, bessel, expansion, fouri"
math,2017,2018,41,evolve,41,0.398131,"discord, quantum, multipullback, zeta, psl, coherent, psp, overpartition, hbar, homodyne"
math,2017,2018,42,stable,42,0.553834,"map, homeomorphism, tangle, circle, diagram, crossing, move, renormalization, mapping, rotation"
math,2017,2018,43,stable,43,0.772749,"dirichlet, boundary, domain, eigenfunction, neumann, eigenvalue, robin, nodal, laplacian, transmission"
math,2017,2018,44,stable,44,0.883055,"inequality, hardy, sharp, estimate, sobolev, riesz, boundedness, multiplier, norm, carleson"
math,2017,2018,45,stable,45,0.584374,"langle8, mathrm, monoid, automaton, braid, scl, closure, perm, envy, sorted"
math,2017,2018,46,stable,46,0.864874,"estimator, estimation, likelihood, sample, regression, posterior, covariance, test, bayesian, minimax"
math,2017,2018,47,stable,47,0.646404,"prime, sum, integer, sequence, diophantine, chocolate, congruence, pmod, square, gprs"
math,2017,2018,48,stable,48,0.549697,"lagrangian, symplectic, lagrangians, integral, hamiltonian, equatorial, formula, mehler, polylogarithm, maslov"
math,2017,2018,49,evolve,49,0.057096,"hypoellipticity, nolimit, bergman, circ, definable, hull, mathop, spec, analytic, eigencurve"
math,2018,2019,0,stable,0,0.799844,"logic, mathematic, lecture, mathematical, theory, language, axiom, survey, proof, upsilon"
math,2018,2019,1,stable,1,0.643006,"matrix, entry, determinant, bmatrix, eigenvalue, factorization, quaternion, diagonal, permanent, nonnegative"
math,2018,2019,2,stable,2,0.901587,"mathfrak, algebra, algebras, subalgebra, frak, lie, quiver, module, associative, cluster"
math,2018,2019,3,evolve,3,0.434311,"tensor, osp, rank, hirsch, otimes, teh, noncommutative, tracial, superalgebra, unital"
math,2018,2019,4,stable,4,0.933511,"subgroup, group, automorphism, action, aut, abelian, amenable, cyclic, psl, nilpotent"
math,2018,2019,5,stable,5,0.775164,"ring, ideal, noetherian, macaulay, monomial, cohen, gorenstein, module, syzygy, betti"
math,2018,2019,6,stable,6,0.832162,"big, nabla, int, mathbb, times, quad, partial, dot, vec, rightarrow"
math,2018,2019,7,stable,7,0.874941,"knot, link, homology, floer, concordance, heegaard, khovanov, surgery, seifert, sphere"
math,2018,2019,8,stable,8,0.912477,"graph, vertex, edge, chromatic, subgraph, hypergraph, tree, domination, bipartite, cycle"
math,2018,2019,9,stable,9,0.856535,"algebroid, contact, quaternionic, groupoid, structure, spin, poisson, connection, lie, nambu"
math,2018,2019,10,evolve,10,0.232159,"hurwitz, carlitz, stieltjes, lambda, levy, tropical, bhabha, pencil, holder, bernoulli"
math,2018,2019,11,stable,11,0.859386,"control, stochastic, delay, periodic, lyapunov, bifurcation, stability, differential, sde, diffusion"
math,2018,2019,12,stable,12,0.75043,"imaging, reconstruction, traffic, measurement, network, signal, tomography, source, frequency, conductivity"
math,2018,2019,13,stable,13,0.769816,"frac, right, log, leq, align, sqrt, max, star, end, vert"
math,2018,2019,14,stable,14,0.621248,"semigroup, ell, ldots, ldot, cdot, bot, amicable, chomp, spiderweb, sch"
math,2018,2019,15,stable,15,0.785275,"witten, string, gauge, seiberg, vafa, brane, invariant, aksz, gromov, simon"
math,2018,2019,16,evolve,16,0.418072,"code, gabidulin, sesqui, codeword, enumerator, binary, array, muller, mbox, reed"
math,2018,2019,17,stable,17,0.799463,"agent, controller, control, price, cost, design, consensus, market, uncertainty, vehicle"
math,2018,2019,18,stable,18,0.687975,"word, crt, subshift, entropy, shift, repetition, substitution, sturmian, subword, alphabet"
math,2018,2019,19,stable,19,0.79468,"particle, energy, gas, fluid, temperature, flow, mass, elastic, phase, body"
math,2018,2019,20,stable,20,0.71179,"galois, character, representation, field, irreducible, prime, langland, automorphic, characteristic, quadratic"
math,2018,2019,21,stable,21,0.711815,"polynomial, permutation, tableaux, stirling, catalan, tutte, pattern, bijection, orthogonal, enumeration"
math,2018,2019,22,stable,22,0.868737,"discretization, galerkin, preconditioner, error, multigrid, numerical, element, mesh, approximation, discontinuous"
math,2018,2019,23,stable,23,0.719336,"player, game, maker, nash, equilibrium, payoff, hypergraph, strategy, breaker, chip"
math,2018,2019,24,evolve,24,0.364406,"mathcal, bbb, textstyle, operatorname, alg, varphi, subseteq, circ, widetilde, hilb"
math,2018,2019,25,stable,25,0.850319,"ricci, curvature, riemannian, metric, geodesic, manifold, finsler, hler, einstein, hyperbolic"
math,2018,2019,26,stable,26,0.672749,"variety, motivic, cohomology, hodge, adic, tate, eisenstein, sheaf, chow, modular"
math,2018,2019,27,stable,27,0.858191,"operator, frame, spectrum, resolvent, varepsilon, spectral, adjoint, pseudodifferential, dirac, hilbert"
math,2018,2019,28,evolve,28,0.155183,"attitude, hyperelliptic, rodfiter, ginzburg, peakon, ellipsoid, paraboloid, calabi, hendecagon, yau"
math,2018,2019,29,stable,29,0.644889,"fractional, irp, difference, wavelet, scheme, limiter, caputo, derivative, levelness, patankar"
math,2018,2019,30,stable,30,0.725902,"set, lattice, subset, hausdorff, packing, measure, tiling, borel, fractal, point"
math,2018,2019,31,stable,31,0.850599,"material, mesh, cell, flux, grid, fracture, immunization, multiscale, response, interface"
math,2018,2019,32,stable,32,0.746981,"banach, space, metrizable, compact, iqn, lipschitz, topology, iwqn, separable, homogeneous"
math,2018,2019,33,stable,33,0.868032,"wave, regularity, posedness, stoke, initial, nonlocal, navi, parabolic, decay, dinger"
math,2018,2019,34,stable,34,0.759386,"random, walk, brownian, markov, distribution, probability, population, tail, law, branching"
math,2018,2019,35,stable,35,0.675531,"hypersurface, curvature, submanifold, spacetime, minkowski, spacelike, minimal, equiaffine, euclidean, conformal"
math,2018,2019,36,stable,36,0.724591,"category, functor, operad, monoidal, homotopy, morphism, equivalence, monad, auslander, module"
math,2018,2019,37,evolve,37,0.479311,"polytope, cube, tonnetz, net, guard, reflexive, grassmann, unimodal, payne, underline"
math,2018,2019,38,stable,38,0.790054,"optimization, convex, proximal, minimization, gradient, nonconvex, regularization, relaxation, admm, objective"
math,2018,2019,39,stable,39,0.761858,"curve, bundle, projective, genus, surface, divisor, locus, modulus, toric, singularity"
math,2018,2019,40,stable,40,0.788527,"hypergeometric, function, series, partition, bessel, zeta, identity, ramanujan, zero, expansion"
math,2018,2019,41,evolve,41,0.407311,"quantum, zeta, llnitz, overpartition, discord, loop, observable, anyon, gate, circuit"
math,2018,2019,42,stable,42,0.56483,"map, carotid, ber, diagram, mapping, crossing, virtual, circle, renormalization, harmonic"
math,2018,2019,43,stable,43,0.827508,"dirichlet, neumann, boundary, robin, domain, eigenvalue, laplacian, eigenfunction, bicycle, steklov"
math,2018,2019,44,stable,44,0.844817,"inequality, hardy, sobolev, sharp, estimate, multiplier, boundedness, bmo, carleson, riesz"
math,2018,2019,45,stable,45,0.53279,"mathrm, monoid, meager, automaton, langle8, braid, pgl, cov, envy, pro"
math,2018,2019,46,stable,46,0.882029,"estimator, estimation, regression, sample, covariance, test, likelihood, bayesian, nonparametric, posterior"
math,2018,2019,47,stable,47,0.753004,"sum, prime, integer, sequence, frac1n, consecutive, binom, digit, congruence, pmod"
math,2018,2019,48,stable,48,0.629756,"lagrangian, focp, tori, integral, formula, hamiltonian, symplectic, cobordism, degressive, skorohod"
math,2018,2019,49,evolve,49,0.125284,"neutral, germ, quasianalytic, ultradifferentiable, inclusion, bekoll, hypoellipticity, imperfect, bonami, bruce"
math,2019,2020,0,stable,0,0.919492,"logic, mathematic, language, semantic, mathematical, theory, lecture, survey, logical, proof"
math,2019,2020,1,stable,1,0.674784,"matrix, entry, ryser, toeplitz, block, quaternion, eigenvalue, diagonal, row, determinant"
math,2019,2020,2,stable,2,0.762353,"mathfrak, algebra, algebras, subalgebra, lie, module, cluster, hopf, associative, quiver"
math,2019,2020,3,stable,3,0.631008,"tensor, multilinear, rank, nuclear, border, trace, decomposition, engel, cuntz, tracial"
math,2019,2020,4,stable,4,0.896933,"subgroup, group, automorphism, action, amenable, aut, abelian, cyclic, sofic, nilpotent"
math,2019,2020,5,stable,5,0.803124,"ideal, ring, macaulay, cohen, gorenstein, noetherian, monomial, module, persistent, betti"
math,2019,2020,6,stable,6,0.920861,"big, mathbb, int, nabla, times, quad, dot, bar, partial, bigg"
math,2019,2020,7,stable,7,0.838559,"knot, homology, link, floer, surgery, concordance, khovanov, sphere, heegaard, triangulation"
math,2019,2020,8,stable,8,0.789779,"graph, vertex, edge, domination, subgraph, chromatic, tree, hypergraph, bipartite, digraph"
math,2019,2020,9,stable,9,0.67345,"algebroid, contact, groupoid, poisson, lie, structure, spin, connection, quaternionic, bracket"
math,2019,2020,10,evolve,10,0.432611,"tropical, passive, shannon, hurwitz, fan, carlitz, rauh, matroid, bergman, garbling"
math,2019,2020,11,stable,11,0.763462,"control, stochastic, bifurcation, delay, lyapunov, periodic, stability, differential, dynamical, attractor"
math,2019,2020,12,stable,12,0.819449,"reconstruction, network, traffic, imaging, measurement, tomography, signal, road, source, conductivity"
math,2019,2020,13,stable,13,0.889538,"frac, right, log, leq, sqrt, quad, text, displaystyle, eq1, max"
math,2019,2020,14,stable,14,0.570624,"semigroup, ell, inftyr, cdot, vec, subsemigroup, ldots, rangle, ldot, diophantine"
math,2019,2020,15,stable,15,0.737914,"witten, string, gauge, supersymmetric, seiberg, bps, brane, instanton, invariant, vafa"
math,2019,2020,16,stable,16,0.668416,"code, lcd, codeword, magic, nullity, repairable, subcode, binary, prs, yeung"
math,2019,2020,17,stable,17,0.674336,"agent, controller, price, control, cost, uncertainty, communication, decision, vehicle, sensor"
math,2019,2020,18,stable,18,0.703741,"word, entropy, subshift, crt, thue, alphabet, shift, prefix, index, complexity"
math,2019,2020,19,stable,19,0.749657,"particle, energy, fluid, gas, temperature, interaction, kinetic, body, velocity, mass"
math,2019,2020,20,stable,20,0.808132,"galois, irreducible, character, gal, field, automorphic, representation, prime, extension, cyclotomic"
math,2019,2020,21,stable,21,0.862845,"permutation, polynomial, tableaux, pattern, bijection, enumeration, stirling, hat, orthogonal, eulerian"
math,2019,2020,22,stable,22,0.840458,"discretization, galerkin, error, multigrid, numerical, element, approximation, accuracy, preconditioner, mesh"
math,2019,2020,23,stable,23,0.698819,"player, game, nim, equilibrium, payoff, market, chip, nash, strategy, allc"
math,2019,2020,24,stable,24,0.599727,"bullet, mathcal, operatorname, 6pt, conf, subseteq, hspace, colon, spg, varphi"
math,2019,2020,25,stable,25,0.866557,"ricci, geodesic, curvature, metric, manifold, riemannian, hler, finsler, einstein, yamabe"
math,2019,2020,26,stable,26,0.686191,"adic, variety, motivic, chow, cohomology, hodge, tate, eisenstein, motif, rational"
math,2019,2020,27,stable,27,0.842177,"operator, frame, spectrum, varepsilon, adjoint, spectral, hilbert, resolvent, approximative, eigenvalue"
math,2019,2020,28,stable,28,0.643977,"cal, quartic, mirror, modular, calabi, attitude, yau, mordell, threefold, shimura"
math,2019,2020,29,stable,29,0.710123,"fractional, implicit, scheme, derivative, patankar, difference, wavelet, advection, caputo, irp"
math,2019,2020,30,stable,30,0.799844,"set, fractal, lattice, measure, tiling, subset, hausdorff, union, cantor, packing"
math,2019,2020,31,stable,31,0.810674,"material, mesh, cell, grid, multiscale, flux, porous, fracture, oscillation, interface"
math,2019,2020,32,stable,32,0.8035,"banach, space, metrizable, topology, lipschitz, varkappa, compact, topological, besov, morrey"
math,2019,2020,33,stable,33,0.844357,"wave, regularity, posedness, nonlocal, stoke, initial, semilinear, navi, dinger, schr"
math,2019,2020,34,stable,34,0.7593,"walk, random, markov, probability, distribution, brownian, population, tail, percolation, environment"
math,2019,2020,35,stable,35,0.689425,"hypersurface, mathscr, spacetime, spacelike, curvature, submanifold, willmore, minkowski, minimal, immersion"
math,2019,2020,36,stable,36,0.739921,"category, functor, matroid, monoidal, homotopy, operad, injective, module, object, subcategory"
math,2019,2020,37,evolve,37,0.286725,"polytope, cube, mittal, subspace, leak, taneja, solovay, underline, slack, tsetlin"
math,2019,2020,38,stable,38,0.856408,"optimization, nonconvex, proximal, convex, gradient, minimization, iteration, objective, regularization, algorithm"
math,2019,2020,39,stable,39,0.958683,"curve, surface, bundle, projective, singularity, genus, toric, fibration, fano, modulus"
math,2019,2020,40,stable,40,0.781687,"hypergeometric, zero, function, identity, partition, series, zeta, ramanujan, expansion, mathsf"
math,2019,2020,41,evolve,41,0.164026,"quantum, hexagonal, tetranacci, zeta, align, trs, pade, louiville, hbar, circuit"
math,2019,2020,42,evolve,42,0.359151,"map, ssu, virtual, rotation, tangle, mapping, harmonic, diagram, ber, circle"
math,2019,2020,43,stable,43,0.800815,"dirichlet, domain, neumann, robin, boundary, eigenvalue, laplacian, eigenfunction, hbie, nodal"
math,2019,2020,44,stable,44,0.911754,"inequality, hardy, sobolev, sharp, estimate, orlicz, boundedness, exponent, carleson, kernel"
math,2019,2020,45,evolve,45,0.362506,"monoid, mathrm, meager, congruence, origami, braid, rook, ind, free, tmf"
math,2019,2020,46,stable,46,0.892621,"estimator, regression, likelihood, estimation, sample, test, covariance, bayesian, posterior, nonparametric"
math,2019,2020,47,stable,47,0.752146,"prime, sum, integer, sequence, binom, msum, digit, congruence, modulo, consecutive"
math,2019,2020,48,stable,48,0.576008,"lagrangian, integral, formula, hamiltonian, symplectic, lagrangians, tori, floer, dougall, integration"
math,2019,2020,49,evolve,49,0.261979,"deck, ultradifferentiability, quasianalytic, lelong, analytic, berezin, prandtl, hull, jaffe, disc"
math,2020,2021,0,stable,0,0.774095,"logic, mathematic, language, semantic, mathematical, student, logical, theory, lecture, survey"
math,2020,2021,1,stable,1,0.795116,"matrix, quaternion, entry, eigenvalue, hermitian, block, eigenvector, toeplitz, det, determinant"
math,2020,2021,2,stable,2,0.857786,"mathfrak, algebra, algebras, lie, hom, subalgebra, leibniz, module, baxter, jordan"
math,2020,2021,3,stable,3,0.694389,"tensor, border, rank, multilinear, octonionic, hspin, decomposition, superalgebra, strassen, coupon"
math,2020,2021,4,stable,4,0.840163,"subgroup, group, automorphism, aut, action, cyclic, abelian, nilpotent, conjugacy, amenable"
math,2020,2021,5,stable,5,0.894124,"ideal, ring, gorenstein, monomial, macaulay, nilary, cohen, noetherian, submodule, module"
math,2020,2021,6,stable,6,0.867349,"big, mathbb, int, nabla, dot, bar, quad, times, partial, infty"
math,2020,2021,7,stable,7,0.81762,"knot, link, homology, floer, surgery, seifert, concordance, triangulation, heegaard, alexander"
math,2020,2021,8,stable,8,0.866557,"graph, edge, vertex, digraph, subgraph, tree, cycle, hypergraph, chromatic, color"
math,2020,2021,9,stable,9,0.694164,"algebroid, contact, nonholonomic, structure, connection, groupoid, cartan, lie, lwx, reeb"
math,2020,2021,10,evolve,10,0.230964,"tropical, fan, spherical, fli, schl, preposet, grew, antipodal, passive, shannon"
math,2020,2021,11,stable,11,0.799463,"control, stochastic, lyapunov, stability, bifurcation, delay, spde, attractor, diffusion, sde"
math,2020,2021,12,stable,12,0.650211,"reconstruction, network, traffic, vehicle, measurement, tomography, imaging, signal, frequency, deep"
math,2020,2021,13,stable,13,0.933063,"frac, right, log, leq, sqrt, text, bigg, displaystyle, max, big"
math,2020,2021,14,stable,14,0.565853,"ell, semigroup, cdot, textstyle, bigcap, rencontre, geq0, inftyr, ldot, rangle"
math,2020,2021,15,stable,15,0.736199,"witten, gauge, string, brane, instanton, bps, twisted, mill, supersymmetric, yang"
math,2020,2021,16,evolve,16,0.350343,"code, lcd, magic, gabidulin, codeword, helicopter, binary, twin, mrd, hint"
math,2020,2021,17,stable,17,0.781086,"agent, policy, controller, decision, control, cost, vehicle, resource, service, communication"
math,2020,2021,18,stable,18,0.715103,"word, subshift, entropy, shift, letter, urt, index, factor, alphabet, complexity"
math,2020,2021,19,stable,19,0.892662,"particle, fluid, interaction, energy, kinetic, flow, phase, gas, body, temperature"
math,2020,2021,20,stable,20,0.831191,"galois, character, irreducible, representation, field, adic, automorphic, prime, extension, langland"
math,2020,2021,21,stable,21,0.586862,"permutation, polynomial, tableaux, pattern, enumeration, eulerian, orthogonal, bijection, iar, tableau"
math,2020,2021,22,stable,22,0.92828,"galerkin, discretization, error, numerical, mesh, multigrid, element, accuracy, preconditioner, approximation"
math,2020,2021,23,stable,23,0.706327,"player, game, nash, equilibrium, play, payoff, strategy, buck, equilibria, bisynchronous"
math,2020,2021,24,evolve,24,0.469189,"mathcal, bullet, operatorname, widetilde, subseteq, 6pt, preserver, mathbf, upsilon, bbb"
math,2020,2021,25,stable,25,0.884557,"ricci, curvature, geodesic, riemannian, metric, manifold, yamabe, hler, einstein, soliton"
math,2020,2021,26,stable,26,0.85043,"variety, hodge, adic, motivic, chow, eisenstein, cohomology, modular, shimura, rational"
math,2020,2021,27,stable,27,0.759695,"operator, spectrum, frame, varepsilon, resolvent, spectral, adjoint, hilbert, boldmath, dinger"
math,2020,2021,28,evolve,28,0.345301,"cal, mirror, hyperelliptic, modular, mordell, peakon, quartic, jacobian, threefold, configuration"
math,2020,2021,29,stable,29,0.764882,"fractional, scheme, caputo, difference, derivative, implicit, wavelet, fabrizio, gark, mbo"
math,2020,2021,30,stable,30,0.706752,"set, fractal, aleph, tiling, subset, lattice, hausdorff, measure, perimeter, cantor"
math,2020,2021,31,stable,31,0.844313,"material, mesh, grid, cell, fracture, multiscale, flux, hybrid, collocation, strain"
math,2020,2021,32,stable,32,0.820429,"banach, space, metrizable, topology, besov, countable, compact, isometry, sober, topological"
math,2020,2021,33,stable,33,0.866574,"wave, regularity, nonlocal, posedness, nonlinearity, semilinear, initial, stoke, navi, parabolic"
math,2020,2021,34,stable,34,0.878794,"random, walk, population, distribution, probability, brownian, markov, deviation, environment, tail"
math,2020,2021,35,stable,35,0.633878,"mathscr, hypersurface, curvature, spacetime, gauss, overline, immersion, submanifold, minkowski, spacelike"
math,2020,2021,36,stable,36,0.866401,"category, functor, homotopy, monoidal, subcategory, object, tilting, categorical, monad, module"
math,2020,2021,37,stable,37,0.618786,"underline, polytope, angle, apollonian, face, cube, facet, grassmann, stick, mut"
math,2020,2021,38,stable,38,0.946307,"optimization, gradient, proximal, convex, nonconvex, iteration, minimization, objective, algorithm, descent"
math,2020,2021,39,stable,39,0.924724,"curve, surface, bundle, projective, genus, modulus, singularity, fibration, toric, fano"
math,2020,2021,40,stable,40,0.746124,"hypergeometric, zero, zeta, function, partition, identity, mathsf, bohr, riemann, bessel"
math,2020,2021,41,evolve,41,0.413344,"circuit, owr, quantum, welding, schematic, pappus, arrangement, nonclassical, baxter, lqg"
math,2020,2021,42,evolve,42,0.48609,"knotoid, map, crossing, harmonic, diagram, julia, fatou, pretzel, rotation, virtual"
math,2020,2021,43,stable,43,0.924679,"dirichlet, boundary, domain, neumann, eigenvalue, robin, transmission, eigenfunction, laplacian, conductive"
math,2020,2021,44,stable,44,0.885937,"inequality, hardy, sobolev, sharp, estimate, orlicz, boundedness, carleson, riesz, maximal"
math,2020,2021,45,stable,45,0.612849,"automaton, monoid, mathrm, automata, braid, submonoid, closure, nmsp, expandability, expandable"
math,2020,2021,46,stable,46,0.950299,"estimator, regression, estimation, sample, likelihood, posterior, test, bayesian, covariance, testing"
math,2020,2021,47,stable,47,0.723694,"prime, binom, sum, pmod, integer, digit, sequence, equiv, congruence, modulo"
math,2020,2021,48,evolve,48,0.476248,"integral, lagrangian, hackenbush, formula, symplectic, tsumura, hamiltonian, golden, mmvs, shave"
math,2020,2021,49,evolve,49,0.493853,"hypoellipticity, grillakis, machedon, deck, prandtl, bergman, ultradifferentiability, quasianalytic, witt, overdetermined"
math,2021,2022,0,stable,0,0.875967,"logic, mathematic, semantic, student, mathematical, axiom, enspace, theory, proof, logical"
math,2021,2022,1,stable,1,0.868918,"matrix, quaternion, entry, diagonal, eigenvalue, block, factorization, sombor, eigenvector, hermitian"
math,2021,2022,2,stable,2,0.819,"mathfrak, algebra, algebras, lie, baxter, module, leibniz, associative, hom, hopf"
math,2021,2022,3,stable,3,0.625903,"tensor, rank, border, tracial, decomposition, multilinear, mtc, superalgebra, nuclear, tqt"
math,2021,2022,4,stable,4,0.849876,"subgroup, group, automorphism, action, aut, abelian, cyclic, thompson, dihedral, solvable"
math,2021,2022,5,stable,5,0.807907,"ideal, ring, gorenstein, submodule, macaulay, monomial, noetherian, cohen, module, betti"
math,2021,2022,6,stable,6,0.770158,"big, int, mathbb, nabla, infty, dot, times, quad, partial, bigg"
math,2021,2022,7,stable,7,0.843437,"knot, link, surgery, homology, cosmetic, floer, khovanov, concordance, seifert, heegaard"
math,2021,2022,8,stable,8,0.870437,"graph, vertex, edge, subgraph, tree, digraph, color, hypergraph, cycle, bipartite"
math,2021,2022,9,evolve,9,0.44063,"algebroid, contact, groupoid, para, connection, lie, structure, quandle, fuzzy, poisson"
math,2021,2022,10,evolve,10,0.43112,"dissimilarity, hua, tropical, primitivity, radon, fan, pachter, bochner, polarized, spherical"
math,2021,2022,11,stable,11,0.935546,"control, stochastic, stability, lyapunov, bifurcation, sde, periodic, differential, attractor, backward"
math,2021,2022,12,stable,12,0.872774,"network, reconstruction, neural, traffic, tomography, measurement, deep, source, training, vehicle"
math,2021,2022,13,stable,13,0.829995,"frac, right, log, leq, sqrt, max, text, displaystyle, big, end"
math,2021,2022,14,stable,14,0.60579,"ell, semigroup, cdot, cup, multimorphism, coarse, wilf, ldots, dilation, semimodule"
math,2021,2022,15,stable,15,0.643678,"string, witten, gauge, brane, supersymmetric, instanton, twisted, bps, vafa, donaldson"
math,2021,2022,16,evolve,16,0.270284,"code, msr, codeword, reward, authentication, trinomial, gene, bibds, distance, convolutional"
math,2021,2022,17,stable,17,0.786962,"agent, policy, demand, decision, service, cost, uncertainty, controller, vehicle, control"
math,2021,2022,18,stable,18,0.590693,"word, entropy, subshift, index, letter, palindromic, shift, katok, topological, abundancy"
math,2021,2022,19,stable,19,0.824103,"particle, energy, fluid, interaction, phase, kinetic, gas, flow, temperature, body"
math,2021,2022,20,stable,20,0.831191,"galois, character, automorphic, irreducible, representation, field, cuspidal, prime, hecke, extension"
math,2021,2022,21,stable,21,0.616252,"polynomial, permutation, tableaux, bell, root, stirling, tableau, generating, orthogonal, eulerian"
math,2021,2022,22,stable,22,0.788145,"galerkin, discretization, error, numerical, mesh, element, approximation, accuracy, discontinuous, preconditioner"
math,2021,2022,23,stable,23,0.701095,"game, player, nash, advisor, payoff, equilibrium, play, strategy, fictitious, fair"
math,2021,2022,24,stable,24,0.584839,"mathcal, varphi, krull, widetilde, rbrace, tilde, operatorname, lbrace, bullet, sdr"
math,2021,2022,25,stable,25,0.867769,"ricci, curvature, metric, geodesic, manifold, riemannian, hler, einstein, volume, soliton"
math,2021,2022,26,stable,26,0.680212,"variety, adic, chow, hodge, motivic, cohomology, eisenstein, tate, modular, shimura"
math,2021,2022,27,stable,27,0.806175,"operator, varepsilon, spectrum, frame, adjoint, spectral, dirac, symbol, resolvent, composition"
math,2021,2022,28,evolve,28,0.492069,"chabauty, sza, cal, coleman, jacobian, rota, configuration, quartic, mirror, mordell"
math,2021,2022,29,stable,29,0.680511,"fractional, difference, scheme, derivative, implicit, caputo, wavelet, order, positivity, nwald"
math,2021,2022,30,stable,30,0.694561,"fractal, lattice, set, tiling, hausdorff, measure, subset, perimeter, cantor, borel"
math,2021,2022,31,stable,31,0.682999,"material, mesh, fracture, cell, grid, flux, porous, hybrid, strain, mode"
math,2021,2022,32,stable,32,0.826912,"banach, space, topology, compact, besov, metrizable, lipschitz, topological, separable, isometry"
math,2021,2022,33,stable,33,0.735279,"wave, regularity, nonlocal, posedness, initial, stoke, nonlinearity, decay, dinger, navi"
math,2021,2022,34,stable,34,0.869657,"random, walk, population, brownian, probability, distribution, deviation, markov, epidemic, percolation"
math,2021,2022,35,stable,35,0.619433,"overline, mathscr, hypersurface, spacetime, curvature, conformal, minkowski, gauss, einstein, surface"
math,2021,2022,36,stable,36,0.793461,"category, functor, monoidal, homotopy, subcategory, object, monad, morphism, matroid, categorical"
math,2021,2022,37,stable,37,0.613849,"polytope, underline, angle, mathbf, tes, facet, face, dagger, compartment, cube"
math,2021,2022,38,stable,38,0.820405,"optimization, gradient, convex, proximal, iteration, nonconvex, objective, algorithm, minimization, descent"
math,2021,2022,39,stable,39,0.879679,"curve, surface, bundle, projective, modulus, toric, genus, singularity, fibration, locus"
math,2021,2022,40,stable,40,0.64732,"hypergeometric, function, zeta, zero, expansion, partition, riemann, series, identity, tau"
math,2021,2022,41,evolve,41,0.48737,"quantum, arrangement, circuit, pais, gate, owr, overpartition, entanglement, qubit, welding"
math,2021,2022,42,stable,42,0.549843,"map, julia, knotoid, diagram, lalanne, kreweras, disk, mapping, crossing, homeomorphism"
math,2021,2022,43,stable,43,0.899355,"dirichlet, boundary, domain, eigenvalue, neumann, robin, eigenfunction, steklov, laplacian, transmission"
math,2021,2022,44,stable,44,0.901913,"inequality, hardy, sobolev, estimate, sharp, orlicz, riesz, boundedness, quantitative, kernel"
math,2021,2022,45,stable,45,0.656179,"monoid, automaton, mathrm, braid, mod, submonoid, word, ppn, bir, orbit"
math,2021,2022,46,stable,46,0.811362,"estimator, regression, estimation, posterior, likelihood, sample, bayesian, testing, test, covariance"
math,2021,2022,47,stable,47,0.823796,"prime, sum, sequence, digit, integer, binom, pmod, apwenian, align, zeckendorf"
math,2021,2022,48,evolve,48,0.465027,"lagrangian, maslov, integral, symplectic, hamiltonian, rabi, lagrangians, tori, formula, floer"
math,2021,2022,49,evolve,49,0.049504,"hypoellipticity, levi, grillakis, machedon, cathegory, zeroset, germ, analytic, quasigeodesic, slodkowski"
math,2022,2023,0,stable,0,0.934479,"logic, mathematic, semantic, student, mathematical, modal, language, theory, axiom, logical"
math,2022,2023,1,stable,1,0.789874,"matrix, entry, quaternion, eigenvalue, diagonal, block, hermitian, ensemble, factorization, eigenvector"
math,2022,2023,2,stable,2,0.771704,"mathfrak, algebra, algebras, baxter, lie, rota, imath, leibniz, module, quiver"
math,2022,2023,3,stable,3,0.559595,"tensor, rank, tracial, nuclear, rhosvd, haagerup, hyperspectral, kms, decomposition, semipositive"
math,2022,2023,4,stable,4,0.933511,"subgroup, group, automorphism, action, aut, abelian, profinite, amenable, conjugacy, cyclic"
math,2022,2023,5,stable,5,0.752052,"ideal, ring, macaulay, noetherian, submodule, primary, gorenstein, monomial, cohen, annihilator"
math,2022,2023,6,stable,6,0.660374,"int, mathbb, big, nabla, dot, bigg, infty, quad, bar, times"
math,2022,2023,7,stable,7,0.817817,"knot, link, homology, surgery, floer, khovanov, heegaard, complement, concordance, triangulation"
math,2022,2023,8,stable,8,0.930254,"graph, vertex, edge, subgraph, coloring, digraph, tree, bipartite, color, chromatic"
math,2022,2023,9,stable,9,0.557777,"nijenhuis, dcal, contact, algebroid, structure, connection, spin, groupoid, fuzzy, legendrian"
math,2022,2023,10,evolve,10,0.057096,"tropical, spherical, dissimilarity, hua, seno, bius, lambda, meagre, primitivity, transform"
math,2022,2023,11,stable,11,0.75729,"control, stochastic, lyapunov, stability, sde, bifurcation, backward, attractor, periodic, differential"
math,2022,2023,12,stable,12,0.729224,"network, reconstruction, neural, measurement, training, deep, traffic, datum, source, tomography"
math,2022,2023,13,stable,13,0.751591,"frac, right, text, log, leq, sqrt, mdim, big, max, min"
math,2022,2023,14,stable,14,0.680594,"ell, semigroup, diophantine, cdot, ldot, cup, baker, clifford, murty, semilattice"
math,2022,2023,15,stable,15,0.581928,"witten, gauge, vafa, string, simon, instanton, brane, gopakumar, twisted, supersymmetric"
math,2022,2023,16,evolve,16,0.417281,"code, mpf, msrd, pir, array, hamming, binary, magic, nrt, insdel"
math,2022,2023,17,stable,17,0.829249,"policy, agent, decision, demand, uncertainty, cost, control, vehicle, controller, resource"
math,2022,2023,18,stable,18,0.595752,"word, entropy, shift, valley, topological, katok, tuplewise, bowen, morphology, complexity"
math,2022,2023,19,stable,19,0.737914,"particle, energy, fluid, interaction, hydrodynamic, kinetic, interface, flow, phase, minimizer"
math,2022,2023,20,stable,20,0.781132,"galois, character, irreducible, field, automorphic, prime, representation, quadratic, extension, cyclotomic"
math,2022,2023,21,stable,21,0.65191,"permutation, polynomial, stirling, tableaux, catalan, bell, pattern, orthogonal, macdonald, shuffle"
math,2022,2023,22,stable,22,0.852212,"discretization, galerkin, error, accuracy, numerical, mesh, solver, discontinuous, approximation, element"
math,2022,2023,23,stable,23,0.779786,"player, game, nash, equilibrium, payoff, strategy, uso, equilibria, reinsurance, advisor"
math,2022,2023,24,stable,24,0.759627,"mathcal, preceq, operatorname, tilde, widetilde, varphi, bullet, bbb, cap, varinjlim"
math,2022,2023,25,stable,25,0.79713,"ricci, curvature, geodesic, metric, hler, manifold, riemannian, einstein, gromov, hyperbolic"
math,2022,2023,26,stable,26,0.809154,"hodge, variety, adic, cohomology, motivic, tale, chow, shimura, tate, sheaf"
math,2022,2023,27,stable,27,0.812786,"operator, frame, varepsilon, spectrum, composition, resolvent, pseudodifferential, spectral, symbol, adjoint"
math,2022,2023,28,evolve,28,0.317281,"concurrence, chabauty, cal, quartic, sza, jacobian, cubic, riordan, rabbit, isogenous"
math,2022,2023,29,stable,29,0.705811,"fractional, kelley, scheme, derivative, difference, remap, implicit, caputo, hweno, hammock"
math,2022,2023,30,stable,30,0.830718,"lattice, set, fractal, cantor, hausdorff, packing, tiling, subset, measure, point"
math,2022,2023,31,stable,31,0.769816,"material, mesh, multiscale, cell, crack, response, fracture, strain, grid, stress"
math,2022,2023,32,stable,32,0.785275,"banach, space, topology, compact, metrizable, isometry, besov, baire, sober, sep"
math,2022,2023,33,stable,33,0.825128,"nonlocal, wave, regularity, posedness, stoke, initial, navi, dinger, schr, viscosity"
math,2022,2023,34,stable,34,0.847941,"random, walk, probability, population, deviation, markov, distribution, epidemic, brownian, tail"
math,2022,2023,35,stable,35,0.751311,"hypersurface, curvature, overline, spacetime, mathscr, conformal, revolution, einstein, spacelike, minimal"
math,2022,2023,36,stable,36,0.752383,"category, functor, monoidal, categorical, matroid, subcategorie, subcategory, object, cardinal, homotopy"
math,2022,2023,37,evolve,37,0.407439,"polytope, mathbf, facet, underline, angle, ehr, symmetry, biconvex, langle, tetrahedron"
math,2022,2023,38,stable,38,0.969444,"optimization, gradient, nonconvex, objective, descent, convex, iteration, proximal, algorithm, convergence"
math,2022,2023,39,stable,39,0.900969,"curve, bundle, surface, modulus, projective, toric, fano, genus, fibration, singularity"
math,2022,2023,40,stable,40,0.615193,"zeta, hypergeometric, zero, function, series, partition, ramanujan, mathsf, fouri, riemann"
math,2022,2023,41,evolve,41,0.393869,"quantum, kappa, gqe, circuit, arrangement, walk, wign, negativity, zeta, qubit"
math,2022,2023,42,stable,42,0.55503,"map, diagram, rotation, crossing, harmonic, mapping, homeomorphism, julia, knot, closeness"
math,2022,2023,43,stable,43,0.742838,"dirichlet, boundary, domain, robin, steklov, eigenvalue, eigenfunction, neumann, laplacian, accp"
math,2022,2023,44,stable,44,0.776544,"inequality, hardy, sobolev, estimate, sharp, riesz, orlicz, norm, quantitative, carleson"
math,2022,2023,45,stable,45,0.546248,"monoid, mathrm, braid, popt, automaton, mathop, burau, ker, mod, submonoid"
math,2022,2023,46,stable,46,0.830507,"estimator, estimation, sample, regression, likelihood, covariance, inference, posterior, test, bayesian"
math,2022,2023,47,stable,47,0.75587,"prime, sum, digit, sequence, integer, pmod, square, binom, fibonacci, equiv"
math,2022,2023,48,evolve,48,0.499661,"symplectic, lagrangian, kurzweil, symp, lagrangians, formula, integral, lsymplsymp, bonacci, maslov"
math,2022,2023,49,stable,49,0.642086,"morphisms, liu, analytic, congruent, eikonal, immersive, subcurve, december, morphism, local"
math,2023,2024,0,stable,0,0.892374,"logic, mathematic, semantic, mathematical, language, modal, axiom, logical, theory, student"
math,2023,2024,1,stable,1,0.775015,"matrix, entry, eigenvector, quaternion, column, eigenvalue, block, diagonal, hadamard, ensemble"
math,2023,2024,2,stable,2,0.842412,"mathfrak, algebra, algebras, lie, quiver, associative, module, hom, baxter, jordan"
math,2023,2024,3,stable,3,0.719561,"tensor, tracial, rank, tucker, superalgebra, subrank, ccr, synchrony, noncommutative, nuclear"
math,2023,2024,4,stable,4,0.912349,"subgroup, group, automorphism, action, abelian, profinite, aut, amenable, nilpotent, cyclic"
math,2023,2024,5,stable,5,0.751131,"ideal, ring, noetherian, monomial, gorenstein, bner, submodule, macaulay, module, baer"
math,2023,2024,6,stable,6,0.805496,"bigg, int, mathbb, dot, big, quad, align, nabla, end, infty"
math,2023,2024,7,stable,7,0.913655,"knot, link, surgery, homology, floer, seifert, khovanov, ribbon, concordance, torus"
math,2023,2024,8,stable,8,0.847025,"graph, vertex, edge, subgraph, coloring, color, bipartite, tree, digraph, cycle"
math,2023,2024,9,stable,9,0.805418,"contact, legendrian, algebroid, groupoid, poisson, spin, connection, structure, fuzzy, nijenhuis"
math,2023,2024,10,stable,10,0.881199,"hurwitz, hypertoric, envelope, waldron, interpolation, rau, tropical, double, categorification, widetilde"
math,2023,2024,11,stable,11,0.853004,"control, bifurcation, stochastic, stability, sde, lyapunov, dynamical, backward, diffusion, drift"
math,2023,2024,12,stable,12,0.914709,"network, neural, training, deep, reconstruction, inverse, measurement, datum, relu, layer"
math,2023,2024,13,stable,13,0.831191,"frac, right, text, leq, vert, log, align, end, exp, sqrt"
math,2023,2024,14,stable,14,0.698027,"ell, semigroup, dilation, ldot, nonintegrality, cdot, dissipativity, diophantine, baker, schreier"
math,2023,2024,15,stable,15,0.575449,"gauge, brane, witten, instanton, string, bps, supersymmetric, invariant, vafa, duality"
math,2023,2024,16,stable,16,0.569105,"code, array, codeword, dna, multifold, hamming, list, vert, simplex, deletion"
math,2023,2024,17,stable,17,0.839731,"policy, agent, decision, control, cost, controller, uncertainty, online, learning, demand"
math,2023,2024,18,stable,18,0.559074,"word, entropy, sft, subshift, hisd, shift, bowen, citation, index, katok"
math,2023,2024,19,stable,19,0.776416,"particle, fluid, energy, temperature, collision, hydrodynamic, interaction, flow, phase, body"
math,2023,2024,20,stable,20,0.76677,"galois, gsp, character, field, irreducible, representation, automorphic, quadratic, prime, imaginary"
math,2023,2024,21,stable,21,0.712303,"polynomial, permutation, stirling, macdonald, orthogonal, tutte, root, bell, tableaux, recurrence"
math,2023,2024,22,stable,22,0.864595,"discretization, galerkin, error, preconditioner, numerical, accuracy, solver, pde, approximation, mesh"
math,2023,2024,23,stable,23,0.642748,"player, game, nash, payoff, strategy, equilibrium, board, parking, nim, mvp"
math,2023,2024,24,stable,24,0.700876,"mathcal, widetilde, operatorname, psh, varphi, preceq, tilde, bullet, cap, mult"
math,2023,2024,25,stable,25,0.756688,"curvature, ricci, geodesic, metric, hler, riemannian, manifold, finsler, hyperbolic, scalar"
math,2023,2024,26,stable,26,0.711559,"hodge, cohomology, variety, motivic, adic, tale, shimura, rham, sheaf, algebraic"
math,2023,2024,27,stable,27,0.683717,"operator, varepsilon, frame, spectrum, spectral, symbol, pseudodifferential, dirac, composition, band"
math,2023,2024,28,stable,28,0.579652,"parking, chabauty, jacobian, calligraph, concurrence, plectic, hyperelliptic, weierstrass, torsion, assortment"
math,2023,2024,29,stable,29,0.584194,"fractional, scheme, difference, quaternary, derivative, subdivision, kelley, caputo, implicit, weno"
math,2023,2024,30,stable,30,0.766836,"lattice, set, hausdorff, subset, measure, fractal, cantor, packing, tiling, union"
math,2023,2024,31,stable,31,0.669036,"material, mesh, multiscale, cell, response, surrogate, modeling, mode, flux, fracture"
math,2023,2024,32,stable,32,0.745506,"banach, space, topology, hurewicz, compact, hausdorff, besov, gyrogroup, isometry, metrizable"
math,2023,2024,33,stable,33,0.892149,"wave, nonlocal, regularity, initial, posedness, stoke, navi, dinger, nonlinearity, schr"
math,2023,2024,34,stable,34,0.920687,"random, population, probability, walk, markov, distribution, brownian, deviation, percolation, tail"
math,2023,2024,35,stable,35,0.721349,"hypersurface, spacetime, curvature, mathscr, conformal, overline, boldsymbol, submanifold, spacelike, minkowski"
math,2023,2024,36,stable,36,0.795908,"category, functor, monoidal, categorical, monad, object, morphism, homotopy, tilting, operad"
math,2023,2024,37,stable,37,0.565069,"polytope, asm, zoomeron, symmetry, mathbf, ssdr, propeller, parkinson, umbilical, subdiagram"
math,2023,2024,38,stable,38,0.919941,"optimization, gradient, nonconvex, objective, proximal, convex, descent, iteration, algorithm, convergence"
math,2023,2024,39,stable,39,0.882308,"curve, bundle, surface, fano, toric, modulus, projective, fibration, genus, locus"
math,2023,2024,40,stable,40,0.776349,"partition, zeta, ramanujan, zero, function, identity, mathsf, hypergeometric, series, expansion"
math,2023,2024,41,evolve,41,0.450964,"quantum, locality, arrangement, metaplectic, zeta, unassuming, vrp, overpartition, reservoir, computing"
math,2023,2024,42,stable,42,0.603811,"map, harmonic, mapping, tangle, circle, julia, disk, rotation, lamination, diagram"
math,2023,2024,43,stable,43,0.846437,"domain, dirichlet, robin, steklov, boundary, neumann, eigenvalue, laplacian, billiard, eigenfunction"
math,2023,2024,44,stable,44,0.795737,"hardy, inequality, sobolev, orlicz, sharp, estimate, riesz, norm, boundedness, littlewood"
math,2023,2024,45,stable,45,0.659991,"monoid, mathrm, qsv, picent, semidomain, automaton, preclone, garside, automata, braid"
math,2023,2024,46,stable,46,0.887838,"estimator, regression, sample, estimation, inference, covariate, posterior, likelihood, test, bayesian"
math,2023,2024,47,stable,47,0.764253,"prime, sum, mex, integer, sequence, digit, binom, modulo, goldbach, pmod"
math,2023,2024,48,stable,48,0.770437,"lagrangians, lagrangian, symplectic, integral, emd, formula, hamiltonian, histogram, cotangent, floer"
math,2023,2024,49,evolve,49,0.225401,"morphisms, liu, germ, definable, arithmetics, analytic, congruent, imc, local, eikonal"
math,2024,2025,0,stable,0,0.860596,"logic, semantic, mathematic, mathematical, modal, language, axiom, intuitionistic, theory, logical"
math,2024,2025,1,stable,1,0.799912,"matrix, entry, column, eigenvector, toeplitz, diagonal, eigenvalue, quaternion, determinant, row"
math,2024,2025,2,stable,2,0.889666,"mathfrak, algebra, algebras, quiver, lie, associative, subalgebra, module, hbar, derivation"
math,2024,2025,3,stable,3,0.611403,"tensor, rank, tracial, cdp, synchrony, superalgebra, completion, nuclear, tucker, ghz"
math,2024,2025,4,stable,4,0.881946,"subgroup, group, automorphism, action, conjugacy, profinite, amenable, abelian, nilpotent, aut"
math,2024,2025,5,stable,5,0.870437,"ideal, ring, monomial, macaulay, cohen, gorenstein, noetherian, reg, artinian, bner"
math,2024,2025,6,stable,6,0.804627,"mathbb, int, bigg, dot, big, quad, align, times, nabla, end"
math,2024,2025,7,stable,7,0.906971,"knot, link, homology, surgery, floer, khovanov, seifert, sphere, concordance, torus"
math,2024,2025,8,stable,8,0.935761,"graph, vertex, edge, subgraph, digraph, chromatic, bipartite, cycle, coloring, clique"
math,2024,2025,9,stable,9,0.623565,"contact, legendrian, connection, groupoid, bracket, algebroid, structure, poisson, spin, skt"
math,2024,2025,10,evolve,10,0.492153,"hurwitz, hypertoric, envelope, waldron, tropical, interpolation, extractor, rau, double, ris"
math,2024,2025,11,stable,11,0.795991,"control, bifurcation, stochastic, stability, feedback, diffusion, sde, dynamical, drift, noise"
math,2024,2025,12,stable,12,0.901716,"network, neural, training, deep, reconstruction, source, datum, layer, inverse, measurement"
math,2024,2025,13,stable,13,0.896933,"frac, right, log, text, leq, sqrt, align, end, geq, big"
math,2024,2025,14,stable,14,0.799912,"ell, semigroup, cdot, ldots, dilation, ldot, binom, vert, diophantine, tuple"
math,2024,2025,15,stable,15,0.61229,"bps, instanton, gauge, witten, brane, invariant, string, twisted, calabi, higgs"
math,2024,2025,16,stable,16,0.588439,"code, vert, codeword, decodable, list, hamming, reed, qutrit, pir, firebrand"
math,2024,2025,17,stable,17,0.878752,"policy, decision, agent, online, controller, uncertainty, control, cost, demand, optimization"
math,2024,2025,18,stable,18,0.610274,"subshift, word, entropy, sft, shift, equicontinuity, hyperuniform, isdd, aromatic, topological"
math,2024,2025,19,stable,19,0.781199,"fluid, particle, energy, temperature, vortex, collision, interaction, flow, body, boltzmann"
math,2024,2025,20,stable,20,0.828382,"galois, character, irreducible, automorphic, field, representation, gal, prime, quadratic, cuspidal"
math,2024,2025,21,stable,21,0.778878,"polynomial, permutation, orthogonal, recurrence, root, dyck, stirling, shuffle, pattern, macdonald"
math,2024,2025,22,stable,22,0.806752,"discretization, preconditioner, error, pde, numerical, solver, accuracy, galerkin, mesh, approximation"
math,2024,2025,23,stable,23,0.792449,"game, player, equilibrium, gmb, nash, payoff, equilibria, strategy, gsmb, board"
math,2024,2025,24,stable,24,0.787973,"mathcal, operatorname, bbb, bullet, cap, widetilde, tilde, varphi, circ, psh"
math,2024,2025,25,stable,25,0.961258,"ricci, curvature, hler, metric, geodesic, manifold, riemannian, rigidity, hyperbolic, anosov"
math,2024,2025,26,stable,26,0.817525,"motivic, cohomology, hodge, variety, adic, tate, tale, eisenstein, rham, sheaf"
math,2024,2025,27,stable,27,0.816594,"operator, resolvent, toeplitz, varepsilon, symbol, frame, dirac, pseudodifferential, spectrum, spectral"
math,2024,2025,28,stable,28,0.603811,"parking, prym, plectic, jacobian, torsion, hyperelliptic, coz, qubit, weierstrass, modular"
math,2024,2025,29,stable,29,0.714217,"scheme, fractional, weno, difference, filter, discrete, subdivision, derivative, order, interpolatory"
math,2024,2025,30,stable,30,0.859162,"set, lattice, hausdorff, fractal, subset, measure, borel, tiling, cantor, mfib"
math,2024,2025,31,stable,31,0.937374,"mesh, material, flux, cell, multiscale, modeling, stress, surrogate, dynamic, hybrid"
math,2024,2025,32,stable,32,0.809478,"banach, topology, space, lipschitz, besov, compact, hausdorff, isometry, bergman, homogeneous"
math,2024,2025,33,stable,33,0.918421,"wave, nonlocal, posedness, regularity, stoke, initial, navi, decay, dinger, schr"
math,2024,2025,34,stable,34,0.916353,"random, population, walk, probability, markov, distribution, deviation, percolation, brownian, infection"
math,2024,2025,35,stable,35,0.711688,"spacetime, hypersurface, boldsymbol, curvature, mathscr, cmc, conformal, submanifold, minkowski, immersion"
math,2024,2025,36,stable,36,0.855382,"category, functor, monoidal, categorical, aleph, operad, poset, object, homotopy, subcategorie"
math,2024,2025,37,stable,37,0.639194,"polytope, underline, symmetry, mathbf, subspace, asm, glob, zoomeron, face, net"
math,2024,2025,38,stable,38,0.940544,"optimization, gradient, nonconvex, objective, descent, proximal, iteration, convergence, convex, constraint"
math,2024,2025,39,stable,39,0.88809,"curve, bundle, toric, fano, modulus, projective, surface, genus, locus, singularity"
math,2024,2025,40,stable,40,0.825019,"partition, mathsf, ramanujan, zero, function, hypergeometric, zeta, fouri, mathop, expansion"
math,2024,2025,41,stable,41,0.662158,"quantum, entanglement, circuit, qubit, arrangement, quantization, locality, gate, zeta, crosstalk"
math,2024,2025,42,stable,42,0.687906,"map, julia, homeomorphism, mapping, harmonic, expansive, thurston, tangle, skein, rotation"
math,2024,2025,43,stable,43,0.742091,"dirichlet, domain, robin, boundary, neumann, eigenvalue, laplacian, steklov, eigenfunction, billiard"
math,2024,2025,44,stable,44,0.854508,"inequality, hardy, sobolev, riesz, sharp, estimate, kernel, boundedness, orlicz, littlewood"
math,2024,2025,45,stable,45,0.600534,"monoid, mathrm, adj, coxeter, qsv, shi, automaton, polymatroid, picent, semidomain"
math,2024,2025,46,stable,46,0.92243,"estimator, regression, inference, sample, estimation, test, posterior, covariate, bayesian, quantile"
math,2024,2025,47,stable,47,0.891746,"prime, sum, integer, sequence, modulo, congruence, digit, pmod, square, sieve"
math,2024,2025,48,stable,48,0.660962,"lagrangian, lagrangians, symplectic, integral, ham, formula, emd, tori, hamiltonian, cotangent"
math,2024,2025,49,evolve,49,0.383534,"gtre, gtr, nonglobal, geo, definable, bergman, liu, morphisms, global, local"
