topic_id,label,enriched_description
0,Nonlinear PDE Solvability Analysis,"This topic focuses on the mathematical study of nonlinear partial differential equations (PDEs), particularly their well-posedness, solution existence, and structural properties. Key methods include variational approaches, spectral analysis, and singular perturbation theory, often applied to wave, elliptic, or Schrödinger-type systems. Researchers explore codimension considerations in function spaces, such as Sobolev spaces, and analyze the interplay between nonlinearities and boundary conditions to derive rigorous existence theorems for solutions. Applications span physical modeling of nonlinear waves, quantum mechanics, and complex dynamical systems, with a strong emphasis on deriving constructive proofs or numerical approximations."
1,Finite group theory and combinatorial actions,"This topic focuses on the study of finite groups, their subgroups, automorphisms, and algebraic structures like abelian and free groups through methods such as diagram-based representations (e.g., Cayley graphs) and precise combinatorial simulations. Key research revolves around classifying group properties, analyzing subgroup hierarchies, and exploring actions of groups on sets or spaces via permutation theory, often leveraging finite computational tools to approximate or simulate behavior. Applications span cryptography, coding theory, and algebraic topology, where discrete structures are critical for understanding symmetries and invariant systems in both pure and applied mathematics."
2,Turbulent Multiscale Fluid-Structure Modeling,"This topic focuses on the numerical and analytical methods for simulating turbulent fluid dynamics, particularly emphasizing anisotropic effects, subgrid-scale turbulence modeling (e.g., Smagorinsky model), and high-resolution discretization techniques like finite-difference or finite-element schemes. Key research revolves around capturing complex phenomena such as shock waves, eddy diffusion, and wall interactions while integrating computational fluid dynamics (CFD) with partial differential equation (PDE) solvers for accurate pressure and velocity field resolution. Advanced methods include adaptive meshing, error control via Galerkin-based approaches, and hybrid schemes combining finite-volume (FD), time-domain (TD) integration, or Maxwell-like formulations to handle combustion-driven turbulence. Applications span aerospace fluid mechanics, environmental modeling, and high-fidelity simulations of turbulent flows in complex geometries."
3,Topological Dynamical Systems with Kicked Measures,"This topic explores the interplay between dynamical systems theory, measure-theoretic ergodicity, and topological constructions in mathematical analysis. Researchers focus on studying chaotic or quasi-periodic maps under perturbations (e.g., ‘kicks’) to analyze how invariant measures evolve across fractal or non-compact spaces, often using tools like Hausdorff dimension and mixing properties. Key methods include constructing ergodic measures via symbolic dynamics, analyzing the entropy of kicked systems in measure space, and examining topological invariants such as diffeomorphism classes or fractal dimensions. Applications span statistical physics (e.g., chaotic energy transfer), quantum chaos, and mathematical foundations of dynamical systems theory, where invariant sets and mixing properties underpin deeper structural insights into complex behavior."
4,Lie superalgebra structures in quantum representations,"This topic explores advanced algebraic frameworks combining Lie algebras with superalgebraic symmetries, emphasizing their role in constructing representations of quantum groups and superconformal theories. Key methods include the study of nilpotent ideals, enveloping algebras (e.g., universal enveloping algebras for SL(n) or its super-extensions), and the classification of module structures over these algebras to analyze their deformation properties and physical interpretations in string theory and conformal field theories. Applications span beyond pure mathematics into quantum information science, where these structures underpin topological quantum computing models and braiding statistics in anyonic systems."
5,Euclidean Geometric Dissections and Packings,"This topic explores the mathematical study of geometric dissections—specifically, transformations like 'flipturns' and 'Kakeya rotations' applied to polygons, polyhedra, and polytopes—to optimize volume, packing efficiency, or tiling configurations. Key methods include convex hull analysis, Ehrhart theory for lattice polytopes, and geometric dissections inspired by Hales’ proofs, often leveraging triangulations, tetrahedral packings, and hexagonal/euclidean plane-based arrangements. Applications span computational geometry, optimization problems in polytope packing, and theoretical explorations of volume-preserving transformations, with broader implications for crystallography, robotics, and algorithmic geometry."
6,Graph-theoretic Consolidation Theorems,"This topic centers on the study of graph consolidation, particularly focusing on structural properties like vertex hierarchies, adjacency relationships, and pebbling games in bipartite and bidirected graphs. Key methods include applying König’s theorem variants to determine conditions for graph condensation (e.g., tree decompositions or ASdim-based reductions), analyzing thickness measures via degree constraints, and leveraging Haxell-type inequalities or Kozlov’s results on subgraph embeddings. Applications span computational complexity in pebbling algorithms, geometric graph complexes, and the analysis of geometric graph theory (GG) under fractional edge/vertex coverage frameworks, often bridging abstract combinatorial structures with real-world network modeling."
7,Graded Ring Theory and Ideal Structures,"This topic centers on the study of graded rings, modules, and ideals within commutative algebra, focusing particularly on their algebraic properties and computational frameworks. Key methods include constructing and analyzing graded rings via Janet’s theory, exploring Noetherian and Gorenstein ring structures, and leveraging tools like Macaulay2 (M2) or Pommerat’s algorithms to study module resolutions and cohomology theories. Applications span from algebraic geometry—where graded ideals define varieties—to homological algebra, where these structures underpin the study of derived categories and perfect complexes. The interplay between graded rings and their associated modules also informs advancements in representation theory and invariant theory."
8,Cuntz–Krieger algebras in operator theory,"This topic focuses on the study of C*-algebras and von Neumann algebras arising from geometric or topological constructions, particularly those defined by Cuntz or Krieger’s methods. Key research revolves around analyzing their algebraic structures—such as ideals, crossed products, and unital/non-unital properties—while integrating Banach-algebra techniques (e.g., tracial states, Neumann algebras) to explore their spectral and representation-theoretic properties. Applications span deep questions in noncommutative geometry, operator algebras, and quantum information theory, often bridging abstract algebra with functional analysis to model infinite-dimensional systems like topological phases or quantum groups."
9,asymptotic probability analysis of stochastic algorithms,"This topic focuses on the rigorous mathematical study of probabilistic distributions, convergence behaviors, and asymptotic properties in both continuous and discrete stochastic processes. Key methods include deriving moment-generating functions, analyzing tail probabilities via Stein’s method or empirical process theory, and applying inequalities (e.g., Hoeffding, Bernstein) to quantify deviations in random sequences. Algorithmic applications like quicksort’s probabilistic performance are analyzed through distribution-free bounds, while analytic techniques such as jackknife resampling and Poisson processes model extreme events in high-dimensional settings. Empirical convergence of statistics—such as sample sums or Gaussian approximations—is central, bridging theoretical limits with computational approximations (e.g., via Monte Carlo methods) to advance both pure mathematics and applied probability."
10,Hardy–Orlicz Function Spaces and Kernel Methods,"This topic centers on the study of Hardy–Orlicz function spaces, where operators like multipliers, integral transforms, and kernel functions are analyzed under boundedness conditions and inequalities. Key methods include Dunkl operators, Riesz potentials, and maximal functions within fractional analysis, often leveraging periodization techniques for convergence estimates. Applications span harmonic analysis, probability theory (e.g., Nyman–Riesz type results), and noncommutative analysis via BMO spaces, with connections to boundedness properties in Orlicz lattices and Hardy-type spaces. The interplay between kernel theory and transform-based inequalities drives rigorous mathematical frameworks for function spaces defined over infinite-dimensional domains."
11,Knot & Link Invariants & Concordance Theory,"This topic focuses on the study of mathematical structures known as knots and links, their invariants—such as Vassiliev-type polynomials (e.g., Jones, Alexander, Khovanov), and homology-based approaches like Floer homology—to classify and analyze their topological properties. Researchers employ skein relations, virtual knot theory, and surgery methods to derive invariant calculations that distinguish between different configurations while preserving underlying algebraic structures. Applications span theoretical mathematics, including the classification of three-dimensional manifolds via concordance theory, to computational advancements in low-dimensional topology, with broader implications for quantum invariants and geometric combinatorics."
12,Nonconvex Optimization in Multidimensional Fields,"The study of algorithms, theories, and methods surrounding nonconvex optimization problems across variably structured functionals and parameterized spaces, with a focus on generalized convexity principles like quasiconvexity or multivector compositions. Key research revolves around minimizing/maximizing extreme points in nonlinear settings (e.g., gradient descent, backtracking procedures) while addressing worst-case scenarios, convergence guarantees, or decision-making under saddle-point dynamics. Applications span mathematical modeling of physical systems (e.g., Mumford’s theory on distortions), stochastic optimization for machine learning (L1/L2 penalization via Lasso or proximal operators), and advanced computational fields like AFEM for adaptive finite element methods. The interplay between theoretical bounds (Putnam-style worst-case analysis) and practical algorithms—such as BFGS or stochastic variants—often requires novel procedures to handle false extrema or high-dimensionality challenges, bridging pure math with applied engineering."
13,Adaptive Robust Control for Nonlinear Dynamical Systems,"This topic focuses on developing advanced control strategies—particularly adaptive and robust controllers—that address the challenges of nonlinear dynamical systems, such as engines, cart-pendulum setups, spacecraft, or beam dynamics. Key methods include Lyapunov-based stabilization, model predictive control (MPC), and adaptive compensators that handle uncertainties like stall surges or state mismatches while ensuring safety and optimal performance under time-varying constraints. Research emphasizes parametrization techniques, monotonic convergence proofs, and prospective optimization to balance stability, regulation, and real-time feasibility, often applied in high-stakes domains where nonlinearities and feedback loops demand precise control laws for stabilization or attitude regulation."
14,Minimal Hypersurfaces in Riemannian Geometry,"This topic examines minimal hypersurfaces—submanifolds with zero mean curvature—in various Riemannian and pseudo-Riemannian spaces, often within the context of conformal geometry. Key methods include studying Willmore-type functionals, analyzing curvature properties (e.g., Gauss–Codazzi equations), and exploring geometric embeddings in Euclidean or projective spaces. Applications span differential topology, geometric analysis, and theoretical physics, such as modeling physical membranes or optimizing variational problems like constant mean curvature surfaces. The interplay between spheres, hypersurfaces, and conformal structures drives advancements in both intrinsic and extrinsic geometry."
15,Advanced Prime Number Theory & Heuristics,"This topic explores deep mathematical properties of primes, integers, and their distributions through analytical methods like prime sieves, polynomial Diophantine equations, and heuristic approaches inspired by Ramanujan’s work. Key research focuses on twin prime conjectures, Goldbach’s theorem variants, and probabilistic models (e.g., Kelly’s figures) to quantify prime gaps or arithmetic progressions. Applications span cryptography, number-theoretic algorithms, and open conjectures such as the Bateman–Horn conjecture, with methods including analytic number theory, asymptotic analysis of sums over primes, and fractional parts in modular forms."
16,Catalan-like combinatorial structures,"This topic focuses on the study of combinatorial patterns, particularly those related to Dyck paths, Catalan numbers, and their generalizations through subsequence analysis in permutations and words. Key methods include the use of Foata’s bijections, continued fractions, and recursive tree-based representations (e.g., parking functions, tableaux) to analyze increasing or avoiding patterns while avoiding the emptyset as a base case. Applications span enumerative combinatorics, algebraic structures like generating functions for sequences, and connections to probability theory through random walks and permutations, including advanced frameworks like 2j-symbols in quantum physics-inspired combinatorial models."
17,Structural Algebraic Category Theory,"This topic focuses on the interplay between noncommutative algebras, derived categories, and advanced categorical structures such as tilting theory, quiver representations, and triangulated modules. Researchers explore functors, corings, and subcategories within abelian or triangulated settings to study algebraic properties like etale localization, Auslander–Reiten theory, and the classification of modules via Quillen equivalences. Applications span theoretical algebra (e.g., studying DPICs—decomposable projective-injective categories) to computational frameworks in representation theory and homological algebra; it also bridges abstract mathematics with applications in physics or computer science through enriched category-theoretic models."
18,Kähler-Einstein Geometry and Compact Complex Manifolds,"This topic examines complex geometric structures on compact Kähler manifolds, focusing on the interplay between Hermitian metrics, Ricci curvature, and Einstein conditions to explore solutions to the Kähler-Einstein equation. Key methodologies include constructing explicit metrics via harmonic forms or soliton techniques, analyzing spectral properties of associated Laplacians (e.g., Hodge theory), and leveraging symplectic geometry for compact manifolds. Applications span deep questions in differential topology—such as existence proofs for Calabi-Yau metrics—and connections to string theory and mirror symmetry, where Ricci-flat Kähler structures play a central role in defining moduli spaces of complex geometries."
19,Advanced Riemannian Geometry and Spinor Fields,"This topic explores deep mathematical structures in differential geometry, focusing on Riemannian manifolds—curved spaces equipped with intrinsic metrics—and their geometric properties like Ricci curvature, holonomy groups, and conformal invariance. Key methods include the study of spinor bundles, Lie-algebraic connections (e.g., Levi-Civita), and the interplay between tensor fields and submanifold embeddings within Lorentzian or Riemannian settings. Applications span theoretical physics (e.g., general relativity via Einstein’s equations) to algebraic geometry, where invariant theories under gauge transformations (like QFT spinors) bridge abstract algebra with geometric analysis. The field also examines non-commutative structures (e.g., via ∇-operators and curvature tensors) and their implications in modern mathematical physics."
20,Geometric Teichmüller Theory of Hyperbolic Surfaces,"This field explores the deep interplay between hyperbolic geometry and topological dynamics on closed and fibered surfaces, focusing on Teichmüller spaces as moduli of metric structures. Key methods include studying geodesics, Dehn fillings, and bubble phenomena within hyperbolic manifolds to analyze isospectrality, volume growth, and spectral properties derived from metrics. Applications span the study of Thurston’s geometrization conjecture, the classification of surfaces via Teichmüller theory (e.g., Descartes’ metric constructions), and the geometric representation of algebraic structures like Drinfeld modules or L-ler type invariants embedded in hyperbolic spaces."
21,Stochastic PDEs with Nonlinear Driving,"This topic focuses on the mathematical study of stochastic partial differential equations (SPDEs), particularly those driven by nonlinear noise, such as fractional Brownian motion or rough paths. Key methods include constructing weak solutions via martingale representations (e.g., Ito calculus, SDEs with semilinear terms), analyzing invariant measures and regularity properties under forcing functions, and leveraging measure-theoretic techniques to ensure existence and uniqueness of solutions in infinite-dimensional spaces like L² or Sobolev spaces. Applications span physics (turbulence modeling via Burgers-type equations), finance (stochastic volatility models), and applied probability (resonance phenomena in driven nonlinear oscillators). The interplay between deterministic PDEs and stochastic processes, including diffusion-driven dynamics and subthreshold excitations, drives much of the theoretical exploration."
22,Homotopy-Categorical Algebraic Structures,"This topic explores advanced algebraic structures within homotopical and categorical mathematics, emphasizing equivalences, monoidal categories, and operadic frameworks to study higher-dimensional algebraic theories. Key methods include the use of Kan complexes, simplicial sets, and enriched category theory (e.g., over dg-categories or ∞-categories) to model and analyze algebras with homotopical properties like dihomotopy or Segal equivalences. Applications span from formal algebra (e.g., Stasheff’s operads, liaison theory) to topological quantum field theories and the study of commutative monoidal categories, bridging foundational work in topology and algebraic geometry with modern categorical constructions such as toposes and ∞-categories."
23,Stable Moduli of Higgs Bundles,"This topic focuses on the study of moduli spaces of stable and semistable vector bundles with Higgs fields over complex projective algebraic curves, emphasizing geometric invariant theory (GIT) and deformation theory. Key methods include constructing sheaf-theoretic structures via *Hodge theory* and *Chern classes*, analyzing smoothness conditions through *sheaves* and *rank*-preserving deformations, and leveraging techniques from *projective varieties* to classify these configurations. Applications span algebraic geometry—such as the classification of semistable Higgs bundles in mirror symmetry—and connections to physics, including string theory’s geometric engineering via Calabi–Yau manifolds."
24,Automorphic Forms in Modular Arithmetic,"This topic centers on the study of automorphic functions—specifically modular forms and their variants like Maass forms—within modular arithmetic frameworks, emphasizing their connections to Hecke operators, Selberg parabolic series, and Eisenstein series. Key methods include Fourier analysis over unimodular groups, L-functions with adic representations, and the exploration of quadratic and weighted properties through Siegel’s theory. Research applications span number-theoretic conjectures (e.g., Ramanujan-Petersson conjecture refinements), modularity lifting theorems for GL(n) groups, and deep links to Mahler measures and modular symbols, bridging algebraic geometry with analytic number theory."
25,Random Matrix Ensembles and Spectral Statistics,"This topic explores the statistical properties of eigenvalue distributions in large random matrix ensembles, particularly focusing on Gaussian orthogonal (GOE), unitary (GUE), and symmetric (SE) ensembles as defined by Szego’s theorem. Key methods include analytical approximations via Wigner’s semicircle law, Hermite polynomial expansions for covariance matrices, and numerical enumeration of eigenvalues to study metastable phenomena in spectral statistics. Applications span theoretical physics—such as random matrix theory in quantum chaos, nuclear physics, and condensed matter systems—to probabilistic mathematics, where these distributions model extreme value behaviors and non-Gaussian probability distributions. The interplay between mathematical rigor (e.g., Le Page’s inequality bounds) and computational techniques (e.g., high-dimensional eigenvalue solvers) drives advancements in both fundamental and applied spectral analysis."
26,Langlands–Galois–adic representation theory,"This topic centers on the study of deep connections between Galois representations, automorphic forms, and p-adic algebraic structures within number-theoretic and harmonic analysis frameworks. Key methods include constructing Galois modules via local and global field theories, using Langlands’ conjectures to classify irreducible representations of reductive groups over finite or adic fields, and analyzing their behavior under modularity and L-functions. Applications span from solving class-field theory problems to developing tools for the Langlands program, including the classification of automorphic representations and the study of elliptic curves via Galois cohomology."
27,Asymptotic Nonparametric Estimation Techniques,"This topic focuses on developing robust statistical methods—particularly nonparametric and semi-parametric approaches—that leverage sample data to estimate complex distributions, regression functions, or covariance structures while maintaining high accuracy under large-sample asymptotic conditions. Key techniques include kernel smoothing, trimmed estimators, and the jackknife resampling method for bias/variance reduction, often applied in high-dimensional settings like Lasso-based feature selection. The field bridges theoretical consistency proofs with practical applications in financial modeling (e.g., pricing via infinitesimal stochastic processes) and machine learning, where aggregation of sparse or noisy data drives innovations like conditional independence tests and robust likelihood-based inference."
28,Nonlinear Diffusion-Reaction Systems with Critical Thresholds,"This topic explores the mathematical modeling of nonlinear diffusion-reaction processes, particularly focusing on systems where energy dissipation and reaction dynamics intersect at critical thresholds. Key methods include solving parabolic partial differential equations (PDEs) with boundary conditions like Robin problems, analyzing separatrices in phase space to study bifurcations, and applying techniques from dynamical systems theory—such as those developed by Arnold—to understand isochronous behavior and conservation laws. The Sivashinsky equation and its variants are central, alongside homogenized approaches for undercompressive shocks, while nonlocal effects (e.g., via the Keller–Segel model) and reaction-diffusion velocity fields bridge classical PDEs with emergent phenomena like quenched phase transitions. Applications span pattern formation in biological systems, combustion physics, and stochastic homogenization, where solutions often exhibit abrupt transitions at finite thresholds, demanding rigorous analysis of initial-value problems and critical behavior near infinity."
29,Periodic Quantum Schrödinger Systems,"This research focuses on analyzing quantum mechanical systems governed by periodic potentials using spectral operator theory, emphasizing properties of eigenvalues and eigenfunctions. Core methods include studying the interplay between the Dirac–Hecke algebra or Hecke operators in finite-dimensional settings and solving elliptic and pseudodifferential problems for self-adjoint operators in ℝⁿ with band-structured spectra. Applications span condensed matter physics (e.g., solid-state crystals), lattice-based scattering phenomena, and the classification of magnetic potential contributions that disrupt spectral gaps under Bloch-type periodicity transformations."
30,Fluid Dynamics Solvers and Boundary-Layer Analysis,"This topic centers on the mathematical modeling, numerical solution techniques, and analytical advancements of fluid dynamics equations—particularly the Navier-Stokes and Rayleigh boundary-layer systems—for both incompressible and compressible flows. Key methods include weak-form discretizations, resolvent analysis for high-order approximations, and global-infinity norm-based regularity studies to address challenges like viscous and turbulent boundary layers. Applications span aerospace (e.g., drag reduction via Langley-inspired models) and engineering simulations, with contributions from time-dependent solvers, dyadic expansions, and data-driven validation against experimental or high-fidelity Couette-tank/Stockholm-style datasets."
31,Algebraic Curve Theory and Arithmetic Geometry,"This topic explores the interplay between algebraic curves, their geometric properties (such as genus), and their arithmetic structures through advanced tools from commutative algebra, number theory, and Galois theory. Key methods include studying rational points on varieties via Newton’s method, Mumford’s work on abelian varieties, and adic analysis for p-adic fields to analyze degeneracies or hyperelliptic curves. Applications span classical algebraic geometry (e.g., Jacobian varieties) to modern arithmetic geometry, including solving Diophantine equations, understanding moduli spaces of curves, and developing tools for cryptography or modular forms."
32,Hamiltonian symplectic geometry and Floer theory,"This topic revolves around the study of Hamiltonian dynamics on symplectic manifolds, emphasizing geometric methods like Lagrangian submanifolds, cotangent bundles, and equivariant cohomology to analyze invariants such as capacities or Floer homology. Key techniques include the use of Morse theory, Lefschetz fixed-point theorems, and homological approaches (e.g., *H*-theory or deformation quantization via semidensities), while applications span algebraic geometry (toric varieties) and geometric invariant theory to model complex geometric structures in high-dimensional spaces. The interplay between Floer homology and Hofer’s capacities often defines new invariants resistant to deformations, bridging classical analysis with modern symplectic topology."
33,Topological Set Theory and Measure-Independent Analysis,"This topic explores the foundational intersections of hereditarily indecomposable topological structures, particularly within Baire space and metric/non-metrizable settings, emphasizing properties like compactness, metacompactness, and paracompactness. Key methods include the study of fine sets, coreflections in category-theoretic frameworks (e.g., Hindman’s constructions), and the analysis of Borel hierarchies under omega-iteration or gamma-operators to classify measure-preserving behaviors across continua. Applications span set-theoretic topology—such as analyzing meager/non-meager spaces—and mathematical logic, where results like the Holsztynski theorem or omega-stable theories intersect with topological preservation properties in countably infinite structures."
34,Random Graph Circuits and Connectivity Analysis,"This topic explores the probabilistic properties of directed and undirected graphs, particularly focusing on random circuit models—such as those defined by Hamilton circuits or spanning trees—to analyze connectivity, routing efficiency, and structural resilience. Key methods include studying vertex/edge cover distributions, degree sequences, and logarithmic/diametric metrics (e.g., diameter, log-normal distributions) to derive probability-based insights into network robustness and performance under stochastic conditions. Applications span theoretical graph theory, network science, and algorithmic optimization, where these models inform designs for resilient distributed systems, quantum computing architectures, and adaptive communication protocols."
35,Graph Coloring Theorems and Extensions,"This topic focuses on the study of chromatic number properties in graph theory, particularly the bounds, algorithms, and structural insights for coloring graphs—both vertices and edges—to minimize colors while avoiding monochromatic substructures. Key research revolves around refining the 4-color theorem’s extensions (e.g., planar graphs) and exploring heterochromatic or rainbow edge/vertex colorings under constraints like endvertices’ roles or minimum length requirements. Theorems by Lawler, Kővári–Sós–Turán, and GG-theorem variants drive advancements in colourability limits and edge-coloring optimizations, with applications spanning computational complexity, network design, and combinatorial optimization challenges."
36,Hamiltonian Deformation Quantization,"This topic centers on the study of algebraic structures in Hamiltonian geometry, particularly how Poisson algebras and symplectic manifolds interact under deformation quantization techniques. Key methods include constructing algebroids, analyzing Jacobi brackets, and exploring cohomological invariants (e.g., d-calculus) to formalize quantized versions of classical phase-space algebras. Research often employs groupoid theory, Courant algebroids, and bundle-theoretic frameworks to bridge differential geometry with noncommutative quantization schemes. Applications span theoretical physics (e.g., path integral formulations), mathematical physics (e.g., integrable systems), and algebraic geometry (e.g., symplectic reduction)."
37,Bayesian MCMC Monte Carlo Methods,"This topic centers around the development and application of Markov Chain Monte Carlo (MCMC) techniques—particularly Metropolis-Hastings and Gibbs samplers—to approximate complex posterior distributions in stochastic settings. Key methods include variance reduction via minorization-maximization approaches, reversible jump MCMC for multivariate data, and advanced algorithms like Wang-Cheng-Ulam-deconvolution (WCUD), Langevin dynamics, or Particle Ensemble Population Annealing (PEPA) to mitigate slow mixing and convergence issues, especially in high-dimensional asset pricing models or physical pileups. Research often balances theoretical insights—such as correcting variance via rejection sampling or compensation techniques—and practical implementations like burn-in period optimization for accurate posterior estimation of stochastic processes, including those governed by Euler-Maruyama discretizations. Applications span financial mathematics (e.g., volatility modeling), Bayesian inference in continuous-time systems, and computational geometry through methods like Harris chains, with a focus on efficiency improvements via Gaussian or diffusion-based priors."
38,Spectral Operator Theory with Commutative Structures,"This topic centers on the study of selfadjoint, hermitian, and unitary operators within functional spaces—particularly Hilbert and Banach spaces—focusing on their spectral properties, adjoint relationships, and commuting dynamics. Key methods include the analysis of bispectral functions, dilation theory for bounded operators, and the exploration of hyperinvariant subspaces under operator tuples, often leveraging tools like trace class norms (tr, ∞-norms) and spectral decompositions. Applications span quantum mechanics, signal processing, and functional analysis, where such structures enable rigorous proofs about stability, controllability, and invariant distributions in infinite-dimensional systems."
39,Stochastic Processes in Continuous-Time Random Motion,"This topic explores the mathematical study of continuous-time random motion, particularly focusing on Brownian processes and their generalizations, including Levy flights, stable distributions, and self-similar dynamics. Key methods involve analyzing exponents in variance decay (e.g., α-stable processes), exclusion principles in particle systems, and functional properties like transience or recurrence in planar stochastic environments. Applications span physics (particle diffusion in gases), probability theory (Markovian and non-Markovian random walks), and analysis of extreme events (Airy distributions, Airy processes). Arveson’s work on operator algebras intersects with this via representations of stochastic semigroups, while Wiener processes and Levy processes serve as foundational benchmarks for understanding drift, scaling laws, and long-time behavior in complex systems."
40,Functional analysis and renorming theory,"This topic focuses on the study of Banach spaces, particularly their properties under various norms, including ultrauniform and nearisometric structures, with emphasis on renormalization techniques. Key methods involve exploring operators in normed spaces, such as Lipschitz or Kadec–Renyi conditions, to analyze convergence behaviors like narrowness or compactness. Applications span convex analysis (e.g., peak functions), subsymmetric metrics, and the refinement of Archimedean norms, often intersecting with lacunary or separable space theories. Research also examines isometric embeddings, renorming via Gurarii’s methods, and connections to reflexive/Erstein spaces, bridging classical functional analysis with modern metric and topological refinements."
41,Markovian random walk dynamics,"This topic examines the mathematical properties of stochastic processes driven by Markov chains, particularly focusing on their behavior under probabilistic constraints like Brownian motion and limit distributions. Key methods include analyzing walk lengths, convergence rates in random environments (e.g., slit or pitchfork bifurcation scenarios), and the use of spectral analysis for distribution functions—often leveraging log-transforms or lambda-dependent processes to model long-term statistical trends. Applications span theoretical probability theory, where such models inform asymptotic behaviors of random walks, to interdisciplinary fields like finance (e.g., trimestre-inspired risk modeling) and physics, where they underpin diffusion-limited phenomena in complex systems."
42,Algebraic Structure Theory in Number Fields,"This topic centers on the study of algebraic structures within number fields, particularly focusing on Galois theory, field extensions, and their arithmetic properties. Key methods include exploring finite and infinite Galois groups, unramified extensions, and class field theory to classify divisors or ideals in these settings. Researchers apply advanced techniques from Amitsur’s nilpotent theory, Herstein’s group/field algebra foundations, and modular arithmetic (e.g., mod *p*) to analyze quadratic and higher-degree extensions. Applications span cryptography, Diophantine equations, and the construction of new algebraic varieties, bridging abstract algebra with number-theoretic computations."
43,Holomorphic Function Theory on Compact Manifolds,"This topic focuses on the study of holomorphic functions, analytic mappings, and their properties across compact complex manifolds, particularly in the context of Stein spaces and temperate distributions. Key methods include the use of Oka theory, Calabi–Yau structures, and Lagrangian submanifold embeddings to analyze singularities and hypersurfaces within real or complex algebraic varieties. Research explores questions like the existence of holomorphic extensions over subsets, the behavior of CR (Cauchy-Riemann) maps, and the interplay between compactness and analyticity in higher-dimensional spaces, with applications ranging from algebraic geometry to differential topology."
44,Algebraic Geometry of Fano Varieties,"This topic focuses on the study of Fano varieties—projective algebraic varieties with ample anticanonical bundles—and their deep connections to birational geometry, singularities, and geometric invariant theory. Key methods include analyzing terminal or log canonical structures via Kodaira-type theorems, studying folds and jet extensions (e.g., Corti’s work on jet embeddings), and exploring threefold Fano varieties through paving conjectures and divisorial contractions. Applications span birational geometry, the classification of complex algebraic varieties, and the development of tools like log canonical thresholds and terminality criteria, often intersecting with Pukhlikov’s contributions to minimal models in higher-dimensional settings."
45,Topological Homotopy Theory Foundations,"This topic explores the intersection of algebraic topology, category theory, and combinatorial structures through homotopy-theoretic methods. Key focus areas include simplicial complexes, CW-complexes, and their associated fundamental groups and homology theories to study spaces via higher-dimensional fillings and deformation retracts. Researchers employ techniques like β-algebras (βan), Steprans, and topological group actions to analyze spaces up to homotopy equivalence while bridging algebraic invariants with geometric configurations. Applications span from classifying topological data science representations to solving problems in algebraic geometry and quantum topology, often leveraging modern tools like higher category theory and model categories."
46,Sobolev-Structural Inequality Theory,"This topic focuses on the study of sharp Sobolev inequalities, their pointwise refinements, and logarithmic/multivariate extensions within functional analysis. Key methods include exploiting symmetrizations, coarea measures, and hypercontractivity to derive tight constants in Sobolev spaces (e.g., L²ₙ→L∞ or fractional norms like L^(2n+1)¹ⁿ⁻¹), often applied via Poincaré–Sobolev mappings. The interplay between potential theory, Hardy-type estimates, and astrophysical applications (e.g., monopole concentration in cosmological models) drives research toward removable singularities and optimal removability conditions under fractional Sobolev norms. Bratteli’s hypercontractivity, Moser’s logarithmic Sobolev maps, and Ostrowski–Trudinger inequalities form the backbone of these investigations, bridging pure mathematics with physical systems like black-hole dynamics."
47,Askey–Wilson Polynomials and Combinatorial Algebra,"This topic centers on the study of Askey–Wilson polynomials—a family of orthogonal polynomials extending classical forms like Laguerre, Hermite, and Jacobi—alongside their deep connections to symmetric functions, combinatorics, and representation theory. Key methods include constructing these polynomials via Wilson’s differential operators, exploiting their symmetry properties (e.g., Schur functions, Littlewood–Richardson coefficients), and leveraging advanced techniques like coinvariants of semisimple Lie algebras (SL₂, SL₃) or Szegő matrices to derive generating formulas. Applications span theoretical physics (fermionic systems, ribbon tableaux in quantum integrable models) and algebraic combinatorics (quasisymmetric functions, planar multiarrangements), with recent work bridging these to Z-rankings and Jack polynomials for generalizing classical identities. The interplay between polynomial identities, character theory, and symmetric function theory remains a core focus."
48,Riemannian Eigenvalue Scattering Theory,"This research focuses on studying the spectrum, eigenfunctions, and scattering properties of self-adjoint elliptic operators—particularly Laplacians—on Riemannian manifolds with complex geometries (e.g., compact domains or noncompact manifolds like bottles). Key methodologies include spectral analysis via boundary conditions such as Dirichlet, Neumann, or Steklov (Neumann-Dirichlet mixed) problems to probe resonance effects and eigenvalue distributions. Topics also explore isophasal transformations, manifold topology, and how geometric features like boundaries, scattering obstacles, or high-dimensional structures alter spectral properties, including exceptional eigenvalues. Applications span mathematical physics, inverse problems, quantum chaos, and wave propagation on curved spaces, with foundational ties to number theory (e.g., Bottleneck conjecture) and connections to combinatorial eigenvalue problems."
49,Spectral Graph Theory with Erasure and Weighted Structures,"This topic explores the interplay between spectral graph theory—particularly eigenvalue analysis of matrices derived from graphs (e.g., Laplacian, adjacency, Kirchhoff)—and probabilistic or combinatorial models involving erased or nonnegative weights. Key methods include analyzing the positivity properties of matrix operators under graph transformations, such as loop insertion, digraph modifications, or distance-based constructions, often framed via spectral graph metrics like the Steinhaus or Vu distances. Applications span structural analysis of planar and nonplanar graphs (e.g., signless Laplacian eigenvalues), performance bounds in random walks on weighted vertices, and theoretical foundations for graph compression or error-tolerant algorithms. The focus also extends to generalized eigenvalue problems (e.g., LD matrices) and their implications for graph classification via spectral signatures, with connections to numerical stability and computational complexity."
50,Adaptive Fuzzy-Neural Dynamical Optimization,"This topic explores hybrid methods combining sigmoid-based activation functions, neural network training frameworks, and fuzzy logic principles to model and optimize complex dynamical systems under uncertainty. Key research focuses on fuzzified Boolean and numerical algorithms for handling disturbances, missing data, or jittered inputs while guaranteeing convergence via randomized or steepest-descent procedures. Methods like asynchronous learning, superposition-based pulse propagation, and deep neural network training are integrated with multiphysics PDEs (partial differential equations) to inform hybrid classifiers—such as XCSF systems—that manage uncertainty in brain-inspired or machine-learning networks. Applications span numerical simulations for milling processes, DMS (design of experiments), and novel PINNs (physics-informed neural networks) where fuzzification ensures robustness against model inaccuracies while enabling adaptive adjustments via informed propagation techniques."
51,Supersymmetric Brane Dynamics in String Theory,"This topic centers on the study of supersymmetric gauge theories within string theory frameworks, particularly through the lens of branes (D-branes), orbifolds, and topological constructions like sigma models. Key methods include analyzing twisted moduli spaces, Calabi–Yau manifolds, and non-perturbative effects such as instantons and BPS states to explore their quantum mechanical behaviors. Research often employs mathematical techniques from algebraic geometry (e.g., Chern classes, SU(N) gauge bundles) and field theory (e.g., SCFTs, twisted sigma models) to derive physical predictions in high-energy physics, condensed matter systems, and holographic dualities. Applications span beyond string theory—such findings inform advances in topological quantum computing, supersymmetric gauge theories, and the interpretation of black hole entropy via AdS/CFT correspondences."
52,Riemannian Geometry and Solitons in Complex Manifolds,"This topic explores advanced structures within Riemannian and complex manifolds, emphasizing Ricci curvature, Kähler geometry, and Einstein metrics to study geometric flows and soliton dynamics. Key methods include Perelman’s Ricci flow for understanding normalizations of metric spaces, Yamabe theory for conformal rescalings, and isospectral deformations via matrix-valued metrics (e.g., SK matrices). Applications span differential geometry—such as classifying compact Kähler manifolds with constant scalar curvature—to solving geometric PDEs like the Einstein equation and Ricci-flat solitons. The interplay between flat metrics, gradient flows, and conformal invariance drives research into both foundational questions in Riemannian geometry and high-dimensional geometric analysis."
53,Algebraic K3 surfaces and symplectic geometry,"The study of algebraic K3 surfaces—simply connected, simply connected complex four-manifolds with trivial canonical bundle—integrates deep algebraic geometry (e.g., Kodaira dimension analysis via moduli spaces of curves) with topological and geometric properties (e.g., birational transformations, supersingular representations). Key methods include the classification of rational cubic threefolds via projective varieties, the use of the Big-Box-Box (BBB) criterion for dominability in K3 surfaces, and the interplay between Kummer surfaces and Enriques surfaces through elliptic fibrations. Applications span number theory (e.g., supersingular K3s in modular forms), symplectic geometry (e.g., Mukai flips and automorphisms of fourfolds), and the study of moduli spaces of Calabi-Yau varieties, bridging algebraic geometry with modern physics-inspired research like mirror symmetry."
54,Foundational Logical Systems and Computability,"This topic centers on the study of formal logical frameworks, their axiomatic foundations, and computational properties, spanning classical, intuitionistic, quantum, and modal logics. Key methods include propositional calculus, quantale-based structures, and proof-theoretic analyses (e.g., Gödel’s incompleteness theorems, Lindenbaum algebras), alongside operational semantics of automata and games for computability theory. Applications range from mathematical logic to epistemology, with connections to decision problems, provability studies, and the formalization of contradiction-free systems in both theoretical computer science and philosophical metaphysics."
55,Nonlinear Dynamical Systems with Canard Phenomena,"This topic focuses on the study of complex nonlinear dynamical systems in two-dimensional settings, particularly those exhibiting homoclinic and heteroclinic orbits, bifurcations, and singularities. Key methods include analyzing vector fields, Jacobian matrices, and Hamiltonian structures to model systems like the Lienard equation or Euler-type differential equations with periodic bursts or patchy solutions. Researchers explore stability, limit cycles, and reconnection phenomena—such as canards—often arising in singularized or nontwist dynamics. Applications span chaotic behavior in fluid dynamics (e.g., Lax’s partial differential systems), phase transitions in sloshing liquids, and the mathematical modeling of biological oscillations. The interplay between bifurcation theory, homoclinic tangency (Yoccoz’s theorem), and numerical portrait generation drives advancements in understanding abrupt qualitative changes in trajectories."
56,Efficient Sparse Matrix Algorithms,"This topic focuses on the development of specialized algorithms and software frameworks designed to handle sparse matrices efficiently, particularly in numerical linear algebra. Key methods include fast matrix factorization techniques like QR, Cholesky, and Toeplitz-Lanczos approximations, with emphasis on randomized and iterative solvers such as BiCG, Lanczos, and sparse variants of SVD (e.g., randomized SVD). The research highlights the use of semirings, block-structured matrices, and hermitian/Wittleson-like structures to optimize accuracy while reducing computational complexity. Applications span low-rank approximation, eigenvalue problems, and sparse system solvers in fields like signal processing, quantum computing, and machine learning, where scalability and sparsistency are critical."
57,Schubert Calculus in Quantum Flag Varieties,"This topic explores the interplay between Schubert theory, quantum cohomology, and combinatorial structures within flag varieties and Grassmannians, particularly focusing on their equivariant and polynomial algebraic properties. Researchers employ methods like PQ-assessors, Hessenberg matrices, and quiver representations to study these spaces, often leveraging Sedenion algebras and affine/ projective varieties for computations. Applications span representation theory, enumerative geometry, and the development of new tools in combinatorial algebra, with a strong emphasis on assessing invariants through Schubert cycles and their interactions with quantum deformations."
58,Algebraic Geometry of Stable Varieties,"This topic focuses on the study of algebraic varieties—particularly compact, smooth curves and surfaces—within moduli spaces that classify stable configurations under geometric constraints like genus, projective embeddings, and combinatorial structures. Key methods include the use of tautological bundles to encode deformation theory, equisingular analysis over pointed loci, and the construction of hyperelliptic or Prüfer-type bundles to model degenerations in higher-dimensional varieties. Applications span from enumerative geometry (e.g., counting rational curves via BP classes) to mirror symmetry and string-theoretic compactifications, where stable maps and combinatorial data (such as ‘comb’-like structures) govern the behavior of moduli spaces under deformation. The interplay between projective embeddings, stable surfaces, and pointed varieties also drives advancements in intersection theory and birational geometry."
59,Special Orthogonal Polynomials and Matrix Methods,"This topic centers on the study of special orthogonal polynomials—such as Jacobi, Laguerre, Hermite, Meixner, and Askey–Opwal polynomials—which exhibit orthogonality properties over specific domains or weight functions. Key methods include constructing these polynomials via recurrence relations, determinants (e.g., Darboux’s method), and matrix-based techniques like Toeplitz matrices and pseudopositive operators to analyze their zeros, coefficients, and equidistributive behaviors across the unit circle or real line. Applications span theoretical mathematics (e.g., orthogonal expansions, spectral analysis) and computational mathematics (e.g., numerical root-finding via Gaussian quadrature), with notable contributions from mathematicians like Bertrand, Gustavson, and GL (Gaussian-Laguerre) normalization schemes. The interplay between these polynomials and exceptional cases or generalized operators bridges classical analysis with advanced functional analysis."
60,Numerical PDE Solvers for Integrable Systems,"This topic focuses on the development and analysis of high-order numerical methods for solving partial differential equations (PDEs) arising in integrable mathematical models, particularly those inspired by chemical kinetics, fluid dynamics, and nonlinear oscillators. Key research revolves around advanced integrator schemes—such as implicit Runge–Kutta or splitting methods—designed to preserve integrability properties while minimizing error accumulation, often leveraging Fourier dealiasing or Richardson extrapolation techniques. The field emphasizes structured approaches like prolongation-based discretization for singularities and coupled PDEs, with applications in modeling wave phenomena (e.g., KdV equations), reaction–diffusion processes, and high-dimensional oscillatory systems. Methodological innovations include hybrid schemes combining explicit/implicit steps, error analysis frameworks (e.g., using Givens rotations or quadrature rules), and validation against analytical solutions or benchmark problems like the Lax equation. Research also explores robustness in handling wrong or ill-conditioned data, particularly in chemical reaction networks where kinetic models intersect with PDEs."
61,Transfinite cardinal analysis and forcing extensions,"This topic explores the mathematical study of infinite cardinals—particularly large ordinals like aleph-numbers, supercompact cardinals, and Woodin cardinals—within Zermelo-Fraenkel set theory (ZFC), emphasizing their role in defining hierarchies of infinity. Key methods include forcing extensions to construct new models of set theory that exhibit specific cardinal characteristics, such as maximality or definability over countable structures, while leveraging ultrafilters and morasses to explore consistency strength and absoluteness properties. Applications span foundational mathematics (e.g., the existence of hypercomputable functions via ordinals) to computational complexity (NP vs. RM hierarchies), with broader implications in logic, model theory, and even astrophysics analogies through cosmic-scale cardinals like galaxies. The interplay between definability, guessing principles, and episturmian structures further refines the boundaries of what can be axiomatized or proven within set-theoretic frameworks."
62,Submodular Optimization Algorithms,"This topic focuses on the development of efficient polynomial-time algorithms for solving submodular optimization problems, particularly those rooted in combinatorial and algebraic structures like trees, graphs, and strings. Key methods include greedy relaxations inspired by Lovász’s work, Grotschel-style reformulations, and selective propagation techniques (e.g., via packlib or XML-based parsing) to handle complex constraints such as multiobjective Pareto fronts or fuzzy preferences. Research emphasizes benchmarking performance against synthetic or real-world instances (e.g., NFL scheduling, dose allocation), often leveraging mixed-integer programming frameworks while addressing theoretical underpinnings like Groebner basis methods for algebraic restructuring. Applications span resource packing, design optimization, and constraint satisfaction in both pure math and applied fields like logistics or bioinformatics."
63,homotopically enriched graded algebraic structures,"This research domain focuses on studying advanced algebraic constructions—ranging from noncommutative and graded algebras to Lie algebras, corings, and operads—via homotopical techniques. Key methods include applying Koszul duality, Hochschild homology/cohomology in derived algebra settings (dg-categories), and the theory of cyclic operads for understanding both underlying combinatorial and homological properties. Applications span from topological quantum field theories to enumerative geometry, with particular attention to infinite-dimensional structures (∞-categories) and their deformation theories."
64,Quantum Hopf Algebraic Structures in Category Theory,"This topic centers on the study of quantum Hopf algebras—specifically their role as algebraic structures underpinning braided monoidal categories, often intersecting with Clifford algebras and unknotted topological insights. Key methods include constructing bialgebraic modules over Drinfeld-Jimbo or Nichols algebras, leveraging graded/yetter-Drinfeld modules to explore semisimple coalgebraic systems and their categorical embeddings (e.g., via monoidal functors). Applications span representation theory of finite groups, topological quantum field theories (TQFTs), and the classification of fusion categories, with recent work bridging Lie-algebraic crossed products and Nichols algebra deformations for noncommutative geometry. The interplay between Hopf algebras, Clifford algebras, and braided categories also informs advancements in algebraic topology via homotopy-theoretic techniques."
65,Quasigroup Theory and Algebraic Automata,"This topic explores the algebraic structures of quasigroups, semistructures, and their extensions—such as semivector spaces, semifields, and semiring-based systems—with a focus on their axiomatic properties (associativity, idempotence, inverses) and combinatorial behaviors like displacement kernels. Key methods include studying free quasigroups, bisemistructures, and their relation to groupoids or monoids, often framed through homomorphisms, automata theory, and finite algebraic constructions. Applications span cryptography (e.g., NBI systems), formal language theory (Dyck-like encoding in semistructures), and computational algebra (fuzzy or fuzzy-logic variants of quasigroups). The interplay between abstract algebra and theoretical computer science—such as automatic groupoids and lexicographic orderings on bisemistructures—drives both foundational research and practical algorithmic challenges."
66,Mirror Symmetry and Invariants in Algebraic Geometry,"This topic explores the deep interplay between complex algebraic structures, symplectic geometry, and quantum invariants—particularly through the lens of mirror symmetry, first conjectured by Victor Witten. Key methods include studying Calabi–Yau manifolds and their moduli spaces via Gromov-Witten invariants, cohomological techniques (e.g., Hodge theory), and orbifold constructions to encode symmetries like toric varieties or Seiberg-Witten theory’s folds. The field bridges Donaldson-Thomas theory with small and tinybbb-type enumerative approaches, often framed in terms of Donaldson-Vafa conjectures, while leveraging advanced techniques from mirror symmetry (e.g., Yau’s resolution theorems) to compute topological invariants across genus-zero or higher genera. Applications span string theory’s compactifications, noncommutative geometry, and the classification of threefolds, with recent work extending to orbifolded or non-smooth settings."
67,Motivic cohomology and nonabelian algebraic geometry,"This topic centers on the study of motivic cohomology theories, particularly their extensions to nonabelian settings via schemes, groups, and torsors, leveraging techniques from Grothendieck’s foundational work. Key methods include the use of Kontsevich motives, Arakelov theory, and isocrystal structures over fields with p-adic or overconvergent expansions, often intersecting with Lusztig’s algebraic geometry approaches to characteristic classes. Applications span arithmetic geometry (e.g., uniformization theorems for varieties) and number-theoretic invariants like zeta functions of elliptic curves (ℓ), where motivic cohomology refines classical tools such as Chow motives and Tate modules. The interplay between homotopy theory, category theory, and sheaf cohomology further enriches the analysis of algebraic structures in noncommutative or rigid settings."
68,Stochastic Financial Pricing Models,"This topic centers on developing and applying mathematical frameworks to model financial markets using stochastic processes, focusing particularly on the interplay between option pricing, risk management, and utility-based decision-making. Key methods include the use of martingale theory, transform techniques (e.g., Laplace or Fourier transforms), and advanced regression analyses to derive closed-form or numerical solutions for pricing contingent claims under stochastic volatility and credit risk. Researchers explore optimal hedging strategies, transaction cost modeling, and arbitrage-free pricing via tools like the Yor process, Asian options, and numeraire-dependent valuation frameworks. Applications span from portfolio optimization under uncertainty to structured credit derivatives, with contributions often bridging theoretical rigor (e.g., via Geman’s martingale methods or Kramkov-Schachermayer results) and empirical finance, including auction-based market mechanisms and dividend-inclusive pricing."
69,Abstract linear algebraic structures in operator theory,"This topic explores the interplay between abstract matrix theories, particularly focusing on symmetric, circulant, and Hadamard matrices, alongside their eigenvalues, determinants, and rank properties. Key methods include perturbative analyses of tridiagonal and Leonard matrices, leveraging conjugacy classes and spectral representations to study unknown solutions in linear systems. Thematic research often employs inequalities (e.g., positive definiteness, nonnegative constraints) and advanced algebraic techniques like Bezout’s theorem or Hadamard products to derive closed-form solutions for eigenvalue distributions or stability conditions. Applications span numerical linear algebra, quantum mechanics, and combinatorial optimization, where these structures model complex systems abstractly while preserving computational tractability."
70,Riemannian Geometric Flows and Deformations,"This topic centers on the study of geometric flows—particularly those preserving Riemannian structures—on manifolds, hypersurfaces, and submanifolds, with a focus on curvature evolution, diffeomorphism-invariant deformations, and their mathematical foundations. Key methods include analyzing gradient flows (e.g., area-minimizing or mean-curvature flows), using techniques from Tanaka–Webster calculus, Harnack inequalities, and Lagrangian variational principles to model geometric deformations like shrinkers, horospheres, and convex hypersurfaces. Applications span differential geometry (e.g., proving existence/uniqueness of solutions via renormalization or topological methods) to computational mathematics (e.g., numerical surveys of flows on surfaces), with connections to hyperbolic geometry, Ricci flow, and the study of singularities in Riemannian manifolds."
71,Error-correcting algebraic coding theory,"This topic centers on the study of mathematical structures—such as linear codes, convolutional codes, and low-density parity-check (LDPC) designs—that enable reliable data transmission by detecting and correcting errors in binary or ternary signals. Key methods include the analysis of MDS (maximum-distance separable), Kerdock, Goethals, and Reed-Solomon codes; the use of stabilizer formalisms for quantum error correction; and advanced combinatorial designs like toric codes and supersaturated arrays. Applications span classical and quantum communications, cryptography, fault-tolerant computing, and signal processing, where theoretical bounds (e.g., Hamming distance, weight distribution) inform practical decoding algorithms like Viterbi or belief-propagation frameworks."
72,Algebraic Polynomial Structures in Field Theory,"This topic explores deep connections between polynomial rings, field extensions, and their algebraic properties—such as splitting fields, resultant computations, and Grobner basis techniques—to study invariants, permutation symmetries, and computational methods. Key research focuses on constructing or analyzing finite fields (e.g., F₅), irreducible polynomials over prime bases, and adic/adic-like structures for cryptographic applications like Rijndael or APN functions. Methods include enumerating polynomial degrees via resultant signatures, quiver representations, and partial mappings in algebraic geometry, bridging abstract algebra with numerical algorithms and quantum computing frameworks."
73,Smart Renewable Energy Grid Optimization,"This topic focuses on integrating renewable energy sources like wind power into electrical grids while addressing cybersecurity risks, SCADA system vulnerabilities, and real-time demand management through advanced optimization techniques. Key methods include energy storage management, optimal power flow (OPF) algorithms, and electricity market-based demand response strategies to balance supply and load dynamically. Research emphasizes cost-efficient generation planning, voltage stability control, and enhancing grid resilience against cyber threats while ensuring optimal economic and environmental outcomes in distributed energy networks."
74,Neural Oscillator Dynamics in Coupled Systems,"This topic explores the mathematical modeling of chaotic neural dynamics, focusing on how spiking neurons and coupled oscillators exhibit rhythmic behaviors through phase synchronization, burst patterns, and kinetic signaling. Key methods include Kuramoto-like models for networked neuron ensembles, dynamical systems analysis (e.g., basin stability, attraction basins), and computational simulations of presynaptic spike cascades to study timing and resetting mechanisms in the nervous system. Applications span neuroscience—such as studying GnRH-driven rhythms or chaotic attractors in brain regions like the hippocampus—and bioengineering, where these models inform synthetic neural circuits for cognitive prosthetics or drug discovery by dissecting signaling loopholes in chemical transduction pathways."
75,Critical Spin Dynamics in Complex Magnetic Systems,"This topic explores the statistical mechanics of spin systems, particularly focusing on ferromagnetic models like the Ising and Potts models under varying thermal conditions to study phase transitions, critical phenomena, and magnetization dynamics. Key methods include analyzing fluctuations near critical temperatures using logarithmic (ln) and square-root (sqrt) scaling relations, numerical simulations of aging processes in random or quenched systems (e.g., BBKK models), and applying Gibbs ensemble averages to describe ground-state configurations and energy distributions. Applications span condensed matter physics—such as studying spin glass transitions and percolation effects—and theoretical mathematics, where these models inform the study of disordered systems, mixing properties, and field-theoretic limits near phase boundaries."
76,Analytic Toeplitz Operator Theory,"This topic focuses on the study of analytic functions, operator theory in weighted spaces like Bergman and Hardy spaces, and their applications to Toeplitz operators—particularly those arising from symbols defined via fractional calculus or composition with holomorphic factors. Key methods include spectral analysis, Fredholm properties, Paley-Wiener envelopes, and Carleman-type inequalities, often leveraging Wiener-Hopf techniques or weighted norm estimates. Research explores conditions for factorization in these spaces, the role of Toeplitz operators in sampling theory (CP matrices), and their connections to boundary value problems in complex analysis, with broad implications for signal processing, harmonic analysis, and operator algebras."
77,Deep Learning for Robust Labor Market Analysis,"This topic focuses on applying advanced deep neural network architectures—such as multilayer perceptrons, recurrent networks, and autoencoders—to analyze complex labor market dynamics, particularly in addressing unemployment, segmented employment, and administrative data challenges. Key methods include adversarial smoothing of contaminated or perturbed datasets, penalized loss functions for outlier-robust regression, and regularization techniques like trimmed squares or LCA (least concave approximation) to improve convergence during training. The research emphasizes the use of deep learning models trained on large-scale datasets (e.g., ImageNet-inspired synthetic labor data) to optimize employment prediction while handling asynchrony in administrative records. Applications span policy evaluation, automated job-matching systems, and adaptive optimization of labor market interventions, bridging theoretical machine learning with empirical socio-economic analysis."
78,Modern elliptic curve modular arithmetic,"This topic centers on advanced algebraic number theory and arithmetic geometry at elliptic curves, particularly their interactions with modular forms, Galois representations, and supersingular phenomena. Key methods include Heegner-type constructions in the study of CM fields, Selmer groups, and Iwasawa theory over elevated extensions or adic settings to analyze torsion subgroups and rank-one behavior along primes. Applications span unconditional solutions to Mordell’s conjecture via Shafarevich–Taraskin hypotheses, computations of zeta functions (including their L-series twists), and the study of supersingular isogeny graphs for abelian varieties. Themes like Noether’s isomorphism principle for elliptic curves over number fields and Darmon–Shimura relations further bridge algebraic geometry and modularity theory."
79,Stochastic Agent-Based Blackjack Equilibria,"This topic explores the theoretical and computational analysis of stochastic game dynamics in blackjack-like environments, where players make sequential decisions under uncertain conditions influenced by Brownian motion or other probabilistic processes. Key methods include modeling player strategies as reinforcement learning agents with mixed-motion payoffs, analyzing Nash equilibria and subgame perfect equilibria through dynamic programming and stochastic differential equations. Research often examines indeterminacy in optimal policies, the impact of player traps (e.g., ‘sitting’ vs. playing), and how stochastic deviations from perfect information shape long-term equilibria in multi-agent settings. Applications span game theory, economics, and computational finance, particularly in studying adaptive adversarial strategies and their implications for expected mean payoffs or risk-sensitive outcomes."
80,Higher-Dimensional Gravitational Dynamics and Black Hole Physics,"This topic explores the theoretical frameworks of gravitational physics in five-dimensional spacetimes, integrating concepts like dilaton fields, massive particles, and relativistic black hole structures. Key methods include solving Einstein’s equations in extended dimensions (e.g., AdS/CFT correspondence), analyzing causal horizons via Penrose–Schwarzschild or Kerr solutions, and studying vacuum energy dynamics in cosmological contexts. Applications span fundamental physics—such as probing quantum gravity through holographic dualities—and astrophysical modeling of compact objects with exotic properties like fermionic matter or null event horizons."
81,Combinatorial Optimization via Polynomial & Matrix Representation,"This topic centers on the study of optimization problems—especially combinatorial and convex ones—that leverage piecewise polynomial, matrix-based, or semidefinite representations to model constraints and objectives. Key methods include semidefinite programming (SDP), L1/L2 relaxations, matroid theory for combinatorial bounds, and high-dimensional interpolative techniques like Vandermonde matrices, often applied in constrained integer and sampling problems. Applications span discrete optimization (e.g., network design via HCCP) to polynomial interpolation and copositive matrix recovery, where theoretical guarantees (posedness, solvability) are derived through relaxation strategies such as SOS programming or Lagrange duality. Algorithmic approaches, including dynamic programming (DN), blend combinatorial heuristics with convex relaxations to efficiently explore high-dimensional spaces."
82,Multiscale Elastic Fracture Theory,"This topic explores the interplay between homogenization techniques, nonlinear elasticity, and fracture mechanics to model material behavior across scales—from atomistic interactions to macroscopic deformation. Key methods include quasicontinuum approaches, partial differential equation (PDE) formulations for elastica and vibroimpact systems, and hierarchical energy functionals that balance elastic, plastic, and anelastic dissipation. Applications span brittle-to-ductile transitions in materials, crack propagation under oscillating or quasistatic loads, and the study of thin films, plates, and beams with inhomogeneous properties like thickness-dependent strain or antiplanar stress effects. The research often integrates analytical solutions (e.g., integrable systems) with numerical simulations to predict fracture initiation, creep-aging dynamics, and post-failure equilibria in engineered structures."
83,Additive combinatorics in geometric sequences,"This topic explores the interplay between diffraction-like phenomena, integer sequences, and sumset theory within additive combinatorics, particularly focusing on arithmetic progressions and Sidon sets. Key methods include analyzing growth rates of sumsets (e.g., n₀, n₁, n₂), studying Delone-type conditions for geometric configurations, and applying inradius constraints to characterize subsets with limited density or multiplicities. Research often employs speculative bounds derived from probabilistic methods or fractional analysis, bridging number-theoretic properties (e.g., arithmetic progressions) with visualizable geometric interpretations of diffraction patterns or lattice structures. Applications span cryptography, error-correcting codes, and the study of fractal-like sequences in discrete mathematics."
84,Analytic Number Theory and Arakelov Geometry,"This topic explores deep connections between advanced analytic techniques—such as the Riemann zeta function’s zero distribution, continued fractions, and logarithmic properties—and geometric methods from Arakelov theory. Key research revolves around understanding the functional behavior of Dirichlet series, Selberg class functions, and their moments, often framed through conjectures like the Balazard–Saïas hypothesis or generalizations of Riemann’s zeta function zeros. Methods include algebraic number-theoretic tools (e.g., BNAT, Arakelov geometry) alongside probabilistic approaches (Weierstrass approximations, Nyman-Beurling theory), with applications spanning prime-counting heuristics, error-term estimates for Dirichlet series, and the study of ‘pseudo-randomness’ in analytic functions. The interplay between these areas often relies on rigorous summation techniques (e.g., Selberg’s method) to bridge gaps between classical number theory and modern algebraic geometry."
85,Advanced hypergeometric series and special functions theory,"This topic explores intricate relationships within the realm of hypergeometric functions, focusing on their summation via series expansions, integral representations, and asymptotic behaviors. Key contributions include the development of generalized identities—such as those by Askey, Bailey, and Wilson—that extend classical results like Ramanujan’s sums and the psi-function (digamma) transformations. The tricomplex analysis and bilateral q-series expansions further enrich the study, alongside applications in elliptic theta functions and special integrals (e.g., Gradshteyn–Ramanujan-style formulations). Methods like confluent hypergeometric series, Wilson’s tilde-transforms, and poised systems bridge analytic theory with computational frameworks, enabling novel proofs of q-analogues and asymptotic approximations. Applications span number-theoretic conjectures, combinatorial enumerations, and quantum physics models where these functions appear as generating functions or integral kernels."
86,Complex dynamical systems and Julia sets,"This topic explores the intricate mathematical study of complex dynamical systems, particularly focusing on the behavior of iterated maps within the Mandelbrot and Julia families. Key methods include analyzing critical points, rational germs, and ultradifferentiable functions to classify basins of attraction and wandering sets, often leveraging tools like Koebe’s flexing theorem and Brjuno conditions for asymptotic stability. The interplay between analytic and transcendental dynamics—such as Mahler measure theory and Alexander maps—reveals deep connections between escaping orbits, Fatou sets, and the fractal geometry of Julia sets, with applications in understanding chaotic behavior, parameter spaces, and the classification of complex polynomial maps."
87,Complex function theory with analytic inequalities,"This topic revolves around the study of entire, subharmonic, and univalent functions within complex analysis, emphasizing their growth properties, lacunary structures, and nonlinear behaviors. Key methods include the use of Radon–Nikodym decomposition, inversion theorems, and analytic inequalities (e.g., Lehmer’s, Lempert’s) to analyze function characteristics like starlikeness or balancedness. Applications span harmonic analysis, conformal mappings, and probabilistic function spaces, often intersecting with discrete mathematics through combinatorial growth models (e.g., ‘q-series’ or lacunary expansions). The interplay between analytic geometry (via disks, vectors, and nabla operators) and functional inequalities—such as those derived from Bohr–Cesàro summability—drives rigorous investigations into extremal problems and inversion techniques in complex dynamics."
88,Inverse Imaging and Regularization Techniques,"This topic focuses on mathematical methods for solving ill-posed inverse problems in imaging, particularly in medical, microscopic, and industrial radiography. Key approaches include iterative algorithms like Landweber’s method, Tikhonov regularization, and total variation (TV) penalties to handle noise, discontinuities, and sparsity in data reconstruction. Research emphasizes fast implementations of restoration techniques—such as anisotropic expansions or sparse penalization—to improve computational efficiency while preserving structural details like skulls, mandibles, or texture. The field integrates linear/nonlinear optimization, calibration strategies, and thresholding methods to address challenges in ill-conditioned inverse problems, often bridging theoretical frameworks (e.g., Birkhoff’s expansions) with practical applications in tomography, segmentation, and deconvolution."
89,Decentralized Distributed Learning Systems,"This topic centers on the design of scalable, fault-tolerant algorithms for distributed machine learning across heterogeneous platforms like Condor or peer-to-peer networks. Key methods include opportunistic encoding/decoding strategies, memory-efficient gradient-based optimization under noisy feedback loops, and decentralized convergence proofs leveraging stochastic averaging. Applications span federated sensor networks, edge computing, and multi-agent reinforcement learning where agents communicate sparsely via unreliable channels while optimizing collective performance without centralized masters. The focus often blends communication protocols (e.g., CSMA) with adaptive memoryless encoding to balance latency and accuracy in distributed systems."
90,Topological Monodromy in Modular Surface Groups,"This topic explores the interplay between algebraic structures—specifically fundamental groups of orientable surfaces, their moduli spaces (Mod), and geometric properties like genus, genus-two classification systems (2g)—through the lens of monodromy representations. Key methods include studying Fuchsian and discrete automorphism groups, Nielsen–Schreier decompositions, and the cohomological behavior of subgroups under mapping class group actions (MCG). Applications span deep questions in geometric group theory (e.g., Margulis’ lemma), Teichmüller dynamics, and the classification of higher-genus surfaces via the Bigl–Bigr theorem, with implications for algebraic K-theory and the study of sheeted coverings (e.g., BBZ theory). The focus often lies on ergodic properties of monodromy actions and their relation to homology/cohomology invariants, bridging classical topology with modern homological algebra."
91,Lattice Percolation and Critical Random Processes,"This topic centers on the study of percolation theory in homogeneous lattices, focusing on critical phenomena where random bond or vertex thinning processes lead to infinite connected clusters. Key methods include inductive reasoning, recursive analysis of lattice walks, and probabilistic models like Poisson thinning to detect phase transitions. Applications span statistical physics—such as the study of the Z(2) model (Zd)—and graph-theoretic frameworks for detecting network connectivity, including bootstrap percolation in random graphs. Researchers often use independent, homogeneous processes to analyze threshold behaviors, such as bond failure probabilities or vacant site detection, bridging theoretical probability with computational geometry and geometric exclusion."
92,Stochastic Reinforcement Learning for Decision-Making under Uncertainty,"This topic explores hybrid approaches combining Markov decision processes (MDPs), partially observable environments, and machine learning techniques to address dynamic optimization problems in complex systems. Key methods include leveraging Bayesian inference (e.g., internal/external state representations via LeFebvre’s or Janus-inspired frameworks) and entropy-based criteria to balance exploration-exploitation trade-offs in high-dimensional tasks. Applications span multi-agent policy coordination, online risk management under stochastic costs, and reinforcement learning algorithms (e.g., HMMs, DRAM, RL) optimized for real-world problems like worker productivity, cognitive decision-making, or adaptive control policies. The focus often involves hybridizing classical MDPs with deep learning (e.g., mathtt, L-RAM) to handle partial observability, covariance-based uncertainty quantification, and optimal cost-function minimization in stochastic environments."
93,Asymmetric Multi-Agent Vehicle Routing Optimization,"This topic focuses on optimizing vehicle routing and scheduling problems under asymmetric constraints involving multiple agents or private entities, such as retailers, logistics firms, or government services. Key methods include advanced network flow techniques (e.g., the Jonker–Volgenant algorithm variants), priority-driven relocations, and hybrid optimization approaches like simulated annealing to handle economic and capacity-based challenges in dynamic traffic environments. Applications span last-mile delivery systems, emergency service coordination, and private sector vehicle pooling, where asymmetric demand, wage structures, or congestion delays must be balanced against routing efficiency to minimize costs and improve operational resilience."
94,Affine Hecke–Kazhdan Lusztig Representations,"This topic centers on the study of affine Hecke algebras and their deep connections to representation theory, algebraic combinatorics, and quantum groups, particularly through the lens of Kazhdan–Lusztig polynomials and skein relations. Key methods include constructing semi-simple representations via Drinfeld’s realization of affine Hecke algebras in quantum groups, analyzing cyclotomic and Plancherel characters using cohomological techniques (e.g., via Iwahori-Hecke modules), and leveraging combinatorial structures like Coxeter groups and Schur polynomials. Applications span the classification of finite-dimensional modules over these algebras, the study of elliptic genera in topological field theory, and the development of noncommutative geometry through labeled algebraic structures (e.g., Arikí–Kazhdan labeling schemes). Works often intersect with homological algebra (e.g., El’s method for computing cohomology) and geometric representations, bridging abstract algebra to problems in number theory and statistical mechanics."
95,Branching Particle Dynamics in Lattice Systems,"This topic examines stochastic processes where particles or entities evolve on discrete lattice structures through branching, deposition, and cascading events—often modeled via the sandpile model framework. Key methods include analyzing extinction probabilities, renewal theory for particle counts, and exclusion principles to study fluctuations in offspring distributions. Applications span critical phenomena in statistical physics (e.g., Galton–Watson trees), percolation theory, and random matrix models, with connections to biological population dynamics and quantum transport. The focus lies on finite-time behaviors, observer-dependent measures of branching, and the interplay between immigration and renewal processes."
96,Toric Mirror Symmetry and Algebraic Geometry,"This topic centers on the study of toric varieties, their fans, and symplectic structures within algebraic geometry, emphasizing connections to mirror symmetry—a duality between complex geometric objects. Key methods include the analysis of cohomology rings, intersection theory in projective spaces, and equivariant techniques using torus actions (e.g., toric tori). Applications span the classification of Fano and Calabi–Yau varieties, including noncommutative algebras and hypersurfaces like sextics, while bridging algebraic geometry with symplectic topology via polytopes, mirror symmetry, and Gorenstein conditions. The interplay between geometric constructions (e.g., Baré-Scheiderer complexes) and combinatorial data (like Cox rings or Mori dream spaces) drives advancements in both foundational theory and computational geometry."
97,Quantum Measurement & Distinguishability Theory,"This topic explores the mathematical foundations of quantum measurement, particularly focusing on how quantum states and systems can be distinguished under various conditions—such as locality constraints, deformed observables, and entanglement—and their implications for information theory. Key methods include analyzing orthomodular lattices, Godowski–Mayet frameworks, and Hilbert-space-based quantizers to model distinguishability via metrics like Bhattacharya divergence or Fisher information. Algorithms for noiseless and stochastic estimation (e.g., Viterbi-style optimization) are developed to correct errors in quantum states, often leveraging secondary channels (e.g., POVMs, PCSFTs) and feedback protocols. Applications span quantum computing (qubo problems, qubit control), entanglement certification via witnesses, and hybrid classical-quantum systems for secure communication or autonomous optimization under imperfect measurements."
98,Functional Inequality Theory and Extrema,"This topic centers on the study of functional inequalities—particularly those involving convex, concave, and monotonic functions—with a focus on deriving tight bounds, extremal cases, and best-constant approximations. Key methods include the use of geometric inequalities (e.g., Grüss-type, Minkowski, and Prekopa–Leindler principles), operator-based analysis, and integral transforms to establish reverses of inequalities like Jensen’s or Hadamard’s, often under metric or normed spaces constraints. Applications span optimization problems, functional analysis, and approximation theory, where extremal constants in convexity/concavity (e.g., for Hermite–Hadamard or Bessel-type integrals) are critical for refining error estimates in numerical methods or solving inverse problems."
99,Nonlinear Fractional Differential Systems,"This topic explores mathematical frameworks combining fractional calculus with nonlinear differential equations, emphasizing regularization techniques and nonlocal operators. Key methods include the use of Colombeau modules, Mittag-Leffler functions, and Caputo derivatives to study solutions of parabolic and Schrödinger-type equations under fractional orders. Applications span physical phenomena like diffusion processes, kinetic energy models, and phase transitions in complex systems, often analyzed via existence/uniqueness theorems for solutions. The interplay between noninteger-order derivatives and holonomic structures—such as those in the Ginzburg–Landau hierarchy or Bogoliubov analogs—enables rigorous treatment of survival probabilities and boundary-value problems in time-dependent dynamics."
100,Iterative Linear Solver Advancements,"This topic focuses on the development and optimization of iterative methods for solving large-scale linear systems, particularly in noncommutative or structured matrix settings. Key research emphasizes preconditioning techniques—such as Krylov subspace methods (e.g., GMRES, QMR), multigrid algorithms, and domain-specific preconditioners (e.g., FEMTI, DSM)—to accelerate convergence while handling ill-conditioned or sparse systems. The interplay of homotopy-based deflation, Newton-like stepper methods, and parallel/isolated block processing is central, often applied to problems arising in physics (microwave susceptibility) or engineering (SLAEs with pentadiagonal structures). Applications span scientific computing, optimization via Lagrange multipliers, and hybrid iterative-preconditioned solvers for high-dimensional systems."
101,equivariant pseudodifferential spectral geometry,"This topic centers on the study of equivariant pseudodifferential operators and their spectral properties on manifolds, including compact and non-compact settings, often framed through Atiyah–Singer type theorems. Key methods involve constructing index formulas for equivariant elliptic operators—such as Dirac or spin operators—on Riemannian or pseudo-Riemannian manifolds, leveraging techniques from pseudomanifold theory and boundary value problems. Applications span topological invariants (e.g., eta invariants, L²-Betti numbers), instanton calculations, and the analysis of singular spectral data on group actions, with deep connections to algebraic topology via equivariant cohomology and noncommutative geometry (as explored by Connes). The interplay between spectral theory, geometric measure theory, and representation theory drives much of the theoretical innovation, while computational advances in symbolic calculus (e.g., ‘mathit’ notations) and numerical approximation (‘frac’) refine analytical predictions."
102,Optimal Dynamic Control in Stochastic Systems,"This topic examines optimal control strategies across discrete-time and continuous dynamical systems, emphasizing stochastic elements where uncertainty influences motion planning. Key methods include Pontryagin’s maximum principle, dynamic programming (Bellman equations), and Noether’s variational principles to derive cost-minimizing or state-transition policies under differential constraints. Celestial mechanics applications often involve embedding solar system dynamics with optimal trajectory corrections, while terrestrial systems explore switching-state control for energy-efficient operations. Backward induction techniques and horizon-based optimization further refine solutions by modeling finite-horizon decision problems, bridging theoretical frameworks like Lagrangian mechanics with practical stochastic differential equations."
103,Quantum Algebraic Representation Theory,"This topic explores the interplay between quantum groups, noncommutative algebras, and their representations within compact or locally compact settings. Key methods include constructing unitary, irreducible, and Clifford-algebraic representations using techniques like tensor categories, SL(2)ₙ, SU(N), and Clifford algebra embeddings (e.g., via RAQ frameworks). Applications span mathematical physics—such as kinematical states in quantum field theory, the Born rule formalism, and wide-sense noncommutative geometry—while also advancing bornological and topological algebraic structures. Disjointness properties and tensor decomposition further refine the study of these systems, bridging abstract algebra with representation-theoretic tools like SL(2)ₙ-algebras and their kinematic representations."
104,Compressed Sensing and Axiomatic Signal Recovery,"This topic focuses on the mathematical foundations, axiomatic frameworks, and algorithmic techniques for recovering sparse or near-sparse signals from underdetermined measurements, often in noisy environments. Key methods include maximum entropy-based approaches (e.g., maxent), compressed sensing theory, and sparsity-promoting algorithms like L1 regularization (LASSO) and basis pursuit. The interplay between Shannon’s entropy principles and signal recovery challenges—such as false discovery rate control (FDR) and non-equispaced sampling—drives research into robust estimation under sparse constraints. Applications span machine learning for high-dimensional data, inverse problems in physics and engineering, and theoretical studies of measurement complementarity, particularly in reordered or compressed sensing frameworks."
105,Graph-Theoretic Group Properties,"This topic explores the interplay between graph automorphisms, group-theoretic structures, and structural properties of unlabeled graphs—focusing on transitive symmetries, Cayley-like embeddings, and minimalizable configurations. Key methods include studying automorphism groups to classify graph symmetries (e.g., semisymmetric or amorphic), analyzing crossing and planarity constraints via CAP (crossing avoidance) or lambda-based metrics, and embedding group-theoretic operations into graphs (e.g., Cayley diagrams). Applications span combinatorial group theory—such as distinguishing minimal generators in groups—and computational graph algorithms, including Hamiltonian cycles and bicoloured edge-complementation problems. The research often bridges theoretical graph theory with algebraic structures like Cayley tables or hedrites, emphasizing geometric and topological constraints on group actions."
106,Nonlinear integrable systems via Lie symmetry theory,"This topic focuses on the study of nonlinear ordinary differential equations (ODEs) and systems that possess exact or approximate solvability through advanced mathematical techniques, particularly those rooted in Lie group theory and symmetry analysis. Researchers explore integrable classes—such as dispersionless KdV-type equations, bi-Hamiltonian structures, and semigroup-based formulations—that leverage symmetries to derive analytical solutions via variational methods, reduction routines, or algebraic transformations. Key methodologies include the use of Appell’s systems, McLachlan’s symmetry classification, and the exploitation of bi-Hamiltonian frameworks to unify multiple potential energy functionals for solvable nonlinear PDEs. Applications span exact solvability in fluid dynamics (e.g., shallow-water models), quantum field theory, and discrete mathematical structures like vertex algebras, with broader implications for computational mathematics and theoretical physics."
107,Anomalous Fractional Stochastic Processes,"This topic centers on the study of stochastic processes exhibiting fractional and anomalous diffusion behaviors, particularly those modeled by fractional Brownian motion (FBM) and related generalized processes like fractional Wiener–Itô stochastic calculus. Key methods include Hurst exponent analysis for characterizing long-range dependence in time series, Malliavin calculus for handling rough paths and volatility clustering, and Fokker–Planck type transformations to derive distribution properties of driven fractional diffusions. Applications span physical phenomena such as planetary motion (e.g., via Planck-scale effects), financial volatility modeling (anomalous noise-driven markets), and complex systems like turbulent fluid dynamics or biological passage processes where traditional Gaussian assumptions fail."
108,Bayesian inference frameworks in machine learning,"This topic explores hybrid Bayesian-frequentist approaches to model training, where probabilistic priors and empirical data are seamlessly integrated to refine posterior distributions for improved estimation. Key methods include variational Bayes, MCMC sampling, and regularization techniques like BIC or FDR-based loss functions to balance prior influence with observed data decorrelation. Applications span regression analysis, classification, and high-dimensional Bayesian nonparametric models, emphasizing robust probabilistic inference under noisy or sparse information sources while addressing challenges in scalable posterior approximation."
109,Algebraic and homotopy spectral theory of spectra,"This topic centers on the study of algebraic structures in homotopy theory, particularly through the lens of spectra—generalized ring objects that formalize higher-dimensional analogs of rings and modules. Key methods include the use of cobar constructions (e.g., the Cobar functor), iterated loop spaces, and Novikov’s spectral sequences to analyze homology and cohomology theories, often in the context of equivariant or topological groups. The interplay between homotopy theory and algebraic geometry is explored via techniques like Serre spectral sequences, Adams spectral sequences, and the study of assembly maps (e.g., THH/TMF), with applications ranging from knot theory (immersions, Brasselet’s work) to string theory and higher category theory. Hyperelementary methods and computational approaches (e.g., Kolakoski sequences in combinatorial homotopy) further refine these structures, bridging abstract algebra with geometric invariants."
110,Numerical Wave Analysis in Complex Geometries,"This topic focuses on the development and application of advanced numerical methods—particularly integral equation-based techniques, immersed boundary approaches, and time-domain lattice methods—to solve wave propagation problems across complex geometries like shells, waveguides, cochlear structures, or porous media. Key research emphasizes discretized sampling strategies (e.g., quadrature rules, TLM/DSC algorithms) to handle singularities in elastic/acoustic waves, hypersingular conditions, and scattering phenomena within immersed domains. Methods such as the Manakov–Dinger–Schrödinger equations and trigonal formulations are explored for high-frequency wave analysis, while hybrid approaches (e.g., immersed finite elements with absorbing boundary conditions) address unknown charges or fastenings in flexible structures. Applications span fluid-structure interactions, cochlear modeling, and acoustic scattering in bioengineering and metamaterials, often leveraging Helmholtz equation solutions and frequency-domain tilde-transforms for efficiency."
111,High-precision numerical approximation techniques,"This topic centers on advanced mathematical methods for approximating functions, particularly focusing on high-order polynomial and rational (Pade) approximants to achieve near-exact solutions with controlled error bounds. Key research revolves around Chebyshev and Fourier-based interpolation schemes, shooting methods, and numerical quadrature techniques—often applied in solving differential equations or evaluating integrals where traditional approximations fail due to precision demands. The field emphasizes exact or nearly exact formulas (e.g., Padé approximants) for wave propagation, capacitances, or complex functional evaluations, balancing theoretical rigor with computational efficiency via algorithms like spectral basis expansions (SBP). Applications span physics simulations, signal processing, and web-based mathematical services where semantic accuracy over brute-force approximation is critical."
112,Optimal Transport with Entropic Regularization,"This topic focuses on the study of optimal transport (OT) frameworks, particularly those leveraging entropic regularization—such as the Sinkhorn method—to solve Monge-Kantorovich problems and related variational inequalities. Key methods include Wasserstein distance minimization via diffusion processes (e.g., Skorokhod or Perkins-style constructions), log-barrier optimization under constraints like marginal compatibility or nonholonomic buffers, and entropic transport (earthmover) formulations that balance computational efficiency with theoretical guarantees. Applications span probabilistic machine learning (e.g., generative models), geometric measure theory, and applied mathematics in fields like reactor physics or financial risk modeling, where OT problems model cost-minimizing mass redistributions under stochastic or deterministic constraints."
113,Combinatorial Integer Partition Theory,"This topic centers on the study of integer partitions—ways to write positive integers as sums of ordered or unordered parts—and their deep connections to advanced mathematical structures like modular forms, generating functions, and combinatorial enumeration. Key methods include Rogers-Ramanujan identities, overpartitions, and theta-series expansions, often leveraging congruential properties (e.g., modmod arithmetic) to derive new theorems. Researchers explore partitions’ algebraic symmetries via equivariant techniques, cumulant expansions, and connections to special functions like the partition function PM, while applications span number-theoretic conjectures, combinatorial enumeration of integer compositions, and interactions with modular forms in algebraic geometry (e.g., Lou’s work on cylindric structures). Themes also intersect with representation theory, generating series, and even statistical physics through models like ‘cranks’ or ‘ranks,’ often framed via frameworks like the minimal exclusion principle (MEX) or Sperner partitions (SPT)."
114,Combinatorial Game Theory and Pebbling Strategies,"This topic explores the mathematical study of impartial and partisan games, particularly those involving pegs, pebbles, or similar discrete elements on structured boards like graphs, trees, or abstract configurations. Key methods include analyzing game states through generation-based evolution (e.g., Conway’s *Game of Life* analogues), forcing notions in combinatorial game theory, and bipartite graph pebbling to determine winning positions or shortest paths under strategic constraints. Applications span computational puzzles (like the classic *Nim* variants), theoretical computer science (cop-wars, bimatrix games), and even real-world challenges such as resource allocation or algorithmic optimization. Themes often intersect with elementary graph theory, Winning Strategies in solitaire games, and mathematical puzzles like Warnsdorff’s pathfinding for treasure hunts."
115,Stochastic Queueing Network Analysis,"This topic focuses on the mathematical modeling of interconnected stochastic queueing systems, where multiple servers, customers, and arrival processes interact through shared buffers or networks. Key methods include Markovian matrix-geometric analysis (MMG), multi-server queueing policies like M/M/1/G/1 or polling schemes, and networked queueing frameworks such as the Markovian Product Form (MPF) or generalized processor sharing (GPS). Recent research emphasizes efficient computation via decomposition techniques, hybrid models combining discrete-event simulation with analytical approximations, and applications in telecommunication networks, supply chains, and distributed systems where real-time service scheduling and collision resolution are critical. Surveys often highlight trade-offs between accuracy and complexity, particularly for non-Markovian or correlated arrival processes, while empirical results validate theoretical predictions through synthetic or real-world data simulations."
116,Stochastic Epidemic Modeling in Complex Networks,"This topic focuses on developing mathematical frameworks to study the spread of infectious diseases—such as HIV, dengue, or COVID-19—in heterogeneous populations through network-based and stochastic approaches. Key methods include branching processes, percolation theory, and modified SIR (Susceptible-Infectious-Recovered) models that account for varying vaccination rates, immune dynamics, and individual dissimilarities in susceptibility. Research emphasizes quantifying infection proportions, epidemic control strategies via vaccination or interventions, and simulating pandemic propagation under stochastic conditions. Applications span public health policy design, disease surveillance, and optimizing intervention timelines to mitigate outbreaks in real-world networks."
117,Advanced combinatorial number theory identities,"This topic explores deep mathematical relationships within combinatorics, number theory, and generating functions, focusing on intricate identities—such as those by Rogers, Ramanujan, Bernoulli, and Euler—that connect numbers, polynomials, and combinatorial structures like simplices and binomial coefficients. Key methods include the use of Stirling series, Borwein-style hypergeometric techniques, and specialized polynomial expansions (e.g., Durfee squares, degenerate forms), often leveraging generating functions and Bell polynomials to derive closed-form sums or coefficient formulas. Applications span theoretical proofs in combinatorics, asymptotic analysis of sequences, and connections to algebraic geometry; it also intersects with hypergeometric series theory and advanced number-theoretic conjectures."
118,Nonlinear Hyperbolic Control Systems,"This topic focuses on the mathematical analysis of nonlinear hyperbolic partial differential equations (PDEs) governed by semidiscrete or semilinear frameworks, emphasizing their controllability, observability, and stabilization properties. Key methods include Galerkin approximations, Pontryagin’s maximum principle for optimal control, and rigorous existence/regularity proofs under Lipschitzian or α-Hölder continuity conditions. Applications span vibrational dynamics (e.g., Schrödinger-like systems), heat transfer with feedback controls, and multitime-scale PDEs, often bridging theoretical bounds (like exact null controllability) with computational grants for numerical schemes. Rarefaction waves, inertial effects, and dimensional constraints also play critical roles in defining optimal control strategies under conservation laws."
119,Combinatorial Set Theory and Matching Structures,"This topic centers on the study of combinatorial structures in set theory, posets (partially ordered sets), and matching problems, particularly focusing on antichains, Sperner families, and intersecting set systems. Key methods include using bounds derived from extremal combinatorics—such as those by Meshalkin, Hochberg, Hirsch, and Ryser—to analyze subset relationships under constraints like cardinality or measure-theoretic properties (e.g., aleph-0 bounds). Applications span theoretical mathematics (e.g., constructing antichains in finite posets) to algorithmic problems in computational combinatorics, including matching theory, roommate assignments, and Steiner systems. Themes also intersect with probabilistic methods (e.g., LYM inequalities), marginal distributions in microdata analysis, and connections to graph theory via matchings and blocker sets."
120,Statistical Kinetic PDEs with Nonlinear Collision Terms,"This topic explores the mathematical modeling of gas-phase particle dynamics using partial differential equations (PDEs) that incorporate weakly nonlinear collisional interactions, blending elements of statistical mechanics and kinetic theory. Key methods include solving Boltzmann-type equations with hard or soft potentials, analyzing solutions via conformal invariance, and deriving rigorous inequalities for moments, tails, and entropy dissipation—often leveraging techniques like Povzner’s approach or Godunov’s numerical schemes. Applications span granular media, phonon/electron transport in disordered systems, and the study of decay processes in far-from-equilibrium states (e.g., unshocked gases), with connections to Maxwellian distributions and kinetic energy limits. The focus extends to hybrid models (e.g., BBs/BBR) that bridge macroscopic PDEs with microscopic collision statistics, including inelastic or ‘gluey’ scenarios where particles exhibit nontrivial angular dependencies or ‘carburcles’ of singularity formation."
121,Multiscale Baroclinic Fluid Dynamics in Geophysical Systems,"This research focuses on the coupled analysis of shallow fluid dynamics—particularly quasigeostrophic and Boussinesq approximations—within atmospheric, oceanographic, and capillary-boundary layer contexts. Key methods include solving unsteady, dispersive, and viscous wave equations (e.g., Naghdi’s or TGE formulations) to model baroclinic waves, solitary mounds, and retention phenomena under periodic or acoustic forcing. Applications span the study of oceanic drainage flows, atmospheric surface tension effects, and capillary lubrication transitions in bubbles, often bridging theoretical solutions with experimental or high-frequency data-driven simulations."
122,Hypergraph Theory and Extremal Combinatorics,"This topic centers on the study of hypergraphs—generalizations of graphs where vertices are connected by higher-order edges (hyperedges)—and their combinatorial properties, particularly focusing on extremal bounds, matchings, and geometric embeddings. Key methods include Sidorenko’s theorem for uniform hypergraph Ramsey theory, Lovász’s probabilistic approach via Lovász local lemma variants, and Turán-type results for hypergraphs, alongside Erdős–Turán-style constructions. Applications span random hypergraph models (e.g., building robust network structures), Tverberg’s hypergraph partitioning problems, and connections to finite geometry (e.g., hypersimplices and embedding theorems). The interplay between linear algebra (via Faber–Friedland or pseudofinite techniques) and intersection theory further enriches the analysis of hypergraph matchings, Hamiltonicity, and geometric inequalities."
123,Algebraic Lattice Structures and Their Variants,"This topic explores the mathematical study of lattices, semilattices, and their extensions—such as modular, distributive, complemented, and residuated varieties—with a focus on algebraic properties like factorization, congruences, and poset-based constructions. Key methods include Blass’s axiomatizations, Greechie’s combinatorial approaches, and the analysis of parafermionic algebras or semistar structures, often intersecting with number theory (e.g., ideals, ideals in rings) and combinatorics (e.g., simplices, sorting algorithms). Applications span theoretical algebra (supersolvable series, semidistributive lattices), computational geometry (coordinatizable posets), and cryptography (LWE-inspired lattice-based schemes), with ties to advanced topics like the Leech lattice, E₈ structures, or even quantum-inspired models like parafermions. The interplay between abstract algebra and combinatorial logic—such as in Cambrian trees or finite-dimensionality constraints—drives much of the theoretical depth."
124,Genomic Classification Algorithms,"This topic explores advanced statistical and machine learning techniques applied to genomic data, particularly focusing on single-nucleotide polymorphisms (SNPs) and structural variations (SVs). Key methods include support vector machines (SVM), Bayesian classifiers, boosting algorithms, and ensemble learning strategies for classification, regression, and risk prediction in clinical genomics. Researchers investigate empirical performance metrics like error rates, margin estimation, and PAC-Bayesian complexity bounds to optimize model training and generalization across diverse datasets. Applications span hereditary disease diagnosis, personalized medicine, and high-dimensional genomic data compression while addressing challenges such as sequence alignment errors and bandwidth-constrained learning environments."
125,Diophantine Fractional Expansions and Approximation Theory,"This topic explores the mathematical study of continued fractions, their specializable properties, and how they relate to Diophantine approximations—particularly for irrational numbers—while emphasizing aperiodic sequences like Sturmian words. Key methods include analyzing fractional parts, root-based expansions (e.g., √5), and the use of continued fractions in approximating real numbers with rationals or irrationals, often leveraging combinatorial properties such as spacings and univoque sequences. Applications span number theory, computational mathematics, and cryptography, where these techniques enable precise approximations, error analysis, and constructions of non-periodic numeration systems."
126,Fractional Multiscale Granular Dynamics,"This topic explores the mathematical modeling of fractional-order differential equations in systems involving multiparticle interactions, such as granular materials and pulsar phenomena. Key methods include Liouville–Antoine fractional calculus (Liouvillian), fractional order averaging schemes, and numerical algorithms like Adomian’s decomposition or convolution-based differintegration to solve complex oscillatory behaviors under varying contact conditions. Applications span from simulating cohesive granular flows on microprocessors to analyzing conductivity and permeability in porous media with fractal-like properties, often leveraging LFOodes (logarithmic fractional-order) techniques and Gibbs phenomenon mitigation via subdivision quadrature. The focus lies on bridging discrete numerical methods with continuous fractional dynamics to improve regularity indices and oscillation control in both theoretical and applied contexts."
127,Philosophical Foundations of Mathematical Education,"This topic explores the intersection of mathematical theory, epistemology, and pedagogical practice through a pluralist lens, drawing on historical figures like Zeno, Archimedes, and Plato to critique modern educational frameworks. Key methods include reconstructing foundational debates (e.g., idempotent logic, hypercomputational models) while analyzing how metaphors from literature—such as Tolstoy’s ‘war and peace’—influence scholarly arguments about mathematics’ role in society. Research emphasizes the mathematization of philosophical questions, ethical implications of teaching (e.g., anxiety in classrooms), and interdisciplinary dialogues between Chinese and Western traditions (e.g., Eudoxus vs. modern axiomatic systems). Applications span curriculum design, university-level education, and public awareness campaigns to bridge gaps between naive intuitions and rigorous theory, with a focus on pluralist epistemologies and the ethical responsibility of mathematicians in shaping global learning environments."
128,Matroid-theoretic combinatorial structures,"This topic centers on the study of matroids, polymatroids, and their extensions—particularly those involving algebraic, geometric, and graph-theoretic frameworks. Key methods include axiomatic explorations (e.g., peelings, Scarf’s axioms), polynomial representations (Tutte polynomials, bar forms), and combinatorial realizability via graphical or network models. Applications span polytopal geometry (Stanley–Danilov cells, neighborly polytopes), algebraic combinatorics (Groebner bases, poset theory), and rigidity analysis in graphs (Laman conditions, duplexes). Related work often bridges matroids with symplectic geometry (formality, stratifications) or mixed independence structures, emphasizing nonnegative realizability and lattice-theoretic properties."
129,Acoustic Inverse Scattering Tomography,"This topic focuses on the mathematical and computational methods used to reconstruct unknown properties of scattering media—such as shape, conductivity, or refractive profiles—from measured acoustic wave data. Key techniques include inverse scattering theory, often leveraging numerical algorithms like gradient-based optimization, Fourier-domain methods (e.g., DFT), or deep learning approaches (e.g., GPTs) to handle obstacles and inaccessible sources. Applications span biomedical imaging (e.g., photoacoustic tomography for tissue characterization), geophysical exploration (detecting subsurface inclusions or caustic refraction effects), and material science (analyzing thermoacoustic or electrical impedance profiles). Challenges involve dealing with noisy backscattering data, complex obstacle geometries, and the trade-off between computational efficiency and accuracy in inversion problems."
130,Multiscale biological guidance and tumor dynamics,"This topic examines the interplay between chemical signaling, cellular movement, and structural morphogenesis in both normal and pathological contexts like cancer. Key research focuses on chemotaxis-driven processes—such as bacterial aerotaxis or endothelial cell migration—using mathematical models (e.g., reaction-diffusion equations, kernel-based bifurcation analysis) to describe macroscale patterns like tumor invasion or vascular collapse. Methods include numerical simulations of kinetic transport dynamics, biochemical feedback loops (e.g., p53/MDM2 pathways), and prion-like protein aggregation in unstructured cell colonies. Applications span cancer progression, immune evasion, and synthetic biological systems, where insights into morphogenesis and delay mechanisms inform drug resistance prediction or tissue engineering."
131,Valued Field Theory and Subanalytic Geometry,"This topic centers on the study of valued fields—specifically, non-archimedean or archimedean structures with algebraic valuations—and their role in both pure and applied mathematics. Key methods include the analysis of affinoid algebras, Chevalley’s theory of valuations, and the use of differential rings to explore flat extensions and Mordell’s theorem variants within valued domains. Subanalytic geometry emerges as a critical subfield, leveraging techniques like adic theories and henselian fields to model definable sets in structured algebraic spaces. Applications span number-theoretic extensions (e.g., Cebotarev density theorems), modular forms over valued rings, and the study of analytic structures via differential topology, bridging abstract algebra with geometric and arithmetic analysis."
132,Tauberian Analysis and Hardy Spaces,"This topic centers around the study of Tauberian theorems in Fourier analysis, particularly their applications to Hardy spaces, function theory, and summability methods. Key research focuses on refining estimates for Tauberian conditions—such as those involving lacunary series, oscillatory functions, or periodic behavior—to improve convergence properties of infinite series under Dirichlet or boxcar forcing. Methods include the use of Berezin calculus, Colombeau’s generalized functions, and probabilistic representations (e.g., via λ^∞-spaces or proximinality), often bridging classical analysis with modern functional analysis frameworks like Baire category theorems or Hardy-L^p spaces. Applications span signal processing, quantum physics (via Yau’s laplacian estimates), and constructive mathematics (e.g., replicable constructions in summability theory). Refined versions of Tauberian criteria are also explored through approximation schemes (e.g., ridge regression analogs) and trigonometric approximants to address convergence failures in non-standard settings."
133,Probabilistic Foundations of Logic and Computation,"This topic explores the intersection of probability theory, logical frameworks, and computational reasoning by integrating probabilistic inference techniques—such as maximum entropy (maxent) methods and Kolmogorovian measures—with formal logic systems. Key research focuses on extending classical logics (e.g., Tweety’s semilogics, quasilogics) to handle indeterministic or nonlocal phenomena while preserving soundness in belief propagation and causal modeling. Methods include sequential probabilistic assessments, Bayesian network-based reasoning under uncertainty, and the development of hybrid models bridging Kolmogorovian probability with quantum-like contextuality (e.g., nonlocality, reversiblizations). Applications span theoretical computer science (e.g., algorithmic randomness, computable measures) to practical domains like risk evaluation, machine learning leakage detection, and paradox resolution in prequential or indeterministic settings. The study also examines paradoxes (e.g., Archimedean vs. non-Archimedean measures) and their implications for logical completeness, particularly in hybrid systems combining probabilistic and deterministic elements."
134,Hypothesis Testing in Empirical Distributions,"This topic focuses on the development and application of statistical tests to evaluate empirical distributions, particularly in binary or Boolean-valued settings (e.g., B2 functions), with an emphasis on testing Gaussianity, differentiability, and membership properties. Key methods include likelihood-based inference, bootstrap resampling, and family-wise error rate (FWR) corrections, often framed through hypothesis testing frameworks like the false discovery proportion (FDP). Research explores introductory statistical techniques for random data analysis, including goodness-of-fit tests, power analyses, and alternative distributions (e.g., harmonics or random processes), with applications spanning machine learning, signal processing, and high-dimensional statistics. Empirical validation via sample correlation and empirical distribution functions bridges theoretical models with real-world datasets."
135,Vortex dynamics in reactive incompressible flows,"This topic explores the mathematical modeling of complex vortex structures—such as rotating filaments, sheets, and tubes—in reactive, incompressible fluid systems under axisymmetric or asymmetric conditions. Key methods include solving coupled nonlinear PDEs (e.g., Navier-Stokes with chemical reaction terms), analyzing isospectral vorticity distributions, and studying blowup phenomena via numerical schemes like the Boussinesq approximation or modified Doniach–Euler equations. Applications span from superconducting vortex cascades in 3D materials to turbulent flow instabilities in rotating reactors, emphasizing strain-driven nucleation, reactive straining dynamics, and energy dissipation in confined geometries."
136,Quasiconformal Mapping Theory in Metric Spaces,"This topic explores quasiconformal and quasiregular mappings within metric spaces, particularly on spheres and Euclidean domains, emphasizing their geometric properties like distortion, homeomorphism invertibility, and visual conformality. Key methods include analyzing quasisymmetry, Lipschitz and hyperbolic metrics, and the behavior of harmonic or biharmonic functions under such mappings, often leveraging techniques from Heinonen’s variational approaches or Semmes’ boundary analysis. Research focuses on applications in differential geometry—such as domain registration, escaping sets, and warping between domains—to study topological and metric invariants, with broader implications for visual computing, complex dynamics, and geometric measure theory."
137,Braided algebraic structures in knot theory,"This topic explores the interplay between braid groups, monoid/algebraic representations, and their applications in knot theory and virtual knot invariants. Key methods include studying braid group homomorphisms (e.g., Artin’s presentation), Krammer’s braided algebraic structures, and monodromy-based approaches (e.g., Lawrence’s work on braid monodromies). Purely algebraic techniques like Garside theory and virtual braids are also central, with connections to cryptographic systems (e.g., Jones polynomials as knot invariants) and combinatorial representations of braided strands. Researchers often combine these frameworks with reflection groups, pure braid subgroups, and computational tools (e.g., Dehornoy’s lex order) to derive new invariants or solve problems in topological algebra."
138,Topological Data Science in Spatial Complexity,"This topic explores the application of topological data analysis (TDA) and persistent homology to study complex spatial structures across mathematical, biological, and astronomical domains. Key methods include using Minkowski valuations, Rips complexes, and simplicial mappings to derive topological descriptors—such as persistence barcodes and Betti numbers—that capture patterns in galaxy morphologies, protein networks, or RNA secondary structures. Euclidean and quasi-metric approaches (e.g., FS-Index, Latin square metrics) refine spatial distance computations, while computational frameworks like TDA packages (SAGE, TOPOSNUT) automate high-dimensional persistence analysis for large-scale datasets. Applications span astronomy (galaxy clustering), bioinformatics (protein folding), and digital topology (pore/void spaces in materials), bridging abstract topological theory with empirical data-driven insights."
139,Financial Time-Series Roughness and Bayesian Estimation,"This topic focuses on the statistical modeling of financial time-series data, particularly emphasizing the analysis of irregularities like volatility clustering, roughness, and abrupt changes in stock prices or hydrological processes. Key methods include GARCH-type models for volatility estimation, Hidden Markov Models (HMMs) for state-dependent segmentation, and Bayesian approaches such as MCMC or variational inference to handle complex likelihood structures. Environmental and astronomical applications also emerge through extensions like CUSUM-based change-point detection and non-stationary process modeling, often leveraging bootstrap resampling or statistical tests for robustness. The interplay between financial forecasting, risk assessment, and data-driven segmentation drives its relevance across disciplines."
140,Geometric Probability & Random Polytope Analysis,"This topic explores the probabilistic properties of geometric structures, particularly random polytopes and convex bodies within discrete or continuous spaces. Key methods include analyzing discrepancy measures between random samples and lattice-based distributions, estimating volumes, areas, and spacings via Poisson processes or Gaussian sampling techniques, and leveraging algebraic topology (e.g., Betti numbers) to study cell decompositions of high-dimensional shapes. Applications span computational geometry for optimization in sparse sampling, probabilistic combinatorics for partition analysis, and theoretical probability models like the LASs (Lattice-Affine Sampling Systems) to derive moment distributions or measure-theoretic properties of random configurations. The interplay between convex hulls, hyperplane linkages, and abstract algebraic frameworks drives advancements in both foundational and applied mathematical research."
141,Quasi-stochastic predator-prey dynamics,"This topic explores the interplay between deterministic geostrophic-like forces and stochastic oscillating environmental or biological influences in modeling multi-species population interactions, particularly predator-prey systems. Key methods include applying quasi-steady-state approximations to Lotka-Volterra extensions, averaging techniques over rapid oscillations (e.g., seasonal forcing), and bifurcation analysis to study transitions between coexistence, competition-driven collapse, or cooperative survival states. The focus spans from classical ecological models (e.g., Volterra-Lotka dynamics) to modern extensions like diffusion-limited predator-prey equations and stochastic Allee-effect frameworks, often integrated with environmental variability (e.g., Budyko-style growth constraints). Applications range from theoretical ecology—explaining species viability, tipping points in ecosystem management—to applied biology, including modeling harvesting strategies for endangered species or the spread of invasive populations under fluctuating conditions. Camouflage and dispersal dynamics further refine these models by incorporating spatial heterogeneity and adaptive behaviors, while proteus-like resilience or mirabilis-like cooperation add emergent complexity to coexistence predictions."
142,Supersymmetric Quantum Algebraic Structures,"This topic revolves around the study of supersymmetric quantum groups, Yangians, and their algebraic structures derived from quantum deformations of classical Lie algebras (such as sl₂ or sl₃), often intersecting with the Baxter–Bethe formalism. Key methods include constructing matrix-based representations of these algebras via quantization techniques, solving the XXZ spin chain model using Gaudin operators and tetrahedral (widehat) algebra frameworks, and exploring supersymmetric extensions like Yangians and their associated operad structures. Research applications span deep insights into integrable quantum systems, conformal field theories, and noncommutative geometry, with implications for quantum information theory and topological quantum computing."
143,Contact Geometry and Floer Theory,"This topic explores advanced structures within contact geometry—specifically the study of manifolds equipped with a non-degenerate *1-form* defining a preferred orientation, emphasizing fillings, submanifold embeddings (e.g., Dehn fillings), and their geometric and topological properties. Key methods include the analysis of tight/overtwisted contacts, Reeb flows, and symplectic reductions via Legendrian and paracontact structures, often leveraging cohomology, homology, and Floer theory to classify isotopies and controlled deformations. Applications span the classification of closed/sutured manifolds (e.g., Weinstein fillings), the study of tightness in annular regions, and the role of laminations in contact homology, with connections to algebraic topology via Novikov rings or Lefschetz fixpoint theorems. Research also intersects with Stein structures, controlled surgery, and projective/paracontact geometry, often probing metrics, connectivity, and the interplay between symplectic and contact invariants."
144,Network Community Detection and Robustness,"This topic focuses on the mathematical modeling of networked systems—particularly social, internet-based, or biological networks—to identify and analyze communities through clustering algorithms. Key methods include stochastic block models, spectral graph theory, hierarchical partitioning, and dependency-based approaches (e.g., biclique detection, backtracking-free placement), often leveraging qualitative and quantitative parameterizations to assess connectivity robustness. Applications span epidemic spreading dynamics, rumor propagation, and structural resilience in networks like the internet or social media, with special attention to refractory behaviors, bimodal community structures, and seed-driven information dissemination. Research also explores blockmodel-based abstractions (e.g., GABP frameworks) for detecting hidden dependencies and motifs while evaluating detection accuracy through synthetic and real-world graph datasets."
145,Stochastic Differential Systems Analysis,"This topic focuses on the mathematical study of stochastic differential equations (SDEs) and systems driven by random noise, particularly those arising in finance, physics, and applied probability. Key methods include numerical approximation schemes like Euler-Maruyama, Romberg integration, and backward SDE solvers, alongside analytical techniques such as linearization and Ito calculus for understanding drift-diffusion processes. Dissipative structures and convergence properties of Monte Carlo or Metropolis-Hastings-based algorithms are central to validating approximations, while applications span option pricing models (e.g., coupon-reverting SDEs), chaotic dynamics, and stochastic control theory."
146,Bayesian Data Assimilation in Geophysical Systems,"This topic focuses on developing and applying Bayesian filtering techniques, particularly Kalman-based methods (e.g., Unscented, Ensemble Kalman Filters) and particle filters, to merge noisy geospatial observations—such as oceanic or atmospheric measurements—with complex physical models. Key innovations include handling nonlinearities, correlated uncertainties, and quasigeostrophic dynamics while addressing challenges like observability, bias correction, and stability in real-time state estimation. Methods often employ diffusion processes, approximate inference (e.g., Blackman–Huntley filtering), and ensemble-based approximations to balance computational feasibility with accuracy. Applications span oceanic forecasting, coupled atmosphere-ocean modeling, and high-frequency financial asset tracking, where uncertainty quantification and adaptive knowledge assimilation drive predictive performance."
147,Variational Hamilton-Jacobi Theory,"This topic centers on the study of Hamilton-Jacobi equations and their variational formulations, particularly emphasizing semicontinuous solutions, convexity, and viscosity methods to address optimal control and dynamic programming problems. Key methodologies include Lagrangian-based variations, Jensen inequalities, and Tonelli’s existence theorems for Hamiltonian systems, often applied in discrete-time (ds) or transfer matrix (tm)-formulated settings. The field integrates Hamilton-Bolza-type formulations with Bellman-like optimality principles to analyze solutions of arrival problems, charge propagation, and phase-space dynamics under constraints like pinned boundary conditions or homogenization effects. Research extends to periodic systems, convex analysis, and the development of numerical integrators for solving high-dimensional Hamilton-Jacobi PDEs, bridging classical mechanics with modern control theory."
148,Reeb-Foliation Dynamics in Compact Manifolds,"This topic examines the mathematical study of Reeb foliations—smooth, transverse foliations on compact Riemannian manifolds that arise from Hamiltonian vector fields—focusing on their geometric and topological properties. Key methods include analyzing singularities (e.g., Godbillon’s invariant), codimension-1 laminations, and the interplay between foliations and groupoids via isoparametric constructions or Morse theory. Applications span dynamical systems (Anosov flows, pretzel-like structures) to higher-dimensional geometry, where tautness conditions and transverse intersections define classification challenges. The interplay with Lie groups and universal coverings further bridges this study to algebraic topology and ergodic theory."
149,Heavy-Tailed Risk Modeling in Finance and Data Science,"This topic focuses on statistical methods for analyzing heavy-tailed distributions, particularly in financial risk assessment, survival analysis, and high-dimensional data modeling. Key research revolves around censored and extreme-value estimators—such as shrinkage-based approaches (e.g., Turnbull’s method) and maximum likelihood techniques—to estimate tail risks under Weibull, beta-mixture, or GARCH frameworks. Applications span credit risk modeling, warranty analysis, macroeconomic forecasting, and electronic commerce portfolios, often leveraging multivariate quantile methods to handle grouped or censored samples. Heavy-tailed distributions (e.g., Pareto, Marshall–Olkin) are central, alongside survival analysis techniques for tail behavior in data with heavy right tails."
150,Commutative Algebra & Graph-Theoretic Structures in Ring Theory,"This topic explores the interplay between algebraic structures like commutative rings, ideals, and monomial ideals—particularly within the study of toric varieties, binomial algebras, and arithmetical properties—while integrating graph-theoretic frameworks such as chordal graphs, simplicial complexes, and edge/vertex-based resolutions. Key methods include analyzing rank, betti numbers, and homological resolutions (e.g., Cohen-Macaulay complexes) to classify ideals, facets of monomial cones, or toric divisors, often leveraging combinatorial graph theory (e.g., forests, chordal graphs) and higher-dimensional algebraic geometry. Applications span computational algebra (e.g., Macaulay2’s symbolic computations), representation theory (via PGL and Tits configurations), and number-theoretic arithmetic, with connections to geometric invariants like archimedean valuations or Bruhat decompositions in noncommutative settings."
151,Conformal Algebraic Structures in Quantum Groups,"This topic focuses on the study of advanced algebraic structures—particularly vertex algebras, Lie superalgebras, and their quantum deformations—within the frameworks of conformal field theory and modular representations. Key methods include the analysis of irreducible modules over these algebras (e.g., via Virasoro operators, SL(2) or E₈/Lie algebra embeddings), twisted constructions (such as parafermions or toroidal deformations), and their connections to lattice-based moonshine phenomena like the Monster group. Applications span deep explorations of fusion rules, modular forms, and algebraic quantum gravity, bridging abstract mathematics with physical theories like string theory and topological quantum computing."
152,Causal Inference in Biomedical Exposure Studies,"This topic explores the application of advanced statistical methods—such as propensity score matching, generalized estimating equations (GEE), and structural equation models—to analyze causal relationships between environmental exposures (e.g., particulate matter, MDMA use) and health outcomes like asthma, cardiovascular events, or HIV progression. Key methodologies include mixed-effects modeling, semiparametric inference, and machine learning-based estimators to account for confounding biases from covariates such as age, climate factors, and political interventions. Research often employs longitudinal cohort designs, randomized trials, or observational data to estimate treatment effects while mitigating unmeasured confounders (e.g., via DAGs or SAEM). Applications span public health policy, personalized medicine, and environmental epidemiology, with a focus on translating causal evidence into actionable interventions for untreated patient populations."
153,Algebraic Cluster Theory and Quiver Representations,"This topic explores the interplay between cluster algebras, quiver representations, and combinatorial structures to study rigidity, tameness, and categorical properties in algebraic geometry. Key methods include using Dynkin diagrams, Coxeter groups, and mutation operations on quivers to model cluster variables and their dependencies, often leveraging enriched categories like tilting modules or Grassmannians for geometric interpretations. Applications span the classification of finite-dimensional algebras (e.g., Leonard series), the study of Poisson structures on moduli spaces, and the development of combinatorial invariants in quantum groups and toric varieties, bridging abstract algebra with representation theory and algebraic geometry."
154,Decentralized Robotic Network Dynamics,"This topic focuses on the study of autonomous robotic systems operating in distributed, networked environments where coordination occurs without centralized leaders or global observers. Key research revolves around developing nonsmooth dynamical control laws and optimization strategies to achieve consensus, synchronization, or formation tasks despite communication delays, unsteady feedback, or event-triggered updates. Methods include leaderless consensus protocols, spanning-tree-based enclosing mechanisms, and Moreau envelope techniques for handling abrupt changes in agent behavior. Applications span real-time robotic rendezvous missions, adaptive cluster formations in swarm intelligence, and robust optimization under dynamic network topologies to enhance resilience in multi-agent robotic systems."
155,Topological Quantum Field Theory and Categorical Defects,"This topic centers on the study of topological quantum field theories (TQFTs) and their deep connections to categorical structures, including ribbon categories, Hopf algebras, and modular data, often explored through algebraic frameworks like noncommutative algebras or fuzzy manifolds. Key methods involve constructing invariants via Turaev-Viro or Witten’s approaches, leveraging topological defects, gapped phases, and symmetry operations to classify systems on manifolds or string-theoretic backgrounds. Applications span condensed matter physics (e.g., anyonic systems), mathematical physics (e.g., quantum field theory categorification), and defect algebras in gauge theories, bridging abstract algebra with geometric and physical interpretations of quantum phenomena."
156,Planetary Dynamics and Hamiltonian Systems,"This topic explores the mathematical foundations of celestial mechanics, focusing on the study of planar and spherical bodies under gravitational influences using Hamiltonian and Lagrangian frameworks. Key methods include analyzing meromorphic functions, homoeomorphisms, and periodic orbits to model planetary motions, librations, and collisionless configurations like asteroid dynamics or moons orbiting planets. Research often employs numerical integrators (e.g., Sundman’s method) and optimization techniques to determine stable equilibria, apsidal motion, or tidal effects in solar systems, with applications ranging from predicting orbital stability of exoplanets to understanding rigid-body gyroscopic motions in space missions. Suslov’s and Saari’s contributions highlight advanced geometric and algebraic approaches to solving nonlinear dynamical problems, while tidally induced perturbations and Hamiltonian constraints shape modern efforts in planetary science and astrodynamics."
157,Multiscale Nonnegative Tensor Decomposition for EEG Data,"This topic revolves around advanced tensor-based decomposition techniques applied to electroencephalography (EEG) data, particularly focusing on nonnegative matrix/tensor factorizations like NMF and Tucker decompositions. Key methods include empirical mode decomposition (EMD), sawtooth-based IMFs, and multiway tensor folding for dimensionality reduction while preserving signal integrity. Algorithms such as alternating least squares (ALS), gradient-based optimization, and multigrid approaches are often used to efficiently handle high-dimensional EEG arrays, enabling low-rank approximations and predictive modeling. Applications span source separation in brain activity, compression of neural data, and feature extraction for predictive analytics in neuroscience research."
158,Josephson-MHD Flux Dynamics in Rotating Magnetic Systems,"This topic centers on the interplay between Josephson junctions, magnetohydrodynamics (MHD), and rotating magnetic fields to study fundamental fluid dynamics under complex boundary conditions. Key methods include solving compressible/incompressible MHD equations with non-glancing flux retention in Josephson devices, leveraging numerical techniques like the Hele-Shaw wedge model and fractional calculus approaches (e.g., QL, LQE2N1) to analyze pressureless or resistive regimes. Applications span electrokinetic magnetohydrodynamic devices, rotating plasma physics, and global solvability of nonlinear PDEs (e.g., Strichartz-type solutions), with special attention to helicity conservation in turbulent flows and initial-value problems for Landau-Lifshitz equations. Researchers often explore Blokhin’s wedge configurations or Burgers’ gas dynamics to model directional magnetic field effects, bridging theoretical advances with experimental validation in superconducting junctions."
159,Evolutionary Demographic Genetics of Neutral and Selected Traits,"This topic examines the interplay between genetic evolution, population dynamics, and demographic processes through mathematical models and coalescent theory. Researchers focus on neutral versus selected alleles, birth-death rates, and fitness-driven speciation while analyzing genealogy and linkage disequilibrium across species or populations. Key methods include matrix-based population genetics, Perron-root analysis of fitness landscapes, and stochastic simulations (e.g., Fleming’s diffusion models) to study mutation-selection balance under evolutionary pressures like Cushing-like feedbacks in reproductive dynamics. Applications span conservation biology, human genetics, and synthetic evolution, where neutral processes (e.g., YICANG loci) and adaptive selection (e.g., trait distributions) shape long-term genetic diversity and species divergence."
160,Tropical Algebraic Geometry and Its Applications,"This topic centers around the study of tropical algebraic geometry, where polynomial systems are analyzed via tropicalization—transforming classical algebraic varieties into discrete structures like polytopes or amoeba graphs—to solve problems in enumerative geometry, moduli spaces, and combinatorial algebra. Key methods include using Gröbner bases (e.g., Billera–Grobner), tropical ideals, and the Nullstellensatz to derive combinatorial invariants of algebraic varieties, often bridging real-analytic geometry (Berkovich spaces) with computational algebraic theory. Applications span phylogenetic analysis (trees as tropical polytopes), enumerating solutions to polynomial systems via tropical fans or supertropical algebras, and studying moduli of curves or hypersurfaces through combinatorial intersection theory. The interplay between classical and tropical methods—such as Pappus’s theorem in tropical geometry or the Hurwitz problem for meromorphic maps—enables novel insights into both algebraic and geometric invariants."
161,Algebraic Web Structures and Tensor-Based Reductions,"This topic centers on the study of algebraic structures formed by tensors, subwebs, and related combinatorial systems, particularly focusing on their reductive properties and projective symmetries. Key methods include tensor algebra, bilinear/biquadratic forms, and symbolic manipulation via Berenstein-Zelevinsky-style expansions or Ore algebras, often leveraging permutation-based multiplicativity. Research explores conditions for linearizability (e.g., Selberg’s expectations, Waring-type decompositions) and the identification of rank-constrained subspaces within hypervector spaces, such as those in expander graphs or matrix crystals. Applications span computational algebraic geometry (implicitization, bilinear identities), operator theory (sesquilinear forms, virtual submodules), and quantum information (entanglement promotion via tensor products). The interplay between multiplicities, commutation relations, and geometric signatures—such as those in multihomogeneous webs—drives both theoretical advances (e.g., unconditionality of bases) and practical algorithms for identifiability in symbolic computation."
162,Garside–Sandpile Group Theory,"This topic centers on the study of finite and infinite groups with a focus on Garside theory, particularly its applications in group presentations, rigidity, and combinatorial structures like Cayley graphs. Key methods include the use of idealizers, radical subgroups, and conjugacy classes to analyze group decompositions, often leveraging properties such as indecomposability or integrality within graph-theoretic frameworks (e.g., sandpile models). Applications span algebraic combinatorics—such as Rubik’s cube-like problems—and the classification of finite simple groups (e.g., M22), while also intersecting with permutation group theory and cofinite subgroup analysis. The interplay between abstract algebra, graph theory, and computational methods (like Cayley tables or power series) drives advances in understanding both abstract group structures and their algorithmic representations."
163,Nonlinear Wave Scattering in Complex Media,"This topic explores the propagation and scattering behavior of waves—primarily electromagnetic, acoustic, or optical—in disordered, inhomogeneous, or engineered media where perturbations, resonances, and structured obstacles disrupt standard linear wave theory. Key methods include pseudodifferential techniques, adiabatic approximations, and numerical solutions via finite-element or waveguide-based simulations to analyze phenomena like impedance mismatches, stratified layer refraction, and metamaterial-induced cloaking effects. Applications span advanced materials science (e.g., phononic/plasmonic resonators), underwater acoustics for obstacle avoidance in marine systems, and optical cloaking for subwavelength manipulation of light, bridging theoretical wave physics with practical engineering challenges such as soundproofing or energy transmission optimization."
164,Graph Theoretic Attack Strategies,"This topic explores offensive and defensive graph-theoretic concepts where pebbling, domination, and alliance-based strategies are analyzed to disrupt or control graph structures. Key methods include studying directed graphs through paired vertex interactions, total dominating cover problems (DCP), and Roman numeral-based subversion techniques in graph theory. Applications span computational complexity, network security, and combinatorial optimization by modeling adversarial influence propagation within vertices and edges, often framed as 'offensive' or 'defensive' strategies to maximize/minimize reachability or domination metrics like diameter and number of dominating sets."
165,Complex Analysis Domain Theory,"This topic focuses on the mathematical study of complex domains—specifically their pseudoconvexity, holomorphic structures, and boundary behaviors—using techniques from pluripotential theory, complex geometry, and analysis. Key methods include analyzing plurisubharmonic functions, pluripolar sets, and Kobayashi metrics to characterize domains within hyperbolic spaces or Euclidean settings while addressing singularities, semicontinuity properties, and regularity conditions. Applications span harmonic function theory, the Fefferman–Horn theorem, and construction of holomorphic bumping functions, with broad implications in complex analysis, differential geometry, and mathematical physics."
166,Conformal Field Theory Foundations,"This topic centers on the mathematical framework of conformal field theories (CFTs), emphasizing their algebraic structures, modular invariants, and quantum correlations under conformal transformations. Key methods include studying coset constructions, Virasoro algebra representations, and superconformal extensions via OSP-algebras, while exploring both classical and quantum aspects through correlation functions and scattering amplitudes. Applications span lattice gauge theories (LQG), integrable systems, and the study of critical phenomena in statistical mechanics, with deep connections to string theory, mirror symmetry, and topological quantum field theories."
167,Algebraic Number Sequence Theory,"This topic explores the mathematical foundations of integer-valued sequences, particularly those derived from recursive relations, polynomial coefficients, and combinatorial structures. Key methods include analyzing Fibonacci-like, Pell-Lucas, Tribonacci, and generalized recurrence sequences through formal algebraic manipulations—such as substitution, convolution, and subresultant polynomials—to uncover hidden patterns like root densities or combinatorial correlations. Applications span number-theoretic properties (e.g., golden ratio approximations), Diophantine equations, and cryptographic constructions, often leveraging symbolic computation frameworks (e.g., Riordan arrays, Buzzati sequences) to study both classical and modern numeral systems, including their historical origins in Arabic numerals and recursive string-based representations."
168,Langlands–Shimura Varieties and Modular Structures,"This interdisciplinary field explores the deep connections between algebraic geometry—particularly Shimura varieties, abelian varieties, and modular forms—and number theory through the Langlands program. Key methods include studying unramified and ramified structures via Serre’s cohomology theories, Fontaine’s p-adic analysis, and Tate’s motives, while leveraging Hilbert’s 10th problem (Hilb) and Manin’s models to construct arithmetic loci. Applications span automorphic forms, supersingular curves, and the classification of threefolds under Calabi–Yau conditions, with implications for conjectures like Kottwitz’s PP conjecture and Bost’s non-Archimedean Langlands program. The interplay between algebraic geometry (e.g., Mumford’s GIT) and number theory (e.g., Siegel modular forms) drives advancements in both pure and applied mathematics."
169,Multiscale Multifunctional Analysis Systems,"This topic centers on the development and application of advanced mathematical frameworks combining multiresolution analysis, wavelet-based methods, and orthogonal/orthonormal frame theory to study signals, functions, and data across multiple scales. Key techniques include wavelet packet decompositions, B-spline and Besov space refinements, Hankel and Hilbert transforms, and specialized operators like shearlets or bandlets for enhanced frequency-domain resolution. Multifractal analysis, radial basis function (RBF) interpolations, and synchrosqueezed transforms are often employed to extract intricate structural patterns in complex systems—such as biomedical signals (e.g., ECG), financial time series, or multifractal processes—while addressing challenges like estimation variance, frame theory constraints, and cross-scale coherence. Applications span signal processing, inverse problems, and functional analysis, with recent innovations bridging wavelet-based methods with deep learning frameworks for adaptive data-driven modeling."
170,Stochastic Geophysical Flow Dynamics,"This topic focuses on the mathematical modeling of geophysical fluid flows under stochastic forcing, emphasizing incompressible turbulence and scale-dependent behaviors in rotating systems. Key methods include solving Navier–Stokes equations with white noise or random forcing to study phenomena like enstrophy dynamics, vorticity transport, and baroclinic instability across 2D/3D settings. Advanced techniques such as upwind schemes, Markov processes, and martingale-based approaches are applied to analyze stochastic turbulence, uniqueness of solutions, and ergodicity in driven flows, with applications ranging from wind-driven oceanography to atmospheric shear layers. The interplay between geostrophic balance, random noise, and nonlinear interactions drives research into transport properties, RMS speeds, and the impact of mild perturbations on large-scale dynamics."
171,Gevrey-class transcendence theory,"This topic centers on the study of entire and meromorphic functions exhibiting oscillatory behavior within Gevrey-class frameworks, particularly focusing on their transcendental nature and quasianalytic properties. Key methods include analyzing coefficients via polynomial arrangements, differential equations with oscillatory solutions (e.g., Sturm–Liouville theory), and the application of transcendence theorems—such as those by Shidlovsky or Herman—to determine growth orders and zero distributions. The interplay between entire functions, trigonometric oscillations, and pseudoanalytic structures often involves solving transcendental equations, with applications in complex analysis, differential geometry (e.g., Vekua’s equations), and number-theoretic aspects like Mahler measure. Researchers also explore connections to quasianalyticity, hypergeometric series, and the annihilation of solutions by specific operators, bridging classical analysis with modern functional analysis techniques."
172,Phylogenetic Tree Construction & Evolutionary Network Analysis,"This topic centers on the mathematical and computational methods used to reconstruct evolutionary histories from genetic, protein, or RNA sequences, emphasizing phylogenetic trees, branching patterns, and speciation models. Key approaches include maximum likelihood, distance-based neighbor-joining, and Bayesian inference (e.g., MCMC), often applied via algorithms like Fitch or quartet methods. Advanced techniques such as rooted/rootless tree reconstruction, tanglegram analysis, and network-based phylogenetics (e.g., trinet, quartet trees) bridge traditional trees with alternative evolutionary models like reticulate histories. Applications span genomics, species diversification studies, and comparative biology, while computational challenges involve handling high-dimensional sequence data, automata-theoretic optimizations (e.g., tries, CSD), and integration of molecular evolution metrics (e.g., Kimura distance, ln-likelihood)."
173,Ramsey-Theoretic Graph Coloring,"This topic centers on the study of Ramsey-type results applied to graph coloring, particularly focusing on monochromatic structures within large graphs and their implications for chromatic number estimation. Key methods include analyzing dichotomic partitioning, Latin squares, and metric-based bounds (e.g., using Gallai’s inequalities or Erdős–Szekeres-style extensions), often leveraging subcube decompositions or geometric graph theory to derive tight bounds on rainbow or chromatic numbers. Applications span combinatorial logic, extremal graph theory, and computational complexity, with notable connections to Ramsey-type problems in hypergraphs and finite geometry, as seen in works by Erdős, Gallai, and others, while also exploring log-based probabilistic methods for approximating coloring sizes."
174,Noncommutative frame theory in operator algebras,"This topic explores mathematical structures where noncommutative algebras of operators, often defined over Hilbert spaces or tori, serve as frameworks for analyzing frames and frame expansions. Key methods include constructing biframes, studying tightness and overcompleteness conditions, and examining random source models with controlled erasures to ensure invertibility and Parseval-like identities. Applications span signal processing via wavelet theory, noncommutative tensor modules in quantum information, and Krein-space analysis where positive operators and rank constraints define novel operator spaces. The interplay between Weyl algebras, Gabor systems, and fusion categories further enriches the study of algebraic structures that generalize classical frame theory to noncommutative settings."
175,Advanced Multizeta Theory and Special Sums,"This topic centers on the study of multizeta values, polylogarithmic functions, and their deep interrelations with number-theoretic series, combinatorial structures, and analytic functions. Key methods include the exploration of alternating sums, binomial coefficient relations, and connections to Bernoulli and Genocchi polynomials via adic techniques or motivic formalisms. Researchers employ advanced algebraic structures like associators (e.g., in Kac–Moody algebras) and harmonic polylogarithms to derive closed-form formulas for complex series, such as those arising from shuffle products or multiple zeta values with Hurwitz parameters. Applications span deep number theory—including Wolstenholme’s conjectures, the Bernoulli–Clausen problem—and connections to physics (e.g., via Kac–Zamolodchikov associators) and algebraic geometry (e.g., motivic integrals). The interplay between these ideas often involves templates for generalizing special functions like Barnes G-functions or Schur polynomials."
176,Online Multi-Armed Bandit Optimization,"This topic centers on the study of sequential decision-making algorithms in environments where agents must balance exploration and exploitation to maximize long-term rewards, often framed as a 'restless bandit' or 'multi-channel allocation' problem. Key methods include stochastic gradient descent, Thompson sampling, UCB (Upper Confidence Bound) variants, and regret-minimization techniques, with extensions like regularized penalties for stability in high-dimensional spaces. The field draws heavily from classical works by Mosteller, Gilbert, and Fama while integrating modern insights into portfolio theory (Markowitz), reinforcement learning, and adversarial search. Applications span recommendation systems, dynamic resource allocation, clinical trial optimization, and financial asset management, where real-time decision policies must adapt to evolving data distributions or adversarial feedback channels."
177,Fuzzy Metric Contraction Theory,"This topic centers on the study of fuzzy metric spaces, multivalued mappings, and contractive or Lipschitzian functions within mathematical analysis. Key methods include exploring fixed-point theorems in generalized Banach spaces (e.g., using Caristi’s or Shahzad–Beckman variants), analyzing semigroup-based contractions, and applying Urysohn’s continuity principles to fuzzy sets. Applications span fuzzy logic systems, multivalued dynamical systems, and optimization problems where convexity and openness conditions are critical for convergence proofs. Themes like quasi-continuous mappings, metric-quasi-metric interrelations, and Feller-type properties also play a role in characterizing solvability of functional equations under relaxed assumptions."
178,Isomonodromic Painlevé–Calogero Systems,"This topic centers on the study of isomonodromic deformations and Painlevé-type equations, particularly those arising in integrable mathematical physics. Key methods include constructing isomonodromic families of differential equations—such as the Painlevé VI system and its variants (e.g., biconfluent or Calogero–Sutherland models)—and exploiting their symmetry properties via Weyl’s theory or Hamiltonian structures. The analysis often employs techniques like the Lax pair formulation, Riccati transformations, and hypergeometric solutions to explore their universal algebraic and geometric properties. Applications span soliton theory, quantum integrable systems (e.g., Toda chains), and connections to mirror symmetry in string theory, with recent work bridging Painlevé equations to quantum groups and topological field theories."
179,Strategic Social Network Dynamics,"This topic explores the interplay between strategic decision-making, linguistic communication, and evolving social networks in multi-agent systems. Key methods include modeling interactions as game-theoretic frameworks (e.g., Nash equilibria) combined with network analysis to study voting behaviors, opinion formation, and coalition dynamics under conditions of information asymmetry or suppression. Applications span political science (e.g., minority influence, electoral alliances), economics (e.g., payoff-driven agent behavior in online markets), and computational linguistics (e.g., linguistic code-switching in social surfer-agent models). The focus often lies on how localized or global network structures shape collective outcomes, including consensus formation, rumor propagation, and the evolution of cultural or economic norms across heterogeneous participants."
180,Quantum Disordered Spectral Analysis in Random Systems,"This topic examines the mathematical properties of quantum mechanical systems with random potentials or disordered environments, focusing on spectral localization phenomena—how energy eigenfunctions spread or collapse due to disorder. Key methods include analyzing Anderson-type models and using adjoint operators, fractional calculus (e.g., 1/2-th order), and tiling-based approaches to study spectral gaps, boson-fermion transitions, and the Thouless conductance in disordered alloys. Applications span condensed matter physics, quantum chemistry, and statistical mechanics, particularly in understanding transport properties, Zeno effects, and emergent quantum states in spatially random systems like chemical alloys or disordered superconductors."
181,Bacterial Genome Clustering Methods,"This topic explores advanced mathematical and computational techniques—such as hierarchical clustering, spectral analysis, and self-organizing maps—to analyze and interpret bacterial genomic data. Researchers focus on developing robust algorithms for distinguishing mixed populations, identifying outliers in pooled samples, and estimating covariance structures within genomes using methods like ultrametricity or empirical distance matrices. Key applications include reconstructing evolutionary relationships, validating pseudocubes and pseudosquare decompositions of genomic distances, and improving clustering consistency across diverse bacterial species. The field integrates statistical regression, eigenvector decomposition, and time-series analysis (e.g., Ohlc-based approaches) to refine clustering accuracy in high-dimensional datasets while addressing challenges like subspaces and hierarchical pose estimation."
182,Plurisubharmonic and Complex Geometry Analysis,"This topic centers on the study of plurisubharmonic functions, their interplay with complex manifolds, and advanced techniques from pluripotential theory to derive regularity estimates. Key methods include solving Codazzi equations, leveraging Ampère-type conditions (e.g., in quaternionic or hermitian settings), and analyzing solutions via LERD-type operators or hyperconvex metrics on multi-valued fields. Applications span entire complex analysis, quaternionic geometry, and the resolution of pluripotential problems—such as those involving Mills’ masses or Mah’s Hessian bounds—to achieve improved regularity in parabolic or pluricomplex settings."
183,Finslerian Geometry and Non-Riemannian Sprays,"This topic explores advanced geometric structures beyond classical Riemannian manifolds, focusing on Finsler spaces—non-Euclidean geometries defined by a positive-definite scalar function (the Finsler metric) on tangent bundles. Key research revolves around analyzing asymmetry in metrics via indicatrices and curvature properties like Berwald or Randers conditions, often examining violations of symmetry assumptions to study geodesic behavior and global geometric constraints. Methods include perturbative analysis of Finsleroids (generalized Finsler manifolds), asymptotic studies of curved spaces with nullity or isotropic tangents, and the construction of conformal or projective transformations (e.g., via Grifone’s spray calculus). Applications span differential geometry’s foundational questions—such as the existence of geodesics in punctured or asymptotically flat Finsler manifolds—to modern physics-inspired models like Minkowski-like sprays in non-Euclidean settings, bridging pure mathematics with applied computational geometry."
184,Nonlocal Phase Field Modeling in Porous Media Flow,"This topic centers on mathematical frameworks combining Freidlin’s stochastic methods with phase-field approaches to study nonlocal dynamics in porous media, particularly in systems exhibiting anharmonic energy landscapes. Key research focuses on variational solutions of hyperbolic and parabolic equations governing heat conduction, diffusion, and viscous flow through microgeometries like porous or capillary networks, often incorporating boundary conditions (e.g., Newtonian or axisymmetric). The interplay between macroscopic phase transitions—such as in Cahn-Hilliard or Allen-Cahn models—and microscopic phenomena (e.g., swimmer mobility, dune formation) drives investigations into morphodynamics, energy conservation laws, and nonlocal diffusion processes. Applications span filtration, capillary film dynamics, and reactive flow in heterogeneous media, with rigorous validation via numerical solutions (e.g., ε-expansion methods) and corroboration through experimental or computational benchmarks like the Wentzel-Freidlin law or Zumbrun’s stability criteria."
185,Differential Operator Theory with Boundary Conditions,"This topic focuses on the mathematical study of selfadjoint, spectral, and integro-differential operators—particularly those arising in scattering theory, wave propagation, and quantum mechanics—with emphasis on boundary-value problems. Key methods include the use of Sturm–Liouville theory, Weyl’s trace formula, and Marchenko operator techniques to analyze eigenvalues, potentials, and scattering amplitudes. The interplay between spectral analysis (e.g., via Liouville-type equations) and inverse problems (e.g., recovering conductivity or differential operators from data) drives much of the research, often leveraging adjoint operators and boundary conditions to ensure uniqueness in solutions. Applications span physical phenomena like electromagnetic wave propagation, quantum chaos, and nonlocal diffusion models, with connections to numerical methods (e.g., finite-difference schemes) and functional analysis."
186,Complex Bessel Function Analysis in Asymptotic Geometry,"This topic centers on the mathematical study of complex Bessel functions and their specialized expansions, particularly focusing on asymptotic behaviors, series representations, and integral transforms. Researchers explore advanced techniques like linearization, elliptic function transformations, and high-order polynomial approximations (e.g., Airy, Struve, Sonine) to analyze zeros, coefficients, and convergence properties in multidimensional contexts—such as cylindrical and planar geometries. Applications span wave propagation in optical systems (e.g., Talbot effects), fluid dynamics, and quantum mechanics, where complex exponentials and modified Bessel functions model scattering, resonances, and boundary-value problems. The interplay of azimuthal symmetry, hypergeometric series expansions, and numerical methods (like the 6j-symbols or Laplace transforms) drives innovations in solving ill-posed problems with fractional freedoms and high-dimensional asymptotics."
187,Backward Stochastic Differential Equations with Discontinuities,"This topic focuses on the mathematical study of backward stochastic differential equations (BSDEs) and their extensions, particularly those incorporating discontinuities such as floors, wedges, or terminal constraints. Key methods include developing rigorous frameworks for solving degenerate BSDEs—where integrands may depend nonlinearly on the solution—and exploring solutions in spaces like martingale problems with discontinuous paths. Applications span financial mathematics (e.g., pricing exotic options under stochastic volatility and jumps) and probability theory (e.g., existence/uniqueness results via contour integration or probabilistic representations). Reflected BSDEs, doubly stochastic processes, and their numerical approximations also play central roles in advancing these theories."
188,Quantum Algebraic Structures in Noncommutative Calculus,"This topic centers on the study of advanced algebraic structures—particularly noncommutative, bialgebraic, and quantum algebras—that arise in both classical and quantum dynamical systems. Key methods include the exploration of Yangian symmetries, twist operators, and their connections to Lie superalgebras (SL) and associated representations, often leveraging techniques from Jordanian and dendriform algebra. Researchers apply these structures to solve problems in mathematical physics, such as solving oscillator problems via noncommutative calculus or constructing quantum field theories using bialgebraic Hopf algebras. The interplay between algebraic geometry, operator theory, and combinatorial methods (e.g., via Cayley tables, Dickson polynomials) further enriches the analysis of these systems, with applications ranging from integrable models to superalgebraic deformations."
189,Isogeometric spline interpolation methods,"This topic focuses on the study of orthogonal, polynomial-based spline and spline-related techniques—particularly in ortholattices and their substructures—for approximating functions across univariate, bivariate, or multivariate domains. Key research revolves around constructing interpolants via Hermite, Padé, or discrete interpolation schemes (e.g., DQIS), leveraging structured polynomial representations like NURBS or spline bases to ensure smoothness, conformance, and error control. Applications span computational geometry, spectral analysis, and geometric modeling, with experimental validation often employing statistical methods for assessing conditionally supersmooth approximations in high-dimensional spaces. Algorithmic innovations include subdivision techniques, kernel-based interpolation, and implicitization approaches (e.g., via leq12k or CP rules), bridging theoretical orthogonality with practical computational pipelines."
190,Kinetic Plasma Physics and Stability Analysis,"This topic focuses on the mathematical and physical study of collisionless plasma dynamics, particularly in magnetized environments, using Vlasov-Poisson-Gordon frameworks. Key methods include deriving kinetic equations (e.g., relativistic Vlasov, Dirac-Fock-Dinger approximations) to model electron-ion interactions, energy functionals for stability analysis, and solving Maxwell’s equations with external fields or vacuum conditions. Applications span plasma physics—such as fireballs, laser-plasma interactions, and magnetized collisionless plasmas—to theoretical advancements like global solutions in kinetic theory, Boltzmann cutoff effects, and quasineutrality. Research often employs functional methods (e.g., Zakharov’s equations) to analyze stability across fermionic states, relativistic energy distributions, and charged particle evolution in external magnetic fields."
191,Advanced number-theoretic combinatorics with polylogarithmic structures,"This topic explores deep interconnections between polylogarithms, binomial coefficients, and Catalan numbers within the study of squarefree integers, modular arithmetic, and exceptional cases in number theory. Key methods include analyzing residues, congruences, and factorization properties (e.g., via Smith’s algorithm or Jordan’s canonical forms) to derive asymptotic behaviors or exact formulas for sums involving binomial coefficients modulo primes. Applications span Diophantine analysis, analytic number theory, and the study of adic structures, often leveraging techniques from combinatorial generating functions (like those in Cathelineau-Elbaz’s works) to bridge algebraic geometry with classical arithmetic. The focus on exceptions—such as non-standard pair sums or equivariant properties—highlights how subtle structural deviations reveal new insights into multiplicative number theory and its connections to representation theory."
192,Hypercomplex Algebraic Structures in Analysis,"This topic explores advanced algebraic frameworks rooted in quaternions, octonions, and their extensions (e.g., bicomplex, biquaternion, Clifford, and Dickson algebras) as foundations for analyzing mathematical functions, modules, and spaces. Key methods include studying holomorphic, hyperanalytic, and pseudoscalar properties within these systems—often intersecting with Schrödinger/Dirac equation formulations or signal processing applications. Foundational works in category theory, nilpotent/idempotent elements, and Shilov/Gelfand analysis are central, alongside transform-based techniques (e.g., Bargmann spaces) to model augmented transformations and analytic potentials. The interplay between algebraic structures like Cliffordian slices and hypercomplex modules bridges pure mathematics with applied fields such as quantum mechanics, differential geometry, and computational signal theory."
193,Iterative Methods in Nonconvex Optimization,"This topic focuses on the development and analysis of iterative algorithms—particularly those leveraging linearization, nonexpansive mappings, and fixed-point theory—to solve problems involving convex and nonconvex optimization over Banach spaces. Key methods include proximal algorithms, resolvent-based techniques (e.g., Bauschke’s or Mann’s), and hybrid approaches like asynchronous or accelerated variants (such as the Anderson acceleration framework). Theorems from Ruellé, Halpern, and Bregman often underpin convergence guarantees, while variational and hemivariational formulations bridge functional analysis with geometric optimization. Applications span machine learning (e.g., BAM methods), image processing (proximal mappings for regularization), and discrete geometry (circumcentered projections in nonconvex settings)."
194,Motivic cohomology and algebraic geometry foundations,"This topic centers on the study of motivic integration, its formal relationships with classical cohomology theories (such as Morava K-theory or Batyrev’s constructions), and their applications in algebraic geometry. Key methods include the use of motivic spectra, equivariant homotopy theory, and constructible sheaves to develop a unified framework for computing integrals over varieties, often leveraging Grothendieck’s schemes and Voevodsky’s higher category-theoretic tools like stacky or bivariant settings. Theories by Wirthmüller, Fausk, and Edidin refine these ideas under weakened conditions (e.g., homotopy invariance or spectral sequences), while connections to cobordism theories (Landweber, Lawson) and Witt rings bridge algebraic geometry with stable homotopy groups. Applications span from computing Chow ring integrals via motivic cycles to resolving ‘inconvenient’ obstructions in equivariant cohomology, exemplified by Adams-style operations on spectra or the role of loop spaces in formal theories."
195,Disordered Polymer Physics and Critical Phenomena,"This topic explores the statistical mechanics of disordered polymer systems, emphasizing how randomness in molecular environments—such as quenched or annealed disorder—affects their phase transitions, critical behavior, and emergent properties. Key methods include renormalization group (RG) analyses, directed polymer models (e.g., KPZ universality), and numerical simulations (e.g., Monte Carlo or Brownian walk-based approaches) to study interfaces, pinning effects, and multifractal fluctuations in systems like amyloid fibrils or prion proteins. Applications span soft-matter physics, statistical mechanics of complex polymers, and biological processes where disorder-driven transitions—such as solvent-induced conformational changes—drive phase separation or criticality, bridging theoretical mathematics with experimental polymer science."
196,Chaotic billiard dynamics in polygonal containers,"This topic explores the qualitative behavior of particle trajectories within closed, often irregularly shaped billiard tables—specifically polygons or their generalizations (e.g., annuli, quadrics)—where collisions follow deterministic reflective laws. Key research focuses on the bifurcations between periodic, chaotic, and dispersing orbits, particularly how initial conditions, table geometries (like elliptical or convoluted barriers), and physical constraints (such as rough surfaces or magnetic fields) induce instability, fractal caustics, or emergent scattering patterns. Methods include symbolic dynamics, Poincaré maps, numerical simulations of orbits, and analytical techniques like the Toda lattice or Birkhoff’s convexity theory to classify unstable ‘islands.’ Applications span from fundamental mathematical questions about ergodicity versus integrability to engineering (e.g., aerodynamical swimmers) and astrophysics (e.g., celestial scattering), where such systems model confined particle interactions, phase transitions, or wave propagation in confined media."
197,Graph-theoretic connectivity and spectral analysis,"This topic explores fundamental properties of graphs through combinatorial, algebraic, and geometric methods, focusing on connectivity metrics like Wiener index, eccentricity, and bond characteristics. Key research revolves around planar graph structures, triangulation techniques, and the application of spectral graph theory (e.g., Laplacian eigenvalues) to analyze clustering, rootings, and unicyclic/acyclic components. The study integrates advanced combinatorial methods such as Laman’s conditions or Kirchhoff’s matrix-hereditary criteria with computational approaches like pseudo-randomized search algorithms for indexing and searching in graph databases. Applications span network science, molecular chemistry (e.g., tricyclic structures), and topological data analysis, where these insights enable the classification of complex systems while addressing ambiguities in structural representations."
198,Multivariate Dependence Structures,"This topic explores statistical methods for analyzing complex dependencies among multivariate random variables, emphasizing nonparametric and semiparametric approaches. Key focus areas include copula-based modeling—particularly bivariate and higher-order copulas—to capture dependence structures while preserving marginal distributions, alongside techniques like vine copulas and mutual information measures to handle intricate relationships in spatial or financial data. Exchangeability, quasi-independence, and imprecise quantile estimation are central concepts, often leveraging upcrossing counts or Kendall’s tau for robust dependence assessment. Applications span asset pricing, spatial statistics, and predictive modeling where marginal independence is insufficient to describe true covariances or dependencies, with methods like conditional estimators and semiparametric approaches bridging theoretical rigor and empirical feasibility."
199,Topological Knot Theory and Geometric Manifold Structures,"This research domain explores the deep interplay between knot theory, geometric topology, and high-dimensional manifolds, with a focus on classifying knots and higher-genus structures via algebraic, combinatorial, and geometric methods. Key techniques include Heegaard splittings, Floer homology, triangulations, and Seifert surfaces, often applied to closed or orientable manifolds of varying genus. The study emphasizes branched coverings, contact geometry, and automorphisms—such as isotopy and surgery—to analyze knots, links, and their embeddings in spheres or higher-dimensional spaces. Applications span knot invariants (e.g., Seiberg-Witten Floer theory), the classification of lens spaces via Goeritz diagrams, and the study of branched structures like plumbed manifolds, with implications for 3D topology, contact geometry, and even quantum field theory."
200,Differential Privacy in Data Analysis Mechanisms,"This topic focuses on developing advanced statistical methods within differential privacy frameworks to preserve user data privacy while enabling meaningful analysis. Key research revolves around designing privacy-preserving algorithms—such as randomized response techniques (RRTS), selective sampling, and mechanism design—that balance utility and noise injection, often using polychotomous or chaotic transformations to thwart adversarial attacks. Surveys and interviews with participants inform model validation, while differential data transformation (e.g., via PCA or MRNG generators) ensures robustness in multi-agent coordination systems. Applications span database-driven research, signal optimization, and high-stakes testing like the false discovery rate (FDR), where guarantees of ε-differential privacy are rigorously tested against malleable information flows. The interplay between statistical estimation, selective filtering, and utility trade-offs drives innovations in secure data publishing, particularly in systems where adversarial or semi-honest agents exploit structural vulnerabilities."
201,Noncommutative Algebraic Structures in Graph-Theoretic Categories,"This topic explores the interplay between noncommutative algebras, graph-theoretic constructions (such as Leavitt path algebras and Krieger algebras), and categorical frameworks like FGLM schemes or liminal categories to study finite-dimensional graded rings, quivers, and their associated ideals. Key methods include constructing and analyzing Bratteli diagrams, Cuntz-Krieger algebras, and Morita equivalence classes of Dirings, often leveraging traces, nest algebras, and operator theory to classify primitive ideals and socle structures. Applications span representation theory, quantum groups, and topological quantum field theories, with a focus on finite-dimensionality, unital properties, and the study of sinks or sinks in quiver-based frameworks like flgee or fa schemes."
202,Nonlinear nematic fluid dynamics and phase transitions,"This topic explores the mathematical modeling of complex liquid behaviors, particularly nematic fluids—where rod-like molecules exhibit directional alignment—by analyzing their transition from isotropic to anisotropic phases under dissipative conditions. Key methods include the study of attractors in dynamical systems, such as the averaged Ericksen–Leslie equations, which integrate Navier-Stokes or Stokes transport laws with director-field interactions (e.g., Landau-de Gennes expansions and semigroup theories) for both compressible and incompressible flows. Research emphasizes unstable bifurcations, slip boundary conditions, and nonmonotonic energy dissipation, often through numerical timesteppers like ULoc methods to simulate phenomena such as crystal nucleation, quasicrystal formation, or snowpack extrusion under external pressures (e.g., the Saxton–Hunter ‘bottle effect’). Applications span materials science (e.g., anisotropic polymer crystals) and geophysical flows (fractured porous media), bridging theoretical predictions with empirical data like Sneddon’s ‘squirt flow’ or Muskat-Hunt phase separation models for dense multiphase transport."
203,Optimization via Split Inclusion Methods,"This topic focuses on the development and analysis of iterative algorithms for solving convex optimization problems, particularly those involving composite objectives or operator splitting techniques. Key methods include the use of monotone operators, maximal monotonicity, and parametric variational analysis, often leveraging frameworks like the Douglas-Rachford or Fejer steps to ensure convergence under conditions such as paramonotonicity or rectangularity. The inclusion of Bregman divergences and backward-forward splitting further refines these approaches for handling non-smooth and nonsmooth composite problems. Applications span machine learning, variational inequalities, and inverse problems in SIAM-style mathematical modeling, where efficient algorithms are critical for generating optimal solutions from complex data-driven constraints."
204,Nonlinear Soliton Dynamics in Hydrodynamic Systems,"This topic explores the mathematical modeling, analytical construction, and stability analysis of nonlinear wave solutions—particularly solitons and peakon-like structures—in systems governed by partial differential equations (PDEs) inspired by hydrodynamics, fluid dynamics, and quantum mechanics. Key methods include transforming classical equations like the Camassa–Gottwald or Degasperis–Ostrovsky models into solvable forms via Floquet theory, Peano curves, or variational approaches, often leveraging symmetries (e.g., PT symmetry) to preserve real spectra. The focus spans both solitary and multipeakonic solutions, their initial-value-driven collapse dynamics, and forbidden regions where classical stability fails, such as in torsional wave systems or nonlinear Schrödinger equations with dispersive barriers. Applications span fluid mechanics (travelling waves in shallow water), quantum physics (SUSY-inspired solitons), and engineering (blow-up phenomena in Boussinesq-type models)."
205,Compressive Phaseless Wave Imaging,"This topic focuses on the mathematical and computational methods for reconstructing wave-based images—such as optical, acoustic, or electromagnetic beams—from limited, noisy, or phaseless measurements. Key techniques include compressive sensing-inspired algorithms (e.g., iterative soft-thresholding, alternating direction method of multipliers) applied to phase-unwrapping problems in diffraction-limited imaging systems. Superposition principles and Gaussian beam modeling are central, often combined with Fourier-based recovery methods like the Fast Sparse Signal Tomography (FSST) framework or randomized geometric projections (RGPS). Applications span high-resolution microscopy, super-resolution optical retrieval, and fault detection in wave propagation through fractured media, addressing challenges like signal-to-noise ratios, amplitude ambiguity, and computational efficiency via optimization techniques."
206,Quasitransitive tournament graph theory,"This topic explores the mathematical properties of oriented graphs, particularly tournaments—fully connected digraphs with a single directed edge between every pair of vertices—and their extensions like quasi-tournaments or bipartite/alternating variants. Key methods include analyzing transitive closures, rank structures via ordinals or semidegree measures, and hereditary patterns (e.g., quadrangularity, emptyset-nested cycles) to study structural equivalence across graphs. Applications span combinatorial optimization (e.g., speed metrics in committee selection), competitive analysis (like Hajnal’s conjecture on bipartite tournaments), and nonstandard graph theory (transfinite ranks, ordinal-based invariants). The interplay between bijections, sign-preserving orientations, and matrix representations—such as those encoding tournament scores or feedback-avoiding patterns—drives both foundational research and algorithmic challenges in graph classification."
207,Nonassociative algebraic structures and geometric representations,"This topic explores mathematical frameworks centered on nonassociative algebras, quasigroups, gyrogroups, and related algebraic systems—particularly those exhibiting diassociativity or twisted associativity. Key methods include the study of associahedra, permutahedra, and cyclohedra as geometric realizations of associators and their variations, alongside combinatorial and graph-theoretic approaches (e.g., Latin squares, systolic inequalities). Applications span theoretical algebra (e.g., Maltsev conditions, oligomorphic groups) to computational geometry (e.g., systolic problems in diassociative structures), with connections to automorphic properties, conjugacy classes, and even physical phenomena like hysteresis. The interplay between algebraic axioms (such as those of Moufang or Smarandache isotopes) and geometric constraints—like the length of chains or power series—drives research into both abstract group theory and applied combinatorics."
208,Algebraic Semigroup Theory and Tropical Structures,"This topic explores the interplay between algebraic structures like semigroups, semirings, and subsemigroups—particularly in their combinatorial, geometric, and computational applications. Key methods include studying idempotent elements, factorizations, and growth properties of generated sets under operations such as cap (intersection) and union, often framed through tropical algebra or numerical analysis. Applications span formal game theory (e.g., Chomp), transportation problems, and the study of irrationality gaps in number-theoretic sequences, with connections to Weierstrass approximation theory and algebraic geometry via concepts like genus and saturation. Research also examines semifields, Frobenius structures, and denumerants within algebraic varieties, bridging abstract algebra with combinatorial enumeration and computational mathematics."
