subject,year,topic_id,doc_count,total_docs_year,proportion,top_words
cs,2000,0,0,488,0.0,"image, images, diffusion, quality, generation"
cs,2000,1,3,488,0.006148,"risk, financial, market, mining, double"
cs,2000,2,21,488,0.043033,"ai, research, their, these, has"
cs,2000,3,65,488,0.133197,"language, text, languages, tokens, translation"
cs,2000,4,8,488,0.016393,"search, retrieval, query, queries, information"
cs,2000,5,2,488,0.004098,"dataset, data, datasets, models, evaluation"
cs,2000,6,0,488,0.0,"compression, source, coding, rate, distortion"
cs,2000,7,109,488,0.223361,"concept, rules, model, semantics, based"
cs,2000,8,3,488,0.006148,"privacy, attacks, security, attack, detection"
cs,2000,9,0,488,0.0,"news, failure, detection, f1, recall"
cs,2000,10,0,488,0.0,"medical, clinical, imaging, brain, mri"
cs,2000,11,1,488,0.002049,"user, users, bias, recommendation, biases"
cs,2000,12,3,488,0.006148,"online, optimal, regret, cost, our"
cs,2000,13,0,488,0.0,"decoding, errors, decoder, error, encoder"
cs,2000,14,5,488,0.010246,"frequency, sparse, method, spectral, differential"
cs,2000,15,0,488,0.0,"design, hardware, co, uav, designs"
cs,2000,16,0,488,0.0,"product, chain, process, transformation, mode"
cs,2000,17,0,488,0.0,"feedback, side, layout, lms, lm"
cs,2000,18,3,488,0.006148,"robot, robots, real, motion, environments"
cs,2000,19,0,488,0.0,"sensing, localization, sensor, using, sensors"
cs,2000,20,2,488,0.004098,"optimization, gradient, convergence, function, loss"
cs,2000,21,0,488,0.0,"control, loop, soft, controller, stability"
cs,2000,22,2,488,0.004098,"trade, off, fl, quantization, latency"
cs,2000,23,1,488,0.002049,"question, decision, making, questions, interpretable"
cs,2000,24,45,488,0.092213,"be, can, not, it, or"
cs,2000,25,1,488,0.002049,"k, d, mathcal, g, kk"
cs,2000,26,0,488,0.0,"group, tree, box, pruning, black"
cs,2000,27,4,488,0.008197,"data, space, dimensional, embedding, analysis"
cs,2000,28,2,488,0.004098,"graph, graphs, edge, edges, vertex"
cs,2000,29,6,488,0.012295,"system, systems, devices, applications, based"
cs,2000,30,1,488,0.002049,"mobile, dialogue, location, coverage, mobility"
cs,2000,31,1,488,0.002049,"segmentation, semantic, clustering, image, images"
cs,2000,32,1,488,0.002049,"brain, biological, eeg, functional, evolutionary"
cs,2000,33,33,488,0.067623,"code, software, tool, tools, execution"
cs,2000,34,1,488,0.002049,"3d, object, point, our, scene"
cs,2000,35,12,488,0.02459,"scheme, key, based, schemes, block"
cs,2000,36,0,488,0.0,"neural, networks, network, deep, learning"
cs,2000,37,12,488,0.02459,"n, o, log, m, nn"
cs,2000,38,0,488,0.0,"time, uncertainty, series, causal, prediction"
cs,2000,39,0,488,0.0,"video, temporal, long, visual, modal"
cs,2000,40,1,488,0.002049,"communication, distributed, federated, local, protocol"
cs,2000,41,3,488,0.006148,"policy, state, safety, action, systems"
cs,2000,42,0,488,0.0,"memory, prompt, continual, new, incremental"
cs,2000,43,2,488,0.004098,"information, metric, distance, metrics, between"
cs,2000,44,6,488,0.012295,"model, models, distribution, estimation, sampling"
cs,2000,45,0,488,0.0,"rank, decomposition, tensor, low, mr"
cs,2000,46,0,488,0.0,"social, media, sentiment, conversational, online"
cs,2000,47,0,488,0.0,"training, adversarial, model, robustness, models"
cs,2000,48,8,488,0.016393,"model, dynamics, phase, between, study"
cs,2000,49,0,488,0.0,"learning, domain, supervised, self, training"
cs,2000,50,1,488,0.002049,"network, networks, nodes, node, structure"
cs,2000,51,5,488,0.010246,"quantum, classical, circuits, computing, circuit"
cs,2000,52,0,488,0.0,"agent, agents, multi, game, games"
cs,2000,53,0,488,0.0,"learning, reinforcement, rl, based, deep"
cs,2000,54,2,488,0.004098,"x, p, r, f, t"
cs,2000,55,0,488,0.0,"autonomous, driving, traffic, vehicle, vehicles"
cs,2000,56,19,488,0.038934,"matrix, logic, matrices, symbolic, order"
cs,2000,57,0,488,0.0,"noise, noisy, clip, negative, positive"
cs,2000,58,0,488,0.0,"models, language, tasks, large, reasoning"
cs,2000,59,0,488,0.0,"human, interaction, cognitive, participants, study"
cs,2000,60,0,488,0.0,"energy, power, consumption, routing, ad"
cs,2000,61,35,488,0.071721,"problem, algorithm, algorithms, problems, time"
cs,2000,62,0,488,0.0,"health, healthcare, dl, legal, patient"
cs,2000,63,33,488,0.067623,"functions, finite, class, which, set"
cs,2000,64,1,488,0.002049,"performance, while, efficient, model, accuracy"
cs,2000,65,2,488,0.004098,"features, feature, recognition, attention, information"
cs,2000,66,0,488,0.0,"channel, communication, channels, wireless, multiple"
cs,2000,67,1,488,0.002049,"speech, audio, end, recognition, music"
cs,2000,68,7,488,0.014344,"bound, bounds, lower, our, random"
cs,2000,69,0,488,0.0,"machines, counting, topological, persistent, captioning"
cs,2000,70,3,488,0.006148,"flow, fairness, physics, cell, boundary"
cs,2000,71,1,488,0.002049,"codes, code, binary, length, construction"
cs,2000,72,9,488,0.018443,"learning, classification, model, prediction, using"
cs,2000,73,0,488,0.0,"planning, path, paths, radar, plan"
cs,2000,74,2,488,0.004098,"resource, edge, cloud, heterogeneous, scheduling"
cs,2001,0,0,594,0.0,"image, images, diffusion, quality, generation"
cs,2001,1,4,594,0.006734,"risk, financial, market, mining, double"
cs,2001,2,57,594,0.09596,"ai, research, their, these, has"
cs,2001,3,38,594,0.063973,"language, text, languages, tokens, translation"
cs,2001,4,8,594,0.013468,"search, retrieval, query, queries, information"
cs,2001,5,0,594,0.0,"dataset, data, datasets, models, evaluation"
cs,2001,6,0,594,0.0,"compression, source, coding, rate, distortion"
cs,2001,7,62,594,0.104377,"concept, rules, model, semantics, based"
cs,2001,8,10,594,0.016835,"privacy, attacks, security, attack, detection"
cs,2001,9,0,594,0.0,"news, failure, detection, f1, recall"
cs,2001,10,0,594,0.0,"medical, clinical, imaging, brain, mri"
cs,2001,11,0,594,0.0,"user, users, bias, recommendation, biases"
cs,2001,12,8,594,0.013468,"online, optimal, regret, cost, our"
cs,2001,13,0,594,0.0,"decoding, errors, decoder, error, encoder"
cs,2001,14,9,594,0.015152,"frequency, sparse, method, spectral, differential"
cs,2001,15,1,594,0.001684,"design, hardware, co, uav, designs"
cs,2001,16,0,594,0.0,"product, chain, process, transformation, mode"
cs,2001,17,0,594,0.0,"feedback, side, layout, lms, lm"
cs,2001,18,1,594,0.001684,"robot, robots, real, motion, environments"
cs,2001,19,1,594,0.001684,"sensing, localization, sensor, using, sensors"
cs,2001,20,3,594,0.005051,"optimization, gradient, convergence, function, loss"
cs,2001,21,1,594,0.001684,"control, loop, soft, controller, stability"
cs,2001,22,0,594,0.0,"trade, off, fl, quantization, latency"
cs,2001,23,1,594,0.001684,"question, decision, making, questions, interpretable"
cs,2001,24,62,594,0.104377,"be, can, not, it, or"
cs,2001,25,5,594,0.008418,"k, d, mathcal, g, kk"
cs,2001,26,0,594,0.0,"group, tree, box, pruning, black"
cs,2001,27,0,594,0.0,"data, space, dimensional, embedding, analysis"
cs,2001,28,7,594,0.011785,"graph, graphs, edge, edges, vertex"
cs,2001,29,33,594,0.055556,"system, systems, devices, applications, based"
cs,2001,30,3,594,0.005051,"mobile, dialogue, location, coverage, mobility"
cs,2001,31,1,594,0.001684,"segmentation, semantic, clustering, image, images"
cs,2001,32,2,594,0.003367,"brain, biological, eeg, functional, evolutionary"
cs,2001,33,57,594,0.09596,"code, software, tool, tools, execution"
cs,2001,34,1,594,0.001684,"3d, object, point, our, scene"
cs,2001,35,2,594,0.003367,"scheme, key, based, schemes, block"
cs,2001,36,1,594,0.001684,"neural, networks, network, deep, learning"
cs,2001,37,15,594,0.025253,"n, o, log, m, nn"
cs,2001,38,1,594,0.001684,"time, uncertainty, series, causal, prediction"
cs,2001,39,0,594,0.0,"video, temporal, long, visual, modal"
cs,2001,40,2,594,0.003367,"communication, distributed, federated, local, protocol"
cs,2001,41,2,594,0.003367,"policy, state, safety, action, systems"
cs,2001,42,0,594,0.0,"memory, prompt, continual, new, incremental"
cs,2001,43,0,594,0.0,"information, metric, distance, metrics, between"
cs,2001,44,5,594,0.008418,"model, models, distribution, estimation, sampling"
cs,2001,45,0,594,0.0,"rank, decomposition, tensor, low, mr"
cs,2001,46,0,594,0.0,"social, media, sentiment, conversational, online"
cs,2001,47,0,594,0.0,"training, adversarial, model, robustness, models"
cs,2001,48,17,594,0.02862,"model, dynamics, phase, between, study"
cs,2001,49,1,594,0.001684,"learning, domain, supervised, self, training"
cs,2001,50,5,594,0.008418,"network, networks, nodes, node, structure"
cs,2001,51,7,594,0.011785,"quantum, classical, circuits, computing, circuit"
cs,2001,52,3,594,0.005051,"agent, agents, multi, game, games"
cs,2001,53,5,594,0.008418,"learning, reinforcement, rl, based, deep"
cs,2001,54,2,594,0.003367,"x, p, r, f, t"
cs,2001,55,0,594,0.0,"autonomous, driving, traffic, vehicle, vehicles"
cs,2001,56,6,594,0.010101,"matrix, logic, matrices, symbolic, order"
cs,2001,57,0,594,0.0,"noise, noisy, clip, negative, positive"
cs,2001,58,0,594,0.0,"models, language, tasks, large, reasoning"
cs,2001,59,4,594,0.006734,"human, interaction, cognitive, participants, study"
cs,2001,60,2,594,0.003367,"energy, power, consumption, routing, ad"
cs,2001,61,45,594,0.075758,"problem, algorithm, algorithms, problems, time"
cs,2001,62,3,594,0.005051,"health, healthcare, dl, legal, patient"
cs,2001,63,60,594,0.10101,"functions, finite, class, which, set"
cs,2001,64,1,594,0.001684,"performance, while, efficient, model, accuracy"
cs,2001,65,0,594,0.0,"features, feature, recognition, attention, information"
cs,2001,66,1,594,0.001684,"channel, communication, channels, wireless, multiple"
cs,2001,67,1,594,0.001684,"speech, audio, end, recognition, music"
cs,2001,68,11,594,0.018519,"bound, bounds, lower, our, random"
cs,2001,69,0,594,0.0,"machines, counting, topological, persistent, captioning"
cs,2001,70,3,594,0.005051,"flow, fairness, physics, cell, boundary"
cs,2001,71,5,594,0.008418,"codes, code, binary, length, construction"
cs,2001,72,5,594,0.008418,"learning, classification, model, prediction, using"
cs,2001,73,0,594,0.0,"planning, path, paths, radar, plan"
cs,2001,74,4,594,0.006734,"resource, edge, cloud, heterogeneous, scheduling"
cs,2002,0,2,648,0.003086,"image, images, diffusion, quality, generation"
cs,2002,1,1,648,0.001543,"risk, financial, market, mining, double"
cs,2002,2,31,648,0.04784,"ai, research, their, these, has"
cs,2002,3,37,648,0.057099,"language, text, languages, tokens, translation"
cs,2002,4,8,648,0.012346,"search, retrieval, query, queries, information"
cs,2002,5,1,648,0.001543,"dataset, data, datasets, models, evaluation"
cs,2002,6,2,648,0.003086,"compression, source, coding, rate, distortion"
cs,2002,7,97,648,0.149691,"concept, rules, model, semantics, based"
cs,2002,8,1,648,0.001543,"privacy, attacks, security, attack, detection"
cs,2002,9,0,648,0.0,"news, failure, detection, f1, recall"
cs,2002,10,0,648,0.0,"medical, clinical, imaging, brain, mri"
cs,2002,11,2,648,0.003086,"user, users, bias, recommendation, biases"
cs,2002,12,7,648,0.010802,"online, optimal, regret, cost, our"
cs,2002,13,0,648,0.0,"decoding, errors, decoder, error, encoder"
cs,2002,14,27,648,0.041667,"frequency, sparse, method, spectral, differential"
cs,2002,15,0,648,0.0,"design, hardware, co, uav, designs"
cs,2002,16,1,648,0.001543,"product, chain, process, transformation, mode"
cs,2002,17,0,648,0.0,"feedback, side, layout, lms, lm"
cs,2002,18,2,648,0.003086,"robot, robots, real, motion, environments"
cs,2002,19,0,648,0.0,"sensing, localization, sensor, using, sensors"
cs,2002,20,4,648,0.006173,"optimization, gradient, convergence, function, loss"
cs,2002,21,0,648,0.0,"control, loop, soft, controller, stability"
cs,2002,22,3,648,0.00463,"trade, off, fl, quantization, latency"
cs,2002,23,1,648,0.001543,"question, decision, making, questions, interpretable"
cs,2002,24,60,648,0.092593,"be, can, not, it, or"
cs,2002,25,2,648,0.003086,"k, d, mathcal, g, kk"
cs,2002,26,0,648,0.0,"group, tree, box, pruning, black"
cs,2002,27,6,648,0.009259,"data, space, dimensional, embedding, analysis"
cs,2002,28,5,648,0.007716,"graph, graphs, edge, edges, vertex"
cs,2002,29,14,648,0.021605,"system, systems, devices, applications, based"
cs,2002,30,1,648,0.001543,"mobile, dialogue, location, coverage, mobility"
cs,2002,31,1,648,0.001543,"segmentation, semantic, clustering, image, images"
cs,2002,32,1,648,0.001543,"brain, biological, eeg, functional, evolutionary"
cs,2002,33,28,648,0.04321,"code, software, tool, tools, execution"
cs,2002,34,1,648,0.001543,"3d, object, point, our, scene"
cs,2002,35,10,648,0.015432,"scheme, key, based, schemes, block"
cs,2002,36,1,648,0.001543,"neural, networks, network, deep, learning"
cs,2002,37,16,648,0.024691,"n, o, log, m, nn"
cs,2002,38,2,648,0.003086,"time, uncertainty, series, causal, prediction"
cs,2002,39,0,648,0.0,"video, temporal, long, visual, modal"
cs,2002,40,2,648,0.003086,"communication, distributed, federated, local, protocol"
cs,2002,41,0,648,0.0,"policy, state, safety, action, systems"
cs,2002,42,0,648,0.0,"memory, prompt, continual, new, incremental"
cs,2002,43,2,648,0.003086,"information, metric, distance, metrics, between"
cs,2002,44,7,648,0.010802,"model, models, distribution, estimation, sampling"
cs,2002,45,0,648,0.0,"rank, decomposition, tensor, low, mr"
cs,2002,46,0,648,0.0,"social, media, sentiment, conversational, online"
cs,2002,47,0,648,0.0,"training, adversarial, model, robustness, models"
cs,2002,48,24,648,0.037037,"model, dynamics, phase, between, study"
cs,2002,49,2,648,0.003086,"learning, domain, supervised, self, training"
cs,2002,50,6,648,0.009259,"network, networks, nodes, node, structure"
cs,2002,51,5,648,0.007716,"quantum, classical, circuits, computing, circuit"
cs,2002,52,7,648,0.010802,"agent, agents, multi, game, games"
cs,2002,53,5,648,0.007716,"learning, reinforcement, rl, based, deep"
cs,2002,54,5,648,0.007716,"x, p, r, f, t"
cs,2002,55,0,648,0.0,"autonomous, driving, traffic, vehicle, vehicles"
cs,2002,56,13,648,0.020062,"matrix, logic, matrices, symbolic, order"
cs,2002,57,0,648,0.0,"noise, noisy, clip, negative, positive"
cs,2002,58,0,648,0.0,"models, language, tasks, large, reasoning"
cs,2002,59,2,648,0.003086,"human, interaction, cognitive, participants, study"
cs,2002,60,5,648,0.007716,"energy, power, consumption, routing, ad"
cs,2002,61,69,648,0.106481,"problem, algorithm, algorithms, problems, time"
cs,2002,62,1,648,0.001543,"health, healthcare, dl, legal, patient"
cs,2002,63,77,648,0.118827,"functions, finite, class, which, set"
cs,2002,64,1,648,0.001543,"performance, while, efficient, model, accuracy"
cs,2002,65,1,648,0.001543,"features, feature, recognition, attention, information"
cs,2002,66,1,648,0.001543,"channel, communication, channels, wireless, multiple"
cs,2002,67,2,648,0.003086,"speech, audio, end, recognition, music"
cs,2002,68,14,648,0.021605,"bound, bounds, lower, our, random"
cs,2002,69,0,648,0.0,"machines, counting, topological, persistent, captioning"
cs,2002,70,2,648,0.003086,"flow, fairness, physics, cell, boundary"
cs,2002,71,6,648,0.009259,"codes, code, binary, length, construction"
cs,2002,72,8,648,0.012346,"learning, classification, model, prediction, using"
cs,2002,73,0,648,0.0,"planning, path, paths, radar, plan"
cs,2002,74,6,648,0.009259,"resource, edge, cloud, heterogeneous, scheduling"
cs,2003,0,1,825,0.001212,"image, images, diffusion, quality, generation"
cs,2003,1,1,825,0.001212,"risk, financial, market, mining, double"
cs,2003,2,38,825,0.046061,"ai, research, their, these, has"
cs,2003,3,22,825,0.026667,"language, text, languages, tokens, translation"
cs,2003,4,14,825,0.01697,"search, retrieval, query, queries, information"
cs,2003,5,1,825,0.001212,"dataset, data, datasets, models, evaluation"
cs,2003,6,0,825,0.0,"compression, source, coding, rate, distortion"
cs,2003,7,83,825,0.100606,"concept, rules, model, semantics, based"
cs,2003,8,6,825,0.007273,"privacy, attacks, security, attack, detection"
cs,2003,9,0,825,0.0,"news, failure, detection, f1, recall"
cs,2003,10,0,825,0.0,"medical, clinical, imaging, brain, mri"
cs,2003,11,0,825,0.0,"user, users, bias, recommendation, biases"
cs,2003,12,1,825,0.001212,"online, optimal, regret, cost, our"
cs,2003,13,0,825,0.0,"decoding, errors, decoder, error, encoder"
cs,2003,14,13,825,0.015758,"frequency, sparse, method, spectral, differential"
cs,2003,15,0,825,0.0,"design, hardware, co, uav, designs"
cs,2003,16,0,825,0.0,"product, chain, process, transformation, mode"
cs,2003,17,0,825,0.0,"feedback, side, layout, lms, lm"
cs,2003,18,3,825,0.003636,"robot, robots, real, motion, environments"
cs,2003,19,1,825,0.001212,"sensing, localization, sensor, using, sensors"
cs,2003,20,1,825,0.001212,"optimization, gradient, convergence, function, loss"
cs,2003,21,2,825,0.002424,"control, loop, soft, controller, stability"
cs,2003,22,1,825,0.001212,"trade, off, fl, quantization, latency"
cs,2003,23,0,825,0.0,"question, decision, making, questions, interpretable"
cs,2003,24,93,825,0.112727,"be, can, not, it, or"
cs,2003,25,3,825,0.003636,"k, d, mathcal, g, kk"
cs,2003,26,0,825,0.0,"group, tree, box, pruning, black"
cs,2003,27,12,825,0.014545,"data, space, dimensional, embedding, analysis"
cs,2003,28,8,825,0.009697,"graph, graphs, edge, edges, vertex"
cs,2003,29,51,825,0.061818,"system, systems, devices, applications, based"
cs,2003,30,3,825,0.003636,"mobile, dialogue, location, coverage, mobility"
cs,2003,31,2,825,0.002424,"segmentation, semantic, clustering, image, images"
cs,2003,32,3,825,0.003636,"brain, biological, eeg, functional, evolutionary"
cs,2003,33,105,825,0.127273,"code, software, tool, tools, execution"
cs,2003,34,3,825,0.003636,"3d, object, point, our, scene"
cs,2003,35,15,825,0.018182,"scheme, key, based, schemes, block"
cs,2003,36,4,825,0.004848,"neural, networks, network, deep, learning"
cs,2003,37,20,825,0.024242,"n, o, log, m, nn"
cs,2003,38,0,825,0.0,"time, uncertainty, series, causal, prediction"
cs,2003,39,1,825,0.001212,"video, temporal, long, visual, modal"
cs,2003,40,3,825,0.003636,"communication, distributed, federated, local, protocol"
cs,2003,41,1,825,0.001212,"policy, state, safety, action, systems"
cs,2003,42,0,825,0.0,"memory, prompt, continual, new, incremental"
cs,2003,43,3,825,0.003636,"information, metric, distance, metrics, between"
cs,2003,44,20,825,0.024242,"model, models, distribution, estimation, sampling"
cs,2003,45,0,825,0.0,"rank, decomposition, tensor, low, mr"
cs,2003,46,0,825,0.0,"social, media, sentiment, conversational, online"
cs,2003,47,0,825,0.0,"training, adversarial, model, robustness, models"
cs,2003,48,18,825,0.021818,"model, dynamics, phase, between, study"
cs,2003,49,0,825,0.0,"learning, domain, supervised, self, training"
cs,2003,50,9,825,0.010909,"network, networks, nodes, node, structure"
cs,2003,51,13,825,0.015758,"quantum, classical, circuits, computing, circuit"
cs,2003,52,10,825,0.012121,"agent, agents, multi, game, games"
cs,2003,53,1,825,0.001212,"learning, reinforcement, rl, based, deep"
cs,2003,54,13,825,0.015758,"x, p, r, f, t"
cs,2003,55,0,825,0.0,"autonomous, driving, traffic, vehicle, vehicles"
cs,2003,56,22,825,0.026667,"matrix, logic, matrices, symbolic, order"
cs,2003,57,0,825,0.0,"noise, noisy, clip, negative, positive"
cs,2003,58,1,825,0.001212,"models, language, tasks, large, reasoning"
cs,2003,59,4,825,0.004848,"human, interaction, cognitive, participants, study"
cs,2003,60,3,825,0.003636,"energy, power, consumption, routing, ad"
cs,2003,61,70,825,0.084848,"problem, algorithm, algorithms, problems, time"
cs,2003,62,0,825,0.0,"health, healthcare, dl, legal, patient"
cs,2003,63,75,825,0.090909,"functions, finite, class, which, set"
cs,2003,64,1,825,0.001212,"performance, while, efficient, model, accuracy"
cs,2003,65,1,825,0.001212,"features, feature, recognition, attention, information"
cs,2003,66,3,825,0.003636,"channel, communication, channels, wireless, multiple"
cs,2003,67,2,825,0.002424,"speech, audio, end, recognition, music"
cs,2003,68,13,825,0.015758,"bound, bounds, lower, our, random"
cs,2003,69,0,825,0.0,"machines, counting, topological, persistent, captioning"
cs,2003,70,4,825,0.004848,"flow, fairness, physics, cell, boundary"
cs,2003,71,16,825,0.019394,"codes, code, binary, length, construction"
cs,2003,72,2,825,0.002424,"learning, classification, model, prediction, using"
cs,2003,73,0,825,0.0,"planning, path, paths, radar, plan"
cs,2003,74,6,825,0.007273,"resource, edge, cloud, heterogeneous, scheduling"
cs,2004,0,1,948,0.001055,"image, images, diffusion, quality, generation"
cs,2004,1,0,948,0.0,"risk, financial, market, mining, double"
cs,2004,2,52,948,0.054852,"ai, research, their, these, has"
cs,2004,3,23,948,0.024262,"language, text, languages, tokens, translation"
cs,2004,4,22,948,0.023207,"search, retrieval, query, queries, information"
cs,2004,5,1,948,0.001055,"dataset, data, datasets, models, evaluation"
cs,2004,6,1,948,0.001055,"compression, source, coding, rate, distortion"
cs,2004,7,89,948,0.093882,"concept, rules, model, semantics, based"
cs,2004,8,13,948,0.013713,"privacy, attacks, security, attack, detection"
cs,2004,9,0,948,0.0,"news, failure, detection, f1, recall"
cs,2004,10,1,948,0.001055,"medical, clinical, imaging, brain, mri"
cs,2004,11,1,948,0.001055,"user, users, bias, recommendation, biases"
cs,2004,12,3,948,0.003165,"online, optimal, regret, cost, our"
cs,2004,13,0,948,0.0,"decoding, errors, decoder, error, encoder"
cs,2004,14,7,948,0.007384,"frequency, sparse, method, spectral, differential"
cs,2004,15,1,948,0.001055,"design, hardware, co, uav, designs"
cs,2004,16,0,948,0.0,"product, chain, process, transformation, mode"
cs,2004,17,0,948,0.0,"feedback, side, layout, lms, lm"
cs,2004,18,9,948,0.009494,"robot, robots, real, motion, environments"
cs,2004,19,2,948,0.00211,"sensing, localization, sensor, using, sensors"
cs,2004,20,3,948,0.003165,"optimization, gradient, convergence, function, loss"
cs,2004,21,3,948,0.003165,"control, loop, soft, controller, stability"
cs,2004,22,1,948,0.001055,"trade, off, fl, quantization, latency"
cs,2004,23,2,948,0.00211,"question, decision, making, questions, interpretable"
cs,2004,24,111,948,0.117089,"be, can, not, it, or"
cs,2004,25,10,948,0.010549,"k, d, mathcal, g, kk"
cs,2004,26,0,948,0.0,"group, tree, box, pruning, black"
cs,2004,27,13,948,0.013713,"data, space, dimensional, embedding, analysis"
cs,2004,28,10,948,0.010549,"graph, graphs, edge, edges, vertex"
cs,2004,29,51,948,0.053797,"system, systems, devices, applications, based"
cs,2004,30,1,948,0.001055,"mobile, dialogue, location, coverage, mobility"
cs,2004,31,3,948,0.003165,"segmentation, semantic, clustering, image, images"
cs,2004,32,6,948,0.006329,"brain, biological, eeg, functional, evolutionary"
cs,2004,33,70,948,0.07384,"code, software, tool, tools, execution"
cs,2004,34,2,948,0.00211,"3d, object, point, our, scene"
cs,2004,35,26,948,0.027426,"scheme, key, based, schemes, block"
cs,2004,36,10,948,0.010549,"neural, networks, network, deep, learning"
cs,2004,37,23,948,0.024262,"n, o, log, m, nn"
cs,2004,38,1,948,0.001055,"time, uncertainty, series, causal, prediction"
cs,2004,39,0,948,0.0,"video, temporal, long, visual, modal"
cs,2004,40,5,948,0.005274,"communication, distributed, federated, local, protocol"
cs,2004,41,5,948,0.005274,"policy, state, safety, action, systems"
cs,2004,42,0,948,0.0,"memory, prompt, continual, new, incremental"
cs,2004,43,7,948,0.007384,"information, metric, distance, metrics, between"
cs,2004,44,18,948,0.018987,"model, models, distribution, estimation, sampling"
cs,2004,45,0,948,0.0,"rank, decomposition, tensor, low, mr"
cs,2004,46,0,948,0.0,"social, media, sentiment, conversational, online"
cs,2004,47,1,948,0.001055,"training, adversarial, model, robustness, models"
cs,2004,48,33,948,0.03481,"model, dynamics, phase, between, study"
cs,2004,49,1,948,0.001055,"learning, domain, supervised, self, training"
cs,2004,50,11,948,0.011603,"network, networks, nodes, node, structure"
cs,2004,51,14,948,0.014768,"quantum, classical, circuits, computing, circuit"
cs,2004,52,4,948,0.004219,"agent, agents, multi, game, games"
cs,2004,53,3,948,0.003165,"learning, reinforcement, rl, based, deep"
cs,2004,54,6,948,0.006329,"x, p, r, f, t"
cs,2004,55,2,948,0.00211,"autonomous, driving, traffic, vehicle, vehicles"
cs,2004,56,25,948,0.026371,"matrix, logic, matrices, symbolic, order"
cs,2004,57,0,948,0.0,"noise, noisy, clip, negative, positive"
cs,2004,58,0,948,0.0,"models, language, tasks, large, reasoning"
cs,2004,59,1,948,0.001055,"human, interaction, cognitive, participants, study"
cs,2004,60,8,948,0.008439,"energy, power, consumption, routing, ad"
cs,2004,61,67,948,0.070675,"problem, algorithm, algorithms, problems, time"
cs,2004,62,1,948,0.001055,"health, healthcare, dl, legal, patient"
cs,2004,63,89,948,0.093882,"functions, finite, class, which, set"
cs,2004,64,4,948,0.004219,"performance, while, efficient, model, accuracy"
cs,2004,65,3,948,0.003165,"features, feature, recognition, attention, information"
cs,2004,66,10,948,0.010549,"channel, communication, channels, wireless, multiple"
cs,2004,67,2,948,0.00211,"speech, audio, end, recognition, music"
cs,2004,68,18,948,0.018987,"bound, bounds, lower, our, random"
cs,2004,69,2,948,0.00211,"machines, counting, topological, persistent, captioning"
cs,2004,70,2,948,0.00211,"flow, fairness, physics, cell, boundary"
cs,2004,71,20,948,0.021097,"codes, code, binary, length, construction"
cs,2004,72,8,948,0.008439,"learning, classification, model, prediction, using"
cs,2004,73,0,948,0.0,"planning, path, paths, radar, plan"
cs,2004,74,6,948,0.006329,"resource, edge, cloud, heterogeneous, scheduling"
cs,2005,0,4,1000,0.004,"image, images, diffusion, quality, generation"
cs,2005,1,0,1000,0.0,"risk, financial, market, mining, double"
cs,2005,2,47,1000,0.047,"ai, research, their, these, has"
cs,2005,3,17,1000,0.017,"language, text, languages, tokens, translation"
cs,2005,4,16,1000,0.016,"search, retrieval, query, queries, information"
cs,2005,5,2,1000,0.002,"dataset, data, datasets, models, evaluation"
cs,2005,6,7,1000,0.007,"compression, source, coding, rate, distortion"
cs,2005,7,69,1000,0.069,"concept, rules, model, semantics, based"
cs,2005,8,11,1000,0.011,"privacy, attacks, security, attack, detection"
cs,2005,9,0,1000,0.0,"news, failure, detection, f1, recall"
cs,2005,10,0,1000,0.0,"medical, clinical, imaging, brain, mri"
cs,2005,11,1,1000,0.001,"user, users, bias, recommendation, biases"
cs,2005,12,5,1000,0.005,"online, optimal, regret, cost, our"
cs,2005,13,0,1000,0.0,"decoding, errors, decoder, error, encoder"
cs,2005,14,21,1000,0.021,"frequency, sparse, method, spectral, differential"
cs,2005,15,1,1000,0.001,"design, hardware, co, uav, designs"
cs,2005,16,0,1000,0.0,"product, chain, process, transformation, mode"
cs,2005,17,0,1000,0.0,"feedback, side, layout, lms, lm"
cs,2005,18,3,1000,0.003,"robot, robots, real, motion, environments"
cs,2005,19,4,1000,0.004,"sensing, localization, sensor, using, sensors"
cs,2005,20,4,1000,0.004,"optimization, gradient, convergence, function, loss"
cs,2005,21,1,1000,0.001,"control, loop, soft, controller, stability"
cs,2005,22,0,1000,0.0,"trade, off, fl, quantization, latency"
cs,2005,23,0,1000,0.0,"question, decision, making, questions, interpretable"
cs,2005,24,76,1000,0.076,"be, can, not, it, or"
cs,2005,25,3,1000,0.003,"k, d, mathcal, g, kk"
cs,2005,26,0,1000,0.0,"group, tree, box, pruning, black"
cs,2005,27,11,1000,0.011,"data, space, dimensional, embedding, analysis"
cs,2005,28,8,1000,0.008,"graph, graphs, edge, edges, vertex"
cs,2005,29,28,1000,0.028,"system, systems, devices, applications, based"
cs,2005,30,0,1000,0.0,"mobile, dialogue, location, coverage, mobility"
cs,2005,31,0,1000,0.0,"segmentation, semantic, clustering, image, images"
cs,2005,32,8,1000,0.008,"brain, biological, eeg, functional, evolutionary"
cs,2005,33,39,1000,0.039,"code, software, tool, tools, execution"
cs,2005,34,3,1000,0.003,"3d, object, point, our, scene"
cs,2005,35,29,1000,0.029,"scheme, key, based, schemes, block"
cs,2005,36,7,1000,0.007,"neural, networks, network, deep, learning"
cs,2005,37,23,1000,0.023,"n, o, log, m, nn"
cs,2005,38,1,1000,0.001,"time, uncertainty, series, causal, prediction"
cs,2005,39,1,1000,0.001,"video, temporal, long, visual, modal"
cs,2005,40,2,1000,0.002,"communication, distributed, federated, local, protocol"
cs,2005,41,8,1000,0.008,"policy, state, safety, action, systems"
cs,2005,42,0,1000,0.0,"memory, prompt, continual, new, incremental"
cs,2005,43,6,1000,0.006,"information, metric, distance, metrics, between"
cs,2005,44,19,1000,0.019,"model, models, distribution, estimation, sampling"
cs,2005,45,0,1000,0.0,"rank, decomposition, tensor, low, mr"
cs,2005,46,0,1000,0.0,"social, media, sentiment, conversational, online"
cs,2005,47,0,1000,0.0,"training, adversarial, model, robustness, models"
cs,2005,48,28,1000,0.028,"model, dynamics, phase, between, study"
cs,2005,49,2,1000,0.002,"learning, domain, supervised, self, training"
cs,2005,50,16,1000,0.016,"network, networks, nodes, node, structure"
cs,2005,51,19,1000,0.019,"quantum, classical, circuits, computing, circuit"
cs,2005,52,6,1000,0.006,"agent, agents, multi, game, games"
cs,2005,53,3,1000,0.003,"learning, reinforcement, rl, based, deep"
cs,2005,54,12,1000,0.012,"x, p, r, f, t"
cs,2005,55,0,1000,0.0,"autonomous, driving, traffic, vehicle, vehicles"
cs,2005,56,15,1000,0.015,"matrix, logic, matrices, symbolic, order"
cs,2005,57,0,1000,0.0,"noise, noisy, clip, negative, positive"
cs,2005,58,0,1000,0.0,"models, language, tasks, large, reasoning"
cs,2005,59,1,1000,0.001,"human, interaction, cognitive, participants, study"
cs,2005,60,16,1000,0.016,"energy, power, consumption, routing, ad"
cs,2005,61,87,1000,0.087,"problem, algorithm, algorithms, problems, time"
cs,2005,62,0,1000,0.0,"health, healthcare, dl, legal, patient"
cs,2005,63,101,1000,0.101,"functions, finite, class, which, set"
cs,2005,64,3,1000,0.003,"performance, while, efficient, model, accuracy"
cs,2005,65,2,1000,0.002,"features, feature, recognition, attention, information"
cs,2005,66,90,1000,0.09,"channel, communication, channels, wireless, multiple"
cs,2005,67,2,1000,0.002,"speech, audio, end, recognition, music"
cs,2005,68,34,1000,0.034,"bound, bounds, lower, our, random"
cs,2005,69,0,1000,0.0,"machines, counting, topological, persistent, captioning"
cs,2005,70,5,1000,0.005,"flow, fairness, physics, cell, boundary"
cs,2005,71,57,1000,0.057,"codes, code, binary, length, construction"
cs,2005,72,12,1000,0.012,"learning, classification, model, prediction, using"
cs,2005,73,0,1000,0.0,"planning, path, paths, radar, plan"
cs,2005,74,4,1000,0.004,"resource, edge, cloud, heterogeneous, scheduling"
cs,2006,0,2,1000,0.002,"image, images, diffusion, quality, generation"
cs,2006,1,1,1000,0.001,"risk, financial, market, mining, double"
cs,2006,2,49,1000,0.049,"ai, research, their, these, has"
cs,2006,3,24,1000,0.024,"language, text, languages, tokens, translation"
cs,2006,4,14,1000,0.014,"search, retrieval, query, queries, information"
cs,2006,5,0,1000,0.0,"dataset, data, datasets, models, evaluation"
cs,2006,6,4,1000,0.004,"compression, source, coding, rate, distortion"
cs,2006,7,73,1000,0.073,"concept, rules, model, semantics, based"
cs,2006,8,10,1000,0.01,"privacy, attacks, security, attack, detection"
cs,2006,9,0,1000,0.0,"news, failure, detection, f1, recall"
cs,2006,10,0,1000,0.0,"medical, clinical, imaging, brain, mri"
cs,2006,11,2,1000,0.002,"user, users, bias, recommendation, biases"
cs,2006,12,2,1000,0.002,"online, optimal, regret, cost, our"
cs,2006,13,1,1000,0.001,"decoding, errors, decoder, error, encoder"
cs,2006,14,12,1000,0.012,"frequency, sparse, method, spectral, differential"
cs,2006,15,1,1000,0.001,"design, hardware, co, uav, designs"
cs,2006,16,0,1000,0.0,"product, chain, process, transformation, mode"
cs,2006,17,0,1000,0.0,"feedback, side, layout, lms, lm"
cs,2006,18,7,1000,0.007,"robot, robots, real, motion, environments"
cs,2006,19,3,1000,0.003,"sensing, localization, sensor, using, sensors"
cs,2006,20,4,1000,0.004,"optimization, gradient, convergence, function, loss"
cs,2006,21,2,1000,0.002,"control, loop, soft, controller, stability"
cs,2006,22,8,1000,0.008,"trade, off, fl, quantization, latency"
cs,2006,23,0,1000,0.0,"question, decision, making, questions, interpretable"
cs,2006,24,84,1000,0.084,"be, can, not, it, or"
cs,2006,25,9,1000,0.009,"k, d, mathcal, g, kk"
cs,2006,26,0,1000,0.0,"group, tree, box, pruning, black"
cs,2006,27,7,1000,0.007,"data, space, dimensional, embedding, analysis"
cs,2006,28,11,1000,0.011,"graph, graphs, edge, edges, vertex"
cs,2006,29,47,1000,0.047,"system, systems, devices, applications, based"
cs,2006,30,1,1000,0.001,"mobile, dialogue, location, coverage, mobility"
cs,2006,31,2,1000,0.002,"segmentation, semantic, clustering, image, images"
cs,2006,32,5,1000,0.005,"brain, biological, eeg, functional, evolutionary"
cs,2006,33,31,1000,0.031,"code, software, tool, tools, execution"
cs,2006,34,1,1000,0.001,"3d, object, point, our, scene"
cs,2006,35,26,1000,0.026,"scheme, key, based, schemes, block"
cs,2006,36,7,1000,0.007,"neural, networks, network, deep, learning"
cs,2006,37,30,1000,0.03,"n, o, log, m, nn"
cs,2006,38,2,1000,0.002,"time, uncertainty, series, causal, prediction"
cs,2006,39,1,1000,0.001,"video, temporal, long, visual, modal"
cs,2006,40,2,1000,0.002,"communication, distributed, federated, local, protocol"
cs,2006,41,8,1000,0.008,"policy, state, safety, action, systems"
cs,2006,42,0,1000,0.0,"memory, prompt, continual, new, incremental"
cs,2006,43,5,1000,0.005,"information, metric, distance, metrics, between"
cs,2006,44,17,1000,0.017,"model, models, distribution, estimation, sampling"
cs,2006,45,1,1000,0.001,"rank, decomposition, tensor, low, mr"
cs,2006,46,0,1000,0.0,"social, media, sentiment, conversational, online"
cs,2006,47,1,1000,0.001,"training, adversarial, model, robustness, models"
cs,2006,48,25,1000,0.025,"model, dynamics, phase, between, study"
cs,2006,49,1,1000,0.001,"learning, domain, supervised, self, training"
cs,2006,50,13,1000,0.013,"network, networks, nodes, node, structure"
cs,2006,51,9,1000,0.009,"quantum, classical, circuits, computing, circuit"
cs,2006,52,4,1000,0.004,"agent, agents, multi, game, games"
cs,2006,53,5,1000,0.005,"learning, reinforcement, rl, based, deep"
cs,2006,54,12,1000,0.012,"x, p, r, f, t"
cs,2006,55,0,1000,0.0,"autonomous, driving, traffic, vehicle, vehicles"
cs,2006,56,16,1000,0.016,"matrix, logic, matrices, symbolic, order"
cs,2006,57,0,1000,0.0,"noise, noisy, clip, negative, positive"
cs,2006,58,1,1000,0.001,"models, language, tasks, large, reasoning"
cs,2006,59,5,1000,0.005,"human, interaction, cognitive, participants, study"
cs,2006,60,10,1000,0.01,"energy, power, consumption, routing, ad"
cs,2006,61,81,1000,0.081,"problem, algorithm, algorithms, problems, time"
cs,2006,62,2,1000,0.002,"health, healthcare, dl, legal, patient"
cs,2006,63,111,1000,0.111,"functions, finite, class, which, set"
cs,2006,64,1,1000,0.001,"performance, while, efficient, model, accuracy"
cs,2006,65,4,1000,0.004,"features, feature, recognition, attention, information"
cs,2006,66,80,1000,0.08,"channel, communication, channels, wireless, multiple"
cs,2006,67,2,1000,0.002,"speech, audio, end, recognition, music"
cs,2006,68,36,1000,0.036,"bound, bounds, lower, our, random"
cs,2006,69,1,1000,0.001,"machines, counting, topological, persistent, captioning"
cs,2006,70,1,1000,0.001,"flow, fairness, physics, cell, boundary"
cs,2006,71,50,1000,0.05,"codes, code, binary, length, construction"
cs,2006,72,5,1000,0.005,"learning, classification, model, prediction, using"
cs,2006,73,0,1000,0.0,"planning, path, paths, radar, plan"
cs,2006,74,8,1000,0.008,"resource, edge, cloud, heterogeneous, scheduling"
cs,2007,0,3,1000,0.003,"image, images, diffusion, quality, generation"
cs,2007,1,1,1000,0.001,"risk, financial, market, mining, double"
cs,2007,2,49,1000,0.049,"ai, research, their, these, has"
cs,2007,3,11,1000,0.011,"language, text, languages, tokens, translation"
cs,2007,4,14,1000,0.014,"search, retrieval, query, queries, information"
cs,2007,5,1,1000,0.001,"dataset, data, datasets, models, evaluation"
cs,2007,6,3,1000,0.003,"compression, source, coding, rate, distortion"
cs,2007,7,58,1000,0.058,"concept, rules, model, semantics, based"
cs,2007,8,5,1000,0.005,"privacy, attacks, security, attack, detection"
cs,2007,9,0,1000,0.0,"news, failure, detection, f1, recall"
cs,2007,10,1,1000,0.001,"medical, clinical, imaging, brain, mri"
cs,2007,11,2,1000,0.002,"user, users, bias, recommendation, biases"
cs,2007,12,6,1000,0.006,"online, optimal, regret, cost, our"
cs,2007,13,0,1000,0.0,"decoding, errors, decoder, error, encoder"
cs,2007,14,10,1000,0.01,"frequency, sparse, method, spectral, differential"
cs,2007,15,11,1000,0.011,"design, hardware, co, uav, designs"
cs,2007,16,0,1000,0.0,"product, chain, process, transformation, mode"
cs,2007,17,0,1000,0.0,"feedback, side, layout, lms, lm"
cs,2007,18,11,1000,0.011,"robot, robots, real, motion, environments"
cs,2007,19,11,1000,0.011,"sensing, localization, sensor, using, sensors"
cs,2007,20,4,1000,0.004,"optimization, gradient, convergence, function, loss"
cs,2007,21,1,1000,0.001,"control, loop, soft, controller, stability"
cs,2007,22,5,1000,0.005,"trade, off, fl, quantization, latency"
cs,2007,23,0,1000,0.0,"question, decision, making, questions, interpretable"
cs,2007,24,75,1000,0.075,"be, can, not, it, or"
cs,2007,25,13,1000,0.013,"k, d, mathcal, g, kk"
cs,2007,26,0,1000,0.0,"group, tree, box, pruning, black"
cs,2007,27,10,1000,0.01,"data, space, dimensional, embedding, analysis"
cs,2007,28,18,1000,0.018,"graph, graphs, edge, edges, vertex"
cs,2007,29,37,1000,0.037,"system, systems, devices, applications, based"
cs,2007,30,0,1000,0.0,"mobile, dialogue, location, coverage, mobility"
cs,2007,31,2,1000,0.002,"segmentation, semantic, clustering, image, images"
cs,2007,32,5,1000,0.005,"brain, biological, eeg, functional, evolutionary"
cs,2007,33,54,1000,0.054,"code, software, tool, tools, execution"
cs,2007,34,4,1000,0.004,"3d, object, point, our, scene"
cs,2007,35,30,1000,0.03,"scheme, key, based, schemes, block"
cs,2007,36,6,1000,0.006,"neural, networks, network, deep, learning"
cs,2007,37,17,1000,0.017,"n, o, log, m, nn"
cs,2007,38,5,1000,0.005,"time, uncertainty, series, causal, prediction"
cs,2007,39,0,1000,0.0,"video, temporal, long, visual, modal"
cs,2007,40,2,1000,0.002,"communication, distributed, federated, local, protocol"
cs,2007,41,0,1000,0.0,"policy, state, safety, action, systems"
cs,2007,42,0,1000,0.0,"memory, prompt, continual, new, incremental"
cs,2007,43,4,1000,0.004,"information, metric, distance, metrics, between"
cs,2007,44,9,1000,0.009,"model, models, distribution, estimation, sampling"
cs,2007,45,1,1000,0.001,"rank, decomposition, tensor, low, mr"
cs,2007,46,0,1000,0.0,"social, media, sentiment, conversational, online"
cs,2007,47,1,1000,0.001,"training, adversarial, model, robustness, models"
cs,2007,48,28,1000,0.028,"model, dynamics, phase, between, study"
cs,2007,49,0,1000,0.0,"learning, domain, supervised, self, training"
cs,2007,50,19,1000,0.019,"network, networks, nodes, node, structure"
cs,2007,51,3,1000,0.003,"quantum, classical, circuits, computing, circuit"
cs,2007,52,8,1000,0.008,"agent, agents, multi, game, games"
cs,2007,53,1,1000,0.001,"learning, reinforcement, rl, based, deep"
cs,2007,54,19,1000,0.019,"x, p, r, f, t"
cs,2007,55,0,1000,0.0,"autonomous, driving, traffic, vehicle, vehicles"
cs,2007,56,11,1000,0.011,"matrix, logic, matrices, symbolic, order"
cs,2007,57,0,1000,0.0,"noise, noisy, clip, negative, positive"
cs,2007,58,0,1000,0.0,"models, language, tasks, large, reasoning"
cs,2007,59,7,1000,0.007,"human, interaction, cognitive, participants, study"
cs,2007,60,6,1000,0.006,"energy, power, consumption, routing, ad"
cs,2007,61,75,1000,0.075,"problem, algorithm, algorithms, problems, time"
cs,2007,62,1,1000,0.001,"health, healthcare, dl, legal, patient"
cs,2007,63,99,1000,0.099,"functions, finite, class, which, set"
cs,2007,64,7,1000,0.007,"performance, while, efficient, model, accuracy"
cs,2007,65,0,1000,0.0,"features, feature, recognition, attention, information"
cs,2007,66,115,1000,0.115,"channel, communication, channels, wireless, multiple"
cs,2007,67,1,1000,0.001,"speech, audio, end, recognition, music"
cs,2007,68,22,1000,0.022,"bound, bounds, lower, our, random"
cs,2007,69,0,1000,0.0,"machines, counting, topological, persistent, captioning"
cs,2007,70,7,1000,0.007,"flow, fairness, physics, cell, boundary"
cs,2007,71,51,1000,0.051,"codes, code, binary, length, construction"
cs,2007,72,11,1000,0.011,"learning, classification, model, prediction, using"
cs,2007,73,1,1000,0.001,"planning, path, paths, radar, plan"
cs,2007,74,8,1000,0.008,"resource, edge, cloud, heterogeneous, scheduling"
cs,2008,0,2,1000,0.002,"image, images, diffusion, quality, generation"
cs,2008,1,1,1000,0.001,"risk, financial, market, mining, double"
cs,2008,2,37,1000,0.037,"ai, research, their, these, has"
cs,2008,3,11,1000,0.011,"language, text, languages, tokens, translation"
cs,2008,4,11,1000,0.011,"search, retrieval, query, queries, information"
cs,2008,5,1,1000,0.001,"dataset, data, datasets, models, evaluation"
cs,2008,6,2,1000,0.002,"compression, source, coding, rate, distortion"
cs,2008,7,59,1000,0.059,"concept, rules, model, semantics, based"
cs,2008,8,9,1000,0.009,"privacy, attacks, security, attack, detection"
cs,2008,9,0,1000,0.0,"news, failure, detection, f1, recall"
cs,2008,10,2,1000,0.002,"medical, clinical, imaging, brain, mri"
cs,2008,11,2,1000,0.002,"user, users, bias, recommendation, biases"
cs,2008,12,8,1000,0.008,"online, optimal, regret, cost, our"
cs,2008,13,1,1000,0.001,"decoding, errors, decoder, error, encoder"
cs,2008,14,17,1000,0.017,"frequency, sparse, method, spectral, differential"
cs,2008,15,6,1000,0.006,"design, hardware, co, uav, designs"
cs,2008,16,0,1000,0.0,"product, chain, process, transformation, mode"
cs,2008,17,0,1000,0.0,"feedback, side, layout, lms, lm"
cs,2008,18,4,1000,0.004,"robot, robots, real, motion, environments"
cs,2008,19,10,1000,0.01,"sensing, localization, sensor, using, sensors"
cs,2008,20,5,1000,0.005,"optimization, gradient, convergence, function, loss"
cs,2008,21,5,1000,0.005,"control, loop, soft, controller, stability"
cs,2008,22,3,1000,0.003,"trade, off, fl, quantization, latency"
cs,2008,23,1,1000,0.001,"question, decision, making, questions, interpretable"
cs,2008,24,90,1000,0.09,"be, can, not, it, or"
cs,2008,25,9,1000,0.009,"k, d, mathcal, g, kk"
cs,2008,26,0,1000,0.0,"group, tree, box, pruning, black"
cs,2008,27,9,1000,0.009,"data, space, dimensional, embedding, analysis"
cs,2008,28,21,1000,0.021,"graph, graphs, edge, edges, vertex"
cs,2008,29,30,1000,0.03,"system, systems, devices, applications, based"
cs,2008,30,2,1000,0.002,"mobile, dialogue, location, coverage, mobility"
cs,2008,31,2,1000,0.002,"segmentation, semantic, clustering, image, images"
cs,2008,32,2,1000,0.002,"brain, biological, eeg, functional, evolutionary"
cs,2008,33,35,1000,0.035,"code, software, tool, tools, execution"
cs,2008,34,3,1000,0.003,"3d, object, point, our, scene"
cs,2008,35,19,1000,0.019,"scheme, key, based, schemes, block"
cs,2008,36,4,1000,0.004,"neural, networks, network, deep, learning"
cs,2008,37,19,1000,0.019,"n, o, log, m, nn"
cs,2008,38,0,1000,0.0,"time, uncertainty, series, causal, prediction"
cs,2008,39,4,1000,0.004,"video, temporal, long, visual, modal"
cs,2008,40,2,1000,0.002,"communication, distributed, federated, local, protocol"
cs,2008,41,5,1000,0.005,"policy, state, safety, action, systems"
cs,2008,42,0,1000,0.0,"memory, prompt, continual, new, incremental"
cs,2008,43,4,1000,0.004,"information, metric, distance, metrics, between"
cs,2008,44,16,1000,0.016,"model, models, distribution, estimation, sampling"
cs,2008,45,1,1000,0.001,"rank, decomposition, tensor, low, mr"
cs,2008,46,0,1000,0.0,"social, media, sentiment, conversational, online"
cs,2008,47,0,1000,0.0,"training, adversarial, model, robustness, models"
cs,2008,48,41,1000,0.041,"model, dynamics, phase, between, study"
cs,2008,49,2,1000,0.002,"learning, domain, supervised, self, training"
cs,2008,50,10,1000,0.01,"network, networks, nodes, node, structure"
cs,2008,51,7,1000,0.007,"quantum, classical, circuits, computing, circuit"
cs,2008,52,11,1000,0.011,"agent, agents, multi, game, games"
cs,2008,53,2,1000,0.002,"learning, reinforcement, rl, based, deep"
cs,2008,54,10,1000,0.01,"x, p, r, f, t"
cs,2008,55,1,1000,0.001,"autonomous, driving, traffic, vehicle, vehicles"
cs,2008,56,13,1000,0.013,"matrix, logic, matrices, symbolic, order"
cs,2008,57,0,1000,0.0,"noise, noisy, clip, negative, positive"
cs,2008,58,0,1000,0.0,"models, language, tasks, large, reasoning"
cs,2008,59,3,1000,0.003,"human, interaction, cognitive, participants, study"
cs,2008,60,11,1000,0.011,"energy, power, consumption, routing, ad"
cs,2008,61,78,1000,0.078,"problem, algorithm, algorithms, problems, time"
cs,2008,62,1,1000,0.001,"health, healthcare, dl, legal, patient"
cs,2008,63,115,1000,0.115,"functions, finite, class, which, set"
cs,2008,64,2,1000,0.002,"performance, while, efficient, model, accuracy"
cs,2008,65,2,1000,0.002,"features, feature, recognition, attention, information"
cs,2008,66,126,1000,0.126,"channel, communication, channels, wireless, multiple"
cs,2008,67,0,1000,0.0,"speech, audio, end, recognition, music"
cs,2008,68,24,1000,0.024,"bound, bounds, lower, our, random"
cs,2008,69,0,1000,0.0,"machines, counting, topological, persistent, captioning"
cs,2008,70,6,1000,0.006,"flow, fairness, physics, cell, boundary"
cs,2008,71,38,1000,0.038,"codes, code, binary, length, construction"
cs,2008,72,12,1000,0.012,"learning, classification, model, prediction, using"
cs,2008,73,0,1000,0.0,"planning, path, paths, radar, plan"
cs,2008,74,11,1000,0.011,"resource, edge, cloud, heterogeneous, scheduling"
cs,2009,0,3,1000,0.003,"image, images, diffusion, quality, generation"
cs,2009,1,5,1000,0.005,"risk, financial, market, mining, double"
cs,2009,2,55,1000,0.055,"ai, research, their, these, has"
cs,2009,3,9,1000,0.009,"language, text, languages, tokens, translation"
cs,2009,4,19,1000,0.019,"search, retrieval, query, queries, information"
cs,2009,5,0,1000,0.0,"dataset, data, datasets, models, evaluation"
cs,2009,6,1,1000,0.001,"compression, source, coding, rate, distortion"
cs,2009,7,47,1000,0.047,"concept, rules, model, semantics, based"
cs,2009,8,15,1000,0.015,"privacy, attacks, security, attack, detection"
cs,2009,9,0,1000,0.0,"news, failure, detection, f1, recall"
cs,2009,10,3,1000,0.003,"medical, clinical, imaging, brain, mri"
cs,2009,11,3,1000,0.003,"user, users, bias, recommendation, biases"
cs,2009,12,12,1000,0.012,"online, optimal, regret, cost, our"
cs,2009,13,0,1000,0.0,"decoding, errors, decoder, error, encoder"
cs,2009,14,24,1000,0.024,"frequency, sparse, method, spectral, differential"
cs,2009,15,0,1000,0.0,"design, hardware, co, uav, designs"
cs,2009,16,0,1000,0.0,"product, chain, process, transformation, mode"
cs,2009,17,0,1000,0.0,"feedback, side, layout, lms, lm"
cs,2009,18,3,1000,0.003,"robot, robots, real, motion, environments"
cs,2009,19,8,1000,0.008,"sensing, localization, sensor, using, sensors"
cs,2009,20,10,1000,0.01,"optimization, gradient, convergence, function, loss"
cs,2009,21,2,1000,0.002,"control, loop, soft, controller, stability"
cs,2009,22,13,1000,0.013,"trade, off, fl, quantization, latency"
cs,2009,23,1,1000,0.001,"question, decision, making, questions, interpretable"
cs,2009,24,84,1000,0.084,"be, can, not, it, or"
cs,2009,25,13,1000,0.013,"k, d, mathcal, g, kk"
cs,2009,26,0,1000,0.0,"group, tree, box, pruning, black"
cs,2009,27,15,1000,0.015,"data, space, dimensional, embedding, analysis"
cs,2009,28,14,1000,0.014,"graph, graphs, edge, edges, vertex"
cs,2009,29,24,1000,0.024,"system, systems, devices, applications, based"
cs,2009,30,2,1000,0.002,"mobile, dialogue, location, coverage, mobility"
cs,2009,31,1,1000,0.001,"segmentation, semantic, clustering, image, images"
cs,2009,32,2,1000,0.002,"brain, biological, eeg, functional, evolutionary"
cs,2009,33,27,1000,0.027,"code, software, tool, tools, execution"
cs,2009,34,5,1000,0.005,"3d, object, point, our, scene"
cs,2009,35,16,1000,0.016,"scheme, key, based, schemes, block"
cs,2009,36,3,1000,0.003,"neural, networks, network, deep, learning"
cs,2009,37,23,1000,0.023,"n, o, log, m, nn"
cs,2009,38,0,1000,0.0,"time, uncertainty, series, causal, prediction"
cs,2009,39,0,1000,0.0,"video, temporal, long, visual, modal"
cs,2009,40,7,1000,0.007,"communication, distributed, federated, local, protocol"
cs,2009,41,1,1000,0.001,"policy, state, safety, action, systems"
cs,2009,42,0,1000,0.0,"memory, prompt, continual, new, incremental"
cs,2009,43,4,1000,0.004,"information, metric, distance, metrics, between"
cs,2009,44,13,1000,0.013,"model, models, distribution, estimation, sampling"
cs,2009,45,1,1000,0.001,"rank, decomposition, tensor, low, mr"
cs,2009,46,1,1000,0.001,"social, media, sentiment, conversational, online"
cs,2009,47,1,1000,0.001,"training, adversarial, model, robustness, models"
cs,2009,48,19,1000,0.019,"model, dynamics, phase, between, study"
cs,2009,49,2,1000,0.002,"learning, domain, supervised, self, training"
cs,2009,50,14,1000,0.014,"network, networks, nodes, node, structure"
cs,2009,51,5,1000,0.005,"quantum, classical, circuits, computing, circuit"
cs,2009,52,5,1000,0.005,"agent, agents, multi, game, games"
cs,2009,53,0,1000,0.0,"learning, reinforcement, rl, based, deep"
cs,2009,54,6,1000,0.006,"x, p, r, f, t"
cs,2009,55,2,1000,0.002,"autonomous, driving, traffic, vehicle, vehicles"
cs,2009,56,7,1000,0.007,"matrix, logic, matrices, symbolic, order"
cs,2009,57,0,1000,0.0,"noise, noisy, clip, negative, positive"
cs,2009,58,0,1000,0.0,"models, language, tasks, large, reasoning"
cs,2009,59,4,1000,0.004,"human, interaction, cognitive, participants, study"
cs,2009,60,20,1000,0.02,"energy, power, consumption, routing, ad"
cs,2009,61,93,1000,0.093,"problem, algorithm, algorithms, problems, time"
cs,2009,62,1,1000,0.001,"health, healthcare, dl, legal, patient"
cs,2009,63,123,1000,0.123,"functions, finite, class, which, set"
cs,2009,64,2,1000,0.002,"performance, while, efficient, model, accuracy"
cs,2009,65,9,1000,0.009,"features, feature, recognition, attention, information"
cs,2009,66,120,1000,0.12,"channel, communication, channels, wireless, multiple"
cs,2009,67,0,1000,0.0,"speech, audio, end, recognition, music"
cs,2009,68,38,1000,0.038,"bound, bounds, lower, our, random"
cs,2009,69,0,1000,0.0,"machines, counting, topological, persistent, captioning"
cs,2009,70,0,1000,0.0,"flow, fairness, physics, cell, boundary"
cs,2009,71,23,1000,0.023,"codes, code, binary, length, construction"
cs,2009,72,9,1000,0.009,"learning, classification, model, prediction, using"
cs,2009,73,0,1000,0.0,"planning, path, paths, radar, plan"
cs,2009,74,8,1000,0.008,"resource, edge, cloud, heterogeneous, scheduling"
cs,2010,0,8,1362,0.005874,"image, images, diffusion, quality, generation"
cs,2010,1,0,1362,0.0,"risk, financial, market, mining, double"
cs,2010,2,52,1362,0.038179,"ai, research, their, these, has"
cs,2010,3,14,1362,0.010279,"language, text, languages, tokens, translation"
cs,2010,4,15,1362,0.011013,"search, retrieval, query, queries, information"
cs,2010,5,4,1362,0.002937,"dataset, data, datasets, models, evaluation"
cs,2010,6,1,1362,0.000734,"compression, source, coding, rate, distortion"
cs,2010,7,80,1362,0.058737,"concept, rules, model, semantics, based"
cs,2010,8,27,1362,0.019824,"privacy, attacks, security, attack, detection"
cs,2010,9,0,1362,0.0,"news, failure, detection, f1, recall"
cs,2010,10,1,1362,0.000734,"medical, clinical, imaging, brain, mri"
cs,2010,11,3,1362,0.002203,"user, users, bias, recommendation, biases"
cs,2010,12,15,1362,0.011013,"online, optimal, regret, cost, our"
cs,2010,13,0,1362,0.0,"decoding, errors, decoder, error, encoder"
cs,2010,14,25,1362,0.018355,"frequency, sparse, method, spectral, differential"
cs,2010,15,3,1362,0.002203,"design, hardware, co, uav, designs"
cs,2010,16,0,1362,0.0,"product, chain, process, transformation, mode"
cs,2010,17,0,1362,0.0,"feedback, side, layout, lms, lm"
cs,2010,18,6,1362,0.004405,"robot, robots, real, motion, environments"
cs,2010,19,7,1362,0.00514,"sensing, localization, sensor, using, sensors"
cs,2010,20,9,1362,0.006608,"optimization, gradient, convergence, function, loss"
cs,2010,21,1,1362,0.000734,"control, loop, soft, controller, stability"
cs,2010,22,21,1362,0.015419,"trade, off, fl, quantization, latency"
cs,2010,23,0,1362,0.0,"question, decision, making, questions, interpretable"
cs,2010,24,124,1362,0.091043,"be, can, not, it, or"
cs,2010,25,22,1362,0.016153,"k, d, mathcal, g, kk"
cs,2010,26,0,1362,0.0,"group, tree, box, pruning, black"
cs,2010,27,14,1362,0.010279,"data, space, dimensional, embedding, analysis"
cs,2010,28,21,1362,0.015419,"graph, graphs, edge, edges, vertex"
cs,2010,29,44,1362,0.032305,"system, systems, devices, applications, based"
cs,2010,30,7,1362,0.00514,"mobile, dialogue, location, coverage, mobility"
cs,2010,31,6,1362,0.004405,"segmentation, semantic, clustering, image, images"
cs,2010,32,6,1362,0.004405,"brain, biological, eeg, functional, evolutionary"
cs,2010,33,62,1362,0.045521,"code, software, tool, tools, execution"
cs,2010,34,7,1362,0.00514,"3d, object, point, our, scene"
cs,2010,35,37,1362,0.027166,"scheme, key, based, schemes, block"
cs,2010,36,8,1362,0.005874,"neural, networks, network, deep, learning"
cs,2010,37,28,1362,0.020558,"n, o, log, m, nn"
cs,2010,38,1,1362,0.000734,"time, uncertainty, series, causal, prediction"
cs,2010,39,1,1362,0.000734,"video, temporal, long, visual, modal"
cs,2010,40,3,1362,0.002203,"communication, distributed, federated, local, protocol"
cs,2010,41,4,1362,0.002937,"policy, state, safety, action, systems"
cs,2010,42,0,1362,0.0,"memory, prompt, continual, new, incremental"
cs,2010,43,2,1362,0.001468,"information, metric, distance, metrics, between"
cs,2010,44,29,1362,0.021292,"model, models, distribution, estimation, sampling"
cs,2010,45,0,1362,0.0,"rank, decomposition, tensor, low, mr"
cs,2010,46,2,1362,0.001468,"social, media, sentiment, conversational, online"
cs,2010,47,1,1362,0.000734,"training, adversarial, model, robustness, models"
cs,2010,48,36,1362,0.026432,"model, dynamics, phase, between, study"
cs,2010,49,3,1362,0.002203,"learning, domain, supervised, self, training"
cs,2010,50,23,1362,0.016887,"network, networks, nodes, node, structure"
cs,2010,51,8,1362,0.005874,"quantum, classical, circuits, computing, circuit"
cs,2010,52,12,1362,0.008811,"agent, agents, multi, game, games"
cs,2010,53,4,1362,0.002937,"learning, reinforcement, rl, based, deep"
cs,2010,54,8,1362,0.005874,"x, p, r, f, t"
cs,2010,55,2,1362,0.001468,"autonomous, driving, traffic, vehicle, vehicles"
cs,2010,56,12,1362,0.008811,"matrix, logic, matrices, symbolic, order"
cs,2010,57,0,1362,0.0,"noise, noisy, clip, negative, positive"
cs,2010,58,1,1362,0.000734,"models, language, tasks, large, reasoning"
cs,2010,59,2,1362,0.001468,"human, interaction, cognitive, participants, study"
cs,2010,60,21,1362,0.015419,"energy, power, consumption, routing, ad"
cs,2010,61,105,1362,0.077093,"problem, algorithm, algorithms, problems, time"
cs,2010,62,1,1362,0.000734,"health, healthcare, dl, legal, patient"
cs,2010,63,141,1362,0.103524,"functions, finite, class, which, set"
cs,2010,64,8,1362,0.005874,"performance, while, efficient, model, accuracy"
cs,2010,65,17,1362,0.012482,"features, feature, recognition, attention, information"
cs,2010,66,142,1362,0.104258,"channel, communication, channels, wireless, multiple"
cs,2010,67,3,1362,0.002203,"speech, audio, end, recognition, music"
cs,2010,68,39,1362,0.028634,"bound, bounds, lower, our, random"
cs,2010,69,0,1362,0.0,"machines, counting, topological, persistent, captioning"
cs,2010,70,1,1362,0.000734,"flow, fairness, physics, cell, boundary"
cs,2010,71,24,1362,0.017621,"codes, code, binary, length, construction"
cs,2010,72,14,1362,0.010279,"learning, classification, model, prediction, using"
cs,2010,73,0,1362,0.0,"planning, path, paths, radar, plan"
cs,2010,74,14,1362,0.010279,"resource, edge, cloud, heterogeneous, scheduling"
cs,2011,0,14,1622,0.008631,"image, images, diffusion, quality, generation"
cs,2011,1,5,1622,0.003083,"risk, financial, market, mining, double"
cs,2011,2,64,1622,0.039457,"ai, research, their, these, has"
cs,2011,3,20,1622,0.01233,"language, text, languages, tokens, translation"
cs,2011,4,24,1622,0.014797,"search, retrieval, query, queries, information"
cs,2011,5,5,1622,0.003083,"dataset, data, datasets, models, evaluation"
cs,2011,6,3,1622,0.00185,"compression, source, coding, rate, distortion"
cs,2011,7,91,1622,0.056104,"concept, rules, model, semantics, based"
cs,2011,8,30,1622,0.018496,"privacy, attacks, security, attack, detection"
cs,2011,9,0,1622,0.0,"news, failure, detection, f1, recall"
cs,2011,10,5,1622,0.003083,"medical, clinical, imaging, brain, mri"
cs,2011,11,4,1622,0.002466,"user, users, bias, recommendation, biases"
cs,2011,12,23,1622,0.01418,"online, optimal, regret, cost, our"
cs,2011,13,1,1622,0.000617,"decoding, errors, decoder, error, encoder"
cs,2011,14,36,1622,0.022195,"frequency, sparse, method, spectral, differential"
cs,2011,15,1,1622,0.000617,"design, hardware, co, uav, designs"
cs,2011,16,1,1622,0.000617,"product, chain, process, transformation, mode"
cs,2011,17,0,1622,0.0,"feedback, side, layout, lms, lm"
cs,2011,18,9,1622,0.005549,"robot, robots, real, motion, environments"
cs,2011,19,6,1622,0.003699,"sensing, localization, sensor, using, sensors"
cs,2011,20,10,1622,0.006165,"optimization, gradient, convergence, function, loss"
cs,2011,21,2,1622,0.001233,"control, loop, soft, controller, stability"
cs,2011,22,10,1622,0.006165,"trade, off, fl, quantization, latency"
cs,2011,23,2,1622,0.001233,"question, decision, making, questions, interpretable"
cs,2011,24,144,1622,0.088779,"be, can, not, it, or"
cs,2011,25,24,1622,0.014797,"k, d, mathcal, g, kk"
cs,2011,26,1,1622,0.000617,"group, tree, box, pruning, black"
cs,2011,27,18,1622,0.011097,"data, space, dimensional, embedding, analysis"
cs,2011,28,24,1622,0.014797,"graph, graphs, edge, edges, vertex"
cs,2011,29,43,1622,0.02651,"system, systems, devices, applications, based"
cs,2011,30,7,1622,0.004316,"mobile, dialogue, location, coverage, mobility"
cs,2011,31,6,1622,0.003699,"segmentation, semantic, clustering, image, images"
cs,2011,32,6,1622,0.003699,"brain, biological, eeg, functional, evolutionary"
cs,2011,33,72,1622,0.04439,"code, software, tool, tools, execution"
cs,2011,34,7,1622,0.004316,"3d, object, point, our, scene"
cs,2011,35,33,1622,0.020345,"scheme, key, based, schemes, block"
cs,2011,36,4,1622,0.002466,"neural, networks, network, deep, learning"
cs,2011,37,37,1622,0.022811,"n, o, log, m, nn"
cs,2011,38,2,1622,0.001233,"time, uncertainty, series, causal, prediction"
cs,2011,39,1,1622,0.000617,"video, temporal, long, visual, modal"
cs,2011,40,1,1622,0.000617,"communication, distributed, federated, local, protocol"
cs,2011,41,11,1622,0.006782,"policy, state, safety, action, systems"
cs,2011,42,1,1622,0.000617,"memory, prompt, continual, new, incremental"
cs,2011,43,9,1622,0.005549,"information, metric, distance, metrics, between"
cs,2011,44,34,1622,0.020962,"model, models, distribution, estimation, sampling"
cs,2011,45,0,1622,0.0,"rank, decomposition, tensor, low, mr"
cs,2011,46,1,1622,0.000617,"social, media, sentiment, conversational, online"
cs,2011,47,2,1622,0.001233,"training, adversarial, model, robustness, models"
cs,2011,48,45,1622,0.027744,"model, dynamics, phase, between, study"
cs,2011,49,5,1622,0.003083,"learning, domain, supervised, self, training"
cs,2011,50,37,1622,0.022811,"network, networks, nodes, node, structure"
cs,2011,51,4,1622,0.002466,"quantum, classical, circuits, computing, circuit"
cs,2011,52,24,1622,0.014797,"agent, agents, multi, game, games"
cs,2011,53,4,1622,0.002466,"learning, reinforcement, rl, based, deep"
cs,2011,54,13,1622,0.008015,"x, p, r, f, t"
cs,2011,55,4,1622,0.002466,"autonomous, driving, traffic, vehicle, vehicles"
cs,2011,56,15,1622,0.009248,"matrix, logic, matrices, symbolic, order"
cs,2011,57,0,1622,0.0,"noise, noisy, clip, negative, positive"
cs,2011,58,1,1622,0.000617,"models, language, tasks, large, reasoning"
cs,2011,59,4,1622,0.002466,"human, interaction, cognitive, participants, study"
cs,2011,60,30,1622,0.018496,"energy, power, consumption, routing, ad"
cs,2011,61,147,1622,0.090629,"problem, algorithm, algorithms, problems, time"
cs,2011,62,1,1622,0.000617,"health, healthcare, dl, legal, patient"
cs,2011,63,138,1622,0.08508,"functions, finite, class, which, set"
cs,2011,64,4,1622,0.002466,"performance, while, efficient, model, accuracy"
cs,2011,65,15,1622,0.009248,"features, feature, recognition, attention, information"
cs,2011,66,159,1622,0.098027,"channel, communication, channels, wireless, multiple"
cs,2011,67,0,1622,0.0,"speech, audio, end, recognition, music"
cs,2011,68,51,1622,0.031443,"bound, bounds, lower, our, random"
cs,2011,69,0,1622,0.0,"machines, counting, topological, persistent, captioning"
cs,2011,70,2,1622,0.001233,"flow, fairness, physics, cell, boundary"
cs,2011,71,36,1622,0.022195,"codes, code, binary, length, construction"
cs,2011,72,16,1622,0.009864,"learning, classification, model, prediction, using"
cs,2011,73,0,1622,0.0,"planning, path, paths, radar, plan"
cs,2011,74,13,1622,0.008015,"resource, edge, cloud, heterogeneous, scheduling"
cs,2012,0,8,2254,0.003549,"image, images, diffusion, quality, generation"
cs,2012,1,2,2254,0.000887,"risk, financial, market, mining, double"
cs,2012,2,104,2254,0.04614,"ai, research, their, these, has"
cs,2012,3,30,2254,0.01331,"language, text, languages, tokens, translation"
cs,2012,4,27,2254,0.011979,"search, retrieval, query, queries, information"
cs,2012,5,6,2254,0.002662,"dataset, data, datasets, models, evaluation"
cs,2012,6,2,2254,0.000887,"compression, source, coding, rate, distortion"
cs,2012,7,100,2254,0.044366,"concept, rules, model, semantics, based"
cs,2012,8,40,2254,0.017746,"privacy, attacks, security, attack, detection"
cs,2012,9,0,2254,0.0,"news, failure, detection, f1, recall"
cs,2012,10,3,2254,0.001331,"medical, clinical, imaging, brain, mri"
cs,2012,11,6,2254,0.002662,"user, users, bias, recommendation, biases"
cs,2012,12,44,2254,0.019521,"online, optimal, regret, cost, our"
cs,2012,13,1,2254,0.000444,"decoding, errors, decoder, error, encoder"
cs,2012,14,49,2254,0.021739,"frequency, sparse, method, spectral, differential"
cs,2012,15,10,2254,0.004437,"design, hardware, co, uav, designs"
cs,2012,16,0,2254,0.0,"product, chain, process, transformation, mode"
cs,2012,17,0,2254,0.0,"feedback, side, layout, lms, lm"
cs,2012,18,10,2254,0.004437,"robot, robots, real, motion, environments"
cs,2012,19,7,2254,0.003106,"sensing, localization, sensor, using, sensors"
cs,2012,20,28,2254,0.012422,"optimization, gradient, convergence, function, loss"
cs,2012,21,5,2254,0.002218,"control, loop, soft, controller, stability"
cs,2012,22,16,2254,0.007098,"trade, off, fl, quantization, latency"
cs,2012,23,2,2254,0.000887,"question, decision, making, questions, interpretable"
cs,2012,24,201,2254,0.089175,"be, can, not, it, or"
cs,2012,25,33,2254,0.014641,"k, d, mathcal, g, kk"
cs,2012,26,0,2254,0.0,"group, tree, box, pruning, black"
cs,2012,27,24,2254,0.010648,"data, space, dimensional, embedding, analysis"
cs,2012,28,29,2254,0.012866,"graph, graphs, edge, edges, vertex"
cs,2012,29,55,2254,0.024401,"system, systems, devices, applications, based"
cs,2012,30,7,2254,0.003106,"mobile, dialogue, location, coverage, mobility"
cs,2012,31,11,2254,0.00488,"segmentation, semantic, clustering, image, images"
cs,2012,32,10,2254,0.004437,"brain, biological, eeg, functional, evolutionary"
cs,2012,33,91,2254,0.040373,"code, software, tool, tools, execution"
cs,2012,34,17,2254,0.007542,"3d, object, point, our, scene"
cs,2012,35,50,2254,0.022183,"scheme, key, based, schemes, block"
cs,2012,36,10,2254,0.004437,"neural, networks, network, deep, learning"
cs,2012,37,39,2254,0.017303,"n, o, log, m, nn"
cs,2012,38,4,2254,0.001775,"time, uncertainty, series, causal, prediction"
cs,2012,39,3,2254,0.001331,"video, temporal, long, visual, modal"
cs,2012,40,5,2254,0.002218,"communication, distributed, federated, local, protocol"
cs,2012,41,15,2254,0.006655,"policy, state, safety, action, systems"
cs,2012,42,0,2254,0.0,"memory, prompt, continual, new, incremental"
cs,2012,43,15,2254,0.006655,"information, metric, distance, metrics, between"
cs,2012,44,117,2254,0.051908,"model, models, distribution, estimation, sampling"
cs,2012,45,0,2254,0.0,"rank, decomposition, tensor, low, mr"
cs,2012,46,3,2254,0.001331,"social, media, sentiment, conversational, online"
cs,2012,47,1,2254,0.000444,"training, adversarial, model, robustness, models"
cs,2012,48,69,2254,0.030612,"model, dynamics, phase, between, study"
cs,2012,49,12,2254,0.005324,"learning, domain, supervised, self, training"
cs,2012,50,67,2254,0.029725,"network, networks, nodes, node, structure"
cs,2012,51,7,2254,0.003106,"quantum, classical, circuits, computing, circuit"
cs,2012,52,30,2254,0.01331,"agent, agents, multi, game, games"
cs,2012,53,7,2254,0.003106,"learning, reinforcement, rl, based, deep"
cs,2012,54,14,2254,0.006211,"x, p, r, f, t"
cs,2012,55,5,2254,0.002218,"autonomous, driving, traffic, vehicle, vehicles"
cs,2012,56,31,2254,0.013753,"matrix, logic, matrices, symbolic, order"
cs,2012,57,1,2254,0.000444,"noise, noisy, clip, negative, positive"
cs,2012,58,0,2254,0.0,"models, language, tasks, large, reasoning"
cs,2012,59,5,2254,0.002218,"human, interaction, cognitive, participants, study"
cs,2012,60,43,2254,0.019077,"energy, power, consumption, routing, ad"
cs,2012,61,191,2254,0.084738,"problem, algorithm, algorithms, problems, time"
cs,2012,62,3,2254,0.001331,"health, healthcare, dl, legal, patient"
cs,2012,63,153,2254,0.067879,"functions, finite, class, which, set"
cs,2012,64,4,2254,0.001775,"performance, while, efficient, model, accuracy"
cs,2012,65,16,2254,0.007098,"features, feature, recognition, attention, information"
cs,2012,66,196,2254,0.086957,"channel, communication, channels, wireless, multiple"
cs,2012,67,2,2254,0.000887,"speech, audio, end, recognition, music"
cs,2012,68,55,2254,0.024401,"bound, bounds, lower, our, random"
cs,2012,69,0,2254,0.0,"machines, counting, topological, persistent, captioning"
cs,2012,70,8,2254,0.003549,"flow, fairness, physics, cell, boundary"
cs,2012,71,45,2254,0.019965,"codes, code, binary, length, construction"
cs,2012,72,31,2254,0.013753,"learning, classification, model, prediction, using"
cs,2012,73,0,2254,0.0,"planning, path, paths, radar, plan"
cs,2012,74,19,2254,0.008429,"resource, edge, cloud, heterogeneous, scheduling"
cs,2013,0,17,2719,0.006252,"image, images, diffusion, quality, generation"
cs,2013,1,7,2719,0.002574,"risk, financial, market, mining, double"
cs,2013,2,160,2719,0.058845,"ai, research, their, these, has"
cs,2013,3,27,2719,0.00993,"language, text, languages, tokens, translation"
cs,2013,4,33,2719,0.012137,"search, retrieval, query, queries, information"
cs,2013,5,6,2719,0.002207,"dataset, data, datasets, models, evaluation"
cs,2013,6,1,2719,0.000368,"compression, source, coding, rate, distortion"
cs,2013,7,156,2719,0.057374,"concept, rules, model, semantics, based"
cs,2013,8,42,2719,0.015447,"privacy, attacks, security, attack, detection"
cs,2013,9,0,2719,0.0,"news, failure, detection, f1, recall"
cs,2013,10,4,2719,0.001471,"medical, clinical, imaging, brain, mri"
cs,2013,11,3,2719,0.001103,"user, users, bias, recommendation, biases"
cs,2013,12,30,2719,0.011033,"online, optimal, regret, cost, our"
cs,2013,13,0,2719,0.0,"decoding, errors, decoder, error, encoder"
cs,2013,14,52,2719,0.019125,"frequency, sparse, method, spectral, differential"
cs,2013,15,4,2719,0.001471,"design, hardware, co, uav, designs"
cs,2013,16,0,2719,0.0,"product, chain, process, transformation, mode"
cs,2013,17,0,2719,0.0,"feedback, side, layout, lms, lm"
cs,2013,18,10,2719,0.003678,"robot, robots, real, motion, environments"
cs,2013,19,19,2719,0.006988,"sensing, localization, sensor, using, sensors"
cs,2013,20,30,2719,0.011033,"optimization, gradient, convergence, function, loss"
cs,2013,21,1,2719,0.000368,"control, loop, soft, controller, stability"
cs,2013,22,26,2719,0.009562,"trade, off, fl, quantization, latency"
cs,2013,23,5,2719,0.001839,"question, decision, making, questions, interpretable"
cs,2013,24,233,2719,0.085693,"be, can, not, it, or"
cs,2013,25,43,2719,0.015815,"k, d, mathcal, g, kk"
cs,2013,26,0,2719,0.0,"group, tree, box, pruning, black"
cs,2013,27,39,2719,0.014344,"data, space, dimensional, embedding, analysis"
cs,2013,28,43,2719,0.015815,"graph, graphs, edge, edges, vertex"
cs,2013,29,71,2719,0.026113,"system, systems, devices, applications, based"
cs,2013,30,7,2719,0.002574,"mobile, dialogue, location, coverage, mobility"
cs,2013,31,16,2719,0.005885,"segmentation, semantic, clustering, image, images"
cs,2013,32,6,2719,0.002207,"brain, biological, eeg, functional, evolutionary"
cs,2013,33,103,2719,0.037882,"code, software, tool, tools, execution"
cs,2013,34,23,2719,0.008459,"3d, object, point, our, scene"
cs,2013,35,47,2719,0.017286,"scheme, key, based, schemes, block"
cs,2013,36,18,2719,0.00662,"neural, networks, network, deep, learning"
cs,2013,37,73,2719,0.026848,"n, o, log, m, nn"
cs,2013,38,11,2719,0.004046,"time, uncertainty, series, causal, prediction"
cs,2013,39,4,2719,0.001471,"video, temporal, long, visual, modal"
cs,2013,40,9,2719,0.00331,"communication, distributed, federated, local, protocol"
cs,2013,41,15,2719,0.005517,"policy, state, safety, action, systems"
cs,2013,42,0,2719,0.0,"memory, prompt, continual, new, incremental"
cs,2013,43,11,2719,0.004046,"information, metric, distance, metrics, between"
cs,2013,44,118,2719,0.043398,"model, models, distribution, estimation, sampling"
cs,2013,45,2,2719,0.000736,"rank, decomposition, tensor, low, mr"
cs,2013,46,11,2719,0.004046,"social, media, sentiment, conversational, online"
cs,2013,47,6,2719,0.002207,"training, adversarial, model, robustness, models"
cs,2013,48,59,2719,0.021699,"model, dynamics, phase, between, study"
cs,2013,49,7,2719,0.002574,"learning, domain, supervised, self, training"
cs,2013,50,64,2719,0.023538,"network, networks, nodes, node, structure"
cs,2013,51,15,2719,0.005517,"quantum, classical, circuits, computing, circuit"
cs,2013,52,15,2719,0.005517,"agent, agents, multi, game, games"
cs,2013,53,9,2719,0.00331,"learning, reinforcement, rl, based, deep"
cs,2013,54,16,2719,0.005885,"x, p, r, f, t"
cs,2013,55,8,2719,0.002942,"autonomous, driving, traffic, vehicle, vehicles"
cs,2013,56,34,2719,0.012505,"matrix, logic, matrices, symbolic, order"
cs,2013,57,1,2719,0.000368,"noise, noisy, clip, negative, positive"
cs,2013,58,1,2719,0.000368,"models, language, tasks, large, reasoning"
cs,2013,59,15,2719,0.005517,"human, interaction, cognitive, participants, study"
cs,2013,60,51,2719,0.018757,"energy, power, consumption, routing, ad"
cs,2013,61,220,2719,0.080912,"problem, algorithm, algorithms, problems, time"
cs,2013,62,5,2719,0.001839,"health, healthcare, dl, legal, patient"
cs,2013,63,186,2719,0.068408,"functions, finite, class, which, set"
cs,2013,64,9,2719,0.00331,"performance, while, efficient, model, accuracy"
cs,2013,65,40,2719,0.014711,"features, feature, recognition, attention, information"
cs,2013,66,225,2719,0.082751,"channel, communication, channels, wireless, multiple"
cs,2013,67,5,2719,0.001839,"speech, audio, end, recognition, music"
cs,2013,68,72,2719,0.02648,"bound, bounds, lower, our, random"
cs,2013,69,0,2719,0.0,"machines, counting, topological, persistent, captioning"
cs,2013,70,5,2719,0.001839,"flow, fairness, physics, cell, boundary"
cs,2013,71,40,2719,0.014711,"codes, code, binary, length, construction"
cs,2013,72,54,2719,0.01986,"learning, classification, model, prediction, using"
cs,2013,73,1,2719,0.000368,"planning, path, paths, radar, plan"
cs,2013,74,20,2719,0.007356,"resource, edge, cloud, heterogeneous, scheduling"
cs,2014,0,15,2989,0.005018,"image, images, diffusion, quality, generation"
cs,2014,1,7,2989,0.002342,"risk, financial, market, mining, double"
cs,2014,2,177,2989,0.059217,"ai, research, their, these, has"
cs,2014,3,56,2989,0.018735,"language, text, languages, tokens, translation"
cs,2014,4,19,2989,0.006357,"search, retrieval, query, queries, information"
cs,2014,5,16,2989,0.005353,"dataset, data, datasets, models, evaluation"
cs,2014,6,3,2989,0.001004,"compression, source, coding, rate, distortion"
cs,2014,7,128,2989,0.042824,"concept, rules, model, semantics, based"
cs,2014,8,65,2989,0.021746,"privacy, attacks, security, attack, detection"
cs,2014,9,0,2989,0.0,"news, failure, detection, f1, recall"
cs,2014,10,2,2989,0.000669,"medical, clinical, imaging, brain, mri"
cs,2014,11,8,2989,0.002676,"user, users, bias, recommendation, biases"
cs,2014,12,36,2989,0.012044,"online, optimal, regret, cost, our"
cs,2014,13,2,2989,0.000669,"decoding, errors, decoder, error, encoder"
cs,2014,14,50,2989,0.016728,"frequency, sparse, method, spectral, differential"
cs,2014,15,8,2989,0.002676,"design, hardware, co, uav, designs"
cs,2014,16,0,2989,0.0,"product, chain, process, transformation, mode"
cs,2014,17,0,2989,0.0,"feedback, side, layout, lms, lm"
cs,2014,18,17,2989,0.005688,"robot, robots, real, motion, environments"
cs,2014,19,19,2989,0.006357,"sensing, localization, sensor, using, sensors"
cs,2014,20,38,2989,0.012713,"optimization, gradient, convergence, function, loss"
cs,2014,21,6,2989,0.002007,"control, loop, soft, controller, stability"
cs,2014,22,23,2989,0.007695,"trade, off, fl, quantization, latency"
cs,2014,23,2,2989,0.000669,"question, decision, making, questions, interpretable"
cs,2014,24,222,2989,0.074272,"be, can, not, it, or"
cs,2014,25,40,2989,0.013382,"k, d, mathcal, g, kk"
cs,2014,26,1,2989,0.000335,"group, tree, box, pruning, black"
cs,2014,27,44,2989,0.014721,"data, space, dimensional, embedding, analysis"
cs,2014,28,46,2989,0.01539,"graph, graphs, edge, edges, vertex"
cs,2014,29,89,2989,0.029776,"system, systems, devices, applications, based"
cs,2014,30,14,2989,0.004684,"mobile, dialogue, location, coverage, mobility"
cs,2014,31,25,2989,0.008364,"segmentation, semantic, clustering, image, images"
cs,2014,32,12,2989,0.004015,"brain, biological, eeg, functional, evolutionary"
cs,2014,33,135,2989,0.045166,"code, software, tool, tools, execution"
cs,2014,34,22,2989,0.00736,"3d, object, point, our, scene"
cs,2014,35,47,2989,0.015724,"scheme, key, based, schemes, block"
cs,2014,36,27,2989,0.009033,"neural, networks, network, deep, learning"
cs,2014,37,79,2989,0.02643,"n, o, log, m, nn"
cs,2014,38,8,2989,0.002676,"time, uncertainty, series, causal, prediction"
cs,2014,39,7,2989,0.002342,"video, temporal, long, visual, modal"
cs,2014,40,0,2989,0.0,"communication, distributed, federated, local, protocol"
cs,2014,41,18,2989,0.006022,"policy, state, safety, action, systems"
cs,2014,42,1,2989,0.000335,"memory, prompt, continual, new, incremental"
cs,2014,43,8,2989,0.002676,"information, metric, distance, metrics, between"
cs,2014,44,80,2989,0.026765,"model, models, distribution, estimation, sampling"
cs,2014,45,1,2989,0.000335,"rank, decomposition, tensor, low, mr"
cs,2014,46,18,2989,0.006022,"social, media, sentiment, conversational, online"
cs,2014,47,5,2989,0.001673,"training, adversarial, model, robustness, models"
cs,2014,48,70,2989,0.023419,"model, dynamics, phase, between, study"
cs,2014,49,23,2989,0.007695,"learning, domain, supervised, self, training"
cs,2014,50,65,2989,0.021746,"network, networks, nodes, node, structure"
cs,2014,51,13,2989,0.004349,"quantum, classical, circuits, computing, circuit"
cs,2014,52,32,2989,0.010706,"agent, agents, multi, game, games"
cs,2014,53,12,2989,0.004015,"learning, reinforcement, rl, based, deep"
cs,2014,54,31,2989,0.010371,"x, p, r, f, t"
cs,2014,55,4,2989,0.001338,"autonomous, driving, traffic, vehicle, vehicles"
cs,2014,56,28,2989,0.009368,"matrix, logic, matrices, symbolic, order"
cs,2014,57,1,2989,0.000335,"noise, noisy, clip, negative, positive"
cs,2014,58,1,2989,0.000335,"models, language, tasks, large, reasoning"
cs,2014,59,8,2989,0.002676,"human, interaction, cognitive, participants, study"
cs,2014,60,49,2989,0.016393,"energy, power, consumption, routing, ad"
cs,2014,61,258,2989,0.086316,"problem, algorithm, algorithms, problems, time"
cs,2014,62,2,2989,0.000669,"health, healthcare, dl, legal, patient"
cs,2014,63,185,2989,0.061894,"functions, finite, class, which, set"
cs,2014,64,21,2989,0.007026,"performance, while, efficient, model, accuracy"
cs,2014,65,36,2989,0.012044,"features, feature, recognition, attention, information"
cs,2014,66,280,2989,0.093677,"channel, communication, channels, wireless, multiple"
cs,2014,67,7,2989,0.002342,"speech, audio, end, recognition, music"
cs,2014,68,80,2989,0.026765,"bound, bounds, lower, our, random"
cs,2014,69,1,2989,0.000335,"machines, counting, topological, persistent, captioning"
cs,2014,70,6,2989,0.002007,"flow, fairness, physics, cell, boundary"
cs,2014,71,48,2989,0.016059,"codes, code, binary, length, construction"
cs,2014,72,48,2989,0.016059,"learning, classification, model, prediction, using"
cs,2014,73,0,2989,0.0,"planning, path, paths, radar, plan"
cs,2014,74,34,2989,0.011375,"resource, edge, cloud, heterogeneous, scheduling"
cs,2015,0,21,3345,0.006278,"image, images, diffusion, quality, generation"
cs,2015,1,6,3345,0.001794,"risk, financial, market, mining, double"
cs,2015,2,162,3345,0.04843,"ai, research, their, these, has"
cs,2015,3,71,3345,0.021226,"language, text, languages, tokens, translation"
cs,2015,4,23,3345,0.006876,"search, retrieval, query, queries, information"
cs,2015,5,22,3345,0.006577,"dataset, data, datasets, models, evaluation"
cs,2015,6,1,3345,0.000299,"compression, source, coding, rate, distortion"
cs,2015,7,118,3345,0.035277,"concept, rules, model, semantics, based"
cs,2015,8,58,3345,0.017339,"privacy, attacks, security, attack, detection"
cs,2015,9,0,3345,0.0,"news, failure, detection, f1, recall"
cs,2015,10,6,3345,0.001794,"medical, clinical, imaging, brain, mri"
cs,2015,11,9,3345,0.002691,"user, users, bias, recommendation, biases"
cs,2015,12,50,3345,0.014948,"online, optimal, regret, cost, our"
cs,2015,13,5,3345,0.001495,"decoding, errors, decoder, error, encoder"
cs,2015,14,74,3345,0.022123,"frequency, sparse, method, spectral, differential"
cs,2015,15,7,3345,0.002093,"design, hardware, co, uav, designs"
cs,2015,16,0,3345,0.0,"product, chain, process, transformation, mode"
cs,2015,17,0,3345,0.0,"feedback, side, layout, lms, lm"
cs,2015,18,11,3345,0.003288,"robot, robots, real, motion, environments"
cs,2015,19,17,3345,0.005082,"sensing, localization, sensor, using, sensors"
cs,2015,20,56,3345,0.016741,"optimization, gradient, convergence, function, loss"
cs,2015,21,8,3345,0.002392,"control, loop, soft, controller, stability"
cs,2015,22,25,3345,0.007474,"trade, off, fl, quantization, latency"
cs,2015,23,6,3345,0.001794,"question, decision, making, questions, interpretable"
cs,2015,24,231,3345,0.069058,"be, can, not, it, or"
cs,2015,25,58,3345,0.017339,"k, d, mathcal, g, kk"
cs,2015,26,0,3345,0.0,"group, tree, box, pruning, black"
cs,2015,27,48,3345,0.01435,"data, space, dimensional, embedding, analysis"
cs,2015,28,40,3345,0.011958,"graph, graphs, edge, edges, vertex"
cs,2015,29,87,3345,0.026009,"system, systems, devices, applications, based"
cs,2015,30,19,3345,0.00568,"mobile, dialogue, location, coverage, mobility"
cs,2015,31,29,3345,0.00867,"segmentation, semantic, clustering, image, images"
cs,2015,32,8,3345,0.002392,"brain, biological, eeg, functional, evolutionary"
cs,2015,33,153,3345,0.04574,"code, software, tool, tools, execution"
cs,2015,34,61,3345,0.018236,"3d, object, point, our, scene"
cs,2015,35,59,3345,0.017638,"scheme, key, based, schemes, block"
cs,2015,36,85,3345,0.025411,"neural, networks, network, deep, learning"
cs,2015,37,75,3345,0.022422,"n, o, log, m, nn"
cs,2015,38,9,3345,0.002691,"time, uncertainty, series, causal, prediction"
cs,2015,39,19,3345,0.00568,"video, temporal, long, visual, modal"
cs,2015,40,5,3345,0.001495,"communication, distributed, federated, local, protocol"
cs,2015,41,14,3345,0.004185,"policy, state, safety, action, systems"
cs,2015,42,0,3345,0.0,"memory, prompt, continual, new, incremental"
cs,2015,43,9,3345,0.002691,"information, metric, distance, metrics, between"
cs,2015,44,118,3345,0.035277,"model, models, distribution, estimation, sampling"
cs,2015,45,0,3345,0.0,"rank, decomposition, tensor, low, mr"
cs,2015,46,22,3345,0.006577,"social, media, sentiment, conversational, online"
cs,2015,47,7,3345,0.002093,"training, adversarial, model, robustness, models"
cs,2015,48,78,3345,0.023318,"model, dynamics, phase, between, study"
cs,2015,49,43,3345,0.012855,"learning, domain, supervised, self, training"
cs,2015,50,88,3345,0.026308,"network, networks, nodes, node, structure"
cs,2015,51,23,3345,0.006876,"quantum, classical, circuits, computing, circuit"
cs,2015,52,21,3345,0.006278,"agent, agents, multi, game, games"
cs,2015,53,16,3345,0.004783,"learning, reinforcement, rl, based, deep"
cs,2015,54,34,3345,0.010164,"x, p, r, f, t"
cs,2015,55,6,3345,0.001794,"autonomous, driving, traffic, vehicle, vehicles"
cs,2015,56,22,3345,0.006577,"matrix, logic, matrices, symbolic, order"
cs,2015,57,0,3345,0.0,"noise, noisy, clip, negative, positive"
cs,2015,58,3,3345,0.000897,"models, language, tasks, large, reasoning"
cs,2015,59,11,3345,0.003288,"human, interaction, cognitive, participants, study"
cs,2015,60,29,3345,0.00867,"energy, power, consumption, routing, ad"
cs,2015,61,231,3345,0.069058,"problem, algorithm, algorithms, problems, time"
cs,2015,62,2,3345,0.000598,"health, healthcare, dl, legal, patient"
cs,2015,63,166,3345,0.049626,"functions, finite, class, which, set"
cs,2015,64,21,3345,0.006278,"performance, while, efficient, model, accuracy"
cs,2015,65,77,3345,0.023019,"features, feature, recognition, attention, information"
cs,2015,66,312,3345,0.093274,"channel, communication, channels, wireless, multiple"
cs,2015,67,4,3345,0.001196,"speech, audio, end, recognition, music"
cs,2015,68,88,3345,0.026308,"bound, bounds, lower, our, random"
cs,2015,69,0,3345,0.0,"machines, counting, topological, persistent, captioning"
cs,2015,70,11,3345,0.003288,"flow, fairness, physics, cell, boundary"
cs,2015,71,55,3345,0.016442,"codes, code, binary, length, construction"
cs,2015,72,51,3345,0.015247,"learning, classification, model, prediction, using"
cs,2015,73,1,3345,0.000299,"planning, path, paths, radar, plan"
cs,2015,74,40,3345,0.011958,"resource, edge, cloud, heterogeneous, scheduling"
cs,2016,0,27,4280,0.006308,"image, images, diffusion, quality, generation"
cs,2016,1,7,4280,0.001636,"risk, financial, market, mining, double"
cs,2016,2,230,4280,0.053738,"ai, research, their, these, has"
cs,2016,3,146,4280,0.034112,"language, text, languages, tokens, translation"
cs,2016,4,29,4280,0.006776,"search, retrieval, query, queries, information"
cs,2016,5,36,4280,0.008411,"dataset, data, datasets, models, evaluation"
cs,2016,6,4,4280,0.000935,"compression, source, coding, rate, distortion"
cs,2016,7,126,4280,0.029439,"concept, rules, model, semantics, based"
cs,2016,8,79,4280,0.018458,"privacy, attacks, security, attack, detection"
cs,2016,9,0,4280,0.0,"news, failure, detection, f1, recall"
cs,2016,10,12,4280,0.002804,"medical, clinical, imaging, brain, mri"
cs,2016,11,12,4280,0.002804,"user, users, bias, recommendation, biases"
cs,2016,12,47,4280,0.010981,"online, optimal, regret, cost, our"
cs,2016,13,0,4280,0.0,"decoding, errors, decoder, error, encoder"
cs,2016,14,64,4280,0.014953,"frequency, sparse, method, spectral, differential"
cs,2016,15,10,4280,0.002336,"design, hardware, co, uav, designs"
cs,2016,16,0,4280,0.0,"product, chain, process, transformation, mode"
cs,2016,17,0,4280,0.0,"feedback, side, layout, lms, lm"
cs,2016,18,46,4280,0.010748,"robot, robots, real, motion, environments"
cs,2016,19,29,4280,0.006776,"sensing, localization, sensor, using, sensors"
cs,2016,20,64,4280,0.014953,"optimization, gradient, convergence, function, loss"
cs,2016,21,5,4280,0.001168,"control, loop, soft, controller, stability"
cs,2016,22,39,4280,0.009112,"trade, off, fl, quantization, latency"
cs,2016,23,12,4280,0.002804,"question, decision, making, questions, interpretable"
cs,2016,24,290,4280,0.067757,"be, can, not, it, or"
cs,2016,25,71,4280,0.016589,"k, d, mathcal, g, kk"
cs,2016,26,1,4280,0.000234,"group, tree, box, pruning, black"
cs,2016,27,75,4280,0.017523,"data, space, dimensional, embedding, analysis"
cs,2016,28,48,4280,0.011215,"graph, graphs, edge, edges, vertex"
cs,2016,29,114,4280,0.026636,"system, systems, devices, applications, based"
cs,2016,30,29,4280,0.006776,"mobile, dialogue, location, coverage, mobility"
cs,2016,31,48,4280,0.011215,"segmentation, semantic, clustering, image, images"
cs,2016,32,9,4280,0.002103,"brain, biological, eeg, functional, evolutionary"
cs,2016,33,176,4280,0.041121,"code, software, tool, tools, execution"
cs,2016,34,102,4280,0.023832,"3d, object, point, our, scene"
cs,2016,35,52,4280,0.01215,"scheme, key, based, schemes, block"
cs,2016,36,150,4280,0.035047,"neural, networks, network, deep, learning"
cs,2016,37,84,4280,0.019626,"n, o, log, m, nn"
cs,2016,38,10,4280,0.002336,"time, uncertainty, series, causal, prediction"
cs,2016,39,27,4280,0.006308,"video, temporal, long, visual, modal"
cs,2016,40,7,4280,0.001636,"communication, distributed, federated, local, protocol"
cs,2016,41,20,4280,0.004673,"policy, state, safety, action, systems"
cs,2016,42,0,4280,0.0,"memory, prompt, continual, new, incremental"
cs,2016,43,10,4280,0.002336,"information, metric, distance, metrics, between"
cs,2016,44,131,4280,0.030607,"model, models, distribution, estimation, sampling"
cs,2016,45,1,4280,0.000234,"rank, decomposition, tensor, low, mr"
cs,2016,46,27,4280,0.006308,"social, media, sentiment, conversational, online"
cs,2016,47,21,4280,0.004907,"training, adversarial, model, robustness, models"
cs,2016,48,73,4280,0.017056,"model, dynamics, phase, between, study"
cs,2016,49,64,4280,0.014953,"learning, domain, supervised, self, training"
cs,2016,50,65,4280,0.015187,"network, networks, nodes, node, structure"
cs,2016,51,16,4280,0.003738,"quantum, classical, circuits, computing, circuit"
cs,2016,52,30,4280,0.007009,"agent, agents, multi, game, games"
cs,2016,53,57,4280,0.013318,"learning, reinforcement, rl, based, deep"
cs,2016,54,37,4280,0.008645,"x, p, r, f, t"
cs,2016,55,7,4280,0.001636,"autonomous, driving, traffic, vehicle, vehicles"
cs,2016,56,23,4280,0.005374,"matrix, logic, matrices, symbolic, order"
cs,2016,57,0,4280,0.0,"noise, noisy, clip, negative, positive"
cs,2016,58,19,4280,0.004439,"models, language, tasks, large, reasoning"
cs,2016,59,20,4280,0.004673,"human, interaction, cognitive, participants, study"
cs,2016,60,28,4280,0.006542,"energy, power, consumption, routing, ad"
cs,2016,61,282,4280,0.065888,"problem, algorithm, algorithms, problems, time"
cs,2016,62,7,4280,0.001636,"health, healthcare, dl, legal, patient"
cs,2016,63,210,4280,0.049065,"functions, finite, class, which, set"
cs,2016,64,45,4280,0.010514,"performance, while, efficient, model, accuracy"
cs,2016,65,109,4280,0.025467,"features, feature, recognition, attention, information"
cs,2016,66,331,4280,0.077336,"channel, communication, channels, wireless, multiple"
cs,2016,67,16,4280,0.003738,"speech, audio, end, recognition, music"
cs,2016,68,101,4280,0.023598,"bound, bounds, lower, our, random"
cs,2016,69,0,4280,0.0,"machines, counting, topological, persistent, captioning"
cs,2016,70,10,4280,0.002336,"flow, fairness, physics, cell, boundary"
cs,2016,71,69,4280,0.016121,"codes, code, binary, length, construction"
cs,2016,72,77,4280,0.017991,"learning, classification, model, prediction, using"
cs,2016,73,1,4280,0.000234,"planning, path, paths, radar, plan"
cs,2016,74,56,4280,0.013084,"resource, edge, cloud, heterogeneous, scheduling"
cs,2017,0,81,5534,0.014637,"image, images, diffusion, quality, generation"
cs,2017,1,1,5534,0.000181,"risk, financial, market, mining, double"
cs,2017,2,289,5534,0.052223,"ai, research, their, these, has"
cs,2017,3,204,5534,0.036863,"language, text, languages, tokens, translation"
cs,2017,4,36,5534,0.006505,"search, retrieval, query, queries, information"
cs,2017,5,51,5534,0.009216,"dataset, data, datasets, models, evaluation"
cs,2017,6,1,5534,0.000181,"compression, source, coding, rate, distortion"
cs,2017,7,133,5534,0.024033,"concept, rules, model, semantics, based"
cs,2017,8,117,5534,0.021142,"privacy, attacks, security, attack, detection"
cs,2017,9,1,5534,0.000181,"news, failure, detection, f1, recall"
cs,2017,10,21,5534,0.003795,"medical, clinical, imaging, brain, mri"
cs,2017,11,20,5534,0.003614,"user, users, bias, recommendation, biases"
cs,2017,12,69,5534,0.012468,"online, optimal, regret, cost, our"
cs,2017,13,3,5534,0.000542,"decoding, errors, decoder, error, encoder"
cs,2017,14,93,5534,0.016805,"frequency, sparse, method, spectral, differential"
cs,2017,15,8,5534,0.001446,"design, hardware, co, uav, designs"
cs,2017,16,2,5534,0.000361,"product, chain, process, transformation, mode"
cs,2017,17,0,5534,0.0,"feedback, side, layout, lms, lm"
cs,2017,18,81,5534,0.014637,"robot, robots, real, motion, environments"
cs,2017,19,37,5534,0.006686,"sensing, localization, sensor, using, sensors"
cs,2017,20,102,5534,0.018432,"optimization, gradient, convergence, function, loss"
cs,2017,21,14,5534,0.00253,"control, loop, soft, controller, stability"
cs,2017,22,33,5534,0.005963,"trade, off, fl, quantization, latency"
cs,2017,23,13,5534,0.002349,"question, decision, making, questions, interpretable"
cs,2017,24,356,5534,0.06433,"be, can, not, it, or"
cs,2017,25,59,5534,0.010661,"k, d, mathcal, g, kk"
cs,2017,26,0,5534,0.0,"group, tree, box, pruning, black"
cs,2017,27,69,5534,0.012468,"data, space, dimensional, embedding, analysis"
cs,2017,28,56,5534,0.010119,"graph, graphs, edge, edges, vertex"
cs,2017,29,146,5534,0.026382,"system, systems, devices, applications, based"
cs,2017,30,21,5534,0.003795,"mobile, dialogue, location, coverage, mobility"
cs,2017,31,77,5534,0.013914,"segmentation, semantic, clustering, image, images"
cs,2017,32,10,5534,0.001807,"brain, biological, eeg, functional, evolutionary"
cs,2017,33,207,5534,0.037405,"code, software, tool, tools, execution"
cs,2017,34,182,5534,0.032888,"3d, object, point, our, scene"
cs,2017,35,56,5534,0.010119,"scheme, key, based, schemes, block"
cs,2017,36,271,5534,0.04897,"neural, networks, network, deep, learning"
cs,2017,37,102,5534,0.018432,"n, o, log, m, nn"
cs,2017,38,21,5534,0.003795,"time, uncertainty, series, causal, prediction"
cs,2017,39,43,5534,0.00777,"video, temporal, long, visual, modal"
cs,2017,40,10,5534,0.001807,"communication, distributed, federated, local, protocol"
cs,2017,41,25,5534,0.004518,"policy, state, safety, action, systems"
cs,2017,42,0,5534,0.0,"memory, prompt, continual, new, incremental"
cs,2017,43,10,5534,0.001807,"information, metric, distance, metrics, between"
cs,2017,44,158,5534,0.028551,"model, models, distribution, estimation, sampling"
cs,2017,45,1,5534,0.000181,"rank, decomposition, tensor, low, mr"
cs,2017,46,22,5534,0.003975,"social, media, sentiment, conversational, online"
cs,2017,47,49,5534,0.008854,"training, adversarial, model, robustness, models"
cs,2017,48,91,5534,0.016444,"model, dynamics, phase, between, study"
cs,2017,49,136,5534,0.024575,"learning, domain, supervised, self, training"
cs,2017,50,75,5534,0.013553,"network, networks, nodes, node, structure"
cs,2017,51,22,5534,0.003975,"quantum, classical, circuits, computing, circuit"
cs,2017,52,51,5534,0.009216,"agent, agents, multi, game, games"
cs,2017,53,91,5534,0.016444,"learning, reinforcement, rl, based, deep"
cs,2017,54,35,5534,0.006325,"x, p, r, f, t"
cs,2017,55,16,5534,0.002891,"autonomous, driving, traffic, vehicle, vehicles"
cs,2017,56,37,5534,0.006686,"matrix, logic, matrices, symbolic, order"
cs,2017,57,1,5534,0.000181,"noise, noisy, clip, negative, positive"
cs,2017,58,14,5534,0.00253,"models, language, tasks, large, reasoning"
cs,2017,59,36,5534,0.006505,"human, interaction, cognitive, participants, study"
cs,2017,60,33,5534,0.005963,"energy, power, consumption, routing, ad"
cs,2017,61,292,5534,0.052765,"problem, algorithm, algorithms, problems, time"
cs,2017,62,10,5534,0.001807,"health, healthcare, dl, legal, patient"
cs,2017,63,205,5534,0.037044,"functions, finite, class, which, set"
cs,2017,64,70,5534,0.012649,"performance, while, efficient, model, accuracy"
cs,2017,65,179,5534,0.032346,"features, feature, recognition, attention, information"
cs,2017,66,359,5534,0.064872,"channel, communication, channels, wireless, multiple"
cs,2017,67,31,5534,0.005602,"speech, audio, end, recognition, music"
cs,2017,68,113,5534,0.020419,"bound, bounds, lower, our, random"
cs,2017,69,1,5534,0.000181,"machines, counting, topological, persistent, captioning"
cs,2017,70,14,5534,0.00253,"flow, fairness, physics, cell, boundary"
cs,2017,71,57,5534,0.0103,"codes, code, binary, length, construction"
cs,2017,72,141,5534,0.025479,"learning, classification, model, prediction, using"
cs,2017,73,0,5534,0.0,"planning, path, paths, radar, plan"
cs,2017,74,63,5534,0.011384,"resource, edge, cloud, heterogeneous, scheduling"
cs,2018,0,143,7470,0.019143,"image, images, diffusion, quality, generation"
cs,2018,1,9,7470,0.001205,"risk, financial, market, mining, double"
cs,2018,2,403,7470,0.053949,"ai, research, their, these, has"
cs,2018,3,304,7470,0.040696,"language, text, languages, tokens, translation"
cs,2018,4,52,7470,0.006961,"search, retrieval, query, queries, information"
cs,2018,5,84,7470,0.011245,"dataset, data, datasets, models, evaluation"
cs,2018,6,3,7470,0.000402,"compression, source, coding, rate, distortion"
cs,2018,7,160,7470,0.021419,"concept, rules, model, semantics, based"
cs,2018,8,181,7470,0.02423,"privacy, attacks, security, attack, detection"
cs,2018,9,1,7470,0.000134,"news, failure, detection, f1, recall"
cs,2018,10,38,7470,0.005087,"medical, clinical, imaging, brain, mri"
cs,2018,11,28,7470,0.003748,"user, users, bias, recommendation, biases"
cs,2018,12,78,7470,0.010442,"online, optimal, regret, cost, our"
cs,2018,13,2,7470,0.000268,"decoding, errors, decoder, error, encoder"
cs,2018,14,92,7470,0.012316,"frequency, sparse, method, spectral, differential"
cs,2018,15,17,7470,0.002276,"design, hardware, co, uav, designs"
cs,2018,16,0,7470,0.0,"product, chain, process, transformation, mode"
cs,2018,17,0,7470,0.0,"feedback, side, layout, lms, lm"
cs,2018,18,122,7470,0.016332,"robot, robots, real, motion, environments"
cs,2018,19,42,7470,0.005622,"sensing, localization, sensor, using, sensors"
cs,2018,20,122,7470,0.016332,"optimization, gradient, convergence, function, loss"
cs,2018,21,17,7470,0.002276,"control, loop, soft, controller, stability"
cs,2018,22,51,7470,0.006827,"trade, off, fl, quantization, latency"
cs,2018,23,29,7470,0.003882,"question, decision, making, questions, interpretable"
cs,2018,24,468,7470,0.062651,"be, can, not, it, or"
cs,2018,25,76,7470,0.010174,"k, d, mathcal, g, kk"
cs,2018,26,1,7470,0.000134,"group, tree, box, pruning, black"
cs,2018,27,85,7470,0.011379,"data, space, dimensional, embedding, analysis"
cs,2018,28,69,7470,0.009237,"graph, graphs, edge, edges, vertex"
cs,2018,29,218,7470,0.029183,"system, systems, devices, applications, based"
cs,2018,30,33,7470,0.004418,"mobile, dialogue, location, coverage, mobility"
cs,2018,31,106,7470,0.01419,"segmentation, semantic, clustering, image, images"
cs,2018,32,7,7470,0.000937,"brain, biological, eeg, functional, evolutionary"
cs,2018,33,307,7470,0.041098,"code, software, tool, tools, execution"
cs,2018,34,242,7470,0.032396,"3d, object, point, our, scene"
cs,2018,35,79,7470,0.010576,"scheme, key, based, schemes, block"
cs,2018,36,382,7470,0.051138,"neural, networks, network, deep, learning"
cs,2018,37,100,7470,0.013387,"n, o, log, m, nn"
cs,2018,38,28,7470,0.003748,"time, uncertainty, series, causal, prediction"
cs,2018,39,54,7470,0.007229,"video, temporal, long, visual, modal"
cs,2018,40,10,7470,0.001339,"communication, distributed, federated, local, protocol"
cs,2018,41,41,7470,0.005489,"policy, state, safety, action, systems"
cs,2018,42,1,7470,0.000134,"memory, prompt, continual, new, incremental"
cs,2018,43,19,7470,0.002544,"information, metric, distance, metrics, between"
cs,2018,44,275,7470,0.036814,"model, models, distribution, estimation, sampling"
cs,2018,45,1,7470,0.000134,"rank, decomposition, tensor, low, mr"
cs,2018,46,26,7470,0.003481,"social, media, sentiment, conversational, online"
cs,2018,47,140,7470,0.018742,"training, adversarial, model, robustness, models"
cs,2018,48,80,7470,0.01071,"model, dynamics, phase, between, study"
cs,2018,49,245,7470,0.032798,"learning, domain, supervised, self, training"
cs,2018,50,81,7470,0.010843,"network, networks, nodes, node, structure"
cs,2018,51,27,7470,0.003614,"quantum, classical, circuits, computing, circuit"
cs,2018,52,51,7470,0.006827,"agent, agents, multi, game, games"
cs,2018,53,193,7470,0.025837,"learning, reinforcement, rl, based, deep"
cs,2018,54,39,7470,0.005221,"x, p, r, f, t"
cs,2018,55,28,7470,0.003748,"autonomous, driving, traffic, vehicle, vehicles"
cs,2018,56,45,7470,0.006024,"matrix, logic, matrices, symbolic, order"
cs,2018,57,0,7470,0.0,"noise, noisy, clip, negative, positive"
cs,2018,58,19,7470,0.002544,"models, language, tasks, large, reasoning"
cs,2018,59,46,7470,0.006158,"human, interaction, cognitive, participants, study"
cs,2018,60,31,7470,0.00415,"energy, power, consumption, routing, ad"
cs,2018,61,328,7470,0.043909,"problem, algorithm, algorithms, problems, time"
cs,2018,62,7,7470,0.000937,"health, healthcare, dl, legal, patient"
cs,2018,63,194,7470,0.025971,"functions, finite, class, which, set"
cs,2018,64,129,7470,0.017269,"performance, while, efficient, model, accuracy"
cs,2018,65,298,7470,0.039893,"features, feature, recognition, attention, information"
cs,2018,66,338,7470,0.045248,"channel, communication, channels, wireless, multiple"
cs,2018,67,59,7470,0.007898,"speech, audio, end, recognition, music"
cs,2018,68,107,7470,0.014324,"bound, bounds, lower, our, random"
cs,2018,69,1,7470,0.000134,"machines, counting, topological, persistent, captioning"
cs,2018,70,29,7470,0.003882,"flow, fairness, physics, cell, boundary"
cs,2018,71,73,7470,0.009772,"codes, code, binary, length, construction"
cs,2018,72,213,7470,0.028514,"learning, classification, model, prediction, using"
cs,2018,73,1,7470,0.000134,"planning, path, paths, radar, plan"
cs,2018,74,62,7470,0.0083,"resource, edge, cloud, heterogeneous, scheduling"
cs,2019,0,181,9549,0.018955,"image, images, diffusion, quality, generation"
cs,2019,1,12,9549,0.001257,"risk, financial, market, mining, double"
cs,2019,2,444,9549,0.046497,"ai, research, their, these, has"
cs,2019,3,426,9549,0.044612,"language, text, languages, tokens, translation"
cs,2019,4,58,9549,0.006074,"search, retrieval, query, queries, information"
cs,2019,5,152,9549,0.015918,"dataset, data, datasets, models, evaluation"
cs,2019,6,5,9549,0.000524,"compression, source, coding, rate, distortion"
cs,2019,7,160,9549,0.016756,"concept, rules, model, semantics, based"
cs,2019,8,232,9549,0.024296,"privacy, attacks, security, attack, detection"
cs,2019,9,1,9549,0.000105,"news, failure, detection, f1, recall"
cs,2019,10,55,9549,0.00576,"medical, clinical, imaging, brain, mri"
cs,2019,11,36,9549,0.00377,"user, users, bias, recommendation, biases"
cs,2019,12,113,9549,0.011834,"online, optimal, regret, cost, our"
cs,2019,13,1,9549,0.000105,"decoding, errors, decoder, error, encoder"
cs,2019,14,97,9549,0.010158,"frequency, sparse, method, spectral, differential"
cs,2019,15,15,9549,0.001571,"design, hardware, co, uav, designs"
cs,2019,16,1,9549,0.000105,"product, chain, process, transformation, mode"
cs,2019,17,0,9549,0.0,"feedback, side, layout, lms, lm"
cs,2019,18,167,9549,0.017489,"robot, robots, real, motion, environments"
cs,2019,19,63,9549,0.006598,"sensing, localization, sensor, using, sensors"
cs,2019,20,188,9549,0.019688,"optimization, gradient, convergence, function, loss"
cs,2019,21,36,9549,0.00377,"control, loop, soft, controller, stability"
cs,2019,22,53,9549,0.00555,"trade, off, fl, quantization, latency"
cs,2019,23,52,9549,0.005446,"question, decision, making, questions, interpretable"
cs,2019,24,546,9549,0.057179,"be, can, not, it, or"
cs,2019,25,98,9549,0.010263,"k, d, mathcal, g, kk"
cs,2019,26,1,9549,0.000105,"group, tree, box, pruning, black"
cs,2019,27,120,9549,0.012567,"data, space, dimensional, embedding, analysis"
cs,2019,28,75,9549,0.007854,"graph, graphs, edge, edges, vertex"
cs,2019,29,243,9549,0.025448,"system, systems, devices, applications, based"
cs,2019,30,21,9549,0.002199,"mobile, dialogue, location, coverage, mobility"
cs,2019,31,118,9549,0.012357,"segmentation, semantic, clustering, image, images"
cs,2019,32,14,9549,0.001466,"brain, biological, eeg, functional, evolutionary"
cs,2019,33,315,9549,0.032988,"code, software, tool, tools, execution"
cs,2019,34,366,9549,0.038329,"3d, object, point, our, scene"
cs,2019,35,100,9549,0.010472,"scheme, key, based, schemes, block"
cs,2019,36,445,9549,0.046602,"neural, networks, network, deep, learning"
cs,2019,37,112,9549,0.011729,"n, o, log, m, nn"
cs,2019,38,48,9549,0.005027,"time, uncertainty, series, causal, prediction"
cs,2019,39,102,9549,0.010682,"video, temporal, long, visual, modal"
cs,2019,40,36,9549,0.00377,"communication, distributed, federated, local, protocol"
cs,2019,41,58,9549,0.006074,"policy, state, safety, action, systems"
cs,2019,42,1,9549,0.000105,"memory, prompt, continual, new, incremental"
cs,2019,43,15,9549,0.001571,"information, metric, distance, metrics, between"
cs,2019,44,379,9549,0.03969,"model, models, distribution, estimation, sampling"
cs,2019,45,0,9549,0.0,"rank, decomposition, tensor, low, mr"
cs,2019,46,12,9549,0.001257,"social, media, sentiment, conversational, online"
cs,2019,47,244,9549,0.025552,"training, adversarial, model, robustness, models"
cs,2019,48,106,9549,0.011101,"model, dynamics, phase, between, study"
cs,2019,49,385,9549,0.040318,"learning, domain, supervised, self, training"
cs,2019,50,90,9549,0.009425,"network, networks, nodes, node, structure"
cs,2019,51,40,9549,0.004189,"quantum, classical, circuits, computing, circuit"
cs,2019,52,48,9549,0.005027,"agent, agents, multi, game, games"
cs,2019,53,285,9549,0.029846,"learning, reinforcement, rl, based, deep"
cs,2019,54,62,9549,0.006493,"x, p, r, f, t"
cs,2019,55,56,9549,0.005864,"autonomous, driving, traffic, vehicle, vehicles"
cs,2019,56,36,9549,0.00377,"matrix, logic, matrices, symbolic, order"
cs,2019,57,0,9549,0.0,"noise, noisy, clip, negative, positive"
cs,2019,58,42,9549,0.004398,"models, language, tasks, large, reasoning"
cs,2019,59,67,9549,0.007016,"human, interaction, cognitive, participants, study"
cs,2019,60,38,9549,0.003979,"energy, power, consumption, routing, ad"
cs,2019,61,384,9549,0.040214,"problem, algorithm, algorithms, problems, time"
cs,2019,62,7,9549,0.000733,"health, healthcare, dl, legal, patient"
cs,2019,63,212,9549,0.022201,"functions, finite, class, which, set"
cs,2019,64,177,9549,0.018536,"performance, while, efficient, model, accuracy"
cs,2019,65,444,9549,0.046497,"features, feature, recognition, attention, information"
cs,2019,66,350,9549,0.036653,"channel, communication, channels, wireless, multiple"
cs,2019,67,79,9549,0.008273,"speech, audio, end, recognition, music"
cs,2019,68,120,9549,0.012567,"bound, bounds, lower, our, random"
cs,2019,69,1,9549,0.000105,"machines, counting, topological, persistent, captioning"
cs,2019,70,30,9549,0.003142,"flow, fairness, physics, cell, boundary"
cs,2019,71,63,9549,0.006598,"codes, code, binary, length, construction"
cs,2019,72,325,9549,0.034035,"learning, classification, model, prediction, using"
cs,2019,73,2,9549,0.000209,"planning, path, paths, radar, plan"
cs,2019,74,83,9549,0.008692,"resource, edge, cloud, heterogeneous, scheduling"
cs,2020,0,210,12352,0.017001,"image, images, diffusion, quality, generation"
cs,2020,1,11,12352,0.000891,"risk, financial, market, mining, double"
cs,2020,2,698,12352,0.056509,"ai, research, their, these, has"
cs,2020,3,521,12352,0.042179,"language, text, languages, tokens, translation"
cs,2020,4,61,12352,0.004938,"search, retrieval, query, queries, information"
cs,2020,5,247,12352,0.019997,"dataset, data, datasets, models, evaluation"
cs,2020,6,1,12352,8.1e-05,"compression, source, coding, rate, distortion"
cs,2020,7,195,12352,0.015787,"concept, rules, model, semantics, based"
cs,2020,8,345,12352,0.027931,"privacy, attacks, security, attack, detection"
cs,2020,9,3,12352,0.000243,"news, failure, detection, f1, recall"
cs,2020,10,63,12352,0.0051,"medical, clinical, imaging, brain, mri"
cs,2020,11,52,12352,0.00421,"user, users, bias, recommendation, biases"
cs,2020,12,148,12352,0.011982,"online, optimal, regret, cost, our"
cs,2020,13,5,12352,0.000405,"decoding, errors, decoder, error, encoder"
cs,2020,14,114,12352,0.009229,"frequency, sparse, method, spectral, differential"
cs,2020,15,10,12352,0.00081,"design, hardware, co, uav, designs"
cs,2020,16,0,12352,0.0,"product, chain, process, transformation, mode"
cs,2020,17,0,12352,0.0,"feedback, side, layout, lms, lm"
cs,2020,18,198,12352,0.01603,"robot, robots, real, motion, environments"
cs,2020,19,100,12352,0.008096,"sensing, localization, sensor, using, sensors"
cs,2020,20,227,12352,0.018378,"optimization, gradient, convergence, function, loss"
cs,2020,21,51,12352,0.004129,"control, loop, soft, controller, stability"
cs,2020,22,53,12352,0.004291,"trade, off, fl, quantization, latency"
cs,2020,23,72,12352,0.005829,"question, decision, making, questions, interpretable"
cs,2020,24,682,12352,0.055214,"be, can, not, it, or"
cs,2020,25,105,12352,0.008501,"k, d, mathcal, g, kk"
cs,2020,26,0,12352,0.0,"group, tree, box, pruning, black"
cs,2020,27,138,12352,0.011172,"data, space, dimensional, embedding, analysis"
cs,2020,28,76,12352,0.006153,"graph, graphs, edge, edges, vertex"
cs,2020,29,309,12352,0.025016,"system, systems, devices, applications, based"
cs,2020,30,40,12352,0.003238,"mobile, dialogue, location, coverage, mobility"
cs,2020,31,166,12352,0.013439,"segmentation, semantic, clustering, image, images"
cs,2020,32,21,12352,0.0017,"brain, biological, eeg, functional, evolutionary"
cs,2020,33,411,12352,0.033274,"code, software, tool, tools, execution"
cs,2020,34,474,12352,0.038374,"3d, object, point, our, scene"
cs,2020,35,99,12352,0.008015,"scheme, key, based, schemes, block"
cs,2020,36,463,12352,0.037484,"neural, networks, network, deep, learning"
cs,2020,37,160,12352,0.012953,"n, o, log, m, nn"
cs,2020,38,99,12352,0.008015,"time, uncertainty, series, causal, prediction"
cs,2020,39,117,12352,0.009472,"video, temporal, long, visual, modal"
cs,2020,40,50,12352,0.004048,"communication, distributed, federated, local, protocol"
cs,2020,41,64,12352,0.005181,"policy, state, safety, action, systems"
cs,2020,42,4,12352,0.000324,"memory, prompt, continual, new, incremental"
cs,2020,43,17,12352,0.001376,"information, metric, distance, metrics, between"
cs,2020,44,438,12352,0.03546,"model, models, distribution, estimation, sampling"
cs,2020,45,1,12352,8.1e-05,"rank, decomposition, tensor, low, mr"
cs,2020,46,61,12352,0.004938,"social, media, sentiment, conversational, online"
cs,2020,47,335,12352,0.027121,"training, adversarial, model, robustness, models"
cs,2020,48,141,12352,0.011415,"model, dynamics, phase, between, study"
cs,2020,49,581,12352,0.047037,"learning, domain, supervised, self, training"
cs,2020,50,90,12352,0.007286,"network, networks, nodes, node, structure"
cs,2020,51,63,12352,0.0051,"quantum, classical, circuits, computing, circuit"
cs,2020,52,81,12352,0.006558,"agent, agents, multi, game, games"
cs,2020,53,375,12352,0.030359,"learning, reinforcement, rl, based, deep"
cs,2020,54,58,12352,0.004696,"x, p, r, f, t"
cs,2020,55,62,12352,0.005019,"autonomous, driving, traffic, vehicle, vehicles"
cs,2020,56,38,12352,0.003076,"matrix, logic, matrices, symbolic, order"
cs,2020,57,2,12352,0.000162,"noise, noisy, clip, negative, positive"
cs,2020,58,87,12352,0.007043,"models, language, tasks, large, reasoning"
cs,2020,59,90,12352,0.007286,"human, interaction, cognitive, participants, study"
cs,2020,60,47,12352,0.003805,"energy, power, consumption, routing, ad"
cs,2020,61,435,12352,0.035217,"problem, algorithm, algorithms, problems, time"
cs,2020,62,22,12352,0.001781,"health, healthcare, dl, legal, patient"
cs,2020,63,250,12352,0.02024,"functions, finite, class, which, set"
cs,2020,64,289,12352,0.023397,"performance, while, efficient, model, accuracy"
cs,2020,65,547,12352,0.044284,"features, feature, recognition, attention, information"
cs,2020,66,376,12352,0.03044,"channel, communication, channels, wireless, multiple"
cs,2020,67,124,12352,0.010039,"speech, audio, end, recognition, music"
cs,2020,68,177,12352,0.01433,"bound, bounds, lower, our, random"
cs,2020,69,2,12352,0.000162,"machines, counting, topological, persistent, captioning"
cs,2020,70,41,12352,0.003319,"flow, fairness, physics, cell, boundary"
cs,2020,71,62,12352,0.005019,"codes, code, binary, length, construction"
cs,2020,72,486,12352,0.039346,"learning, classification, model, prediction, using"
cs,2020,73,0,12352,0.0,"planning, path, paths, radar, plan"
cs,2020,74,111,12352,0.008986,"resource, edge, cloud, heterogeneous, scheduling"
cs,2021,0,241,14096,0.017097,"image, images, diffusion, quality, generation"
cs,2021,1,14,14096,0.000993,"risk, financial, market, mining, double"
cs,2021,2,894,14096,0.063422,"ai, research, their, these, has"
cs,2021,3,587,14096,0.041643,"language, text, languages, tokens, translation"
cs,2021,4,83,14096,0.005888,"search, retrieval, query, queries, information"
cs,2021,5,337,14096,0.023907,"dataset, data, datasets, models, evaluation"
cs,2021,6,4,14096,0.000284,"compression, source, coding, rate, distortion"
cs,2021,7,217,14096,0.015394,"concept, rules, model, semantics, based"
cs,2021,8,395,14096,0.028022,"privacy, attacks, security, attack, detection"
cs,2021,9,7,14096,0.000497,"news, failure, detection, f1, recall"
cs,2021,10,76,14096,0.005392,"medical, clinical, imaging, brain, mri"
cs,2021,11,47,14096,0.003334,"user, users, bias, recommendation, biases"
cs,2021,12,177,14096,0.012557,"online, optimal, regret, cost, our"
cs,2021,13,7,14096,0.000497,"decoding, errors, decoder, error, encoder"
cs,2021,14,134,14096,0.009506,"frequency, sparse, method, spectral, differential"
cs,2021,15,22,14096,0.001561,"design, hardware, co, uav, designs"
cs,2021,16,3,14096,0.000213,"product, chain, process, transformation, mode"
cs,2021,17,0,14096,0.0,"feedback, side, layout, lms, lm"
cs,2021,18,277,14096,0.019651,"robot, robots, real, motion, environments"
cs,2021,19,92,14096,0.006527,"sensing, localization, sensor, using, sensors"
cs,2021,20,236,14096,0.016742,"optimization, gradient, convergence, function, loss"
cs,2021,21,46,14096,0.003263,"control, loop, soft, controller, stability"
cs,2021,22,53,14096,0.00376,"trade, off, fl, quantization, latency"
cs,2021,23,82,14096,0.005817,"question, decision, making, questions, interpretable"
cs,2021,24,720,14096,0.051078,"be, can, not, it, or"
cs,2021,25,95,14096,0.00674,"k, d, mathcal, g, kk"
cs,2021,26,0,14096,0.0,"group, tree, box, pruning, black"
cs,2021,27,126,14096,0.008939,"data, space, dimensional, embedding, analysis"
cs,2021,28,59,14096,0.004186,"graph, graphs, edge, edges, vertex"
cs,2021,29,330,14096,0.023411,"system, systems, devices, applications, based"
cs,2021,30,32,14096,0.00227,"mobile, dialogue, location, coverage, mobility"
cs,2021,31,148,14096,0.010499,"segmentation, semantic, clustering, image, images"
cs,2021,32,19,14096,0.001348,"brain, biological, eeg, functional, evolutionary"
cs,2021,33,460,14096,0.032633,"code, software, tool, tools, execution"
cs,2021,34,523,14096,0.037103,"3d, object, point, our, scene"
cs,2021,35,108,14096,0.007662,"scheme, key, based, schemes, block"
cs,2021,36,459,14096,0.032562,"neural, networks, network, deep, learning"
cs,2021,37,146,14096,0.010358,"n, o, log, m, nn"
cs,2021,38,99,14096,0.007023,"time, uncertainty, series, causal, prediction"
cs,2021,39,183,14096,0.012982,"video, temporal, long, visual, modal"
cs,2021,40,63,14096,0.004469,"communication, distributed, federated, local, protocol"
cs,2021,41,80,14096,0.005675,"policy, state, safety, action, systems"
cs,2021,42,4,14096,0.000284,"memory, prompt, continual, new, incremental"
cs,2021,43,25,14096,0.001774,"information, metric, distance, metrics, between"
cs,2021,44,461,14096,0.032704,"model, models, distribution, estimation, sampling"
cs,2021,45,1,14096,7.1e-05,"rank, decomposition, tensor, low, mr"
cs,2021,46,71,14096,0.005037,"social, media, sentiment, conversational, online"
cs,2021,47,444,14096,0.031498,"training, adversarial, model, robustness, models"
cs,2021,48,130,14096,0.009222,"model, dynamics, phase, between, study"
cs,2021,49,870,14096,0.06172,"learning, domain, supervised, self, training"
cs,2021,50,85,14096,0.00603,"network, networks, nodes, node, structure"
cs,2021,51,51,14096,0.003618,"quantum, classical, circuits, computing, circuit"
cs,2021,52,85,14096,0.00603,"agent, agents, multi, game, games"
cs,2021,53,415,14096,0.029441,"learning, reinforcement, rl, based, deep"
cs,2021,54,51,14096,0.003618,"x, p, r, f, t"
cs,2021,55,53,14096,0.00376,"autonomous, driving, traffic, vehicle, vehicles"
cs,2021,56,39,14096,0.002767,"matrix, logic, matrices, symbolic, order"
cs,2021,57,0,14096,0.0,"noise, noisy, clip, negative, positive"
cs,2021,58,130,14096,0.009222,"models, language, tasks, large, reasoning"
cs,2021,59,101,14096,0.007165,"human, interaction, cognitive, participants, study"
cs,2021,60,42,14096,0.00298,"energy, power, consumption, routing, ad"
cs,2021,61,441,14096,0.031285,"problem, algorithm, algorithms, problems, time"
cs,2021,62,15,14096,0.001064,"health, healthcare, dl, legal, patient"
cs,2021,63,272,14096,0.019296,"functions, finite, class, which, set"
cs,2021,64,376,14096,0.026674,"performance, while, efficient, model, accuracy"
cs,2021,65,627,14096,0.044481,"features, feature, recognition, attention, information"
cs,2021,66,407,14096,0.028873,"channel, communication, channels, wireless, multiple"
cs,2021,67,135,14096,0.009577,"speech, audio, end, recognition, music"
cs,2021,68,187,14096,0.013266,"bound, bounds, lower, our, random"
cs,2021,69,1,14096,7.1e-05,"machines, counting, topological, persistent, captioning"
cs,2021,70,66,14096,0.004682,"flow, fairness, physics, cell, boundary"
cs,2021,71,76,14096,0.005392,"codes, code, binary, length, construction"
cs,2021,72,603,14096,0.042778,"learning, classification, model, prediction, using"
cs,2021,73,1,14096,7.1e-05,"planning, path, paths, radar, plan"
cs,2021,74,150,14096,0.010641,"resource, edge, cloud, heterogeneous, scheduling"
cs,2022,0,292,14993,0.019476,"image, images, diffusion, quality, generation"
cs,2022,1,7,14993,0.000467,"risk, financial, market, mining, double"
cs,2022,2,892,14993,0.059494,"ai, research, their, these, has"
cs,2022,3,536,14993,0.03575,"language, text, languages, tokens, translation"
cs,2022,4,59,14993,0.003935,"search, retrieval, query, queries, information"
cs,2022,5,422,14993,0.028146,"dataset, data, datasets, models, evaluation"
cs,2022,6,2,14993,0.000133,"compression, source, coding, rate, distortion"
cs,2022,7,206,14993,0.01374,"concept, rules, model, semantics, based"
cs,2022,8,350,14993,0.023344,"privacy, attacks, security, attack, detection"
cs,2022,9,2,14993,0.000133,"news, failure, detection, f1, recall"
cs,2022,10,79,14993,0.005269,"medical, clinical, imaging, brain, mri"
cs,2022,11,50,14993,0.003335,"user, users, bias, recommendation, biases"
cs,2022,12,161,14993,0.010738,"online, optimal, regret, cost, our"
cs,2022,13,2,14993,0.000133,"decoding, errors, decoder, error, encoder"
cs,2022,14,159,14993,0.010605,"frequency, sparse, method, spectral, differential"
cs,2022,15,22,14993,0.001467,"design, hardware, co, uav, designs"
cs,2022,16,0,14993,0.0,"product, chain, process, transformation, mode"
cs,2022,17,0,14993,0.0,"feedback, side, layout, lms, lm"
cs,2022,18,343,14993,0.022877,"robot, robots, real, motion, environments"
cs,2022,19,119,14993,0.007937,"sensing, localization, sensor, using, sensors"
cs,2022,20,237,14993,0.015807,"optimization, gradient, convergence, function, loss"
cs,2022,21,59,14993,0.003935,"control, loop, soft, controller, stability"
cs,2022,22,56,14993,0.003735,"trade, off, fl, quantization, latency"
cs,2022,23,85,14993,0.005669,"question, decision, making, questions, interpretable"
cs,2022,24,735,14993,0.049023,"be, can, not, it, or"
cs,2022,25,80,14993,0.005336,"k, d, mathcal, g, kk"
cs,2022,26,1,14993,6.7e-05,"group, tree, box, pruning, black"
cs,2022,27,122,14993,0.008137,"data, space, dimensional, embedding, analysis"
cs,2022,28,74,14993,0.004936,"graph, graphs, edge, edges, vertex"
cs,2022,29,315,14993,0.02101,"system, systems, devices, applications, based"
cs,2022,30,33,14993,0.002201,"mobile, dialogue, location, coverage, mobility"
cs,2022,31,150,14993,0.010005,"segmentation, semantic, clustering, image, images"
cs,2022,32,24,14993,0.001601,"brain, biological, eeg, functional, evolutionary"
cs,2022,33,405,14993,0.027013,"code, software, tool, tools, execution"
cs,2022,34,610,14993,0.040686,"3d, object, point, our, scene"
cs,2022,35,108,14993,0.007203,"scheme, key, based, schemes, block"
cs,2022,36,376,14993,0.025078,"neural, networks, network, deep, learning"
cs,2022,37,152,14993,0.010138,"n, o, log, m, nn"
cs,2022,38,134,14993,0.008938,"time, uncertainty, series, causal, prediction"
cs,2022,39,225,14993,0.015007,"video, temporal, long, visual, modal"
cs,2022,40,74,14993,0.004936,"communication, distributed, federated, local, protocol"
cs,2022,41,87,14993,0.005803,"policy, state, safety, action, systems"
cs,2022,42,4,14993,0.000267,"memory, prompt, continual, new, incremental"
cs,2022,43,27,14993,0.001801,"information, metric, distance, metrics, between"
cs,2022,44,491,14993,0.032749,"model, models, distribution, estimation, sampling"
cs,2022,45,1,14993,6.7e-05,"rank, decomposition, tensor, low, mr"
cs,2022,46,46,14993,0.003068,"social, media, sentiment, conversational, online"
cs,2022,47,510,14993,0.034016,"training, adversarial, model, robustness, models"
cs,2022,48,157,14993,0.010472,"model, dynamics, phase, between, study"
cs,2022,49,1148,14993,0.076569,"learning, domain, supervised, self, training"
cs,2022,50,69,14993,0.004602,"network, networks, nodes, node, structure"
cs,2022,51,73,14993,0.004869,"quantum, classical, circuits, computing, circuit"
cs,2022,52,88,14993,0.005869,"agent, agents, multi, game, games"
cs,2022,53,489,14993,0.032615,"learning, reinforcement, rl, based, deep"
cs,2022,54,72,14993,0.004802,"x, p, r, f, t"
cs,2022,55,59,14993,0.003935,"autonomous, driving, traffic, vehicle, vehicles"
cs,2022,56,28,14993,0.001868,"matrix, logic, matrices, symbolic, order"
cs,2022,57,2,14993,0.000133,"noise, noisy, clip, negative, positive"
cs,2022,58,195,14993,0.013006,"models, language, tasks, large, reasoning"
cs,2022,59,103,14993,0.00687,"human, interaction, cognitive, participants, study"
cs,2022,60,54,14993,0.003602,"energy, power, consumption, routing, ad"
cs,2022,61,458,14993,0.030548,"problem, algorithm, algorithms, problems, time"
cs,2022,62,13,14993,0.000867,"health, healthcare, dl, legal, patient"
cs,2022,63,254,14993,0.016941,"functions, finite, class, which, set"
cs,2022,64,493,14993,0.032882,"performance, while, efficient, model, accuracy"
cs,2022,65,765,14993,0.051024,"features, feature, recognition, attention, information"
cs,2022,66,384,14993,0.025612,"channel, communication, channels, wireless, multiple"
cs,2022,67,157,14993,0.010472,"speech, audio, end, recognition, music"
cs,2022,68,158,14993,0.010538,"bound, bounds, lower, our, random"
cs,2022,69,1,14993,6.7e-05,"machines, counting, topological, persistent, captioning"
cs,2022,70,48,14993,0.003201,"flow, fairness, physics, cell, boundary"
cs,2022,71,77,14993,0.005136,"codes, code, binary, length, construction"
cs,2022,72,590,14993,0.039352,"learning, classification, model, prediction, using"
cs,2022,73,0,14993,0.0,"planning, path, paths, radar, plan"
cs,2022,74,134,14993,0.008938,"resource, edge, cloud, heterogeneous, scheduling"
cs,2023,0,432,17825,0.024236,"image, images, diffusion, quality, generation"
cs,2023,1,13,17825,0.000729,"risk, financial, market, mining, double"
cs,2023,2,1280,17825,0.071809,"ai, research, their, these, has"
cs,2023,3,518,17825,0.02906,"language, text, languages, tokens, translation"
cs,2023,4,96,17825,0.005386,"search, retrieval, query, queries, information"
cs,2023,5,592,17825,0.033212,"dataset, data, datasets, models, evaluation"
cs,2023,6,2,17825,0.000112,"compression, source, coding, rate, distortion"
cs,2023,7,204,17825,0.011445,"concept, rules, model, semantics, based"
cs,2023,8,445,17825,0.024965,"privacy, attacks, security, attack, detection"
cs,2023,9,7,17825,0.000393,"news, failure, detection, f1, recall"
cs,2023,10,85,17825,0.004769,"medical, clinical, imaging, brain, mri"
cs,2023,11,77,17825,0.00432,"user, users, bias, recommendation, biases"
cs,2023,12,181,17825,0.010154,"online, optimal, regret, cost, our"
cs,2023,13,6,17825,0.000337,"decoding, errors, decoder, error, encoder"
cs,2023,14,132,17825,0.007405,"frequency, sparse, method, spectral, differential"
cs,2023,15,17,17825,0.000954,"design, hardware, co, uav, designs"
cs,2023,16,1,17825,5.6e-05,"product, chain, process, transformation, mode"
cs,2023,17,0,17825,0.0,"feedback, side, layout, lms, lm"
cs,2023,18,422,17825,0.023675,"robot, robots, real, motion, environments"
cs,2023,19,115,17825,0.006452,"sensing, localization, sensor, using, sensors"
cs,2023,20,257,17825,0.014418,"optimization, gradient, convergence, function, loss"
cs,2023,21,50,17825,0.002805,"control, loop, soft, controller, stability"
cs,2023,22,41,17825,0.0023,"trade, off, fl, quantization, latency"
cs,2023,23,130,17825,0.007293,"question, decision, making, questions, interpretable"
cs,2023,24,710,17825,0.039832,"be, can, not, it, or"
cs,2023,25,99,17825,0.005554,"k, d, mathcal, g, kk"
cs,2023,26,1,17825,5.6e-05,"group, tree, box, pruning, black"
cs,2023,27,123,17825,0.0069,"data, space, dimensional, embedding, analysis"
cs,2023,28,89,17825,0.004993,"graph, graphs, edge, edges, vertex"
cs,2023,29,363,17825,0.020365,"system, systems, devices, applications, based"
cs,2023,30,27,17825,0.001515,"mobile, dialogue, location, coverage, mobility"
cs,2023,31,170,17825,0.009537,"segmentation, semantic, clustering, image, images"
cs,2023,32,22,17825,0.001234,"brain, biological, eeg, functional, evolutionary"
cs,2023,33,513,17825,0.02878,"code, software, tool, tools, execution"
cs,2023,34,732,17825,0.041066,"3d, object, point, our, scene"
cs,2023,35,102,17825,0.005722,"scheme, key, based, schemes, block"
cs,2023,36,348,17825,0.019523,"neural, networks, network, deep, learning"
cs,2023,37,169,17825,0.009481,"n, o, log, m, nn"
cs,2023,38,166,17825,0.009313,"time, uncertainty, series, causal, prediction"
cs,2023,39,236,17825,0.01324,"video, temporal, long, visual, modal"
cs,2023,40,113,17825,0.006339,"communication, distributed, federated, local, protocol"
cs,2023,41,94,17825,0.005273,"policy, state, safety, action, systems"
cs,2023,42,9,17825,0.000505,"memory, prompt, continual, new, incremental"
cs,2023,43,17,17825,0.000954,"information, metric, distance, metrics, between"
cs,2023,44,566,17825,0.031753,"model, models, distribution, estimation, sampling"
cs,2023,45,2,17825,0.000112,"rank, decomposition, tensor, low, mr"
cs,2023,46,45,17825,0.002525,"social, media, sentiment, conversational, online"
cs,2023,47,607,17825,0.034053,"training, adversarial, model, robustness, models"
cs,2023,48,197,17825,0.011052,"model, dynamics, phase, between, study"
cs,2023,49,1235,17825,0.069285,"learning, domain, supervised, self, training"
cs,2023,50,93,17825,0.005217,"network, networks, nodes, node, structure"
cs,2023,51,78,17825,0.004376,"quantum, classical, circuits, computing, circuit"
cs,2023,52,96,17825,0.005386,"agent, agents, multi, game, games"
cs,2023,53,576,17825,0.032314,"learning, reinforcement, rl, based, deep"
cs,2023,54,53,17825,0.002973,"x, p, r, f, t"
cs,2023,55,110,17825,0.006171,"autonomous, driving, traffic, vehicle, vehicles"
cs,2023,56,41,17825,0.0023,"matrix, logic, matrices, symbolic, order"
cs,2023,57,3,17825,0.000168,"noise, noisy, clip, negative, positive"
cs,2023,58,733,17825,0.041122,"models, language, tasks, large, reasoning"
cs,2023,59,161,17825,0.009032,"human, interaction, cognitive, participants, study"
cs,2023,60,64,17825,0.00359,"energy, power, consumption, routing, ad"
cs,2023,61,433,17825,0.024292,"problem, algorithm, algorithms, problems, time"
cs,2023,62,15,17825,0.000842,"health, healthcare, dl, legal, patient"
cs,2023,63,330,17825,0.018513,"functions, finite, class, which, set"
cs,2023,64,765,17825,0.042917,"performance, while, efficient, model, accuracy"
cs,2023,65,717,17825,0.040224,"features, feature, recognition, attention, information"
cs,2023,66,370,17825,0.020757,"channel, communication, channels, wireless, multiple"
cs,2023,67,161,17825,0.009032,"speech, audio, end, recognition, music"
cs,2023,68,199,17825,0.011164,"bound, bounds, lower, our, random"
cs,2023,69,1,17825,5.6e-05,"machines, counting, topological, persistent, captioning"
cs,2023,70,72,17825,0.004039,"flow, fairness, physics, cell, boundary"
cs,2023,71,65,17825,0.003647,"codes, code, binary, length, construction"
cs,2023,72,690,17825,0.03871,"learning, classification, model, prediction, using"
cs,2023,73,1,17825,5.6e-05,"planning, path, paths, radar, plan"
cs,2023,74,140,17825,0.007854,"resource, edge, cloud, heterogeneous, scheduling"
cs,2024,0,584,23529,0.02482,"image, images, diffusion, quality, generation"
cs,2024,1,16,23529,0.00068,"risk, financial, market, mining, double"
cs,2024,2,1927,23529,0.081899,"ai, research, their, these, has"
cs,2024,3,474,23529,0.020145,"language, text, languages, tokens, translation"
cs,2024,4,91,23529,0.003868,"search, retrieval, query, queries, information"
cs,2024,5,941,23529,0.039993,"dataset, data, datasets, models, evaluation"
cs,2024,6,2,23529,8.5e-05,"compression, source, coding, rate, distortion"
cs,2024,7,244,23529,0.01037,"concept, rules, model, semantics, based"
cs,2024,8,607,23529,0.025798,"privacy, attacks, security, attack, detection"
cs,2024,9,7,23529,0.000298,"news, failure, detection, f1, recall"
cs,2024,10,108,23529,0.00459,"medical, clinical, imaging, brain, mri"
cs,2024,11,90,23529,0.003825,"user, users, bias, recommendation, biases"
cs,2024,12,218,23529,0.009265,"online, optimal, regret, cost, our"
cs,2024,13,2,23529,8.5e-05,"decoding, errors, decoder, error, encoder"
cs,2024,14,201,23529,0.008543,"frequency, sparse, method, spectral, differential"
cs,2024,15,37,23529,0.001573,"design, hardware, co, uav, designs"
cs,2024,16,0,23529,0.0,"product, chain, process, transformation, mode"
cs,2024,17,0,23529,0.0,"feedback, side, layout, lms, lm"
cs,2024,18,586,23529,0.024905,"robot, robots, real, motion, environments"
cs,2024,19,136,23529,0.00578,"sensing, localization, sensor, using, sensors"
cs,2024,20,281,23529,0.011943,"optimization, gradient, convergence, function, loss"
cs,2024,21,74,23529,0.003145,"control, loop, soft, controller, stability"
cs,2024,22,45,23529,0.001913,"trade, off, fl, quantization, latency"
cs,2024,23,181,23529,0.007693,"question, decision, making, questions, interpretable"
cs,2024,24,679,23529,0.028858,"be, can, not, it, or"
cs,2024,25,123,23529,0.005228,"k, d, mathcal, g, kk"
cs,2024,26,2,23529,8.5e-05,"group, tree, box, pruning, black"
cs,2024,27,130,23529,0.005525,"data, space, dimensional, embedding, analysis"
cs,2024,28,81,23529,0.003443,"graph, graphs, edge, edges, vertex"
cs,2024,29,525,23529,0.022313,"system, systems, devices, applications, based"
cs,2024,30,22,23529,0.000935,"mobile, dialogue, location, coverage, mobility"
cs,2024,31,171,23529,0.007268,"segmentation, semantic, clustering, image, images"
cs,2024,32,30,23529,0.001275,"brain, biological, eeg, functional, evolutionary"
cs,2024,33,568,23529,0.02414,"code, software, tool, tools, execution"
cs,2024,34,981,23529,0.041693,"3d, object, point, our, scene"
cs,2024,35,111,23529,0.004718,"scheme, key, based, schemes, block"
cs,2024,36,325,23529,0.013813,"neural, networks, network, deep, learning"
cs,2024,37,199,23529,0.008458,"n, o, log, m, nn"
cs,2024,38,260,23529,0.01105,"time, uncertainty, series, causal, prediction"
cs,2024,39,417,23529,0.017723,"video, temporal, long, visual, modal"
cs,2024,40,110,23529,0.004675,"communication, distributed, federated, local, protocol"
cs,2024,41,102,23529,0.004335,"policy, state, safety, action, systems"
cs,2024,42,11,23529,0.000468,"memory, prompt, continual, new, incremental"
cs,2024,43,29,23529,0.001233,"information, metric, distance, metrics, between"
cs,2024,44,606,23529,0.025755,"model, models, distribution, estimation, sampling"
cs,2024,45,0,23529,0.0,"rank, decomposition, tensor, low, mr"
cs,2024,46,36,23529,0.00153,"social, media, sentiment, conversational, online"
cs,2024,47,569,23529,0.024183,"training, adversarial, model, robustness, models"
cs,2024,48,255,23529,0.010838,"model, dynamics, phase, between, study"
cs,2024,49,1271,23529,0.054018,"learning, domain, supervised, self, training"
cs,2024,50,90,23529,0.003825,"network, networks, nodes, node, structure"
cs,2024,51,143,23529,0.006078,"quantum, classical, circuits, computing, circuit"
cs,2024,52,101,23529,0.004293,"agent, agents, multi, game, games"
cs,2024,53,644,23529,0.02737,"learning, reinforcement, rl, based, deep"
cs,2024,54,68,23529,0.00289,"x, p, r, f, t"
cs,2024,55,107,23529,0.004548,"autonomous, driving, traffic, vehicle, vehicles"
cs,2024,56,51,23529,0.002168,"matrix, logic, matrices, symbolic, order"
cs,2024,57,0,23529,0.0,"noise, noisy, clip, negative, positive"
cs,2024,58,2352,23529,0.099962,"models, language, tasks, large, reasoning"
cs,2024,59,271,23529,0.011518,"human, interaction, cognitive, participants, study"
cs,2024,60,51,23529,0.002168,"energy, power, consumption, routing, ad"
cs,2024,61,476,23529,0.02023,"problem, algorithm, algorithms, problems, time"
cs,2024,62,18,23529,0.000765,"health, healthcare, dl, legal, patient"
cs,2024,63,290,23529,0.012325,"functions, finite, class, which, set"
cs,2024,64,1615,23529,0.068639,"performance, while, efficient, model, accuracy"
cs,2024,65,720,23529,0.030601,"features, feature, recognition, attention, information"
cs,2024,66,427,23529,0.018148,"channel, communication, channels, wireless, multiple"
cs,2024,67,161,23529,0.006843,"speech, audio, end, recognition, music"
cs,2024,68,240,23529,0.0102,"bound, bounds, lower, our, random"
cs,2024,69,3,23529,0.000128,"machines, counting, topological, persistent, captioning"
cs,2024,70,71,23529,0.003018,"flow, fairness, physics, cell, boundary"
cs,2024,71,76,23529,0.00323,"codes, code, binary, length, construction"
cs,2024,72,907,23529,0.038548,"learning, classification, model, prediction, using"
cs,2024,73,0,23529,0.0,"planning, path, paths, radar, plan"
cs,2024,74,182,23529,0.007735,"resource, edge, cloud, heterogeneous, scheduling"
cs,2025,0,691,33334,0.02073,"image, images, diffusion, quality, generation"
cs,2025,1,18,33334,0.00054,"risk, financial, market, mining, double"
cs,2025,2,2447,33334,0.073409,"ai, research, their, these, has"
cs,2025,3,447,33334,0.01341,"language, text, languages, tokens, translation"
cs,2025,4,129,33334,0.00387,"search, retrieval, query, queries, information"
cs,2025,5,1549,33334,0.046469,"dataset, data, datasets, models, evaluation"
cs,2025,6,1,33334,3e-05,"compression, source, coding, rate, distortion"
cs,2025,7,297,33334,0.00891,"concept, rules, model, semantics, based"
cs,2025,8,940,33334,0.028199,"privacy, attacks, security, attack, detection"
cs,2025,9,5,33334,0.00015,"news, failure, detection, f1, recall"
cs,2025,10,148,33334,0.00444,"medical, clinical, imaging, brain, mri"
cs,2025,11,98,33334,0.00294,"user, users, bias, recommendation, biases"
cs,2025,12,316,33334,0.00948,"online, optimal, regret, cost, our"
cs,2025,13,3,33334,9e-05,"decoding, errors, decoder, error, encoder"
cs,2025,14,219,33334,0.00657,"frequency, sparse, method, spectral, differential"
cs,2025,15,47,33334,0.00141,"design, hardware, co, uav, designs"
cs,2025,16,0,33334,0.0,"product, chain, process, transformation, mode"
cs,2025,17,0,33334,0.0,"feedback, side, layout, lms, lm"
cs,2025,18,810,33334,0.0243,"robot, robots, real, motion, environments"
cs,2025,19,176,33334,0.00528,"sensing, localization, sensor, using, sensors"
cs,2025,20,378,33334,0.01134,"optimization, gradient, convergence, function, loss"
cs,2025,21,109,33334,0.00327,"control, loop, soft, controller, stability"
cs,2025,22,58,33334,0.00174,"trade, off, fl, quantization, latency"
cs,2025,23,264,33334,0.00792,"question, decision, making, questions, interpretable"
cs,2025,24,638,33334,0.01914,"be, can, not, it, or"
cs,2025,25,134,33334,0.00402,"k, d, mathcal, g, kk"
cs,2025,26,1,33334,3e-05,"group, tree, box, pruning, black"
cs,2025,27,158,33334,0.00474,"data, space, dimensional, embedding, analysis"
cs,2025,28,111,33334,0.00333,"graph, graphs, edge, edges, vertex"
cs,2025,29,617,33334,0.01851,"system, systems, devices, applications, based"
cs,2025,30,24,33334,0.00072,"mobile, dialogue, location, coverage, mobility"
cs,2025,31,153,33334,0.00459,"segmentation, semantic, clustering, image, images"
cs,2025,32,60,33334,0.0018,"brain, biological, eeg, functional, evolutionary"
cs,2025,33,933,33334,0.027989,"code, software, tool, tools, execution"
cs,2025,34,1262,33334,0.037859,"3d, object, point, our, scene"
cs,2025,35,135,33334,0.00405,"scheme, key, based, schemes, block"
cs,2025,36,310,33334,0.0093,"neural, networks, network, deep, learning"
cs,2025,37,260,33334,0.0078,"n, o, log, m, nn"
cs,2025,38,381,33334,0.01143,"time, uncertainty, series, causal, prediction"
cs,2025,39,656,33334,0.01968,"video, temporal, long, visual, modal"
cs,2025,40,134,33334,0.00402,"communication, distributed, federated, local, protocol"
cs,2025,41,159,33334,0.00477,"policy, state, safety, action, systems"
cs,2025,42,15,33334,0.00045,"memory, prompt, continual, new, incremental"
cs,2025,43,40,33334,0.0012,"information, metric, distance, metrics, between"
cs,2025,44,898,33334,0.026939,"model, models, distribution, estimation, sampling"
cs,2025,45,0,33334,0.0,"rank, decomposition, tensor, low, mr"
cs,2025,46,41,33334,0.00123,"social, media, sentiment, conversational, online"
cs,2025,47,641,33334,0.01923,"training, adversarial, model, robustness, models"
cs,2025,48,442,33334,0.01326,"model, dynamics, phase, between, study"
cs,2025,49,1258,33334,0.037739,"learning, domain, supervised, self, training"
cs,2025,50,110,33334,0.0033,"network, networks, nodes, node, structure"
cs,2025,51,176,33334,0.00528,"quantum, classical, circuits, computing, circuit"
cs,2025,52,189,33334,0.00567,"agent, agents, multi, game, games"
cs,2025,53,932,33334,0.027959,"learning, reinforcement, rl, based, deep"
cs,2025,54,77,33334,0.00231,"x, p, r, f, t"
cs,2025,55,123,33334,0.00369,"autonomous, driving, traffic, vehicle, vehicles"
cs,2025,56,63,33334,0.00189,"matrix, logic, matrices, symbolic, order"
cs,2025,57,0,33334,0.0,"noise, noisy, clip, negative, positive"
cs,2025,58,4975,33334,0.149247,"models, language, tasks, large, reasoning"
cs,2025,59,381,33334,0.01143,"human, interaction, cognitive, participants, study"
cs,2025,60,60,33334,0.0018,"energy, power, consumption, routing, ad"
cs,2025,61,552,33334,0.01656,"problem, algorithm, algorithms, problems, time"
cs,2025,62,32,33334,0.00096,"health, healthcare, dl, legal, patient"
cs,2025,63,434,33334,0.01302,"functions, finite, class, which, set"
cs,2025,64,3615,33334,0.108448,"performance, while, efficient, model, accuracy"
cs,2025,65,615,33334,0.01845,"features, feature, recognition, attention, information"
cs,2025,66,436,33334,0.01308,"channel, communication, channels, wireless, multiple"
cs,2025,67,140,33334,0.0042,"speech, audio, end, recognition, music"
cs,2025,68,325,33334,0.00975,"bound, bounds, lower, our, random"
cs,2025,69,0,33334,0.0,"machines, counting, topological, persistent, captioning"
cs,2025,70,102,33334,0.00306,"flow, fairness, physics, cell, boundary"
cs,2025,71,89,33334,0.00267,"codes, code, binary, length, construction"
cs,2025,72,1053,33334,0.031589,"learning, classification, model, prediction, using"
cs,2025,73,0,33334,0.0,"planning, path, paths, radar, plan"
cs,2025,74,244,33334,0.00732,"resource, edge, cloud, heterogeneous, scheduling"
