subject,year,topic_id,top_words
cs,2000,0,"belief_revision, reasoning, snep, nonmonotonic, knowledge, answer, belief, abductive, temiar, qaviar"
cs,2000,1,"algorithm, bidder, bidding, bid, bad, approximation, string, mst, quantum, error"
cs,2000,2,"ulysse, nontransitivity, recognition, oracle, virtual, recursion, world, nontransitive, pattern, vrml"
cs,2000,3,"cbir, image, bird, contour, benchmark, bilevel, algorithm, heteroge, dramati, neous"
cs,2000,5,"agent, maxi, plan, request, ccgolog, congolog, brainstorm, habituation, mas, robot"
cs,2000,6,"mtus, multipoint, multicast, packet, red, protocol, goodput, algorithm, lan, handoff"
cs,2000,7,"parser, word, semantic, dop, parse, corpus, verb, subcategorization, tagger, corpora"
cs,2000,8,"polygon, flipturn, polytope, frd, polylog_polylog, unfolding, convex, segment, peg_solitaire, algorithm"
cs,2000,9,"datum, host, mining, agent, x11, privacy, observatory, web, server, tool"
cs,2000,10,"oblivious, exchange, anonymous, protocol, multicast, transfer, ticker, message, electronic, rmp"
cs,2000,11,"retailing, trading, market, eurodollar, bestseller, price, trader, decision, shell, asa"
cs,2000,13,"cooccurrence, distributional, similarity, measure, broad_range, function, proxy, fold, unseen, introduction"
cs,2000,14,"site, success, student, wum, lab, web, company, plata, navigation, applet"
cs,2000,15,"logic, program, rule, termination, semantic, programming, constraint, grammar, language, isabelle"
cs,2000,16,"query, view, maintenance, index, subexpression, warehouse, aggregate, database, stock_market, proxy"
cs,2000,17,"anti_spam, classifier, noun_phrase, wsd, bayesian, word_sense_disambiguation, naive, filter, corpus, exemplar"
cs,2000,18,"video, motion, point, sequence, indexing, object_detection, viewpoint, detector, semi, stability"
cs,2000,19,"word, trigram, planck, lfi, fst, recognizer, speech_recognition, compression, perspicuous, lossless_compression"
cs,2000,20,"pushpush, complexity, function, theory, csp, circularity, tower, aixi, quantum, noi"
cs,2000,21,"clock, repair, transient, phase, fault, clock_synchronization, algorithm, register, procedure, faulty"
cs,2000,22,"grammar, testsuite, gui, statechart, debugging, language, speech, design, dsls, instrumentation"
cs,2000,23,"simd, recplay, ap1000, race, cluster, workstation, parallel, jspp, psc94, heisenbug"
cs,2000,24,"filter, obsolescence, diachronic, rule, consignation, obsolescent, administrator, filtering, depot, polysemy"
cs,2000,25,"prosodic, prosody, dialog, das, conversation, speech, word, greeting, automatic, extractable"
cs,2000,26,"graph, rectilinear_drawing, vertex, hamilton, weight, rectilinear, edge, algorithm, quadrilateral_mesh, quad"
cs,2000,27,"document, information, dialogue, retrieval, act, web, saten, apweb, irex, talkmine"
cs,2000,28,"httpfs, file, repair, code, remote, directory, speech, httpf, appending, winnt"
cs,2000,29,"entrenchment, sceptical, gardenfor, makinson, preferential, partial, inference, epistemic, counterpart, generalization"
cs,2000,30,"xtag, cle, grammar, organism, marginal, thread, thing, people, ingrained, avida"
cs,2000,31,"cmp, cache_miss, infallible, dispersion, computational, grid, fuzzy, stencil, algorithm, physical"
cs,2000,32,"english, language, text, tdt2, switchboard, corpus, annotation, immune, expression, encyclopedia"
cs,2000,33,"peg, peg_solitaire, bezi_curve, conll, player, relief, ravikumar, duotaire, intersection, nim"
cs,2000,34,"robot, neotaxis, multiagent, stimulus, metamorphic, novelty, sonar, proteo, heirarchical, environment"
cs,2000,35,"merging, meyer, word_sense_disambiguation, invariant, infobase, lazyboosting, spohn, gamma, correction, wsd"
cs,2000,36,"vrml, collaboratorie, corr, communicative, field, electronic, forum, scientific, los_alamos, cscw"
cs,2000,37,"quantum, program, debugger, gate, materialist, execution, mercury, debugging, luxdbg, computation"
cs,2000,38,"channel, distortion, bound, communication, rate, quantizer, achievable_rate, multichannel, row_column, tuple"
cs,2000,39,"conditional, phase_transition, quicksort, random, entrenchment, power_law, entailment, distribution, simlab, algorithm"
cs,2000,40,"spaceship, compositionality, music, idiomatic, composition, compositional, object, meaning, deepening, sonification"
cs,2000,41,"speech, cepstrum, sound, sonic, noise, audiology, cepstral_coefficient, cepstrum_coefficient, information, typography"
cs,2000,42,"rbfns, linear, derivative, non, reynar, approximation, divisive, orthogonal, algorithm, sequence"
cs,2000,43,"matching, regional, concentrated, overturn, reestimation, noise, gabor_transform, global, white_black, speech_recognition"
cs,2000,44,"asa, presortedness, shuffling, adaptive, newton, algorithm, coset, multiplicative, orthgonal, prewhitening"
cs,2000,47,"neuro_fuzzy, torque_ripple, drive, relational, actuator, fuzzy, hydraulic, motor, compensator, algorithm"
cs,2000,48,"encryption, security, symbol, oracle, cao, key, algorithm, host, scheme, random"
cs,2000,49,"cache, tsia, resource, unix, exchequer, manager, multicomputer, associativity, nimrod, share"
cs,2001,0,"knowledge, resettable, belief_revision, communicative, tilde, proof, answer, reasoning, snep, rkf"
cs,2001,1,"algorithm, bidder, quantum, bidding, bad, string, complexity, pseudoknot, bid, approximation"
cs,2001,2,"ulysse, timetabling, gesture, nontransitivity, recognition, oracle, virtual, hci, speech, verbal"
cs,2001,3,"color, terminology, image, cbir, bibliography, ing, algorithm, digital, reproduction, bird"
cs,2001,4,"alarm, freq, win, noise, spallation, datum, correlation, oak_ridge, neutron, didn"
cs,2001,5,"agent, uiml, belief, observable, uis, purposeful, maxi, competitive, world, language"
cs,2001,6,"multicast, network, mtus, multipoint, packet, protocol, red, traffic, goodput, mobility"
cs,2001,7,"word, parser, sentence, corpus, parse, syntactic, semantic, language, verb, lexical"
cs,2001,8,"polygon, flipturn, polytope, unfolding, convex, frd, polylog_polylog, algorithm, segment, polyhedron"
cs,2001,9,"datum, enum, privacy, service, host, mining, internet, server, information, agent"
cs,2001,10,"protocol, oblivious, exchange, anonymous, transfer, contract, multicast, disruptor, contractual, multiparty"
cs,2001,11,"price, market, retailing, trading, stock, consumer, retail, eurodollar, bestseller, monetary"
cs,2001,12,"systolic, neuron, brownian_motion, gravitational, particle, attractor, algorithm, supermassive_black, network, milky"
cs,2001,14,"site, success, student, wum, web, lab, company, navigation, plata, applet"
cs,2001,15,"logic, program, constraint, programming, rule, semantic, termination, language, grammar, theory"
cs,2001,16,"query, database, view, maintenance, index, subexpression, sdm, warehouse, aggregate, stock_market"
cs,2001,17,"classifier, training, noun_phrase, anti_spam, corpus, tagger, learning, thai, learner, transformation"
cs,2001,19,"fst, trigram, word, protein, speech, planck, sequence, lfi, language, chromosome"
cs,2001,20,"function, complexity, quantum, theory, algorithm, polynomial, bhlevel, class, homology, tower"
cs,2001,22,"software, grammar, design, testsuite, gui, statechart, language, debugging, development, interface"
cs,2001,23,"parallel, simd, cluster, recplay, ap1000, processor, race, memory, workstation, mpd"
cs,2001,25,"dialog, mixed_initiative, prosodic, interaction, prosody, das, voicexml, fia, disguised, partial"
cs,2001,26,"graph, vertex, rectilinear_drawing, edge, algorithm, karger_motwani_sudan, weight, bit, hamilton, bipartite"
cs,2001,27,"document, information, personalization, pipe, web, retrieval, dialogue, anti_spam, irex, text"
cs,2001,28,"code, httpfs, stabilizer, file, clifford, repair, error, curve, algebraic, bch"
cs,2001,30,"xtag, cle, grammar, organism, marginal, people, thread, tip_tongue, thing, ingrained"
cs,2001,31,"cmp, rbf, cache_miss, computational, infallible, dispersion, fermionic, thickness, optic, physical"
cs,2001,32,"english, language, corpus, web, olac, text, tdt2, piro, switchboard, olac_metadata"
cs,2001,33,"player, peg, game, peg_solitaire, bezi_curve, conll, phutball, relief, strategy, telecommunications_act"
cs,2001,35,"irr, rescaling, merging, meyer, ando, uniformity, indexing_lsi, document, word_sense_disambiguation, lsi"
cs,2001,36,"vrml, collaboratorie, corr, field, communicative, electronic, forum, scientific, los_alamos, policy"
cs,2001,37,"quantum, program, debugger, classical, gate, qma, execution, computation, materialist, computer"
cs,2001,38,"channel, distortion, bound, communication, rate, supply, quantizer, achievable_rate, multichannel, row_column"
cs,2001,39,"distribution, conditional, random, aep, solomonoff, phase_transition, information, power_law, algorithm, probability"
cs,2001,40,"olfactory, odor, spaceship, turbulent, anemotaxis, optomotor, search, moth, plume, compositionality"
cs,2001,42,"rbfns, rbf, linear, derivative, frame, non, reynar, wavelet, orthogonal, radial_basis"
cs,2001,44,"asa, presortedness, shuffling, algorithm, optimization, adaptive, newton, cfrule, snadiopt, snopt"
cs,2001,46,"tango, esrf, genrator, xample, opc, corba, interface, administration, device, philosophy"
cs,2001,47,"neuro_fuzzy, control, torque_ripple, drive, mcao, relational, actuator, fuzzy, argonne, motor"
cs,2001,48,"encryption, security, attack, symbol, oracle, key, policy, event, algorithm, cao"
cs,2001,49,"resource, nimrod, cache, tsia, grid, beamline, unix, service, management, exchequer"
cs,2002,0,"knowledge, reasoning, subcognitive, abduction, belief_revision, entailment, answer, question, resettable, nonmonotonic"
cs,2002,1,"algorithm, optimal, quantum, bidder, bid, bad, approximation, complexity, epsilon, bidding"
cs,2002,2,"gesture, coverbal, recognition, speech, ulysse, timetabling, kinematical, cooccurrence, nontransitivity, formulation"
cs,2002,3,"color, gamut, projector, parallelepiped, display, colorimetric, quasiconvex, extrema, algorithm, terminology"
cs,2002,4,"alarm, series, event, freq, win, dow_jones_industrial, heteroskedastic, selection, noise, predictable"
cs,2002,5,"agent, action, defeasibilitie, prl, defeasible, plannable, alife, belief, queen, advice"
cs,2002,6,"network, multicast, packet, protocol, traffic, mtus, multipoint, algorithm, internet, mobility"
cs,2002,7,"word, semantic, sentence, corpus, syntactic, language, verb, japanese, parser, basque"
cs,2002,8,"polygon, flipturn, convex, polytope, polyhedron, quadric, algorithm, point, unfolding, quadrilateral_mesh"
cs,2002,9,"service, datum, visitor, information, timeline, internet, registry, electronic_guidebook, web, enum"
cs,2002,10,"protocol, coin_flipping, quantum, bias, asynchronous, oblivious, consensus, exchange, cleverer, anonymous"
cs,2002,11,"price, elicitation, trader, parrondo, return, strategy, universalization, investment, policy, market"
cs,2002,12,"systolic, interneuron, tip_tongue, neuron, neural_network, tot, disruption, interneron, x1000, link"
cs,2002,13,"dfw_transform, rbf, rbfs, distance, function, radial_basis, dfw, winkler, fractional, devise"
cs,2002,14,"web, site, service, success, student, wum, lab, online, navigation, identifier"
cs,2002,15,"logic, program, programming, semantic, constraint, rule, nonmonotonic, language, prolog, reasoning"
cs,2002,16,"query, database, maintenance, view, integrity, join, dag, tableaux, index, datum"
cs,2002,17,"senseval, datum, classifier, training, learning, algorithm, learner, gas_turbine, cost, context"
cs,2002,18,"spatial, cooperator, prisoner_dilemma, invasion, coexistence, cooperation, nowak, cooperator_defector, prisoner_dilemma_game, defector"
cs,2002,19,"forkstack, compression, speech_recognition, word, sequence, context, transcription, fst, algorithm, trigram"
cs,2002,20,"complexity, polynomial, theory, quantum, function, class, set, lattice, algorithm, proof"
cs,2002,21,"manipulation, coalitional, voter, voting, protocol, multiagent, criticality, cup, plasticity, unweighted"
cs,2002,22,"software, annotation, tool, design, development, interface, datum, language, code, grammar"
cs,2002,23,"weave, mpd, parallel, semaphore, race, centrosymmetric, cluster, memory, simd, operation"
cs,2002,25,"feeling, dialog, protein, folding, mixed_initiative, monomer, prosodic, hydrophilic, interaction, folded"
cs,2002,26,"graph, vertex, edge, algorithm, planar, tree, weight, minimum, rectilinear_drawing, short_path"
cs,2002,27,"keyphrase, document, information, genex, web, personalization, retrieval, voicexml, algorithm, text"
cs,2002,28,"code, preparata, kerdock, interleaver, httpfs, goethal, stabilizer, quantum, algebraic, mds"
cs,2002,30,"baldwin_effect, evolvability, xtag, icann, cle, lamarckian, bias, cellulat, intracellular, grammar"
cs,2002,31,"rbf, bkm, boundary, cache_miss, mesh, reciprocity, grid, cmp, bpm, boundary_knot_bkm"
cs,2002,32,"language, english, patent, ellogon, text, pmi, japanese, corpus, annotation, web"
cs,2002,33,"player, game, strategy, peg, peg_solitaire, beacon, payoff, bezi_curve, valuation, conll"
cs,2002,34,"motion, topological, instability, dihedral, space, rotation, planner, chain, polymer, projective"
cs,2002,35,"representation, irr, neutrality, domain, rescaling, action, adaptation, level, merging, ontology"
cs,2002,36,"vrml, scientific, noncontiguous, technology, collaboratorie, cable, communication, corr, access, internet"
cs,2002,37,"quantum, program, computer, classical, language, debugger, quantum_circuit, dirac, gate, circuit"
cs,2002,38,"channel, communication, distortion, letter, franklin, yung, bound, rate, multicast, secure"
cs,2002,39,"distribution, random, probability, mcl, variable, information, phase_transition, rsann, algorithm, conditional"
cs,2002,42,"rbf, rbfns, linear, dfw, wavelet, derivative, function, non, matrix, convection"
cs,2002,44,"optimization, diff, extremal, algorithm, minimizer, asa, presortedness, newton, shuffling, local"
cs,2002,46,"tango, hair, esrf, photorealistic, genrator, xample, opc, corba, makeover, fur"
cs,2002,48,"security, secret, mpeg_mpeg, attack, event, encryption, asgs, secret_sharing, scheme, key"
cs,2002,49,"resource, scheduling, grid, cache, nimrod, management, service, cup, peer_peer, scheduler"
cs,2003,0,"reasoning, belief, knowledge, cognition, icmaus, dempster_shafer, belief_revision, liar, piece, metaconflict"
cs,2003,1,"algorithm, approximation, polynomial, optimal, complexity, quantum, linear, bad, string, gotool"
cs,2003,2,"gesture, tape, robot, coverbal, motor, mental, speech, erobot, neurocomputer, imagery"
cs,2003,3,"radial_distortion, color, gamut, undistortion, projector, parallelepiped, display, image, colorimetric, quasiconvex"
cs,2003,4,"stock_market, series, taiwan, slab, causality, alarm, acute, circ77, taiex, dihedral_angle"
cs,2003,5,"agent, action, belief, forager, language, defeasibilitie, prl, mas, multi, defeasible"
cs,2003,6,"network, traffic, internet, topology, node, club, protocol, multicast, packet, wireless"
cs,2003,7,"word, semantic, sentence, noun_modifier, language, corpora, lexical, corpus, paraphrase, algorithm"
cs,2003,8,"polygon, point, piece, crease, flipturn, polyhedron, convex, algorithm, dissection, genus"
cs,2003,9,"service, datum, babar, information, grid, management, web, gma, resource, agent"
cs,2003,10,"protocol, quantum, coin_flipping, mistrustful, party, oblivious, communication, clock, asynchronous, bias"
cs,2003,11,"price, return, market, rho, 1990, agent, choice, decision_maker, bandwidth, strat"
cs,2003,12,"systolic, neural_network, interneuron, neuron, tip_tongue, nnamm, memory, tot, network, disruption"
cs,2003,13,"strand, metalevel_evidence, dfw_transform, function, space, belief, rbf, rbfs, agent, distance"
cs,2003,14,"web, babar, site, slac, service, community, report, success, internet, track"
cs,2003,15,"logic, program, semantic, programming, constraint, rule, language, termination, prolog, negation"
cs,2003,16,"query, database, dpg_join, join, datum, xml, atlas, relational_database, dpg, maintenance"
cs,2003,17,"datum, redescription, near_neighbor, naive_baye, algorithm, asa, knn, motley, classification, training"
cs,2003,18,"faye, executable, spatial, frame, cooperator, prisoner_dilemma, invasion, stream, core, coexistence"
cs,2003,19,"barnacle, sequence, algorithm, transcription, speech_recognition, subsequence, input, vocabulary, length, forkstack"
cs,2003,20,"polynomial, quantum, function, complexity, class, theory, group, algorithm, algebraic, set"
cs,2003,21,"manipulation, voting, protocol, excitation, coalitional, voter, candidate, multiagent, hard, pattern"
cs,2003,22,"software, tool, development, interface, datum, design, debugging, atlas, language, code"
cs,2003,23,"parallel, cluster, noncontiguous, weave, memory, mpd, mpi, semaphore, processor, pvfs"
cs,2003,24,"factorization, lattice, factored, backing, katz, parallel, mixture, path, event, language"
cs,2003,25,"dialog, participant, floor, foreign, chatbot, conversational, audio, feeling, teaching, protein"
cs,2003,26,"graph, vertex, edge, algorithm, tree, hbox_hbox, planar, node, digraph, cycle"
cs,2003,27,"keyphrase, document, information, dialogue, retrieval, web, scripted, text, recommender, genex"
cs,2003,28,"code, file, convolutional, goppa, clifford, alien, preparata, stabilizer, distance, curve"
cs,2003,29,"cause, highlight, principal, limitation, capability, program, computer, effect, common, term"
cs,2003,30,"pressure, baldwin_effect, evolvability, community, blame, responsibility, neutrality, evolution, transmission, blogalia"
cs,2003,31,"thickness, fractional, fluid, particle, fm2, rbf, fm1, spin, syzygy, bkm"
cs,2003,32,"language, english, anusaaraka, text, patent, translation, indian, handle, web, resource"
cs,2003,33,"game, player, wolf, multiagent, strategy, geu, opponent, awesome, payoff, utility"
cs,2003,34,"motion, rotation, topological, space, instability, distortion, dihedral, radial_distortion, floor_plan, representation"
cs,2003,35,"elog, icmaus, domain, grammar_induction, self, representation, irr, wrapper, neutrality, sp70"
cs,2003,36,"scientific, intelligence, vrml, technology, datum, information, noncontiguous, flint, field, science"
cs,2003,37,"quantum, program, debugger, classical, quantum_circuit, language, computer, execution, error, qma"
cs,2003,38,"channel, commitment, bit, string, sender_receiver, message, relativistic, communication, quantum, discrete_memoryless"
cs,2003,39,"distribution, random, probability, mutual_information, information, algorithm, phase_transition, variable, function, entropy"
cs,2003,40,"handle, onhs, dnssec, memo, adhere, open, dns, network, owner, address"
cs,2003,41,"schedulability, ica, frequency, convolutive, music, mixing, source, processor, electroencephalographic_eeg, signal"
cs,2003,42,"rbf, rbfns, matrix, frame, grassmannian, linear, manifold, dfw, wavelet, derivative"
cs,2003,43,"structure, information, quanta, conflict, selforganization, self, force, theory, graining, description"
cs,2003,44,"metaconflict, optimization, algorithm, dempster_shafer, neural, convexity, iterative, structure, clustering, tremble"
cs,2003,45,"mpi, faulty, fault, program, failure, error, predebugger, debugging, ernst, software"
cs,2003,46,"tango, hair, reflectance, esrf, mri, morphology, photorealistic, human, brain, visualization"
cs,2003,47,"controller, inverted_pendulum, lqg, entorhinal, genetic, neocortical, neural, hippocampal, failure, safe"
cs,2003,48,"attack, secret_sharing, secret, security, cryptosystem, encryption, key, protocol, scheme, mpeg_mpeg"
cs,2003,49,"grid, resource, job, scheduling, management, service, worldgrid, computing, datum, nimrod"
cs,2004,0,"knowledge, reasoning, connectionist, domain, conceptual, ontology, information, jackendoff, symbolic, concept"
cs,2004,1,"algorithm, optimal, sort, complexity, epsilon, approximation, quantum, dpll, floyd_rivest, polynomial"
cs,2004,2,"robot, interaction, gesture, tape, attribute, hand_gesture, speech, recognition, multifingered, coverbal"
cs,2004,3,"radial_distortion, image, color, cyborg_astrobiologist, algorithm, gamut, undistortion, colour, texture, camera"
cs,2004,4,"rainfall, encephalitis, mar, stock_market, series, prognosis, taiwan, slab, tick, causality"
cs,2004,5,"agent, action, belief, behavior, robocup, decision, multi, intelligent, mas, forager"
cs,2004,6,"network, node, internet, traffic, topology, packet, multicast, protocol, wireless, link"
cs,2004,7,"word, paraconsistent_intuitionistic, semantic, lexical, sentence, language, corpus, information, phrase, relation"
cs,2004,8,"polygon, point, vec, vec_leq, piece, polytope, algorithm, bucket, log, bound"
cs,2004,9,"service, datum, information, web, mining, grid, metadata, management, business, archive"
cs,2004,10,"protocol, quantum, spam, email, fuzzy, communication, skype, coin_flipping, oblivious, trustcenter"
cs,2004,11,"price, market, negotiation, bundle, customer, forex, foreign_exchange, shop, return, rho"
cs,2004,12,"neural_network, systolic, network, memory, interneuron, neuron, layered, semiclassical, signal, plasticity"
cs,2004,13,"strand, metalevel_evidence, function, dfw_transform, space, distance, metric, belief, rbf, similarity"
cs,2004,14,"web, site, cdn, content, search_engine, internet, babar, service, dns, museum"
cs,2004,15,"logic, program, constraint, rule, programming, semantic, language, calculus, prolog, disjunctive"
cs,2004,16,"query, database, xml, datum, relational_database, sdss, object, knot, mydb, sloan_digital_sky"
cs,2004,17,"datum, granite, classification, algorithm, classifier, nnr, categorical, near_neighbour, redescription, portuguese"
cs,2004,19,"transcript, speech, barnacle, transcription, algorithm, sequence, triplet, speech_recognition, input, ncd"
cs,2004,20,"polynomial, quantum, complexity, function, boolean, class, theory, algebraic, algorithm, group"
cs,2004,21,"spin_glass, manipulation, election, presynaptic, voting, electoral, protocol, candidate, excitation, coalitional"
cs,2004,22,"software, design, tool, development, language, interface, datum, cad, project, object"
cs,2004,23,"parallel, cluster, algorithm, processor, xslt, mpi, collective, memory, communication, netbsd"
cs,2004,24,"factorization, lattice, factored, backing, katz, parallel, mixture, axon, chess, hfd"
cs,2004,26,"graph, vertex, edge, planar, network, algorithm, tree, degree, hypernodal, node"
cs,2004,27,"document, keyphrase, information, content, annotation, retrieval, dialogue, text, patent, topic"
cs,2004,28,"code, distance, dual, convolutional, bec, perp, error, binary, length, file"
cs,2004,30,"pressure, community, baldwin_effect, evolvability, hboa, blame, ant, responsibility, epistemic, group"
cs,2004,31,"spin, conductance, fm2, nonmagnetic, parallel, particle, desynchronization, mpd, algorithm, nanotube_magnetic"
cs,2004,32,"language, neca, metaphone, anaphora, searle, amharic, rap, text, javarap, english"
cs,2004,33,"game, barney, player, wilma, strategy, parrondo, chaotic, wolf, equilibria, lagrangian"
cs,2004,34,"robot, motion, rotation, surface, space, manipulator, environment, webotstm, mobile, topological"
cs,2004,35,"pre, report, extremal, category, elog, icmaus, track, conflict, processing, representation"
cs,2004,36,"scientific, lap, technology, fis, datum, information, development, healthgrid, subsumption, intelligence"
cs,2004,37,"quantum, program, computation, classical, debugger, qubit, quantum_circuit, language, entanglement, computer"
cs,2004,38,"channel, bit, commitment, capacity, string, mmse, communication, qstbc, sender_receiver, distortion"
cs,2004,39,"distribution, random, probability, information, mutual_information, power_law, theory, algorithm, bayesian, variable"
cs,2004,40,"handle, open, space, onhs, shape, dnssec, descriptor, architectural, memo, structure"
cs,2004,41,"distortion, lens, blind, compensation, schedulability, frequency, radial_distortion, geometric, ica, camera"
cs,2004,42,"rbf, matrix, jammer, svq, povms, linear, vector, manifold, rbfns, non"
cs,2004,43,"topological, communication, self, network, pattern, neural_network, adjacency_matrix, class, eigenvalue, structure"
cs,2004,44,"algorithm, optimization, metaconflict, fitness, evolutionary, genetic, search, neural_network, neoteny, function"
cs,2004,45,"fault, mpi, faulty, failure, localization, program, error, sensor, expansion, predebugger"
cs,2004,46,"tango, hair, mammogrid_project, mammogram, reflectance, diagnosabilitie, esrf, calorimeter, mri, morphology"
cs,2004,47,"controller, inverted_pendulum, lqg, deploiement, entorhinal, genetic, neocortical, neural, les, hippocampal"
cs,2004,48,"scheme, signature, attack, cryptosystem, security, key, secret_sharing, encryption, secret, protocol"
cs,2004,49,"grid, resource, computing, datum, service, job, scheduling, storage, network, architecture"
cs,2005,0,"treillis, knowledge, concept, sources, ontology, domain, ansprolog, reasoning, requ, des"
cs,2005,1,"algorithm, optimal, approximation, epsilon, complexity, linear, cost, polynomial, bound, heuristic"
cs,2005,2,"robot, human, interaction, gesture, recognition, motion_capture, engagement, tape, particle, sensory"
cs,2005,3,"image, cyborg_astrobiologist, radial_distortion, algorithm, color, superresolution, segmentation, fbt, camera, geological"
cs,2005,4,"forecasting, skeptic, gambling, forecaster, rainfall, prediction, strategy, forecast, routing, predictive"
cs,2005,5,"agent, btev, environment, multi, information, algorithm, niching, self, behavior, action"
cs,2005,6,"network, node, topology, routing, internet, packet, protocol, traffic, wireless, sensor"
cs,2005,7,"noun_modifier, word, vsm, semantic, analogy, wordnet, lra, lexical, pair, relation"
cs,2005,8,"point, convex, algorithm, fractional_brownian, log, jones_constriction, polygon, hash, distance, venn_diagram"
cs,2005,9,"service, datum, xmltape, digital, oais, constituent_datastream, grid, access, oais_aip, information"
cs,2005,10,"protocol, quantum, email, fuzzy, message, communication, signcryption, spam, party, randomness"
cs,2005,11,"mssp, market, price, optimal, contract, unichain, negotiation, resource_allocation, aggregate, bundle"
cs,2005,12,"neural_network, weight, function, feedforward, diffused, nonlinear, smoothed, propagation, regularization, network"
cs,2005,13,"strand, soe1, outlier, function, outli, metalevel_evidence, distance, space, detection, subspace"
cs,2005,14,"web, site, content, cdn, search_engine, internet, workshop, web_page, website, museum"
cs,2005,15,"logic, program, semantic, constraint, rule, programming, language, prolog, termination, calculus"
cs,2005,16,"query, database, xml, datum, sdss, schema, casjob, aggregate, mydb, acquaintance"
cs,2005,17,"classification, datum, algorithm, categorical, eeg, anmi, dataset, granite, classifier, class"
cs,2005,18,"reduct, hmmd, core, land, video, temporal, dynamic, spatial_temporal, teruti, thespatial"
cs,2005,19,"compression, sbe, sbh, dna, algorithm, sequence, genomic, primer, speech, assay"
cs,2005,20,"complexity, polynomial, function, quantum, boolean, class, theory, set, algorithm, group"
cs,2005,21,"presynaptic, election, voting, spike, neuron, spin_glass, protocol, biological, pattern, candidate"
cs,2005,22,"software, requirement, debian, tool, comodi, activity, unicore, development, interface, package"
cs,2005,23,"cluster, parallel, adf95, algorithm, recompilation, processor, memory, processing, cpu, moedas"
cs,2005,24,"acwd, ensemble, factorization, lattice, coset, ldpc, factored, weight, matrix, average"
cs,2005,25,"protein, eiav, rna, hiv, nucleic_acid, protein_protein, site, tetrahedron, recalcitrant, lentiviruse"
cs,2005,26,"graph, vertex, edge, tree, toroidal, eqrank, node, planar, path, drawing"
cs,2005,27,"document, summarization, information, xml, retrieval, content, keyphrase, germanet, text, semantic"
cs,2005,28,"code, binary, codeword, channel, convolutional, length, parity_check, distance, interleaver, error"
cs,2005,29,"unicity, stego, steganographic, steganography, steganalysis, detecting, cryptanalysis, key, accordant, hide"
cs,2005,30,"swarm, social, population, community, ant, ant_colony, pressure, srs, agent, network"
cs,2005,31,"fluid, cyborg_astrobiologist, particle, lgca, tlca, surface, spin, parallel, dynamic, algorithm"
cs,2005,32,"articulatory, vowel, phonetic, formant, language, inversion, neca, metaphone, supervisory, phonetical"
cs,2005,33,"game, strategy, player, equilibrium, nash_equilibrium, barney, strategic, wilma, hat, theory"
cs,2005,34,"rolling_shutter, robot, camera, motion, curvature, dim, taubin, surface, gauss, gestural"
cs,2005,35,"grid, self, reworking, semantic, scaleable, freeware, vocational, pre, algorithm, report"
cs,2005,36,"citation, scientific, datum, science, technology, article, cybercar, lifemapper, archive, eqrank"
cs,2005,37,"quantum, classical, computation, entanglement, program, arthur_merlin_games, computer, ginac, algorithm, protocol"
cs,2005,38,"channel, capacity, bit, commitment, receiver, mmse, pulse, scheme, communication, rate"
cs,2005,39,"distribution, probability, random, information, entropy, distortion, rate, source, mutual_information, algorithm"
cs,2005,40,"handle, object, open, architecture, fedora, relationship, space, rdf_triple, onhs, ware"
cs,2005,41,"frequency, music, distortion, lens, milca, blind, scale, genre, spectral, compensation"
cs,2005,42,"matrix, dimensional, algorithm, estimation, manifold, wavelet, linear, rbf, vector, bent"
cs,2005,43,"topological, bucket, niching, communication, self, network, pattern, structure, neural_network, class"
cs,2005,44,"algorithm, optimization, fitness, function, genetic, evolutionary, metaconflict, learning, selection, hopfield"
cs,2005,45,"sensor, fault, mpi, faulty, error, failure, detection, localization, program, ionospheric"
cs,2005,46,"fbt, hla, tango, hair, fouri_bessel, eeg, image, allele, face, mammogrid_project"
cs,2005,47,"controller, des, inverted_pendulum, lqg, evacuation, pour, les, communications, deploiement, ver"
cs,2005,48,"scheme, attack, signature, security, encryption, key, cryptosystem, quantum, authentication, password"
cs,2005,49,"grid, computing, resource, service, device, scheduler, reconfigurable, job, datum, cluster"
cs,2006,0,"knowledge, resettable, ontology, commonsense, biomedical, bpk, bare, semiosis, hypermedia, conscious"
cs,2006,1,"algorithm, optimal, approximation, complexity, polynomial, strip_packing, linear, epsilon, gossip, approximate"
cs,2006,2,"voip, recognition, people, feret, disability, speech, person, voice, synthesizer, keyboard"
cs,2006,3,"image, segmentation, polarimetric, algorithm, cyborg_astrobiologist, morlet, radial_distortion, gray, pixel, content"
cs,2006,4,"prediction, forecasting, class, label, defensive, cumulative, loss, algorithm, benchmark, line"
cs,2006,5,"agent, action, psiplan, robot, environment, capp, multi, behavior, algorithm, planning"
cs,2006,6,"network, routing, node, packet, topology, protocol, internet, wireless, traffic, multicast"
cs,2006,7,"word, vsm, acronym, lra, noun_modifier, semantic, tape, nlomj, relation, wfsm"
cs,2006,8,"point, graph, log, tile, algorithm, log_log, distortion, packing, bound, set"
cs,2006,9,"service, datum, information, enterprise, digital, metadata, internet, device, xmltape, access"
cs,2006,10,"protocol, peer, bittorrent, message, p2p, network, communication, clock_synchronization, dht, file"
cs,2006,11,"market, slot, adword_auction, mssp, rfid, ethernet_switch, coloured_petri, mechanism, allocation, policy"
cs,2006,12,"neural_network, network, weight, kak, function, feedforward, diffused, bpg, nonlinear, autonomic"
cs,2006,13,"strand, distance, bregman_divergence, function, machine, soe1, bond, space, type, similarity"
cs,2006,14,"content, web, cdn, publisher, wap, internet, page, csiec, teacher, cdns"
cs,2006,15,"logic, program, semantic, constraint, calculus, programming, language, rule, order, type"
cs,2006,16,"database, cqa, query, consistent, complexity, incremental, repair, cardinality, denial, wrt"
cs,2006,17,"classification, class, datum, algorithm, classifier, zernike, support_vector, learning, rule, distribution"
cs,2006,18,"stream, reduct, tbm, hmmd, video, datum, jkv07, temporal, cedr, core"
cs,2006,19,"sequence, compression, algorithm, speech, kl2, transcript, dna, length, tzeng, encryptor"
cs,2006,20,"complexity, polynomial, function, class, quantum, set, algorithm, theory, boolean, automata"
cs,2006,21,"ballot, election, chair, presynaptic, voter, neuron, vote, voting, stdp, envelope"
cs,2006,22,"software, design, development, tool, requirement, memex, activity, minimuml, language, project"
cs,2006,23,"algorithm, memory, particle_swarm, zmp, prejudgment, parallel, cluster, pso, arp, crc"
cs,2006,24,"decomposition, bimodular, acwd, modular, ensemble, cutset, graph, theory, factorization, adjacency"
cs,2006,25,"protein, tetrahedron, structure, sequence, eiav, amino_acid, rna, hiv, tile, nucleic_acid"
cs,2006,26,"graph, vertex, edge, digraph, algorithm, forest, tree, planar, drawing, subgraph"
cs,2006,27,"document, information, xml, text, nectarss, mining, retrieval, query, ontology, search_engine"
cs,2006,28,"code, channel, codeword, ldpc_code, interleaver, turbo, length, binary, erasure, error"
cs,2006,29,"bus, wham, unicity, wire_harness, stego, steganographic, steganography, steganalysis, detecting, cryptanalysis"
cs,2006,30,"social, swarm, simp, mobility, consciousness, individual, network, decision, collective, agent"
cs,2006,31,"grooming, rsw, rsws, gear, touchpad, flank, excitable, algorithm, tooth, dynamic"
cs,2006,32,"language, montylingua, articulatory, text, vowel, openvanilla, phonetic, formant, thesaurus, multilingual"
cs,2006,33,"game, strategy, seed, player, equilibrium, nash_equilibrium, prisoner_dilemma, bimatrix_game, opening, chess"
cs,2006,34,"robot, rotation, arm, quaternion, rolling_shutter, space, algorithm, camera, motion, manipulator"
cs,2006,35,"inefficent, scales, matching, hierarchical, neurophysiological, object, localization, visual, scanning, extraction"
cs,2006,36,"citation, journal, scientific, science, datum, article, impact, publication, access, hep"
cs,2006,37,"quantum, reversible, gate, tsg_gate, fredkin_gate, bcd_adder, computing, classical, circuit, qubit"
cs,2006,38,"channel, capacity, relay, receiver, rate, bit, scheme, gaussian, transmitter, communication"
cs,2006,39,"distribution, random, probability, entropy, information, rate, channel, equivocation, stochastic, function"
cs,2006,41,"frequency, noise, gaussion, mimo, impulsive, music, distortion, lens, glottal, excitation"
cs,2006,42,"matrix, estimator, linear, wavelet, algorithm, dimensional, datum, estimation, function, sparse"
cs,2006,44,"algorithm, optimization, evolutionary, genetic, ndash, fitness, lamarckian, selection, tique, function"
cs,2006,45,"sensor, vcs, failure, network, wdm, localization, fault, error, routing, anchoritic"
cs,2006,46,"notebook, reflectance, freiburg, spectrometry, pentagon, laboratory, recognition, database, electronic, feret"
cs,2006,47,"des, controller, les, pour, sont, qui, sur, canisme, inverted_pendulum, flottante"
cs,2006,48,"scheme, attack, secret_sharing, security, encryption, key, signature, secure, cryptosystem, protocol"
cs,2006,49,"grid, resource, computing, network, scheduling, datum, job, cluster, scheduler, reservation"
cs,2007,0,"ontology, commonsense, semantic, conceptual, intension, knowledge, compositional, natural_language, ontological, category"
cs,2007,1,"algorithm, matching, optimal, approximation, complexity, applicant, trinomial, node, set, linear"
cs,2007,2,"human, voip, manikin, people, recognition, interaction, disability, passivity, speech, motor"
cs,2007,3,"image, view, ullman, recognition, object, camera, pipeline, yield, delay, registration"
cs,2007,4,"prediction, forecasting, subcellular, defensive, wig, tycoon, series, class, planetlab, kohonen"
cs,2007,5,"cscr, collaborative, cscl, environment, supervisor, agent, humanoid, cscw, virtual, action"
cs,2007,6,"network, node, wireless, packet, routing, traffic, topology, protocol, internet, algorithm"
cs,2007,7,"parser, semantic, determiner, word, grammar, wikipedia, rdf, french, network, zipf_law"
cs,2007,8,"point, tiling, rhythm, algorithm, safavi_naini, highway, tile, euclidean, dimension, xing"
cs,2007,9,"datum, service, information, access, braille, internet, product, device, management, digital"
cs,2007,10,"protocol, peer, message, bittorrent, scrip, p2p, spam, email, peer_peer, exchange"
cs,2007,11,"advertiser, auction, mechanism, slot, market, revenue, agent, stock, price, player"
cs,2007,12,"neural_network, network, mirroring, weight, forgy, plsom, kak, input, function, acausal"
cs,2007,13,"measure, federer, compact, piecewise, boundary, point_cloud, stability, strand, allowing, canonical"
cs,2007,14,"web, content, page, ajax, digg, browser, informatic, cdn, workshop, interface"
cs,2007,15,"logic, program, calculus, semantic, programming, language, type, proof, order, constraint"
cs,2007,16,"query, database, cqa, consistent, simrank, complexity, bitboard, semantic, datum, incremental"
cs,2007,17,"datum, classification, algorithm, classifier, haplotype, test, support_vector, mutual_information, artmap, class"
cs,2007,19,"sprs, gprs, sequence, crosscorrelation, compressibility, length, gene, ciliate, compression, syllabic"
cs,2007,20,"polynomial, complexity, set, function, algorithm, class, algebraic, code, adic, sequence"
cs,2007,21,"aapsm, dodgson, ca4, card, assignable, announcement, layout, conflict, election, voter"
cs,2007,22,"design, software, development, tool, systemc, project, architecture, requirement, prolog, interface"
cs,2007,23,"pso, memory, algorithm, particle_swarm, cluster, orthoglide, block, parallel, eqsatz, bit"
cs,2007,24,"decomposition, bimodular, acwd, modular, kohonen, ensemble, filter, gcfs, comb, decimation"
cs,2007,26,"graph, vertex, edge, algorithm, digraph, subgraph, network, tree, maximum, node"
cs,2007,27,"document, annotation, information, wikis, synchronic_diachronic, retrieval, xhtml, content, tagging, web"
cs,2007,28,"code, error, codeword, channel, binary, ldpc_code, length, rate, linear, block"
cs,2007,29,"signcrypter, signcryption, proxy, bus, wham, coopration, unicity, pairing, scheme, wire_harness"
cs,2007,30,"social, formation, evolvability, scuba, gerrymandering, icls, district, collective, network, swarm"
cs,2007,31,"substrate, mem, surface, solder, worm, grooming, rsw, rsws, gear, dynamic"
cs,2007,32,"language, text, edit, ultrametric, chinese, montylingua, articulatory, aac, entry, wikipedia"
cs,2007,33,"game, nash_equilibrium, player, strategy, mediator, equilibrium, mmog, plague, strategic, prisoner_dilemma"
cs,2007,34,"manipulator, workspace, kinematic, robot, parallel, orthoglide, space, rotation, inverse_kinematic, joint"
cs,2007,35,"picture, representation, debriefing, participant, visual, acuity, unstructured, view, icon, immersion"
cs,2007,36,"citation, journal, astro, intelligence, article, technology, author, educative, hci, web"
cs,2007,37,"quantum, reversible, gate, cmol, circuit, program, classical, nonlocality, tsg_gate, specification"
cs,2007,38,"channel, capacity, rate, relay, receiver, transmitter, scheme, antenna, mimo, power"
cs,2007,39,"distribution, entropy, random, probability, information, rate, source, variable, channel, exponent"
cs,2007,40,"ssa, psi, object, oop, representation, class, concept, programming, ora, indirect"
cs,2007,41,"band, prismatoid, frequency, speaker, linear, noise, recognizer, polyhedral, sub, identification"
cs,2007,42,"matrix, estimation, linear, algorithm, lili, softo, dimensional, wavelet, kernel, datum"
cs,2007,43,"pyramid, gis, bbhc, hill_climber, hierarchical, query, overlay, precomputation, structure, chet_distance"
cs,2007,44,"fitness, optimization, algorithm, evolutionary, fitness_landscape, function, separable, ipga, search, local"
cs,2007,45,"sensor, network, vcs, failure, soil, fault, wdm, localization, calibration, temperature"
cs,2007,46,"eit, ventilation, image, medicine, perfusion, pulmonary, hypertonic, notebook, reflectance, pulmonary_embolism"
cs,2007,47,"agile, orthoglide, eye, degree_freedom, wrist, motion, rotational, haptic, motor, rotary"
cs,2007,48,"scheme, security, attack, authentication, key, protocol, encryption, secure, smart_card, secrecy"
cs,2007,49,"grid, resource, scheduling, computing, job, network, design, power, datum, diana"
cs,2008,0,"ontology, knowledge, cognizer, commonsense, semantic, ontological, language, cognitive, natural_language, conceptual"
cs,2008,1,"algorithm, approximation, graph, matching, linear, optimal, polynomial, complexity, vertex, edge"
cs,2008,2,"human, semiotic, mind, physiology, pronoun, text, semotic, verb, manning, map"
cs,2008,3,"image, segmentation, grain, detector, repeatability, classification, certainty, seabed, fusion, algorithm"
cs,2008,4,"platinum, prediction, cohere, ensemble, weighting, news, region, forecasting, subcellular, price"
cs,2008,5,"agent, cscr, temperamental, collaborative, environment, cscl, stegagent, trustmas, supervisor, communication"
cs,2008,6,"network, packet, node, wireless, routing, traffic, link, protocol, throughput, algorithm"
cs,2008,7,"episturmian, word, parser, semantic, lrme, unithood, sentence, occurrence, sturmian, text"
cs,2008,8,"point, euclidean, graph, plane, constant, bloomi_filter, space, dimension, algorithm, bargain"
cs,2008,9,"datum, service, information, spreadsheet, management, access, telerobotics, internet, enterprise, opc"
cs,2008,10,"protocol, peer, message, replica, fuzzy, authority, bittorrent, scrip, hydrocyclone, peer_peer"
cs,2008,11,"advertiser, auction, auctioneer, mechanism, bidder, advertising, slot, market, search, revenue"
cs,2008,12,"symbolic, sfn, forecasting, permit, river, neural_network, network, flow, function, selection"
cs,2008,13,"measure, distortion, metric, federer, space, quasi, compact, piecewise, function, boundary"
cs,2008,14,"web, issac, site, customer, university, spreadsheet, student, emory, company, content"
cs,2008,15,"logic, proof, language, program, semantic, type, calculus, programming, algorithm, order"
cs,2008,16,"query, xquery, database, sew, xml, sparql, linebreak, cqa, hash, chaos"
cs,2008,17,"classification, datum, mart, support_vector, class, classifier, svms, multiclass, algorithm, abc"
cs,2008,18,"video, response, youtube, social, geography, opening, interaction, network, duration, popularity"
cs,2008,19,"compression, sprs, sequence, window, gprs, lz77, length, crosscorrelation, bitmap, word"
cs,2008,20,"polynomial, complexity, function, algorithm, class, omega, set, finite, language, boolean"
cs,2008,21,"ais, spike_train, aapsm, dodgson, stippling, steam, stroke, neuronal, immune, swta"
cs,2008,22,"spreadsheet, software, design, development, tool, edhibou, systemc, level, project, datum"
cs,2008,23,"memory, hybridization, algorithm, parallel, thread, datum, pso, multiplication, nipal, network"
cs,2008,24,"filter, comb, gcf, sphere, decomposition, decimation, bimodular, polyphase, optimal, mock"
cs,2008,25,"dialog, acceptance, saget, collective, collaborative, attitude, conversational, activity, ground, referential"
cs,2008,26,"graph, vertex, digraph, edge, planar, algorithm, path, chordal, tree, acyclic"
cs,2008,27,"document, annotation, information, taxonomy, spreadsheet, halverson, panko, content, datum, item"
cs,2008,28,"code, error, ldpc_code, codeword, channel, subsystem, length, source, rate, binary"
cs,2008,29,"vehicle, dubin, signcrypter, signcryption, adjoint, pontryagin, pmp, proxy, orientation, bus"
cs,2008,30,"social, actor, partnering, collocation, fitness_landscape, network, population, formation, mind, temporal"
cs,2008,31,"mem, micro, thermal, substrate, temperature, surface, pmma, fluid, mechanical, polysilicon"
cs,2008,32,"text, translation, language, xml, document, corpora, mistake, bilingual, edit, tion"
cs,2008,33,"game, player, strategy, nash_equilibrium, equilibrium, bgp, nucleolus, payoff, fractional, mediator"
cs,2008,34,"manipulator, workspace, kinematic, parallel, robot, singular, assembly, translational, trajectory, motion"
cs,2008,36,"citation, journal, information, science, wsan, macip, article, technology, author, management"
cs,2008,37,"quantum, circuit, program, reversible, gate, mathematica, spreadsheet, classical, tqs, entanglement"
cs,2008,38,"channel, relay, rate, capacity, receiver, interference, antenna, scheme, transmitter, code"
cs,2008,39,"spreadsheet, distribution, entropy, random, probability, rate, error, channel, information, function"
cs,2008,40,"ssa, mvp, search, directional, psi, bmme, object, oop, diamond, representation"
cs,2008,41,"signal, band, prismatoid, voip, eigenvalue, cognitive_radio, noise, dtv, steganography, frequency"
cs,2008,42,"matrix, linear, sparse, algorithm, estimation, sparsity, measurement, dimensional, kernel, estimator"
cs,2008,43,"zigzag_persistence, hierarchical, contraction, quiver, dependent, pyramid, routing, topological, query, hierarchy"
cs,2008,44,"algorithm, optimization, mapel, fitness, search, objective, hgasa, genetic, function, nurse"
cs,2008,45,"sensor, overconfidence, spreadsheet, localization, network, aggregation, accuracy, test, detection, olfactory_receptor"
cs,2008,46,"trus, prostate, mri, brachytherapy, eit, radioactive, gland, image, apex, treatment"
cs,2008,47,"control, agile, orthoglide, eye, helicopter, degree_freedom, wrist, motion, rotational, haptic"
cs,2008,48,"security, scheme, attack, authentication, key, gossicrypt, secure, protocol, encryption, network"
cs,2008,49,"scheduling, grid, multiprocessor, job, computing, resource, processor, datum, storage, energy"
cs,2009,0,"knowledge, ontological, hyperset, ontology, semi, structured, language, theory, delta, bisimulation"
cs,2009,1,"algorithm, approximation, optimal, graph, matching, polynomial, lada, max, linear, set"
cs,2009,2,"human, melanin, living, unconscious, nir, mind, computer, semiotic, iris, iarcuri"
cs,2009,3,"image, segmentation, grain, detector, fish, repeatability, classification, algorithm, iris, texture"
cs,2009,4,"bastia, prediction, ajaccio, platinum, rmse, nrmse, solar_radiation, seaside, corte, danube"
cs,2009,5,"agent, signcryption, planning, multi, krause, cscr, opinion, scenario, tactical, expertism"
cs,2009,6,"network, packet, wireless, node, routing, traffic, delay, throughput, protocol, algorithm"
cs,2009,7,"word, episturmian, grammar, acabit, zipf_law, parser, dictionary, semantic, term, lrme"
cs,2009,8,"point, space, log_log_log_log, polygon, plane, convex, graph, algorithm, log_log, horoball"
cs,2009,9,"service, web, datum, information, server, multidatabase, management, business, internet, client"
cs,2009,10,"protocol, message, robot, snap, sfc, communication, peer, msmq, ms78, oblivious"
cs,2009,11,"advertiser, pricing, price, auction, revenue, bidder, mechanism, item, auctioneer, bidding"
cs,2009,12,"handwritten_farsi, symbolic, network, neural_network, sfn, forecasting, permit, character, river, recognition"
cs,2009,13,"coinduction, redundancy, minesweeper, metric, measure, rooted_phylogenetic, distortion, property, phylogenetic_tree, function"
cs,2009,14,"web, digg, content, site, uri, fault_diagnosis, issac, proceeding, descriptional, memento"
cs,2009,15,"logic, constraint, program, language, proof, algorithm, rule, order, programming, semantic"
cs,2009,16,"query, database, skyline, xml, warehouse, laconic, xquery, schema, datum, object"
cs,2009,17,"datum, classification, ldof, dataset, learning, class, mart, support_vector, classifier, algorithm"
cs,2009,18,"video, response, youtube, social, geography, opening, interaction, saccade, pft, network"
cs,2009,19,"compression, sequence, kalimucho, gene, context, algorithm, source, sprs, cluster, genomic"
cs,2009,20,"polynomial, function, complexity, omega, language, set, algorithm, class, finite, algebraic"
cs,2009,21,"dendritic, immune, voting, neuron, invader, vulnerability, cell, immunology, algorithm, vote"
cs,2009,22,"spreadsheet, software, nfrs, design, tool, project, development, requirement, knowledge, ecog"
cs,2009,23,"memory, algorithm, matrix, bwt, datum, disk, maurer, lz77, parallel, architecture"
cs,2009,25,"cop, robber, dialog, cop_robber, grid, acceptance, saget, collective, collaborative, attitude"
cs,2009,26,"graph, vertex, edge, algorithm, digraph, subgraph, treewidth, girth, maxagree, path"
cs,2009,27,"document, information, retrieval, annotation, content, bulletin_board, taxonomy, scir, reader, item"
cs,2009,28,"code, decoder, ldlc, error, cdc, binary, channel, codeword, instanton, ldpc_code"
cs,2009,30,"social, evolvability, actor, network, forceful, icls, phenotype, partnering, gpm, fitness_landscape"
cs,2009,31,"die, die_manufacturing, machining, crease, mesh, plasmodium, surface, awg, layout, oxygen"
cs,2009,32,"translation, ezhil, text, language, tamil, corpus, dialect, chinese, biometric, word"
cs,2009,33,"game, player, strategy, nash_equilibrium, equilibrium, banzhaf, polynomial, weber, anderson, algorithm"
cs,2009,34,"manipulator, stiffness, idiotypic, robot, stl, motion, parallel, location, blind, human"
cs,2009,35,"bubble_sort, sketch, school, student, ling, abstraction, senior, concept, design, iteration"
cs,2009,36,"citation, journal, scientific, science, datum, information, field, bibliometric, impact, publication"
cs,2009,37,"quantum, propagator, prover, symbolic, secret_sharing, program, mbqc, checkmate, rectifier, circuit"
cs,2009,38,"channel, relay, rate, receiver, antenna, mimo, interference, capacity, transmitter, scheme"
cs,2009,39,"spreadsheet, distribution, probability, random, entropy, rate, error, information, inequality, source"
cs,2009,40,"search, gunsat, sls, ranger, unsatisfiability, multipeer, ssa, object, mvp, directional"
cs,2009,41,"signal, lowpass, asynchronous, clock, width, frequency, monostable, output, external, band"
cs,2009,42,"matrix, signal, sparse, algorithm, linear, measurement, vector, subspace, recovery, sparsity"
cs,2009,43,"zigzag_persistence, overlay, trojan, routing, hierarchical, hierarchy, peer, geop2p, contraction, quiver"
cs,2009,44,"algorithm, optimization, convergence, evolutionary_squeaky, objective, convex, iga, search, mapel, fitness"
cs,2009,45,"sensor, localization, nuzzer, biometric, network, device, dfp, wireless, presentation, laser"
cs,2009,46,"trus, telemedicine, prostate, catheter, mri, stone, bangladesh, juvenile, treatment, brachytherapy"
cs,2009,47,"drip, middleware, networked, control, vesicle, tube, operation, brane, etherware, university_illinois"
cs,2009,48,"security, attack, scheme, tunneling, authentication, firewall, protocol, key, network, cryptography"
cs,2009,49,"grid, scheduling, multiprocessor, virtualization, datum, deadline, energy, resource, job, scheduler"
cs,2010,0,"knowledge, ontology, kra, theory, language, semantic, ontological, hyperset, mathematical, provenance"
cs,2010,1,"algorithm, approximation, optimal, graph, polynomial, matching, stable_marriage, set, linear, factor"
cs,2010,2,"reflexive, rgt, xen, devnagari_character, pad, hypervisor, emotional, human, erg, recognition"
cs,2010,3,"image, segmentation, algorithm, fcm, dermoscopy, pixel, iris, grain, watermark, extraction"
cs,2010,4,"pandemic, water, bastia, spread, tsds, diffusion, prediction, datum, series, ajaccio"
cs,2010,5,"agent, planning, motility, conformant, nematode, epdta, signcryption, multi, plan, environment"
cs,2010,6,"network, packet, wireless, node, protocol, delay, queue, traffic, mobile, routing"
cs,2010,7,"word, sentence, parser, semantic, dance, grammar, text, episturmian, accept, tag"
cs,2010,8,"point, plane, algorithm, graph, set, log_log, steiner_spanner, rectangle, space, polygon"
cs,2010,9,"service, web, information, datum, server, client, security, internet, management, privacy"
cs,2010,10,"protocol, peer, message, snap, communication, robot, secure, bittorrent, riding, network"
cs,2010,11,"auction, advertiser, bidder, item, mechanism, price, revenue, pricing, optimal, swoopo"
cs,2010,12,"neural_network, network, handwritten_farsi, symbolic, perceptron, cns, sfn, ocon, backpropagation, algorithm"
cs,2010,13,"bornological, nasal, licher, kriegl, mouth, coinduction, prop01, space, function, redundancy"
cs,2010,14,"web, mathml, content, pagerank, whiteboard, facebook, student, dmb, page, university"
cs,2010,15,"logic, program, semantic, termination, rule, language, constraint, proof, algorithm, calculus"
cs,2010,16,"query, xml, database, datum, schema, warehouse, p2p, mapping, skyline, relational"
cs,2010,17,"datum, classification, classifier, algorithm, learning, intrusion_detection, malware, class, dataset, training"
cs,2010,18,"video, facial_expression, response, cellular_automata, youtube, shot, face, interaction, dca, social"
cs,2010,19,"compression, sequence, bfa, gene, datum, or1d2, olfactory_receptor, algorithm, length, kalimucho"
cs,2010,20,"polynomial, function, complexity, class, algorithm, finite, language, automata, set, omega"
cs,2010,21,"neuron, brain, pattern, firing, synchronous, neuronal, dendritic, subconscious, spike_train, immune"
cs,2010,22,"software, spreadsheet, design, tool, project, development, requirement, quality, interface, prolog"
cs,2010,23,"memory, gpu, algorithm, parallel, matrix, processor, multicore, rapidmind, datum, core"
cs,2010,24,"particle, manifold, microphone_array, filtering, filter, rife, tdoa, choose, audio, delay"
cs,2010,25,"cop, msm, robber, hiv, dialog, incidence, cop_robber, amsterdam, therapy, grid"
cs,2010,26,"graph, vertex, edge, algorithm, network, tree, path, coloring, node, degree"
cs,2010,27,"document, information, annotation, retrieval, query, web, xml, search_engine, search, keyword"
cs,2010,28,"code, decoder, channel, error, binary, turbo, ldpc_code, weight, length, distance"
cs,2010,29,"tracker, optical_flow, head, vehicle, template, vanet, movement, vehicular, eyebrow, nearby"
cs,2010,30,"social, network, group, evolvability, community, population, agent, individual, actor, dynamic"
cs,2010,31,"worm, network, optical, specie, design, crosstalk, autowave, die, die_manufacturing, multistage_interconnection"
cs,2010,32,"wiktionary, keypad, character, language, translation, text, handwritten, tesseract, ezhil, russian"
cs,2010,33,"game, player, equilibrium, strategy, newcomb_paradox, payoff, nash_equilibrium, algorithm, cooperative, nucleolus"
cs,2010,34,"manipulator, idiotypic, robot, cuspidal, force_torque, noncuspidal, trajectory, joint, stiffness, obstacle"
cs,2010,35,"bubble_sort, sketch, school, taxonomy, ontology, student, ling, alignment, concept, abstraction"
cs,2010,36,"citation, journal, scientific, science, impact, field, technology, datum, network, snip"
cs,2010,37,"quantum, circuit, program, gate, reversible, pearl_necklace, propagator, protocol, symbolic, prover"
cs,2010,38,"channel, relay, interference, capacity, antenna, transmitter, rate, receiver, scheme, mimo"
cs,2010,39,"random, distribution, probability, spreadsheet, entropy, error, information, rate, channel, bound"
cs,2010,40,"search, searcher, cognitive, load, web, subjective, primary_secondary, caution, gunsat, sls"
cs,2010,41,"signal, epsilonq, lfi, lowpass, planck, mfccs, frequency, noise, onboard, asynchronous"
cs,2010,42,"matrix, sparse, signal, linear, algorithm, vector, rank, measurement, dimensional, sparsity"
cs,2010,43,"structure, multifiltration, zigzag_persistence, symbol, multiplex, structural, network, information, signature, overlay"
cs,2010,44,"algorithm, optimization, convergence, objective, function, convex, laplace_beltrami, iterative, stationarity, evolutionary"
cs,2010,45,"aroma, localization, biometric, sensor, wlan, gsm, phone, iris, mauritius, wapm"
cs,2010,46,"face, crush, facial, trus, image, telemedicine, fuzzy, prostate, cargo, fasy"
cs,2010,47,"observer, skorokhod, drip, middleware, control, networked, vesicle, closed_loop, dynamic, tube"
cs,2010,48,"security, attack, protocol, scheme, authentication, key, network, sip, secure, rfid"
cs,2010,49,"scheduling, grid, resource, energy, datum, multiprocessor, deadline, real, cloud, computing"
cs,2011,0,"knowledge, ontology, competence, theory, semantic, talplanner, ckml, kra, suo, logic"
cs,2011,1,"algorithm, approximation, optimal, graph, set, polynomial, network, ratio, complexity, cost"
cs,2011,2,"human, ergonomic, reflexive, rgt, xen, virtual, devnagari_character, pad, hypervisor, emotional"
cs,2011,3,"image, segmentation, fusion, algorithm, iris, pixel, resolution, detector, color, texture"
cs,2011,4,"art1, pattern, news, rumor, event, pandemic, mining, influential_spreader, datum, disease"
cs,2011,5,"agent, planning, plan, action, conformant, motility, multi, nematode, environment, epdta"
cs,2011,6,"network, packet, node, wireless, traffic, protocol, mobile, routing, algorithm, sensor"
cs,2011,7,"word, sentence, semantic, meaning, text, lexrank, dictionary, lexicon, corpus, pronunciation"
cs,2011,8,"log_log, point, space, plane, dsm, algorithm, hyperplane, guard, dimension, edit_distance"
cs,2011,9,"service, datum, web, privacy, information, security, client, server, internet, management"
cs,2011,10,"protocol, bittorrent, peer, fuzzy, message, network, communication, wmn, byzantine, spam"
cs,2011,11,"auction, market, policy, mechanism, revenue, price, bidder, budget, advertiser, pricing"
cs,2011,12,"network, neural_network, pnc, bushing, committee, inclusivity, rbf, mlp, community, handwritten_farsi"
cs,2011,13,"itms, measure, bornological, function, nasal, ranking, acl2, tarai, kriegl, licher"
cs,2011,14,"web, mathml, university, content, workshop, teaching, student, hor, proceeding, page"
cs,2011,15,"logic, program, constraint, semantic, language, algorithm, calculus, proof, programming, rule"
cs,2011,16,"query, xml, database, datum, xpath, skyline, schema, multidark, relational, algorithm"
cs,2011,17,"datum, classification, classifier, algorithm, selection, learning, gene, dimensionality_reduction, upal, svm"
cs,2011,18,"video, playout, sparkle, frame, facial_expression, response, person_identification, prebuffering, alchemical, mirror"
cs,2011,19,"sequence, compression, bac, nonrepetitive, dna, sid, subsequence, toggling, length, gene"
cs,2011,20,"polynomial, function, complexity, algorithm, class, set, finite, graph, automata, language"
cs,2011,21,"immune, card, walker, pattern, alice_bob, miss, neuron, brain, cath, firing"
cs,2011,22,"software, spreadsheet, design, development, project, tool, requirement, interface, code, language"
cs,2011,23,"memory, gpu, parallel, cluster, algorithm, processor, datum, core, matrix, multicore"
cs,2011,26,"graph, vertex, edge, algorithm, node, network, planar, set, tree, degree"
cs,2011,27,"document, information, retrieval, annotation, query, web, ctd, dialogue, algorithm, ooic"
cs,2011,28,"code, decoder, erasure, error, binary, ldpc_code, channel, rebuilding_ratio, distance, construction"
cs,2011,29,"iwama, tamaki, rolf, vehicle, tracker, cnf_formula, optical_flow, head, ppsz, variable"
cs,2011,30,"social, network, opinion, group, community, agent, dynamic, individual, information, population"
cs,2011,31,"voronoi_diagram, complexification, network, membrane, optical, element, structure, rna, dynamic, surface"
cs,2011,32,"wiktionary, manipuri, language, character, translation, text, recognition, crf, keypad, arabic"
cs,2011,33,"game, player, strategy, equilibrium, osher, payoff, rne, nash_equilibrium, cooperative, theory"
cs,2011,34,"robot, manipulator, idiotypic, stiffness, trajectory, joint, cuspidal, navigation, algorithm, geometric"
cs,2011,35,"bubble_sort, sketch, ontology, school, taxonomy, alignment, reranking, student, ling, granularity"
cs,2011,36,"citation, journal, scientific, science, publication, datum, medicinal_plant, scientist, technology, index"
cs,2011,37,"quantum, verification, program, mola, sharir_pnueli_hart, specification, temanejo, nmr, transformation, circuit"
cs,2011,38,"channel, relay, interference, capacity, antenna, rate, mimo, scheme, receiver, network"
cs,2011,39,"probability, random, distribution, information, entropy, error, rate, measure, bound, source"
cs,2011,40,"search, sls, crsat, searcher, cognitive, heuristic, load, boolean_satisfiability, circuit, chess"
cs,2011,41,"signal, epsilonq, lfi, lowpass, bpsk, p300, frequency, godard, convolutive, noise"
cs,2011,42,"matrix, sparse, signal, algorithm, measurement, recovery, linear, vector, rank, datum"
cs,2011,43,"structure, hierarchical, amr, information, astrobear, onward, level, feedforward, grid, network"
cs,2011,44,"algorithm, optimization, convergence, objective, mkl, function, evolutionary, weight, iteration, network"
cs,2011,45,"sensor, localization, saratoga, wireless, network, fingerprint, biometric, aroma, wusns, underground"
cs,2011,46,"mri, face, patient, biopsy, image, prostate, nlm, segmentation, crush, facial"
cs,2011,47,"observer, control, nous, skorokhod, propri, drip, formation, middleware, networked, soit"
cs,2011,48,"attack, security, protocol, scheme, key, authentication, secure, network, quantum, cryptography"
cs,2011,49,"resource, grid, scheduling, cloud, datum, network, service, energy, cost, cloud_computing"
cs,2012,0,"ontology, knowledge, kd45, semantic, reasoning, intelligence, theory, belief, human, wiring"
cs,2012,1,"algorithm, approximation, optimal, graph, regret, polynomial, set, complexity, function, bound"
cs,2012,2,"haptic, gesture, kinect, human, bci, interaction, social, wearable, mental, guide"
cs,2012,3,"image, segmentation, iris, pixel, algorithm, texture, fusion, descriptor, skin, resolution"
cs,2012,4,"pattern, network, art1, social, event, diffusion, tweet, rumor, news, epidemic"
cs,2012,5,"agent, planning, plan, action, environment, multi, algorithm, policy, planner, wright"
cs,2012,6,"network, node, wireless, packet, protocol, mobile, tcp, traffic, sensor, routing"
cs,2012,7,"word, semantic, sentence, tag, noun, adjective, badrex, corpus, text, adjectival"
cs,2012,8,"point, polygon, log_log, algorithm, space, set, prismatoid, plane, davidsstar, radius"
cs,2012,9,"service, datum, web, information, security, privacy, server, network, organization, management"
cs,2012,10,"protocol, spam, peer, textile, paedophile, network, consensus, contract, message, party"
cs,2012,11,"auction, market, mechanism, policy, groupon, revenue, price, optimal, bidder, customer"
cs,2012,12,"network, neural_network, itm_probe, cytoscape, cytoitmprobe, tweann, algorithm, pnc, rbm, unit"
cs,2012,13,"function, larp, measure, metric, ranking, syllable, itms, distance, derivative, space"
cs,2012,14,"web, maxrank, student, page, web_page, workshop, content, eirex, site, proceeding"
cs,2012,15,"logic, tree, language, program, semantic, constraint, order, algorithm, proof, calculus"
cs,2012,16,"query, database, datum, xml, bloom_filter, paedophile, viewlet, quotient, xpath, index"
cs,2012,17,"datum, classifier, classification, learning, algorithm, class, selection, dataset, set, training"
cs,2012,18,"video, playout, fence, graphlet, mincq, fusion, frame, sparkle, facial_expression, response"
cs,2012,19,"sequence, nucleosome, compression, gene, length, bac, datum, genome, phylogeny, novo_assembly"
cs,2012,20,"polynomial, class, function, algorithm, complexity, set, graph, language, automata, finite"
cs,2012,21,"immune, brain, card, neuron, walker, pattern, cell, alice_bob, miss, voter"
cs,2012,22,"software, design, development, tool, spreadsheet, project, tacton, requirement, test, testing"
cs,2012,23,"memory, parallel, gpu, algorithm, cluster, core, kernel, datum, processor, matrix"
cs,2012,24,"tensor, hopls, regression, electrocorticogram, orthogonal, loading, ecog, generalized, deflation, latent_space"
cs,2012,26,"graph, vertex, edge, network, node, algorithm, tree, degree, subgraph, spanner"
cs,2012,27,"document, information, retrieval, annotation, mining, web, content, algorithm, datum, query"
cs,2012,28,"code, decoder, erasure, codeword, error, length, channel, binary, rateless, ldpc_code"
cs,2012,29,"iwama, tamaki, rolf, vehicle, variable, tracker, cnf_formula, optical_flow, head, vanet"
cs,2012,30,"social, network, community, opinion, group, agent, individual, dynamic, population, cooperation"
cs,2012,31,"surface, network, frf, membrane, parrondo_paradox, mesh, deflection, element, gdi, structure"
cs,2012,32,"language, text, wiktionary, ocr, character, arabic, translation, bangla, manipuri, authorship_attribution"
cs,2012,33,"game, player, strategy, equilibrium, payoff, agent, cooperation, cooperative, coalition, nash_equilibrium"
cs,2012,34,"robot, manipulator, trajectory, velocity, motion, idiotypic, mobile, location, target, drill"
cs,2012,35,"bubble_sort, representation, sketch, ontology, taxonomy, school, algorithm, alignment, discriminative, domain"
cs,2012,36,"citation, journal, science, scientific, publication, network, datum, community, field, impact"
cs,2012,37,"quantum, program, verification, specification, classical, eureqa, mola, code, language, gate"
cs,2012,38,"channel, relay, interference, capacity, mimo, rate, scheme, antenna, network, transmission"
cs,2012,39,"distribution, information, random, probability, network, entropy, measure, algorithm, variable, rate"
cs,2012,40,"search, sls, object, crsat, placing, point_cloud, searcher, scene, cognitive, depth"
cs,2012,41,"signal, synchrosqueezing, noise, sound, abci, multichannel, frequency, epsilonq, lfi, convolution"
cs,2012,42,"sparse, matrix, algorithm, signal, recovery, linear, measurement, datum, gaussian, kernel"
cs,2012,43,"structure, hierarchical, slim, information, network, amr, module, level, persistence, protein"
cs,2012,44,"algorithm, optimization, convergence, objective, convex, function, evolutionary, optimal, learning, search"
cs,2012,45,"sensor, localization, wireless, fingerprint, network, saratoga, dmc, satellite, detection, biometric"
cs,2012,46,"patient, dose, warfarin, brunei, loading, facial, health, aosi, therapeutic, disease"
cs,2012,47,"stator_flux, control, cstr, dtc, file, safety, whilef, tabuada, pola, biometric"
cs,2012,48,"attack, security, key, protocol, scheme, authentication, nlhb, secure, network, smart_card"
cs,2012,49,"resource, datum, energy, job, scheduling, cloud, network, grid, storage, service"
cs,2013,0,"ontology, knowledge, reasoning, belief, theory, concept, rbr, human, language, information"
cs,2013,1,"algorithm, approximation, optimal, graph, regret, polynomial, matching, network, cost, set"
cs,2013,2,"gesture, haptic, human, interaction, kinect, people, activity, guide, social, bci"
cs,2013,3,"image, segmentation, texture, pixel, algorithm, region, detection, object, color, descriptor"
cs,2013,4,"network, rumor, social, pattern, twitter, epidemic, event, diffusion, arwu, flu"
cs,2013,5,"agent, planning, plan, action, belief, multi, environment, cnp, algorithm, policy"
cs,2013,6,"network, node, packet, wireless, protocol, traffic, link, routing, delay, mobile"
cs,2013,7,"word, semantic, tag, text, arabic, lexicon, sentence, noun, tagging, poslda"
cs,2013,8,"point, log_log, algorithm, set, tile, plane, space, polygon, graph, size"
cs,2013,9,"service, datum, web, information, privacy, business, security, network, technology, cloud"
cs,2013,10,"protocol, bittorrent, consensus, peer, contract, fuzzy, network, license, transaction, spam"
cs,2013,11,"auction, market, policy, revenue, optimal, mechanism, bidder, price, customer, allocation"
cs,2013,12,"network, neural_network, layer, maba, deep, itm_probe, recognition, neuron, algorithm, cytoscape"
cs,2013,13,"measure, function, metric, ndcg, similarity, distance, space, ranking, type, larp"
cs,2013,14,"web, student, page, content, web_page, accessibility, proceeding, workshop, university, website"
cs,2013,15,"logic, tree, semantic, language, rule, program, calculus, proof, order, type"
cs,2013,16,"query, summarizability, xml, datum, xpath, database, warehouse, relational, view, click"
cs,2013,17,"datum, classification, classifier, algorithm, learning, selection, class, gene, label, svm"
cs,2013,18,"video, visual, meme, playout, fence, wimax, action, stream, graphlet, mincq"
cs,2013,19,"sequence, speech, compression, speaker, phoneme, gene, datum, length, nucleosome, context"
cs,2013,20,"polynomial, complexity, function, class, algorithm, set, graph, finite, group, theorem"
cs,2013,21,"brain, wooden, wood, immune, candidate, synaptic, furniture, artificial, rehabilitation, multidisorder"
cs,2013,22,"software, development, design, project, tool, software_engineering, agile, testing, test, business"
cs,2013,23,"parallel, memory, gpu, algorithm, core, cluster, datum, processor, cpu, computation"
cs,2013,24,"tensor, phd, particle, hopls, roughening, impoverishment, filter, mtt, resampled, mahler"
cs,2013,25,"explanation, qualitative, hydrophobic, network, protein, human, qpns, computational, causal, hydrophobicity"
cs,2013,26,"graph, vertex, edge, algorithm, network, node, planar, tree, degree, subgraph"
cs,2013,27,"document, information, topic, annotation, query, retrieval, web, content, mining, wikipedia"
cs,2013,28,"code, error, repair, construction, decoder, codeword, channel, length, linear, network"
cs,2013,29,"causal, variable, instrument, iwama, pearl, instrumental, rolf, tamaki, vehicle, cause"
cs,2013,30,"social, network, community, opinion, group, contrarian, agent, individual, dynamic, society"
cs,2013,31,"surface, mesh, algorithm, structure, gsqpo, element, field, multiscale, network, biofilm"
cs,2013,32,"language, arabic, character, text, arabic_script, machine_translation, manipuri, recognition, web, kannada"
cs,2013,33,"game, player, strategy, equilibrium, nash_equilibrium, coalition, payoff, cooperative, fictitious_play, opponent"
cs,2013,34,"robot, motion, sensor, manipulator, position, trajectory, nightstand, mobile, algorithm, contact"
cs,2013,35,"isfr, view, sonification, bubble_sort, representation, quotation, image, domain, gallery, algorithm"
cs,2013,36,"citation, journal, publication, science, scientific, network, community, datum, development, bibliometric"
cs,2013,37,"quantum, program, circuit, verification, classical, entanglement, specification, reversible, algorithm, gate"
cs,2013,38,"channel, relay, network, interference, scheme, mimo, capacity, antenna, rate, transmission"
cs,2013,39,"probability, distribution, network, random, information, bayesian, entropy, probabilistic, belief, inference"
cs,2013,40,"search, object, occlusion, soa, choreography, sls, searcher, shape, crsat, dag"
cs,2013,41,"signal, audio, noise, music, song, datum, transfusion, fmri, frequency, synchrosqueezing"
cs,2013,42,"sparse, matrix, algorithm, signal, linear, recovery, rank, datum, measurement, dictionary"
cs,2013,43,"canalization, structure, network, hierarchical, level, festival, zealot, participant, information, slim"
cs,2013,44,"algorithm, optimization, convergence, convex, function, objective, evolutionary, iteration, adaptive, nlm"
cs,2013,45,"sensor, localization, location, indoor, network, wireless, measurement, algorithm, dori, fault"
cs,2013,46,"patient, dose, cancer, disease, warfarin, health, treatment, brunei, clinical, diagnosis"
cs,2013,47,"control, stator_flux, pqks, cstr, synthesis, dtc, template, safety, autonomous, efsmt"
cs,2013,48,"attack, security, scheme, key, secure, protocol, password, authentication, network, secret"
cs,2013,49,"scheduling, energy, cloud, resource, storage, datum, network, job, algorithm, cost"
cs,2014,0,"ontology, knowledge, reasoning, concept, patrol, belief, owl_ontology, ytex, semantic, human"
cs,2014,1,"algorithm, approximation, optimal, graph, cost, set, polynomial, matching, bound, linear"
cs,2014,2,"gesture, human, hand_gesture, recognition, interaction, haptic, body, movement, kinect, virtual"
cs,2014,3,"image, segmentation, texture, algorithm, pixel, object, color, descriptor, region, salient"
cs,2014,4,"rumor, network, twitter, epidemic, social_medium, tweet, social, dynamic, event, information"
cs,2014,5,"agent, planning, action, plan, negotiation, multi, environment, algorithm, behavior, learning"
cs,2014,6,"network, node, wireless, packet, protocol, sensor, routing, traffic, algorithm, link"
cs,2014,7,"word, semantic, text, wordnet, sentence, theatregoer, lexicon, sentiment, tag, arabic"
cs,2014,8,"point, log_log, algorithm, set, space, polygon, plane, bound, size, graph"
cs,2014,9,"datum, service, web, privacy, information, network, business, security, management, technology"
cs,2014,10,"protocol, contract, bitcoin, transaction, consensus, communication, network, trust, fuzzy, peer"
cs,2014,11,"auction, market, revenue, price, mechanism, policy, optimal, bidder, consumer, budget"
cs,2014,12,"network, neural_network, layer, pnc, deep, neuron, training, multiplex, recognition, architecture"
cs,2014,13,"measure, function, distance, metric, similarity, monad, space, qcb, diferenciaci_autom, polymonad"
cs,2014,14,"student, web, course, teaching, workshop, web_page, website, content, page, online"
cs,2014,15,"logic, tree, semantic, language, program, calculus, rule, programming, proof, order"
cs,2014,16,"query, database, bloom_filter, datum, summarizability, dbscan, accumulo, xml, schema, repair"
cs,2014,17,"datum, classification, classifier, algorithm, learning, dataset, class, selection, ensemble, training"
cs,2014,18,"video, frame, action, fruc, mincq, recognition, rate, object, surveillance, fusion"
cs,2014,19,"speech, sequence, compression, mfcc, genome, speaker, hyda, read, dna, bruijn"
cs,2014,20,"polynomial, complexity, class, function, set, graph, algorithm, finite, automata, boolean"
cs,2014,21,"brain, voter, neuron, synaptic, candidate, stt, actin, wooden, pattern, cortical"
cs,2014,22,"software, development, project, design, tool, requirement, uml, testing, agile, language"
cs,2014,23,"parallel, gpu, algorithm, core, memory, kernel, datum, processor, cluster, processing"
cs,2014,24,"particle, tensor, phd, milky, hopls, pflop, roughening, impoverishment, bonsai, piz_daint"
cs,2014,25,"dialog, explanation, judgment, box, qualitative, protein, hydrophobic, network, aggregation, invention"
cs,2014,26,"graph, vertex, edge, algorithm, node, network, tree, degree, set, planar"
cs,2014,27,"document, information, topic, mining, query, datum, news, recommendation, content, annotation"
cs,2014,28,"code, error, ldpc_code, erasure, repair, construction, length, linear, channel, binary"
cs,2014,29,"causal, variable, driver, portfolio, imperialist_competitive, ica, vehicle, fuzzy, instrument, brake"
cs,2014,30,"social, network, opinion, community, group, agent, individual, interaction, dynamic, information"
cs,2014,31,"element, algorithm, boundary, protocell, network, surface, dynamic, mesh, fluid, material"
cs,2014,32,"language, text, arabic, translation, machine_translation, character, arabic_script, ocr, recognition, sindhi"
cs,2014,33,"game, player, payoff, strategy, equilibrium, nash_equilibrium, coalition, cooperative, cooperation, agent"
cs,2014,34,"robot, motion, algorithm, sensor, surface, trajectory, object, dem, mobile, robotic"
cs,2014,35,"image, representation, unnamed, view, isfr, object, discriminative, asrc, privileged, visual"
cs,2014,36,"citation, journal, publication, scientific, science, network, datum, impact, technology, scientist"
cs,2014,37,"quantum, program, verification, classical, circuit, specification, entanglement, algorithm, protocol, synthesis"
cs,2014,38,"channel, relay, scheme, interference, antenna, mimo, network, receiver, capacity, rate"
cs,2014,39,"probability, distribution, network, random, information, bayesian, entropy, function, rate, algorithm"
cs,2014,40,"shape, object, search, occlusion, body, psi, face, holistic, histogram, deformation"
cs,2014,41,"signal, audio, music, noise, sound, binaural, song, eeg, auditory, frequency"
cs,2014,42,"matrix, sparse, algorithm, signal, rank, datum, linear, recovery, measurement, estimation"
cs,2014,43,"structure, network, level, local, information, crowd, canalization, homological, filtration, descriptor"
cs,2014,44,"algorithm, optimization, convex, convergence, function, objective, gradient, stochastic, rate, learning"
cs,2014,45,"sensor, fingerprint, location, measurement, localization, indoor, algorithm, detection, minutia, target"
cs,2014,46,"dengue, patient, thyroid, cancer, communicable_disease, detection, hormone, disease, health, classification"
cs,2014,47,"control, actuator, force, robot, ugv, soft, velocity, dynamic, terrain, body"
cs,2014,48,"attack, security, password, scheme, secure, authentication, key, network, qkd, protocol"
cs,2014,49,"energy, scheduling, cloud, resource, job, datum, network, power, cache, algorithm"
cs,2015,0,"ontology, knowledge, question, concept, reasoning, answer, semantic, logic, domain, koss"
cs,2015,1,"algorithm, approximation, optimal, graph, complexity, network, cost, set, factor, function"
cs,2015,2,"gesture, human, recognition, interaction, hand_gesture, body, movement, hand, kinect, left_right"
cs,2015,3,"image, segmentation, object, cnn, detection, algorithm, color, texture, pixel, scene"
cs,2015,4,"twitter, network, prediction, friendship, social, tweet, datum, pattern, social_medium, information"
cs,2015,5,"agent, planning, action, mas, multi, plan, dynamic, exploration, environment, adaptable"
cs,2015,6,"network, node, wireless, traffic, packet, algorithm, protocol, link, throughput, mobile"
cs,2015,7,"word, semantic, sentiment, text, sentence, representation, language, vector, wordnet, phrase"
cs,2015,8,"point, algorithm, log_log, polygon, set, plane, space, graph, log_log_log_log, size"
cs,2015,9,"datum, service, privacy, information, web, network, security, internet, business, technology"
cs,2015,10,"consensus, protocol, communication, message, bitcoin, network, transaction, anonymous, spam, trust"
cs,2015,11,"auction, market, revenue, mechanism, price, policy, optimal, budget, bidder, pricing"
cs,2015,12,"network, layer, deep, neural_network, convolutional, training, classification, recognition, multiplex, image"
cs,2015,13,"hol, similarity, cover_song, measure, metric, network, algorithm, chet_distance, distance, type"
cs,2015,14,"student, web, content, workshop, online, cameo, website, belnet, course, proceeding"
cs,2015,15,"logic, tree, language, semantic, program, order, proof, calculus, theory, type"
cs,2015,16,"query, sql, database, datum, xml, rdf, xquery, bloom_filter, xqowl, owl"
cs,2015,17,"datum, classification, classifier, algorithm, learning, dataset, label, training, class, sample"
cs,2015,18,"video, frame, temporal, action, motion, recognition, camera, surveillance, object, dataset"
cs,2015,19,"sequence, speech, compression, phoneme, genome, odse, gene, gwggi, oral_history, length"
cs,2015,20,"polynomial, complexity, function, graph, set, class, algorithm, automata, finite, language"
cs,2015,21,"voting, winner, coalitional, election, manipulator, rule, neuron, voter, synapsis, possible"
cs,2015,22,"software, development, project, design, tool, test, requirement, agile, scrum, code"
cs,2015,23,"parallel, gpu, algorithm, memory, kernel, core, datum, cluster, processor, computation"
cs,2015,24,"filter, particle, phd, tensor, bilateral, milky, denoising, hopls, pflop, noise"
cs,2015,25,"protein, residue, dialog, explanation, judgment, pairwise, box, qualitative, folding, family"
cs,2015,26,"graph, vertex, edge, node, network, algorithm, degree, tree, set, planar"
cs,2015,27,"document, topic, recommendation, information, datum, summarization, retrieval, content, item, recommender"
cs,2015,28,"code, polar_code, error, decoder, construction, erasure, length, ldpc_code, linear, channel"
cs,2015,29,"causal, variable, commuter, cause, association, mahalanobis_distance, trip, datum, causality, ridesharing"
cs,2015,30,"social, network, community, group, individual, opinion, information, agent, population, dynamic"
cs,2015,31,"memristor, material, boundary, element, dynamic, mesh, algorithm, flow, network, surface"
cs,2015,32,"language, translation, machine_translation, english, text, arabic, sentence, character, corpora, korean"
cs,2015,33,"game, player, strategy, payoff, equilibrium, coalition, nash_equilibrium, network, ocf, cooperative"
cs,2015,34,"robot, motion, path, algorithm, planning, sensor, estimation, camera, position, mobile"
cs,2015,35,"image, visual, representation, domain, semantic, object, view, dataset, learning, classification"
cs,2015,36,"citation, journal, science, publication, scientific, network, datum, technology, article, area"
cs,2015,37,"quantum, program, qubit, verification, circuit, classical, synthesis, specification, reversible, execution"
cs,2015,38,"channel, relay, antenna, interference, scheme, network, transmission, receiver, capacity, mimo"
cs,2015,39,"distribution, probability, network, random, information, entropy, rate, algorithm, bayesian, bound"
cs,2015,40,"object, shape, scene, occlusion, search, searcher, appearance, treasure, body, psi"
cs,2015,41,"signal, mathrm_drr, audio, sdft, acoustic, frequency, recording, sound, reverberation, music"
cs,2015,42,"matrix, sparse, algorithm, signal, rank, datum, subspace, linear, recovery, measurement"
cs,2015,43,"network, structure, local, hierarchy, level, information, region, lrgh, aggregation, global"
cs,2015,44,"optimization, algorithm, convex, convergence, function, objective, gradient, stochastic, non_convex, iteration"
cs,2015,45,"sensor, beacon, localization, fingerprint, node, location, measurement, target, accuracy, calibration"
cs,2015,46,"patient, facial, face, radiomic, detection, cancer, diagnosis, dengue, disease, datum"
cs,2015,47,"control, robot, actuator, formation, soft, controller, dynamic, force, hcci, terrain"
cs,2015,48,"attack, security, password, authentication, key, protocol, secure, scheme, network, event"
cs,2015,49,"cloud, energy, scheduling, resource, datum, network, job, power, cache, algorithm"
cs,2016,0,"ontology, knowledge, question, concept, reasoning, answer, semantic, cognitive, visual, radar"
cs,2016,1,"algorithm, approximation, optimal, graph, matching, cost, set, complexity, polynomial, function"
cs,2016,2,"human, recognition, activity, gesture, interaction, body, people, computer, movement, hand_gesture"
cs,2016,3,"image, segmentation, cnn, object, detection, dataset, pixel, scene, algorithm, region"
cs,2016,4,"twitter, network, datum, tweet, social, epidemic, prediction, diffusion, social_medium, information"
cs,2016,5,"agent, action, planning, environment, exploration, reinforcement_learning, belief, learning, algorithm, dynamic"
cs,2016,6,"network, node, wireless, traffic, packet, link, delay, protocol, cellular, algorithm"
cs,2016,7,"word, semantic, sentence, sentiment, representation, entity, language, text, embedding, phrase"
cs,2016,8,"point, algorithm, frac, graph, set, log_log, space, plane, polygon, log"
cs,2016,9,"datum, service, privacy, information, network, internet, big, cloud, web, app"
cs,2016,10,"protocol, consensus, bitcoin, message, network, communication, money, transaction, peer_peer, trust"
cs,2016,11,"auction, market, mechanism, price, revenue, policy, pricing, optimal, budget, agent"
cs,2016,12,"network, deep, layer, neural_network, convolutional, training, image, recognition, classification, architecture"
cs,2016,13,"hol, similarity, metric, type, measure, scoring, algorithm, function, space, network"
cs,2016,14,"student, web, content, workshop, mooc, detour, course, online, abusehub, proceeding"
cs,2016,15,"logic, tree, language, semantic, theory, program, order, type, proof, property"
cs,2016,16,"query, database, sql, datum, bloom_filter, index, rdf, bitmap, xml, language"
cs,2016,17,"datum, classification, classifier, label, dataset, training, learning, algorithm, class, sample"
cs,2016,18,"video, frame, temporal, action, camera, motion, object, recognition, visual, dataset"
cs,2016,19,"sequence, speech, genome, compression, phoneme, gene, dna, length, recognition, speech_recognition"
cs,2016,20,"polynomial, function, complexity, graph, finite, algorithm, set, class, theorem, code"
cs,2016,21,"neuron, synaptic, neural, voter, synapsis, tmr, hebbian, voting, receptive_field, winner"
cs,2016,22,"software, development, project, tool, design, datum, quality, requirement, developer, code"
cs,2016,23,"parallel, memory, algorithm, gpu, core, datum, cluster, kernel, mpi, processor"
cs,2016,25,"protein, conversation, assessment, counseling, explanation, residue, quality, dialog, reply, stalemate"
cs,2016,26,"graph, vertex, edge, network, algorithm, node, degree, planar, set, path"
cs,2016,27,"document, topic, recommendation, information, item, datum, content, text, recommender, summarization"
cs,2016,28,"code, polar_code, construction, repair, length, error, channel, cyclic, storage, linear"
cs,2016,29,"causal, tracker, steganography, variable, cause, datum, hmmtxd, commuter, causality, association"
cs,2016,30,"social, network, community, group, individual, opinion, online, behavior, datum, information"
cs,2016,31,"surface, mesh, element, algorithm, material, reaction, molecular, boundary, optical, field"
cs,2016,32,"language, text, machine_translation, translation, english, character, 2ec, arabic, sentence, chinese"
cs,2016,33,"game, player, equilibrium, strategy, payoff, nash_equilibrium, tournament, coalition, network, cooperative"
cs,2016,34,"robot, motion, trajectory, algorithm, planning, path, environment, estimation, sensor, object"
cs,2016,35,"image, visual, representation, attribute, domain, dataset, semantic, object, learning, deep"
cs,2016,36,"citation, journal, datum, publication, scientific, science, city, indicator, network, technology"
cs,2016,37,"quantum, program, circuit, reversible, gate, qubit, synthesis, concurrent, classical, specification"
cs,2016,38,"channel, relay, antenna, interference, network, scheme, transmission, mimo, rate, receiver"
cs,2016,39,"distribution, probability, random, information, entropy, network, rate, channel, bound, algorithm"
cs,2016,40,"object, shape, scene, occlusion, search, manipulation, grasp, clutter, searcher, object_detection"
cs,2016,41,"signal, audio, speech, music, noise, mathrm_drr, frequency, bande, source, separation"
cs,2016,42,"matrix, sparse, algorithm, datum, rank, signal, subspace, linear, vector, estimator"
cs,2016,43,"global, local, structure, network, region, information, hierarchy, migration, tft, scale"
cs,2016,44,"algorithm, optimization, convex, function, convergence, objective, stochastic, gradient, rate, optimal"
cs,2016,45,"sensor, localization, beacon, node, indoor, network, location, wireless, measurement, algorithm"
cs,2016,46,"patient, disease, cancer, face, health, datum, image, medical, diagnosis, mri"
cs,2016,47,"control, controller, robot, recognizer, actuator, dynamic, formation, predator, lqt, humanoid_robot"
cs,2016,48,"attack, security, authentication, key, password, scheme, event, protocol, secure, network"
cs,2016,49,"energy, cloud, network, datum, resource, scheduling, cache, service, power, algorithm"
cs,2017,0,"knowledge, question, ontology, reasoning, answer, concept, visual, image, dataset, cognitive"
cs,2017,1,"algorithm, approximation, optimal, graph, cost, function, set, bandit, complexity, log_log"
cs,2017,2,"human, interaction, recognition, activity, hand_gesture, robot, gesture, body, people, movement"
cs,2017,3,"image, segmentation, cnn, object, dataset, detection, scene, pixel, deep, convolutional_neural_network"
cs,2017,4,"twitter, tweet, social_medium, prediction, network, datum, social, diffusion, rumor, information"
cs,2017,5,"agent, action, environment, reinforcement_learning, policy, learning, reward, planning, algorithm, deep"
cs,2017,6,"network, node, traffic, wireless, packet, link, delay, communication, protocol, algorithm"
cs,2017,7,"word, semantic, sentence, representation, entity, sentiment, embedding, language, text, relation"
cs,2017,8,"point, polygon, algorithm, set, frac, log_log, space, graph, plane, log"
cs,2017,9,"datum, privacy, service, information, network, app, iot, security, cloud, device"
cs,2017,10,"bitcoin, protocol, blockchain, consensus, transaction, network, message, communication, bot, node"
cs,2017,11,"policy, auction, market, price, revenue, mechanism, agent, customer, pricing, product"
cs,2017,12,"network, deep, layer, neural_network, convolutional, training, image, architecture, classification, cnn"
cs,2017,13,"aesthetic, similarity, function, measure, hol, score, type, scoring, morphism, metric"
cs,2017,14,"student, web, content, course, website, workshop, education, online, university, datum"
cs,2017,15,"logic, tree, language, program, semantic, type, proof, theory, order, constraint"
cs,2017,16,"query, database, datum, sql, engine, rdf, relational, search, index, xml"
cs,2017,17,"datum, classification, dataset, training, label, classifier, learning, algorithm, sample, class"
cs,2017,18,"video, frame, action, temporal, recognition, motion, dataset, visual, image, camera"
cs,2017,19,"speech, sequence, speech_recognition, speaker, gene, dna, phoneme, ctc, acoustic, datum"
cs,2017,20,"polynomial, function, complexity, finite, algorithm, class, set, graph, theorem, proof"
cs,2017,21,"neuron, voter, cell, voting, synaptic, spike, neural, ballot, lehky, synapsis"
cs,2017,22,"software, project, development, tool, design, developer, code, datum, requirement, quality"
cs,2017,23,"memory, parallel, gpu, algorithm, datum, core, processor, mpi, kernel, computation"
cs,2017,24,"tensor, galaxy, fractal, cent, train, order, elliptical, entry, completion, spiral"
cs,2017,25,"conversation, dialog, ruber, protein, reply, sarcastic, human, convernet, sarcasm, lstm"
cs,2017,26,"graph, vertex, edge, algorithm, node, network, subgraph, planar, degree, path"
cs,2017,27,"recommendation, topic, document, item, information, text, dataset, news, datum, recommender"
cs,2017,28,"code, polar_code, repair, construction, error, linear, binary, storage, channel, repairable"
cs,2017,29,"causal, vehicle, variable, cause, datum, association, causality, tracker, cfrl, effect"
cs,2017,30,"social, network, community, group, individual, online, opinion, datum, twitter, influence"
cs,2017,31,"surface, material, molecular, mesh, particle, fluid, algorithm, structure, element, reaction"
cs,2017,32,"language, text, machine_translation, english, translation, character, word, neural, smt, sentence"
cs,2017,33,"game, player, strategy, equilibrium, nash_equilibrium, payoff, coalition, network, information, beacon"
cs,2017,34,"robot, motion, trajectory, camera, estimation, environment, pose, algorithm, object, planning"
cs,2017,35,"image, visual, representation, domain, semantic, attribute, learning, dataset, object, network"
cs,2017,36,"citation, datum, scientific, journal, publication, science, network, field, city, review"
cs,2017,37,"quantum, program, circuit, reversible, synthesis, execution, specification, concurrent, qubit, algorithm"
cs,2017,38,"channel, relay, antenna, scheme, transmission, interference, network, rate, receiver, power"
cs,2017,39,"distribution, probability, random, entropy, information, network, rate, function, error, algorithm"
cs,2017,40,"object, shape, scene, search, occlusion, image, proposal, pose, deformable, tracker"
cs,2017,41,"music, signal, audio, noise, musical, speech, source, separation, frequency, dctnet"
cs,2017,42,"matrix, sparse, algorithm, datum, signal, rank, linear, subspace, estimation, estimator"
cs,2017,43,"structure, global, network, local, attention, carpal_bone, lstm, chromatin, information, level"
cs,2017,44,"algorithm, optimization, convex, convergence, function, gradient, stochastic, objective, learning, rate"
cs,2017,45,"sensor, localization, location, indoor, adversarial, beacon, network, algorithm, building, accuracy"
cs,2017,46,"patient, face, disease, image, medical, cancer, datum, diagnosis, detection, clinical"
cs,2017,47,"control, controller, robot, dynamic, recognizer, formation, torque, force, safety, actuator"
cs,2017,48,"attack, security, authentication, password, key, scheme, secure, event, network, cyber"
cs,2017,49,"energy, cloud, resource, network, datum, cache, device, scheduling, service, algorithm"
cs,2018,0,"question, knowledge, ontology, answer, reasoning, dataset, cognitive, concept, image, visual"
cs,2018,1,"algorithm, approximation, optimal, graph, regret, bandit, complexity, set, cost, linear"
cs,2018,2,"human, recognition, activity, interaction, gesture, robot, hand_gesture, keyboard, body, person"
cs,2018,3,"image, segmentation, cnn, dataset, detection, network, object, deep, scene, convolutional_neural_network"
cs,2018,4,"tweet, twitter, prediction, datum, social_medium, series, forecasting, network, information, diffusion"
cs,2018,5,"agent, action, reinforcement_learning, environment, policy, reward, robot, learning, deep, algorithm"
cs,2018,6,"network, node, wireless, packet, traffic, delay, link, mobile, communication, algorithm"
cs,2018,7,"word, sentence, semantic, entity, representation, embedding, sentiment, emotion, language, text"
cs,2018,8,"point, frac, log_log, algorithm, set, polygon, space, mathcal_mathcal, graph, convex"
cs,2018,9,"datum, privacy, service, iot, information, network, app, security, cloud, device"
cs,2018,10,"blockchain, bitcoin, transaction, protocol, network, message, consensus, node, miner, payment"
cs,2018,11,"policy, auction, pricing, customer, market, price, mechanism, revenue, agent, optimal"
cs,2018,12,"network, deep, neural_network, layer, training, convolutional, architecture, image, cnn, neuron"
cs,2018,13,"metric, function, dnn, measure, aesthetic, distance, similarity, score, space, scoring"
cs,2018,14,"student, web, course, content, teaching, university, education, website, cdns, datum"
cs,2018,15,"logic, language, tree, program, proof, type, semantic, order, programming, rule"
cs,2018,16,"query, database, datum, sql, skyline, join, rdf, hash, search, index"
cs,2018,17,"datum, classification, dataset, training, label, classifier, learning, algorithm, class, sample"
cs,2018,18,"video, frame, action, temporal, motion, dataset, network, image, recognition, visual"
cs,2018,19,"speech, sequence, speaker, speech_recognition, ctc, acoustic, word, end, datum, training"
cs,2018,20,"polynomial, complexity, function, class, finite, algorithm, set, graph, automata, theory"
cs,2018,21,"neuron, voting, synaptic, rsnn, voter, rule, brain, dice, tabu, winner"
cs,2018,22,"software, tool, project, design, development, developer, code, datum, test, requirement"
cs,2018,23,"memory, gpu, parallel, algorithm, datum, computation, processor, mpi, operation, core"
cs,2018,24,"tensor, galaxy, train, tucker, fractal, filter, cent, completion, entry, order"
cs,2018,25,"conversation, dialog, response, sarcastic, human, explanation, ruber, protein, sarcasm, conversational"
cs,2018,26,"graph, vertex, edge, algorithm, network, node, subgraph, planar, set, degree"
cs,2018,27,"recommendation, document, item, topic, information, news, recommender, dataset, text, retrieval"
cs,2018,28,"code, repair, polar_code, length, channel, construction, linear, binary, erasure, error"
cs,2018,29,"causal, vehicle, datum, variable, passenger, network, algorithm, tracker, effect, tesla"
cs,2018,30,"social, network, community, group, individual, fairness, opinion, online, social_medium, information"
cs,2018,31,"surface, material, molecular, structure, fluid, mesh, element, particle, physical, property"
cs,2018,32,"language, machine_translation, text, translation, english, neural, word, character, nmt, sentence"
cs,2018,33,"game, player, strategy, equilibrium, nash_equilibrium, payoff, agent, algorithm, information, coalition"
cs,2018,34,"robot, motion, trajectory, camera, environment, pose, estimation, planning, slam, object"
cs,2018,35,"image, visual, representation, domain, dataset, semantic, learning, network, shot, training"
cs,2018,36,"citation, datum, journal, scientific, science, publication, network, city, urban, field"
cs,2018,37,"quantum, program, circuit, synthesis, bug, verification, qubit, specification, algorithm, gate"
cs,2018,38,"channel, antenna, scheme, transmission, wireless, relay, communication, rate, network, noma"
cs,2018,39,"distribution, probability, information, random, entropy, network, bayesian, rate, measure, bound"
cs,2018,40,"object, shape, scene, search, appearance, proposal, slam, image, hmc, occlusion"
cs,2018,41,"music, signal, audio, speech, noise, separation, frequency, sound, source, song"
cs,2018,42,"matrix, sparse, algorithm, datum, signal, linear, rank, subspace, recovery, estimation"
cs,2018,43,"network, structure, local, attention, global, level, information, self, hierarchical, lstm"
cs,2018,44,"optimization, algorithm, gradient, convergence, convex, function, stochastic, objective, iteration, rate"
cs,2018,45,"sensor, adversarial, localization, network, measurement, indoor, detection, algorithm, datum, fault"
cs,2018,46,"patient, image, cancer, medical, lesion, disease, clinical, segmentation, face, datum"
cs,2018,47,"control, controller, robot, dynamic, uavs, disturbance, trajectory, vehicle, flight, safety"
cs,2018,48,"attack, security, authentication, defense, cyber, vulnerability, key, scheme, password, network"
cs,2018,49,"energy, cloud, resource, network, datum, device, cache, computing, algorithm, scheduling"
cs,2019,0,"question, knowledge, answer, reasoning, dataset, ontology, passage, concept, commonsense, vqa"
cs,2019,1,"algorithm, approximation, regret, optimal, graph, bandit, function, arm, linear, cost"
cs,2019,2,"human, recognition, activity, interaction, gesture, robot, body, hand_gesture, dataset, movement"
cs,2019,3,"image, segmentation, cnn, dataset, network, detection, scene, object, deep, convolutional_neural_network"
cs,2019,4,"prediction, twitter, datum, tweet, series, social_medium, forecasting, network, information, pattern"
cs,2019,5,"agent, reinforcement_learning, policy, action, environment, reward, learning, deep, algorithm, human"
cs,2019,6,"network, traffic, node, packet, wireless, delay, link, communication, algorithm, service"
cs,2019,7,"word, sentence, embedding, entity, semantic, representation, language, sentiment, relation, dataset"
cs,2019,8,"point, algorithm, log_log, frac, mathcal_mathcal, distance, set, space, polygon, log"
cs,2019,9,"datum, privacy, service, iot, information, cloud, security, network, blockchain, app"
cs,2019,10,"blockchain, transaction, bitcoin, protocol, consensus, network, message, miner, smart_contract, communication"
cs,2019,11,"policy, auction, price, reward, revenue, market, optimal, customer, reinforcement_learning, pricing"
cs,2019,12,"network, deep, neural_network, layer, architecture, training, convolutional, image, convolution, deep_learning"
cs,2019,13,"metric, function, similarity, measure, distance, space, differential, dlct, score, distortion"
cs,2019,14,"student, course, web, content, workshop, skill, datum, website, online, university"
cs,2019,15,"logic, language, program, tree, type, proof, semantic, order, rule, programming"
cs,2019,16,"query, database, index, sql, datum, join, skyline, rdf, sparql, xml"
cs,2019,17,"datum, dataset, training, classification, label, learning, classifier, class, sample, image"
cs,2019,18,"video, frame, temporal, action, motion, network, dataset, recognition, visual, stream"
cs,2019,19,"speech, speaker, sequence, speech_recognition, ctc, acoustic, word, end, training, datum"
cs,2019,20,"polynomial, function, complexity, finite, class, graph, algorithm, automata, set, theory"
cs,2019,21,"neuron, voter, voting, sleep, brain, synaptic, spike, orc, rule, committee"
cs,2019,22,"software, design, tool, project, development, code, developer, test, datum, quality"
cs,2019,23,"memory, gpu, parallel, algorithm, datum, computation, cluster, processor, kernel, efficient"
cs,2019,24,"tensor, biclustering, bicluster, individual, trajectory, subset, datum, lie, signal, algorithm"
cs,2019,25,"conversation, dialog, explanation, response, human, conversational, trust, sarcastic, utterance, turn"
cs,2019,26,"graph, vertex, edge, node, algorithm, network, planar, subgraph, drawing, set"
cs,2019,27,"recommendation, document, item, topic, dataset, information, recommender, dialogue, news, text"
cs,2019,28,"code, polar_code, repair, construction, error, length, linear, binary, file, rate"
cs,2019,29,"causal, vehicle, datum, variable, effect, counterfactual, driver, treatment, road, intervention"
cs,2019,30,"social, network, fairness, group, community, individual, opinion, bias, information, political"
cs,2019,31,"material, surface, molecular, structure, mesh, fluid, datum, element, field, algorithm"
cs,2019,32,"language, text, machine_translation, translation, english, neural, word, dataset, nmt, character"
cs,2019,33,"game, player, strategy, nash_equilibrium, equilibrium, payoff, agent, algorithm, tournament, network"
cs,2019,34,"robot, motion, trajectory, camera, pose, environment, estimation, object, planning, robotic"
cs,2019,35,"image, domain, representation, visual, dataset, learning, network, semantic, target, shot"
cs,2019,36,"citation, datum, journal, science, network, field, city, technology, scientific, urban"
cs,2019,37,"quantum, program, qubit, verification, gate, specification, bug, circuit, execution, code"
cs,2019,38,"channel, antenna, communication, transmission, scheme, noma, rate, wireless, massive_mimo, power"
cs,2019,39,"distribution, probability, uncertainty, bayesian, random, algorithm, network, rate, information, entropy"
cs,2019,40,"object, scene, shape, image, occlusion, search, appearance, point_cloud, dataset, representation"
cs,2019,41,"audio, signal, music, speech, separation, sound, noise, song, frequency, source"
cs,2019,42,"matrix, datum, sparse, algorithm, linear, signal, estimation, rank, kernel, subspace"
cs,2019,43,"attention, local, network, structure, global, level, module, information, multi, transformer"
cs,2019,44,"optimization, algorithm, gradient, convergence, function, convex, stochastic, objective, training, learning"
cs,2019,45,"adversarial, sensor, localization, network, indoor, accuracy, measurement, robustness, datum, detection"
cs,2019,46,"patient, image, clinical, face, mri, disease, datum, medical, segmentation, diagnosis"
cs,2019,47,"control, controller, robot, dynamic, disturbance, actuator, vehicle, force, trajectory, terrain"
cs,2019,48,"attack, security, defense, authentication, event, detection, attacker, network, cyber, vulnerability"
cs,2019,49,"cloud, energy, resource, network, datum, device, computing, latency, edge, hardware"
cs,2020,0,"question, knowledge, reasoning, answer, dataset, commonsense, concept, language, human, graph"
cs,2020,1,"algorithm, approximation, regret, optimal, bandit, graph, online, function, linear, complexity"
cs,2020,2,"human, recognition, body, activity, gesture, interaction, dataset, movement, robot, person"
cs,2020,3,"image, segmentation, cnn, dataset, network, detection, object, scene, deep, datum"
cs,2020,4,"prediction, datum, forecasting, series, tweet, twitter, social_medium, network, forecast, covid"
cs,2020,5,"agent, reinforcement_learning, action, policy, environment, reward, learning, algorithm, deep, multi"
cs,2020,6,"network, traffic, packet, node, wireless, delay, link, communication, algorithm, aoi"
cs,2020,7,"word, sentence, embedding, entity, semantic, representation, language, sentiment, relation, text"
cs,2020,8,"point, log_log, algorithm, frac, mathcal_mathcal, set, cdot, polygon, space, distance"
cs,2020,9,"datum, privacy, service, iot, security, information, blockchain, cloud, app, private"
cs,2020,10,"blockchain, transaction, protocol, bitcoin, consensus, network, message, miner, node, byzantine"
cs,2020,11,"policy, reward, price, market, auction, reinforcement_learning, optimal, customer, algorithm, pricing"
cs,2020,12,"network, deep, neural_network, layer, architecture, training, neural, convolutional, accuracy, weight"
cs,2020,13,"metric, function, similarity, space, measure, distance, score, differential, uniformity, distortion"
cs,2020,14,"student, course, content, web, teacher, teaching, education, online, university, workshop"
cs,2020,15,"logic, tree, type, language, semantic, program, proof, order, constraint, programming"
cs,2020,16,"query, database, rdf, datum, sql, join, index, store, graph, skyline"
cs,2020,17,"datum, dataset, training, classification, label, learning, classifier, class, image, sample"
cs,2020,18,"video, frame, temporal, action, dataset, motion, network, recognition, visual, stream"
cs,2020,19,"speech, speaker, sequence, speech_recognition, acoustic, asr, utterance, training, word, datum"
cs,2020,20,"polynomial, function, complexity, class, graph, automata, algorithm, set, finite, boolean"
cs,2020,21,"voter, neuron, voting, spike, brain, ballot, committee, synaptic, rule, snn"
cs,2020,22,"software, design, tool, project, development, datum, code, developer, test, visualization"
cs,2020,23,"memory, gpu, algorithm, parallel, datum, kernel, cluster, computation, precision, core"
cs,2020,24,"tensor, biclustering, bicluster, photometric_redshift, individual, getd, filter, decomposition, ctrf, tatd"
cs,2020,25,"explanation, dialog, conversation, response, human, sticker, conversational, feedback, utterance, dialogue"
cs,2020,26,"graph, vertex, edge, node, algorithm, network, planar, subgraph, degree, set"
cs,2020,27,"recommendation, document, item, dataset, dialogue, information, topic, recommender, news, text"
cs,2020,28,"code, polar_code, repair, error, binary, construction, decoder, linear, rate, storage"
cs,2020,29,"causal, vehicle, variable, datum, effect, driver, observational, inference, treatment, road"
cs,2020,30,"social, fairness, network, bias, group, individual, opinion, community, information, political"
cs,2020,31,"material, datum, flow, mesh, structure, molecular, surface, physical, field, numerical"
cs,2020,32,"language, text, machine_translation, translation, english, dataset, multilingual, neural, nmt, datum"
cs,2020,33,"game, player, strategy, nash_equilibrium, equilibrium, payoff, agent, sum, algorithm, strategic"
cs,2020,34,"robot, motion, trajectory, pose, camera, environment, estimation, object, human, planning"
cs,2020,35,"image, domain, representation, visual, dataset, learning, shot, network, target, semantic"
cs,2020,36,"citation, datum, science, network, technology, journal, field, scientific, city, publication"
cs,2020,37,"quantum, program, qubit, classical, circuit, verification, algorithm, gate, quantum_circuit, specification"
cs,2020,38,"channel, communication, antenna, scheme, transmission, rate, wireless, noma, network, power"
cs,2020,39,"distribution, probability, uncertainty, bayesian, random, network, entropy, information, rate, function"
cs,2020,40,"object, scene, shape, occlusion, image, search, representation, proposal, dataset, network"
cs,2020,41,"audio, signal, music, speech, sound, separation, acoustic, eeg, noise, musical"
cs,2020,42,"matrix, datum, algorithm, sparse, linear, gaussian, dimensional, rank, kernel, estimation"
cs,2020,43,"attention, local, network, transformer, structure, level, global, self, module, scale"
cs,2020,44,"optimization, algorithm, gradient, convergence, function, objective, convex, stochastic, training, learning"
cs,2020,45,"adversarial, sensor, localization, robustness, accuracy, network, robust, datum, indoor, measurement"
cs,2020,46,"patient, image, clinical, deep_learning, diagnosis, disease, medical, datum, segmentation, lesion"
cs,2020,47,"control, controller, robot, actuator, dynamic, force, safety, soft, trajectory, stability"
cs,2020,48,"attack, security, defense, detection, vulnerability, attacker, password, adversary, authentication, network"
cs,2020,49,"energy, cloud, resource, network, device, datum, latency, edge, hardware, memory"
cs,2021,0,"question, knowledge, reasoning, answer, commonsense, dataset, human, concept, graph, language"
cs,2021,1,"algorithm, regret, approximation, bandit, optimal, graph, matching, arm, online, bound"
cs,2021,2,"human, recognition, interaction, body, activity, gesture, movement, hand, robot, dataset"
cs,2021,3,"image, segmentation, dataset, network, cnn, detection, scene, object, reconstruction, datum"
cs,2021,4,"prediction, forecasting, series, datum, tweet, twitter, social_medium, forecast, covid, dataset"
cs,2021,5,"agent, reinforcement_learning, policy, environment, action, reward, multi, learning, algorithm, deep"
cs,2021,6,"network, traffic, packet, wireless, node, communication, service, delay, link, congestion"
cs,2021,7,"word, sentence, entity, embedding, semantic, representation, sentiment, language, relation, emotion"
cs,2021,8,"point, algorithm, frac, mathcal, log_log, mathcal_mathcal, polygon, space, set, line"
cs,2021,9,"datum, privacy, service, iot, security, app, information, private, blockchain, device"
cs,2021,10,"blockchain, protocol, transaction, bitcoin, consensus, network, miner, communication, ledger, message"
cs,2021,11,"policy, market, reward, price, reinforcement_learning, optimal, algorithm, customer, online, auction"
cs,2021,12,"network, neural_network, deep, layer, architecture, training, neural, accuracy, deep_learning, weight"
cs,2021,13,"metric, measure, function, similarity, space, distance, dnn, score, aesthetic, continuous"
cs,2021,14,"student, course, online, education, skill, content, teaching, teacher, web, university"
cs,2021,15,"logic, tree, type, language, semantic, program, proof, order, rule, algorithm"
cs,2021,16,"query, datum, database, sql, schema, join, index, rdf, graph, store"
cs,2021,17,"datum, dataset, training, classification, label, learning, classifier, class, sample, image"
cs,2021,18,"video, frame, temporal, action, dataset, motion, network, recognition, visual, image"
cs,2021,19,"speech, speaker, speech_recognition, sequence, asr, utterance, acoustic, end, training, voice"
cs,2021,20,"polynomial, function, complexity, class, graph, algorithm, finite, automata, set, theory"
cs,2021,21,"neuron, cell, voter, snn, spike, brain, synaptic, rule, voting, layout"
cs,2021,22,"software, design, tool, developer, code, development, datum, test, project, quality"
cs,2021,23,"memory, gpu, algorithm, datum, parallel, kernel, computation, inference, cluster, efficient"
cs,2021,24,"tensor, filter, biclustering, decomposition, itensor, transferability, inversion, fake_news, individual, bicluster"
cs,2021,25,"explanation, chatbot, conversation, dialog, response, conversational, human, feedback, errp, rating"
cs,2021,26,"graph, vertex, node, edge, algorithm, network, subgraph, planar, gnn, representation"
cs,2021,27,"recommendation, document, item, dataset, dialogue, information, topic, text, recommender, news"
cs,2021,28,"code, polar_code, error, decoder, binary, construction, codeword, length, list, linear"
cs,2021,29,"causal, vehicle, effect, treatment, datum, variable, driver, intervention, observational, road"
cs,2021,30,"social, fairness, bias, network, group, community, individual, opinion, political, datum"
cs,2021,31,"material, datum, mesh, flow, neural_network, structure, physics, molecular, numerical, field"
cs,2021,32,"language, text, machine_translation, translation, multilingual, english, dataset, datum, bert, neural"
cs,2021,33,"game, player, strategy, agent, payoff, equilibrium, nash_equilibrium, sum, algorithm, team"
cs,2021,34,"robot, motion, trajectory, pose, environment, camera, object, human, estimation, robotic"
cs,2021,35,"image, domain, representation, visual, dataset, learning, shot, target, training, semantic"
cs,2021,36,"datum, citation, technology, science, network, field, survey, scientific, human, publication"
cs,2021,37,"quantum, program, qubit, classical, quantum_circuit, algorithm, circuit, verification, execution, bug"
cs,2021,38,"channel, communication, antenna, wireless, rate, scheme, transmission, ris, network, noma"
cs,2021,39,"distribution, probability, uncertainty, information, random, bayesian, network, bound, entropy, rate"
cs,2021,40,"object, scene, shape, image, category, search, occlusion, representation, dataset, grasp"
cs,2021,41,"audio, sound, signal, music, speech, acoustic, separation, noise, source, eeg"
cs,2021,42,"matrix, datum, algorithm, linear, kernel, gaussian, dimensional, sparse, regression, estimation"
cs,2021,43,"attention, transformer, local, network, self, global, module, multi, structure, level"
cs,2021,44,"optimization, gradient, algorithm, convergence, function, training, learning, objective, stochastic, convex"
cs,2021,45,"adversarial, sensor, robustness, localization, accuracy, datum, indoor, detection, calibration, robust"
cs,2021,46,"patient, image, clinical, medical, deep_learning, covid, disease, diagnosis, datum, tumor"
cs,2021,47,"control, controller, safety, robot, dynamic, force, mpc, flight, trajectory, stability"
cs,2021,48,"attack, security, defense, vulnerability, adversarial, detection, adversarial_attack, password, authentication, attacker"
cs,2021,49,"energy, resource, cloud, device, edge, network, latency, datum, computing, hardware"
cs,2022,0,"knowledge, question, reasoning, answer, commonsense, dataset, human, language, ontology, graph"
cs,2022,1,"algorithm, regret, approximation, optimal, bandit, graph, online, arm, matching, function"
cs,2022,2,"human, interaction, body, recognition, gesture, activity, robot, dataset, movement, motion"
cs,2022,3,"image, segmentation, dataset, network, detection, scene, cnn, object, reconstruction, depth"
cs,2022,4,"prediction, forecasting, datum, series, forecast, social_medium, tweet, dataset, twitter, covid"
cs,2022,5,"agent, reinforcement_learning, policy, environment, action, reward, multi, learning, robot, algorithm"
cs,2022,6,"network, traffic, packet, wireless, node, communication, service, datum, delay, link"
cs,2022,7,"word, entity, sentence, semantic, embedding, emotion, representation, sentiment, language, relation"
cs,2022,8,"point, mathbb_mathbb, algorithm, mathcal, space, set, frac, mathbb, cdot, log_log"
cs,2022,9,"privacy, datum, service, client, iot, app, information, device, blockchain, security"
cs,2022,10,"blockchain, transaction, protocol, consensus, bitcoin, network, byzantine, communication, ethereum, chain"
cs,2022,11,"policy, offline, reward, market, reinforcement_learning, auction, price, optimal, algorithm, online"
cs,2022,12,"network, neural_network, deep, layer, architecture, training, neural, accuracy, deep_learning, weight"
cs,2022,13,"metric, function, dnn, space, measure, aesthetic, similarity, distance, differential, continuous"
cs,2022,14,"student, course, education, online, team, content, teacher, web, skill, learning"
cs,2022,15,"logic, tree, semantic, type, language, program, rule, proof, calculus, algorithm"
cs,2022,16,"query, datum, database, schema, skyline, sql, graph, rdf, parquet, nosql"
cs,2022,17,"datum, dataset, training, label, classification, learning, sample, class, image, classifier"
cs,2022,18,"video, frame, temporal, action, dataset, motion, network, recognition, visual, information"
cs,2022,19,"speech, speaker, sequence, speech_recognition, asr, utterance, training, voice, end, datum"
cs,2022,20,"polynomial, function, complexity, finite, class, algorithm, graph, set, theory, mathbb_mathbb"
cs,2022,21,"cell, neuron, snn, spike, voter, brain, election, phase, neural_network, synaptic"
cs,2022,22,"software, design, developer, tool, datum, test, project, development, code, quality"
cs,2022,23,"memory, gpu, algorithm, datum, parallel, kernel, inference, computation, training, efficient"
cs,2022,24,"tensor, decomposition, lmtn, observatory, multipar, transferability, filter, biclustering, completion, tucker"
cs,2022,25,"explanation, human, chatbot, response, dialog, conversation, conversational, dialogue, advice, feedback"
cs,2022,26,"graph, vertex, node, edge, algorithm, subgraph, network, gnn, structure, representation"
cs,2022,27,"recommendation, document, item, dataset, dialogue, information, recommender, retrieval, topic, text"
cs,2022,28,"code, decoder, error, polar_code, binary, length, quantum, codeword, linear, construction"
cs,2022,29,"causal, vehicle, effect, treatment, datum, variable, driver, observational, intervention, inference"
cs,2022,30,"social, fairness, bias, group, network, community, individual, opinion, gender, datum"
cs,2022,31,"material, molecular, mesh, datum, physics, neural_network, molecule, field, numerical, structure"
cs,2022,32,"language, text, multilingual, dataset, english, translation, machine_translation, datum, generation, cross_lingual"
cs,2022,33,"game, player, strategy, nash_equilibrium, payoff, equilibrium, agent, team, sum, algorithm"
cs,2022,34,"robot, motion, trajectory, pose, environment, object, estimation, navigation, camera, human"
cs,2022,35,"image, domain, representation, visual, dataset, learning, target, shot, training, semantic"
cs,2022,36,"datum, technology, survey, review, citation, science, field, scientific, human, development"
cs,2022,37,"quantum, program, qubit, quantum_circuit, classical, circuit, algorithm, verification, synthesis, gate"
cs,2022,38,"channel, communication, ris, wireless, antenna, rate, scheme, transmission, irs, csi"
cs,2022,39,"distribution, probability, uncertainty, random, information, bayesian, datum, probabilistic, bound, entropy"
cs,2022,40,"object, shape, scene, image, category, occlusion, search, affordance, representation, dataset"
cs,2022,41,"speech, audio, signal, music, sound, noise, separation, acoustic, eeg, frequency"
cs,2022,42,"matrix, datum, algorithm, linear, kernel, sparse, estimation, dimensional, regression, gaussian"
cs,2022,43,"attention, transformer, local, global, self, network, module, multi, information, scale"
cs,2022,44,"optimization, gradient, algorithm, convergence, function, learning, objective, training, convex, rate"
cs,2022,45,"adversarial, robustness, sensor, localization, datum, fault, robust, accuracy, indoor, detection"
cs,2022,46,"patient, clinical, image, medical, diagnosis, deep_learning, disease, covid, datum, dataset"
cs,2022,47,"control, controller, safety, robot, safe, dynamic, force, flight, nonlinear, policy"
cs,2022,48,"attack, security, defense, detection, event, adversarial, vulnerability, adversarial_attack, attacker, password"
cs,2022,49,"energy, resource, device, cloud, edge, latency, network, datum, hardware, computing"
cs,2023,0,"question, knowledge, reasoning, llm, answer, language, commonsense, dataset, human, concept"
cs,2023,1,"algorithm, regret, approximation, optimal, bandit, graph, arm, online, matching, function"
cs,2023,2,"human, interaction, gesture, recognition, activity, body, robot, virtual, dataset, movement"
cs,2023,3,"image, segmentation, dataset, scene, network, detection, object, reconstruction, depth, view"
cs,2023,4,"prediction, forecasting, datum, series, social_medium, forecast, dataset, tweet, diffusion, weather"
cs,2023,5,"agent, environment, policy, reinforcement_learning, action, multi, reward, robot, learning, algorithm"
cs,2023,6,"network, traffic, packet, wireless, node, congestion, datum, communication, service, link"
cs,2023,7,"entity, word, sentence, semantic, emotion, language, relation, embedding, text, dataset"
cs,2023,8,"point, algorithm, mathcal, mathcal_mathcal, frac, log_log, space, cdot, mathbb_mathbb, set"
cs,2023,9,"privacy, datum, client, iot, service, security, private, information, learning, app"
cs,2023,10,"blockchain, transaction, protocol, consensus, bitcoin, network, communication, byzantine, ethereum, miner"
cs,2023,11,"policy, reward, market, offline, reinforcement_learning, price, optimal, preference, auction, online"
cs,2023,12,"neural_network, network, deep, layer, training, architecture, neural, accuracy, weight, deep_learning"
cs,2023,13,"metric, function, category, space, distance, dnn, similarity, continuous, measure, differential"
cs,2023,14,"student, education, course, teacher, online, content, web, university, learning, teaching"
cs,2023,15,"logic, tree, language, type, semantic, program, rule, proof, algorithm, order"
cs,2023,16,"query, database, datum, skyline, join, sql, index, schema, msync, graph"
cs,2023,17,"datum, dataset, training, learning, label, classification, sample, class, image, augmentation"
cs,2023,18,"video, frame, temporal, action, dataset, motion, visual, information, image, recognition"
cs,2023,19,"speech, speaker, asr, sequence, speech_recognition, voice, audio, utterance, end, training"
cs,2023,20,"polynomial, function, class, graph, algorithm, finite, complexity, automata, set, theory"
cs,2023,21,"cell, neuron, voting, snn, brain, voter, election, spike, phase, neural_network"
cs,2023,22,"software, design, tool, developer, datum, code, project, development, test, llm"
cs,2023,23,"memory, gpu, inference, datum, algorithm, parallel, computation, training, efficient, kernel"
cs,2023,24,"tensor, galaxy, filter, nela, ensemble, cosmological, decomposition, multiway, dark_matter, simbig"
cs,2023,25,"explanation, chatbot, conversation, dialog, human, response, conversational, feedback, advice, dialogue"
cs,2023,26,"graph, vertex, node, edge, subgraph, algorithm, network, gnn, structure, hypergraph"
cs,2023,27,"recommendation, document, item, dialogue, dataset, recommender, retrieval, information, text, summarization"
cs,2023,28,"code, error, decoder, binary, polar_code, quantum, length, codeword, construction, rate"
cs,2023,29,"causal, vehicle, treatment, effect, datum, driver, variable, observational, inference, road"
cs,2023,30,"bias, fairness, social, group, network, community, gender, individual, opinion, datum"
cs,2023,31,"material, datum, physics, molecular, neural_network, field, mesh, molecule, structure, dynamic"
cs,2023,32,"language, text, multilingual, dataset, translation, english, llm, generation, machine_translation, datum"
cs,2023,33,"game, player, strategy, payoff, nash_equilibrium, equilibrium, agent, shapley, sum, algorithm"
cs,2023,34,"robot, motion, trajectory, pose, environment, object, human, camera, estimation, navigation"
cs,2023,35,"image, domain, representation, visual, dataset, training, shot, semantic, learning, text"
cs,2023,36,"datum, technology, survey, field, human, review, science, development, scientific, artificial_intelligence"
cs,2023,37,"quantum, program, quantum_circuit, qubit, circuit, classical, algorithm, verification, bug, synthesis"
cs,2023,38,"channel, ris, communication, antenna, wireless, transmission, scheme, mimo, rate, irs"
cs,2023,39,"distribution, probability, uncertainty, bayesian, random, probabilistic, datum, algorithm, bound, information"
cs,2023,40,"object, shape, scene, category, search, occlusion, image, dataset, affordance, manipulation"
cs,2023,41,"audio, music, speech, signal, sound, acoustic, noise, frequency, separation, source"
cs,2023,42,"matrix, datum, linear, algorithm, kernel, dimensional, sparse, rank, regression, estimation"
cs,2023,43,"transformer, attention, local, global, self, module, network, multi, scale, information"
cs,2023,44,"optimization, gradient, algorithm, convergence, function, learning, training, objective, stochastic, rate"
cs,2023,45,"adversarial, robustness, sensor, localization, fault, datum, accuracy, robust, detection, indoor"
cs,2023,46,"patient, clinical, image, medical, diagnosis, deep_learning, disease, datum, dataset, detection"
cs,2023,47,"control, controller, safety, robot, safe, prompt, dynamic, force, nonlinear, disturbance"
cs,2023,48,"attack, security, defense, vulnerability, detection, adversarial, adversarial_attack, threat, event, attacker"
cs,2023,49,"energy, resource, device, edge, cloud, datum, latency, network, hardware, computing"
cs,2024,0,"llm, reasoning, knowledge, question, language, answer, dataset, human, commonsense, concept"
cs,2024,1,"algorithm, regret, approximation, optimal, bandit, graph, online, function, linear, arm"
cs,2024,2,"human, interaction, gesture, recognition, body, activity, robot, dataset, motion, avatar"
cs,2024,3,"image, segmentation, dataset, scene, reconstruction, detection, object, view, network, camera"
cs,2024,4,"prediction, forecasting, series, datum, weather, forecast, diffusion, dataset, social_medium, deep_learning"
cs,2024,5,"agent, environment, policy, action, reinforcement_learning, multi, llm, reward, robot, human"
cs,2024,6,"network, traffic, packet, wireless, communication, datum, node, congestion, service, algorithm"
cs,2024,7,"entity, word, emotion, sentence, semantic, language, relation, embedding, text, sentiment"
cs,2024,8,"point, log_log, mathcal_mathcal, mathcal, algorithm, frac, space, log, mathbb_mathbb, mathbb"
cs,2024,9,"privacy, datum, client, learning, iot, security, service, information, private, server"
cs,2024,10,"blockchain, protocol, transaction, consensus, bitcoin, communication, network, trust, chain, message"
cs,2024,11,"policy, reward, preference, market, offline, reinforcement_learning, auction, price, online, optimal"
cs,2024,12,"neural_network, network, layer, deep, training, architecture, neural, activation, weight, accuracy"
cs,2024,13,"metric, function, similarity, space, category, measure, distance, type, score, dnn"
cs,2024,14,"student, education, course, teacher, content, skill, university, online, experience, web"
cs,2024,15,"logic, tree, language, type, semantic, rule, program, proof, algorithm, logical"
cs,2024,16,"query, sql, database, datum, index, graph, join, schema, skyline, xpath"
cs,2024,17,"datum, dataset, training, label, learning, classification, sample, class, image, distribution"
cs,2024,18,"video, temporal, frame, dataset, action, motion, visual, information, image, fusion"
cs,2024,19,"speech, speaker, asr, sequence, voice, language, audio, llm, speech_recognition, context"
cs,2024,20,"polynomial, function, graph, class, algorithm, complexity, set, finite, theory, automata"
cs,2024,21,"cell, brain, neuron, snn, spike, voter, synaptic, voting, election, biological"
cs,2024,22,"llm, software, design, tool, code, developer, datum, development, language, project"
cs,2024,23,"memory, gpu, inference, kernel, training, algorithm, datum, parallel, computation, llm"
cs,2024,24,"tensor, galaxy, bridge, dark_matter, ifc, llm, filter, ensemble, hedge, cypher4bim"
cs,2024,25,"explanation, chatbot, conversation, response, feedback, conversational, human, llm, dialog, language"
cs,2024,26,"graph, vertex, node, edge, gnn, subgraph, algorithm, network, structure, planar"
cs,2024,27,"recommendation, document, llm, item, dataset, retrieval, dialogue, information, recommender, summarization"
cs,2024,28,"code, error, decoder, binary, llm, quantum, polar_code, construction, linear, repair"
cs,2024,29,"causal, effect, treatment, vehicle, variable, datum, intervention, observational, driver, inference"
cs,2024,30,"bias, fairness, social, group, llm, network, opinion, gender, community, individual"
cs,2024,31,"material, molecular, physics, datum, pde, molecule, neural_network, design, property, flow"
cs,2024,32,"language, text, llm, dataset, multilingual, multimodal, english, generation, translation, datum"
cs,2024,33,"game, player, strategy, nash_equilibrium, equilibrium, payoff, agent, coalition, follower, algorithm"
cs,2024,34,"robot, motion, trajectory, environment, navigation, pose, robotic, object, camera, human"
cs,2024,35,"image, domain, representation, visual, dataset, diffusion, training, text, shot, generation"
cs,2024,36,"datum, llm, technology, survey, review, human, field, development, artificial_intelligence, potential"
cs,2024,37,"quantum, program, qubit, quantum_circuit, classical, circuit, algorithm, bug, computing, gate"
cs,2024,38,"channel, ris, communication, antenna, wireless, mimo, scheme, transmission, rate, csi"
cs,2024,39,"distribution, uncertainty, probability, bayesian, random, bound, information, datum, function, probabilistic"
cs,2024,40,"object, scene, shape, occlusion, dataset, affordance, image, search, manipulation, centric"
cs,2024,41,"audio, music, speech, signal, sound, acoustic, noise, frequency, eeg, separation"
cs,2024,42,"matrix, datum, linear, algorithm, gaussian, dimensional, kernel, sparse, estimation, rank"
cs,2024,43,"transformer, attention, local, global, module, information, image, self, token, network"
cs,2024,44,"optimization, gradient, algorithm, convergence, function, learning, objective, training, loss, rate"
cs,2024,45,"adversarial, localization, robustness, sensor, fault, accuracy, datum, detection, calibration, robust"
cs,2024,46,"patient, clinical, medical, image, disease, diagnosis, datum, dataset, deep_learning, segmentation"
cs,2024,47,"control, controller, safety, prompt, robot, safe, dynamic, mpc, soft, force"
cs,2024,48,"attack, security, vulnerability, defense, detection, llm, threat, adversarial, attacker, adversarial_attack"
cs,2024,49,"energy, resource, edge, device, latency, cloud, datum, network, hardware, accelerator"
cs,2025,0,"llm, reasoning, knowledge, language, question, answer, dataset, human, benchmark, capability"
cs,2025,1,"algorithm, regret, approximation, optimal, bandit, graph, arm, online, varepsilon, matching"
cs,2025,2,"human, interaction, avatar, robot, gesture, recognition, body, llm, activity, motion"
cs,2025,3,"image, segmentation, dataset, scene, reconstruction, view, detection, quality, camera, object"
cs,2025,4,"prediction, forecasting, series, datum, diffusion, forecast, weather, dataset, deep_learning, social_medium"
cs,2025,5,"agent, llm, environment, action, policy, multi, reinforcement_learning, reward, human, planning"
cs,2025,6,"network, traffic, packet, wireless, communication, congestion, datum, node, mobility, dynamic"
cs,2025,7,"emotion, semantic, word, entity, llm, sentence, language, emotional, relation, sentiment"
cs,2025,8,"mathcal, log_log, frac, mathcal_mathcal, point, cdot, algorithm, log, space, mathbb_mathbb"
cs,2025,9,"privacy, datum, client, llm, learning, risk, private, information, server, security"
cs,2025,10,"blockchain, protocol, transaction, consensus, chain, bitcoin, communication, network, ethereum, trust"
cs,2025,11,"policy, reward, preference, market, offline, reinforcement_learning, llm, online, risk, price"
cs,2025,12,"neural_network, layer, network, training, deep, architecture, activation, neural, weight, pruning"
cs,2025,13,"metric, function, space, similarity, measure, category, distance, score, type, discrete"
cs,2025,14,"student, education, course, llm, content, teacher, skill, university, chatgpt, experience"
cs,2025,15,"logic, tree, language, proof, semantic, type, rule, program, order, algorithm"
cs,2025,16,"query, sql, index, database, datum, join, schema, graph, llm, relational"
cs,2025,17,"datum, dataset, training, label, learning, classification, sample, llm, class, image"
cs,2025,18,"video, temporal, frame, motion, dataset, visual, action, spatial, dynamic, fusion"
cs,2025,19,"speech, speaker, llm, context, compression, asr, long, sequence, token, language"
cs,2025,20,"polynomial, graph, function, class, complexity, algorithm, set, finite, automata, theory"
cs,2025,21,"cell, neuron, snn, brain, spike, voter, biological, synaptic, voting, neural"
cs,2025,22,"llm, software, design, tool, code, language, developer, development, datum, test"
cs,2025,23,"memory, gpu, llm, inference, training, kernel, datum, parallel, efficient, computation"
cs,2025,24,"tensor, bridge, filter, galaxy, cad, ensemble, dark_matter, llm, climatesom, dataset"
cs,2025,25,"llm, explanation, feedback, chatbot, conversation, human, response, conversational, protein, language"
cs,2025,26,"graph, vertex, node, edge, algorithm, subgraph, gnn, network, path, structure"
cs,2025,27,"llm, recommendation, document, retrieval, item, dataset, information, dialogue, recommender, language"
cs,2025,28,"code, error, llm, decoder, binary, quantum, ldpc_code, polar_code, construction, repair"
cs,2025,29,"causal, treatment, effect, vehicle, datum, variable, intervention, observational, discovery, inference"
cs,2025,30,"bias, llm, fairness, social, group, human, language, individual, opinion, political"
cs,2025,31,"material, physics, molecular, datum, pde, molecule, design, flow, physical, neural_network"
cs,2025,32,"language, llm, text, dataset, multilingual, multimodal, generation, benchmark, instruction, english"
cs,2025,33,"game, player, strategy, nash_equilibrium, equilibrium, payoff, agent, llm, strategic, algorithm"
cs,2025,34,"robot, motion, trajectory, environment, navigation, robotic, object, camera, estimation, pose"
cs,2025,35,"image, domain, visual, diffusion, representation, dataset, generation, training, semantic, text"
cs,2025,36,"llm, datum, survey, human, technology, review, scientific, artificial_intelligence, field, development"
cs,2025,37,"quantum, program, qubit, quantum_circuit, classical, circuit, algorithm, verification, bug, gate"
cs,2025,38,"channel, ris, communication, antenna, wireless, transmission, rate, csi, scheme, quantization"
cs,2025,39,"distribution, uncertainty, probability, bayesian, bound, random, entropy, datum, information, function"
cs,2025,40,"object, scene, affordance, shape, manipulation, dataset, image, occlusion, centric, search"
cs,2025,41,"audio, music, speech, signal, sound, noise, acoustic, frequency, eeg, spectral"
cs,2025,42,"matrix, datum, linear, gaussian, rank, dimensional, algorithm, estimation, sparse, kernel"
cs,2025,43,"transformer, attention, mamba, token, global, local, module, information, multi, image"
cs,2025,44,"optimization, gradient, algorithm, convergence, training, objective, function, learning, loss, rate"
cs,2025,45,"adversarial, localization, robustness, sensor, fault, accuracy, detection, calibration, datum, robust"
cs,2025,46,"clinical, patient, medical, image, dataset, datum, disease, diagnosis, segmentation, deep_learning"
cs,2025,47,"control, safety, prompt, controller, robot, safe, llm, dynamic, mpc, trajectory"
cs,2025,48,"attack, security, llm, vulnerability, defense, threat, detection, adversarial, malicious, prompt"
cs,2025,49,"energy, resource, latency, llm, edge, device, datum, hardware, cloud, network"
